{
    "materials": [
        {
          "item": {
            "tag": "forge:gems/diamond"
          },
          "count": 16
        },
        {
          "item": {
            "tag": "forge:ingots/gold"
          },
          "count": 48
        },
        {
          "item": {
            "tag": "forge:ingots/iron"
          },
          "count": 240
        },
        {
          "item": {
            "tag": "forge:rods/blaze"
          },
          "count": 8
        },
        {
          "item": {
            "tag": "forge:dusts/redstone"
          },
          "count": 28
          }
      ],
    "result": {
      "type": "gun",
      "id": "mw_guns:mw_minigun"
    }
  }