{
  "materials": [
    {
      "item": {
        "tag": "forge:ingots/iron"
      },
      "count": 76
    },
    {
      "item": {
        "tag": "forge:gems/lapis"
      },
      "count": 20
    },
    {
      "item": {
        "tag": "minecraft:logs"
      },
      "count": 28
    },
    {
      "item": {
        "tag": "forge:ingots/gold"
      },
      "count": 14
    },
    {
			"item": {
				//change "tag" to "item", allows you to input the id of any item(no nbt tags allowed)
				"tag": "forge:dusts/redstone"
			},
			"count": 4
		}
  ],
  "result": {
    "type": "gun",
    "id": "mw_guns:mw_mgl"
  }
}