{
    "materials": [
        {
          "item": {
            "tag": "forge:gems/diamond"
          },
          "count": 20
        },
        {
          "item": {
            "tag": "forge:ingots/gold"
          },
          "count": 56
        },
        {
          "item": {
            "tag": "forge:ingots/iron"
          },
          "count": 240
        },
        {
          "item": {
            "tag": "forge:rods/blaze"
          },
          "count": 12
        },
        {
          "item": {
            "tag": "forge:dusts/redstone"
          },
          "count": 32
          }
      ],
    "result": {
      "type": "gun",
      "id": "mw_guns:mw_minigun_explosive"
    }
  }