{
  "model": "elitex:gun/colt_m1911x1_geo",
  "texture": "elitex:gun/uv/colt_m1911x1",
  "hud": "elitex:gun/hud/colt_m1911x1",
  "slot": "elitex:gun/slot/colt_m1911x1",
  "animation": "elitex:colt_m1911x1",
  "use_default_animation": "pistol",
  "transform": {
    "scale": {
      "thirdperson": [0.3, 0.3, 0.3],
      "ground": [0.4, 0.4, 0.4],
      "fixed": [0.5, 0.5, 0.5]
    }
  },
  "shell": {
    "initial_velocity": [8.0, 5.0, -0.5],
    "random_velocity": [2.5, 1.5, 0.25],
    "acceleration": [0.0, -20, 0.0],
    "angular_velocity": [-720, -720, 90],
    "living_time": 1.5
  },
  "muzzle_flash": {
    "texture": "tacz:flash/common_muzzle_flash",
    "scale": 1
  },
  "sounds": {
    "reload_empty": "elitex:pistols/colt_m1911x1/colt_m1911x1_empty_reload",
    "reload_tactical": "elitex:pistols/colt_m1911x1/colt_m1911x1_normal_reload",
    "inspect": "elitex:pistols/colt_m1911x1/colt_m1911x1_inspect",
    "inspect_empty": "elitex:pistols/colt_m1911x1/colt_m1911x1_inspect_empty",
    "draw": "elitex:pistols/colt_m1911x1/colt_m1911x1_draw",
    "shoot": "elitex:pistols/colt_m1911x1/colt_m1911x1_shoot",
    "put_away": "elitex:pistols/colt_m1911x1/colt_m1911x1_put_away",
    "shoot_3p": "elitex:pistols/colt_m1911x1/colt_m1911x1_shoot_3p",
    "silence": "elitex:pistols/colt_m1911x1/colt_m1911x1_silence",
    "silence_3p": "elitex:pistols/colt_m1911x1/colt_m1911x1_silence_3p",
    "dry_fire":  "elitex:platform_sound_sfx/pistols_sfx/regular_pistol_dry_fire_2"
  },
  "offhand_show": {
    "pos": [4, 13, -1],
    "rotate": [-90, -35, 90],
    "scale": [0.2, 0.2, 0.2]
  },
  "hotbar_show": {
    "0": {
      "pos": [-5, 13, -1],
      "rotate": [-90, -35, 90],
      "scale": [0.5, 0.5, 0.5]
    }
  }
}