{
  "weight": 0.085,
  "ads": {
    "multiplier": 0.95
  },
  "damage": {
    "multiplier": 0.85
  },
  "ammo_speed": {
    "multiplier": 1.4
  },
  //recoil modifiers. pitch is vertical recoil and yaw is horizontal recoil. the less the number, the less the recoil.
  "recoil": {
    "pitch": {
      "percent": -0.18
    },
    "yaw": {
      "percent": -0.16
    }
  },
  //range modifiers.
  "effective_range": {
    "multiplier": 1.25
  },
  //rpm modifier
  "rpm": {
    "multiplier": 1.23
  }
  //"extended_mag_level": 1
}