{
  "weight": 0.15,
  "ads": {
    "addend": 0
  },
  "damage": {
    "multiplier": 1.4
  },
  "ammo_speed": {
    "multiplier": 1.2
  }, 
  //recoil modifiers. pitch is vertical recoil and yaw is horizontal recoil. the less the number, the less the recoil.
  "recoil": {
    "pitch": {
      "percent": 0.06
    },
    "yaw": {
      "percent": -0.05
    }
  },
  //HS multiplier modifiers.
  "head_shot":{
    "multiplier": 1.4
  },
  //range modifiers.
  "effective_range": {
    "multiplier": 1.3
  },
  //rpm modifier
  "rpm": {
    "multiplier": 0.8
  }
  //"extended_mag_level": 1
}