{
  "weight": 0.1,
  "ads": {
    "addend": 0
  },
  "damage": {
    "multiplier": 0.9
  },
  "ammo_speed": {
    "multiplier": 1.3
  },
  //recoil modifiers. pitch is vertical recoil and yaw is horizontal recoil. the less the number, the less the recoil.
  "recoil": {
    "pitch": {
      "percent": 0.15
    },
    "yaw": {
      "percent": 0.12
    }
  },
  //target pierce modifiers.
  "pierce": {
    "addend": 1
  },
      //armor piercing modifiers.
  "armor_ignore":{
    "multiplier": 1.5
  },
  //range modifiers.
  "effective_range": {
    "multiplier": 0.85
  },
  //rpm modifier
  "rpm": {
    "multiplier": 1
  }
  //"extended_mag_level": 1
}