{
  "weight": 0.130,
  "ads": {
    "multiplier": 1.12
  },
  "damage": {
    "multiplier": 1.16
  },
  "ammo_speed": {
    "multiplier": 1.25
  },
  "head_shot":{
	  "addend": -0.5
	},
  //recoil modifiers. pitch is vertical recoil and yaw is horizontal recoil. the less the number, the less the recoil.
  "recoil": {
    "pitch": {
      "percent": -0.15
    },
    "yaw": {
      "percent": -0.16
    }
  },
  //range modifiers.
  "effective_range": {
    "multiplier": 1.50
  },
  //rpm modifier
  "rpm": {
    "multiplier": 0.9
  },
  "extended_mag_level": 3
}