{
  "weight": 0.08,
  "ads": {
    "addend": 0
  },
  "damage": {
    "multiplier": 0.9
  },
  "ammo_speed": {
    "multiplier": 0.88
  },
  //recoil modifiers. pitch is vertical recoil and yaw is horizontal recoil. the less the number, the less the recoil.
  "recoil": {
    "pitch": {
      "percent": -0.20
    },
    "yaw": {
      "percent": -0.16
    }
  },
  //range modifiers.
  "effective_range": {
    "multiplier": 0.92
  },
  //rpm modifier
  "rpm": {
    "multiplier": 1
  }
  //"extended_mag_level": 1
}