{
  "weight": 0.1,
  "ads": {
    "addend": 0
  },
  "damage": {
    "multiplier": 1.4
  },
  "ammo_speed": {
    "multiplier": 1.3
  },
  //inaccuracy multiplier.
  "inaccuracy": {
    "multiplier": 0.93
  },
      //ads inaccuracy multiplier.
  "aim_inaccuracy": {
    "multiplier": 1
  },
  //recoil modifiers. pitch is vertical recoil and yaw is horizontal recoil. the less the number, the less the recoil.
  "recoil": {
    "pitch": {
      "percent": 0.12
    },
    "yaw": {
      "percent": 0
    }
  },
  //range modifiers.
  "effective_range": {
    "multiplier": 2.01
  },
  //rpm modifier
  "rpm": {
    "multiplier": 0.86
  }
  //"extended_mag_level": 1
}