{
  "weight": 0.2,
  "ads": {
    "addend": 0
  },
  "damage": {
    "multiplier": 1.65
  },
  "ammo_speed": {
    "multiplier": 0.75
  },
  //target pierce modifiers.
  "pierce": {
    "addend": -1
  },
  //armor piercing modifiers.
  "armor_ignore":{
    "multiplier": 0.45
  },
  //inaccuracy multiplier.
  "inaccuracy": {
    "multiplier": 0.7
  },
      //ads inaccuracy multiplier.
  "aim_inaccuracy": {
    "multiplier": 1
  },
  //recoil modifiers. pitch is vertical recoil and yaw is horizontal recoil. the less the number, the less the recoil.
  "recoil": {
    "pitch": {
      "percent": -0.08
    },
    "yaw": {
      "percent": 0
    }
  },
  //range modifiers.
  "effective_range": {
    "multiplier": 0.85
  },
  //rpm modifier
  "rpm": {
    "multiplier": 0.85
  },
  //whether bullet ignite people
  "ignite": {
    "entity": true,
    "block": true
  }
  //"extended_mag_level": 3
}