{
  "weight": 0.1,
  "ads": {
    "addend": 0
  },
  "damage": {
    "multiplier": 0.75
  },
  "ammo_speed": {
    "multiplier": 0.8
  },
  //inaccuracy multiplier.
  "inaccuracy": {
    //"multiplier": 10 //negative value
    "addend": -4096
  },
  //ads inaccuracy multiplier.
  "aim_inaccuracy": {
    //"multiplier": 10 //negative value
    "addend": -4096
  },  
  //recoil modifiers. pitch is vertical recoil and yaw is horizontal recoil. the less the number, the less the recoil.
  "recoil": {
    "pitch": {
      "percent": 0.05
    },
    "yaw": {
      "percent": 0
    }
  },
  //HS multiplier modifiers.
  "head_shot":{
    "multiplier": 1.25
  },
  //range modifiers.
  "effective_range": {
    "multiplier": 2.5
  },
  //rpm modifier
  "rpm": {
    "multiplier": 0.98
  }
  //"extended_mag_level": 1
}