{
  "weight": 0.09,
  "ads": {
    "addend": 0
  },
  "damage": {
    "multiplier": 1.15
  },
  "ammo_speed": {
    "multiplier": 1.2
  },
  //recoil modifiers. pitch is vertical recoil and yaw is horizontal recoil. the less the number, the less the recoil.
  "recoil": {
    "pitch": {
      "percent": 0.15
    },
    "yaw": {
      "percent": 0.12
    }
  },
  //range modifiers.
  "effective_range": {
    "multiplier": 1.25
  },
  //rpm modifier
  "rpm": {
    "multiplier": 1
  }
  //"extended_mag_level": 1
}