{
  // Attachment weight, in kg. Affects the movement speed of the holder
  "weight": 0.15,
  // Effect on aiming time, additive, in seconds, can be negative
  "ads_addend": 0.067,
  // Effect on accuracy, additive, can be negative. Negative means increased accuracy, positive means decreased accuracy.
  "inaccuracy": {
    "multiplier": 0.82
  },
  // Effect on gun recoil
  // Effect on gun recoil
  "recoil": {
    "pitch": {
      "percent": -0.18
    },
    "yaw": {
      "percent": -0.16
    }
  }
}