{
  // Attachment weight, in kg. Affects the movement speed of the holder
  "weight": 0,
  //ads modifiers.
  "ads": {
    "multiplier": 1 //ads time multiplier
  },
  // Effect on accuracy, additive, can be negative. Negative means increased accuracy, positive means decreased accuracy.
  //inaccuracy multiplier.
  "inaccuracy": {
    "multiplier": 0.8
  },
  // Effect on gun recoil
  "recoil": {
    "pitch": {
      "percent": -0.04
    },
    "yaw": {
      "percent": -0.02
    }
  },
  "aim_inaccuracy": {
    "addend": -0.12
  },
  //range modifiers.
  "effective_range": {
    "multiplier": 0.78
  }
}