{
  "weight": -0.70,
  "ads": {
    "multiplier": 0.72
  },
  "damage": {
    "multiplier": 1
  },
  "ammo_speed": {
    "multiplier": 1
  },
  //recoil modifiers. pitch is vertical recoil and yaw is horizontal recoil. the less the number, the less the recoil.
  "recoil": {
    "pitch": {
      "percent": 0
    },
    "yaw": {
      "percent": 0
    }
  },
  //range modifiers.
  "effective_range": {
    "multiplier": 1
  },
  //rpm modifier
  "rpm": {
    "multiplier": 1
  },
  "extended_mag_level": 1
}