{
  /*"weight": 0,
  "ads": {
    "multiplier": 0.8
  },
  "damage": {
    "multiplier": 0.92
  },
  "ammo_speed": {
    "multiplier": 0.89
  },
  //recoil modifiers. pitch is vertical recoil and yaw is horizontal recoil. the less the number, the less the recoil.
  "recoil": {
    "pitch": {
      "percent": 0.12
    },
    "yaw": {
      "percent": 0.08
    }
  },
  //range modifiers.
  "effective_range": {
    "multiplier": 0.7
  },
  //rpm modifier
  "rpm": {
    "multiplier": 1.20
  }
  //"extended_mag_level": 1*/
}