{
  // Attachment weight, in kg. Affects the movement speed of the holder
  "weight": 0.02,
  // Effect on aiming time, additive, in seconds, can be negative
  "ads_addend": 0,
  // Effect on accuracy, additive, can be negative. Negative means increased accuracy, positive means decreased accuracy.
  "inaccuracy": {
    "multiplier": 0.78
  },
  // Effect on gun recoil
  "recoil_modifier": {
    // Vertical deflection reduction, range -1~0
    "pitch": 0,
    // Horizontal deflection reduction, range -1~0
    "yaw": 0
  },
  //range modifiers.
  "effective_range": {
    "multiplier": 0.83
  },
  //rpm modifier
  "rpm": {
    "multiplier": 1.16
  }
}