{
  // Attachment weight, in kg. Affects the movement speed of the holder
  "weight": 0,
  // Effect on aiming time, additive, in seconds, can be negative
  "ads_addend": 0,
  // Effect on accuracy, additive, can be negative. Negative means increased accuracy, positive means decreased accuracy.
  "inaccuracy_addend": 0,
  //recoil modifiers. pitch is vertical recoil and yaw is horizontal recoil. the less the number, the less the recoil.
  "recoil": {
    "pitch": {
      "percent": -0.16
    },
    "yaw": {
      "percent": -0.08
    }
  },
  //range modifiers.
  "effective_range": {
    "multiplier": 0.8
  }
}