{
  // Attachment weight, in kg. Affects the movement speed of the holder
  "weight": 0.125,
  // Effect on aiming time, additive, in seconds, can be negative
  "ads_addend": 0.068,
  // Effect on accuracy, additive, can be negative. Negative means increased accuracy, positive means decreased accuracy.
  "inaccuracy": {
    "multiplier": 0.92
  },
  "silence": {
    // Sound propagation range. If the default is 50 blocks, enter -10 here, then the propagation distance after silencing is 40 blocks
    "distance_addend": -10,
    // Whether to use a dedicated silenced sound source
    "use_silence_sound": true
  },
  // Effect on gun recoil
  "recoil": {
    "pitch": {
      "percent": 0
    },
    "yaw": {
      "percent": -0.35
    }
  },
  //range modifiers.
  "effective_range": {
    "multiplier": 0.40
  }
}