{
  // Attachment weight, in kg. Affects the movement speed of the holder
  "weight": 0.05,
  // Effect on aiming time, additive, in seconds, can be negative
  "ads": {
    "multiplier": 1.35 //ads time multiplier
  },
  // Effect on accuracy, additive, can be negative. Negative means increased accuracy, positive means decreased accuracy.
  "inaccuracy": {
    "multiplier": 0.9
  },
  // Effect on gun recoil
  "recoil": {
    "pitch": {
      "percent": -0.12
    },
    "yaw": {
      "percent": -0.08
    }
  },
      //ads inaccuracy multiplier.
  "aim_inaccuracy": {
    "multiplier": 0.9
  }
}