{
  // Attachment weight, in kg. Affects the movement speed of the holder
  "weight": 0.12,
  // Effect on aiming time, additive, in seconds, can be negative
  "ads_addend": 0.014,
  // Effect on accuracy, additive, can be negative. Negative means increased accuracy, positive means decreased accuracy.
  "inaccuracy_addend": 0,
  // Effect on gun recoil
  "recoil_modifier": {
    // Vertical deflection reduction, range -1~0
    "pitch": -0.16,
    // Horizontal deflection reduction, range -1~0
    "yaw": -0.095
  }
}