{
  // Attachment weight, in kg. Affects the movement speed of the holder
  "weight": 0.06,
  // Effect on aiming time, additive, in seconds, can be negative
  //ads modifiers.
  "ads": {
    "multiplier": 0.92 //ads time multiplier
  },
  // Effect on accuracy, additive, can be negative. Negative means increased accuracy, positive means decreased accuracy.
  "inaccuracy": {
    "multiplier": 0.94
  },
  // Effect on gun recoil
  "recoil": {
    "pitch": {
      "percent": -0.05
    },
    "yaw": {
      "percent": 0
    }
  },
  "aim_inaccuracy": {
    "addend": 0
  }
}