{
  // Attachment weight, in kg. Affects the movement speed of the holder
  "weight": 0.18,
  // Effect on aiming time, additive, in seconds, can be negative
  "ads_addend": 0.11,
  // Effect on accuracy, additive, can be negative. Negative means increased accuracy, positive means decreased accuracy.
  "inaccuracy": {
    "multiplier": 0.66
  },
  // Effect on gun recoil
  "recoil": {
    "pitch": {
      "percent": -0.30
    },
    "yaw": {
      "percent": -0.28
    }
  },
  "aim_inaccuracy": {
    "addend": -0.18
  }
}