{
  // Attachment weight, in kg. Affects the movement speed of the holder
  "weight": 0.12,
  // Effect on aiming time, additive, in seconds, can be negative
  "ads_addend": 0.08,
  // Effect on accuracy, additive, can be negative. Negative means increased accuracy, positive means decreased accuracy.
  "inaccuracy": {
    "multiplier": 0.74
  },
  // Effect on gun recoil
  "recoil": {
    "pitch": {
      "percent": -0.16
    },
    "yaw": {
      "percent": -0.12
    }
  },
  "aim_inaccuracy": {
    "addend": -0.14
  }
}