{
  // Attachment weight, in kg. Affects the movement speed of the holder
  "weight": 0.01,
  // Effect on aiming time, additive, in seconds, can be negative
  "ads_addend": -0.10,
  // Effect on accuracy, additive, can be negative. Negative means increased accuracy, positive means decreased accuracy.
  "inaccuracy": {
    "multiplier": 0.56
  },
  // Effect on gun recoil
  "recoil_modifier": {
    // Vertical deflection reduction, range -1~0
    "pitch": 0,
    // Horizontal deflection reduction, range -1~0
    "yaw": 0
  }
}