{
  // Attachment weight, in kg. Affects the movement speed of the holder
  "weight": 0.04,
  // Effect on aiming time, additive, in seconds, can be negative
  "ads_addend": -0.05,
  // Effect on accuracy, additive, can be negative. Negative means increased accuracy, positive means decreased accuracy.
  //inaccuracy multiplier.
  "inaccuracy": {
    "multiplier": 0.96
  },
  // Effect on gun recoil
  "recoil": {
    "pitch": {
      "percent": 0.07
    },
    "yaw": {
      "percent": 0.06
    }
  }
}