{
  // The display name of the attachment, supports using language files for definition
  "name": "mw_guns.attachment.stock_m13_light.name",
  // The display file of the attachment corresponds to attachments/display/silencer_display.json. The prefix "attachments/display/" and the suffix ".json" do not need to be included
  "display": "mw_guns:stock_m13_light_display",
  // The data file of the attachment corresponds to attachments/data/silencer_data.json. The prefix "attachments/data/" and the suffix ".json" do not need to be included
  "data": "mw_guns:stock_m13_light_data",
  //Weapon description to be add to the tooltip
  "tooltip": "mw_guns.attachment.stock_m13_light.desc",
  // The category of the creative tab, since we are creating a muzzle attachment, the type is selected as muzzle
  "type": "stock"
}