{
	"format_version": "1.8.0",
	"animations": {
		"static_idle": {
			"animation_length": 0.0417,
			"bones": {
				"lefthand_pos": {
					"rotation": [90, -30, 0],
					"position": [-1, 0, 21]
				},
				"righthand_pos": {
					"rotation": [103.12427, 21.46902, 32.49858],
					"position": [1, 3, 5.5]
				}
			}
		},
		"shoot": {
			"loop": true,
			"animation_length": 0.25,
			"bones": {
				"root": {
					"position": {
						"0.0": [0, 0, 0],
						"0.0417": [0, 0, 1],
						"0.0833": [0, 0, 2],
						"0.125": [0, 0, 3],
						"0.1667": [0, 0, 2],
						"0.2083": [0, 0, 1],
						"0.25": [0, 0, 0]
					}
				},
				"chamber_sys": {
					"rotation": [0, 0, 0],
					"position": {
						"0.0": [0, 0, 0],
						"0.125": [0, 0, 4],
						"0.25": [0, 0, 0]
					}
				},
				"constraint": {
					"rotation": {
						"0.0": [0.2, 0.2, 0.2],
						"0.125": [0, 0, 0]
					},
					"position": {
						"0.0": [0.2, 0.2, 0.2],
						"0.125": [0, 0, 0]
					}
				}
			}
		},
		"reload_tactical": {
			"animation_length": 1.9167,
			"bones": {
				"lefthand_pos": {
					"rotation": [90, -30, 0],
					"position": [-1, 0, 21]
				},
				"righthand_pos": {
					"rotation": {
						"0.0": [103.12427, 21.46902, 32.49858],
						"1.9167": [103.12427, 21.46902, 32.49858]
					},
					"position": {
						"0.0": [1, 3, 5.5],
						"0.25": [1, -1, 10.5],
						"1.6667": [1, -1, 10.5],
						"1.9167": [1, 3, 5.5]
					}
				},
				"root": {
					"rotation": {
						"0.0": [0, 0, 0],
						"0.25": [1.75378, -9.84655, -10.15108],
						"1.6667": [1.75378, -9.84655, -10.15108],
						"1.9167": [0, 0, 0]
					},
					"position": {
						"0.0": [0, 0, 0],
						"0.25": [0, 0, -2],
						"1.6667": [0, 0, -2],
						"1.9167": [0, 0, 0]
					}
				},
				"righthand_n_mag": {
					"rotation": {
						"0.0": [0, 0, 0],
						"0.25": [0, 0, 0],
						"1.6667": [0, 0, 0]
					},
					"position": {
						"0.0": [0, 0, 0],
						"0.25": [0, 0, 0],
						"0.3333": [0, -3, 0],
						"0.4583": [0, -4, -4],
						"0.9583": [28, -11, 16],
						"1.4583": [0, -4, -4],
						"1.5833": [0, -3, 0],
						"1.6667": [0, 0, 0]
					}
				},
				"constraint": {
					"rotation": [0.2, 0.2, 0.2],
					"position": [0.2, 0.2, 0.2]
				}
			}
		},
		"reload_empty": {
			"animation_length": 2.3333,
			"bones": {
				"lefthand_pos": {
					"rotation": [90, -30, 0],
					"position": [-1, 0, 21]
				},
				"righthand_pos": {
					"rotation": {
						"0.0": [103.12427, 21.46902, 32.49858],
						"2.0833": [103.12427, 21.46902, 32.49858]
					},
					"position": {
						"0.0": [1, 3, 5.5],
						"0.25": [1, -1, 10.5],
						"1.6667": [1, -1, 10.5],
						"1.7917": [2, 7, 10.5],
						"2.0": [2, 7, 14.5],
						"2.0833": [1, 3, 5.5]
					}
				},
				"root": {
					"rotation": {
						"0.0": [0, 0, 0],
						"0.25": [1.75378, -9.84655, -10.15108],
						"2.0833": [1.75378, -9.84655, -10.15108],
						"2.3333": [0, 0, 0]
					},
					"position": {
						"0.0": [0, 0, 0],
						"0.25": [0, 0, -2],
						"2.0833": [0, 0, -2],
						"2.3333": [0, 0, 0]
					}
				},
				"righthand_n_mag": {
					"rotation": {
						"0.0": [0, 0, 0],
						"0.25": [0, 0, 0],
						"1.6667": [0, 0, 0]
					},
					"position": {
						"0.0": [0, 0, 0],
						"0.25": [0, 0, 0],
						"0.3333": [0, -3, 0],
						"0.4583": [0, -4, -4],
						"0.9583": [28, -11, 16],
						"1.4583": [0, -4, -4],
						"1.5833": [0, -3, 0],
						"1.6667": [0, 0, 0]
					}
				},
				"chamber_sys": {
					"position": {
						"0.0": [0, 0, 0],
						"1.7917": [0, 0, 0],
						"2.0": [0, 0, 4],
						"2.0833": [0, 0, 0]
					}
				},
				"bullet_in_mag": {
					"scale": {
						"0.0": [0, 0, 0],
						"0.9167": [0, 0, 0],
						"0.9583": [1, 1, 1]
					}
				},
				"constraint": {
					"rotation": [0.2, 0.2, 0.2],
					"position": [0.2, 0.2, 0.2]
				}
			}
		},
		"inspect": {
			"animation_length": 3.5833,
			"bones": {
				"lefthand_pos": {
					"rotation": [90, -30, 0],
					"position": [-1, 0, 21]
				},
				"righthand_pos": {
					"rotation": {
						"0.0": [103.12427, 21.46902, 32.49858],
						"2.1667": [103.12427, 21.46902, 32.49858],
						"2.4167": [103.12427, 21.46902, 32.49858],
						"3.5833": [103.12427, 21.46902, 32.49858]
					},
					"position": {
						"0.0": [1, 3, 5.5],
						"0.25": [1, -1, 10.5],
						"1.9167": [1, -1, 10.5],
						"2.1667": [1, 3, 5.5],
						"2.4167": [1, 3, 5.5],
						"2.6667": [2, 7, 8.5],
						"2.8333": [2, 7, 12.5],
						"3.3333": [2, 7, 12.5],
						"3.5833": [1, 3, 5.5]
					}
				},
				"root": {
					"rotation": {
						"0.0": [0, 0, 0],
						"0.25": [1.75378, -9.84655, -10.15108],
						"2.1667": [1.75378, -9.84655, -10.15108],
						"2.4167": [0, 0, 0],
						"2.6667": [1.75378, 9.8466, 10.1511],
						"3.3333": [1.75378, 9.8466, 10.1511],
						"3.5833": [0, 0, 0]
					},
					"position": {
						"0.0": [0, 0, 0],
						"0.25": [0, 0, -2],
						"2.1667": [0, 0, -2],
						"2.4167": [0, 0, 0],
						"2.6667": [8, 0, -2],
						"3.3333": [8, 0, -2],
						"3.5833": [0, 0, 0]
					}
				},
				"chamber_sys": {
					"position": {
						"0.0": [0, 0, 0],
						"2.6667": [0, 0, 0],
						"2.8333": [0, 0, 4],
						"3.25": [0, 0, 4],
						"3.3333": [0, 0, 0]
					}
				},
				"righthand_n_mag": {
					"rotation": {
						"0.0": [0, 0, 0],
						"0.25": [0, 0, 0],
						"0.5833": [0, 0, 0],
						"0.875": [0, 0, 0],
						"0.9583": [-15, 0, 0],
						"1.5": [-15, 0, 0],
						"1.5833": [0, 0, 0],
						"1.9167": [0, 0, 0]
					},
					"position": {
						"0.0": [0, 0, 0],
						"0.25": [0, 0, 0],
						"0.3333": [0, -4, 0],
						"0.5833": [11, -4, 0],
						"1.5833": [11, -4, 0],
						"1.8333": [0, -4, 0],
						"1.9167": [0, 0, 0]
					}
				},
				"constraint": {
					"rotation": [0.2, 0.2, 0.2],
					"position": [0.2, 0.2, 0.2]
				}
			}
		},
		"inspect_empty": {
			"animation_length": 3.5833,
			"bones": {
				"lefthand_pos": {
					"rotation": [90, -30, 0],
					"position": [-1, 0, 21]
				},
				"righthand_pos": {
					"rotation": {
						"0.0": [103.12427, 21.46902, 32.49858],
						"2.1667": [103.12427, 21.46902, 32.49858],
						"2.4167": [103.12427, 21.46902, 32.49858],
						"3.5833": [103.12427, 21.46902, 32.49858]
					},
					"position": {
						"0.0": [1, 3, 5.5],
						"0.25": [1, -1, 10.5],
						"1.9167": [1, -1, 10.5],
						"2.1667": [1, 3, 5.5],
						"2.4167": [1, 3, 5.5],
						"2.6667": [2, 7, 8.5],
						"2.8333": [2, 7, 12.5],
						"3.3333": [2, 7, 12.5],
						"3.5833": [1, 3, 5.5]
					}
				},
				"root": {
					"rotation": {
						"0.0": [0, 0, 0],
						"0.25": [1.75378, -9.84655, -10.15108],
						"2.1667": [1.75378, -9.84655, -10.15108],
						"2.4167": [0, 0, 0],
						"2.6667": [1.75378, 9.8466, 10.1511],
						"3.3333": [1.75378, 9.8466, 10.1511],
						"3.5833": [0, 0, 0]
					},
					"position": {
						"0.0": [0, 0, 0],
						"0.25": [0, 0, -2],
						"2.1667": [0, 0, -2],
						"2.4167": [0, 0, 0],
						"2.6667": [8, 0, -2],
						"3.3333": [8, 0, -2],
						"3.5833": [0, 0, 0]
					}
				},
				"chamber_sys": {
					"position": {
						"0.0": [0, 0, 0],
						"2.6667": [0, 0, 0],
						"2.8333": [0, 0, 4],
						"3.25": [0, 0, 4],
						"3.3333": [0, 0, 0]
					}
				},
				"righthand_n_mag": {
					"rotation": {
						"0.0": [0, 0, 0],
						"0.25": [0, 0, 0],
						"0.5833": [0, 0, 0],
						"0.875": [0, 0, 0],
						"0.9583": [-15, 0, 0],
						"1.5": [-15, 0, 0],
						"1.5833": [0, 0, 0],
						"1.9167": [0, 0, 0]
					},
					"position": {
						"0.0": [0, 0, 0],
						"0.25": [0, 0, 0],
						"0.3333": [0, -4, 0],
						"0.5833": [11, -4, 0],
						"1.5833": [11, -4, 0],
						"1.8333": [0, -4, 0],
						"1.9167": [0, 0, 0]
					}
				},
				"bullet_in_mag": {
					"scale": 0
				},
				"constraint": {
					"rotation": [0.2, 0.2, 0.2],
					"position": [0.2, 0.2, 0.2]
				}
			}
		}
	}
}