{
	"format_version": "1.8.0",
	"animations": {
		"static_idle": {
			"animation_length": 0.0417,
			"bones": {
				"lefthand_pos": {
					"rotation": [68.49762, -21.07593, 8.0634],
					"position": [-1, -11, 20],
					"scale": [1, 1.5, 1]
				},
				"righthand_pos": {
					"rotation": [90, 25, 0],
					"position": [3.5, -4.5, 7],
					"scale": [1, 1.5, 1]
				},
				"constraint": {
					"rotation": [0.3, 0.2, 0.3],
					"position": [0.1, 0.1, 0.5]
				}
			}
		},
		"shoot": {
			"animation_length": 1.125,
			"bones": {
				"root": {
					"rotation": {
						"0.0": [0, 0, 0],
						"0.0417": [-0.586, 0.022, -0.92],
						"0.0833": [-0.273, 0.009, 0.812],
						"0.125": [-0.014, 0.047, 1.048],
						"0.1667": [0.228, 0.118, 0.927],
						"0.2083": [0.343, 0.179, 0.353],
						"0.25": [0.339, 0.226, -0.463],
						"0.2917": [0.129, 0.177, -0.515],
						"0.3333": [-0.064, 0.105, -0.246],
						"0.375": [-0.257, 0.034, 0.024],
						"0.4167": [-0.162, -0.071, 0.343],
						"0.4583": [-0.098, -0.04, 0.194],
						"0.5": [-0.034, -0.008, 0.045],
						"0.5417": [0.03, 0.024, -0.104],
						"0.5833": [0.078, 0.045, -0.164],
						"0.625": [0.062, 0.034, -0.075],
						"0.6667": [0.047, 0.023, 0.015],
						"0.7083": [0.031, 0.011, 0.104],
						"0.75": [0.022, 0.01, 0.058],
						"0.7917": [0.013, 0.009, 0.011],
						"0.9167": [0.003, 0.005, -0.103],
						"1.0": [0.002, 0.004, -0.077],
						"1.125": [0, 0, 0]
					},
					"position": {
						"0.0": [0, 0, 0],
						"0.0417": [0.002, 0.029, 1.064],
						"0.0833": [0.012, 0.082, 0.258],
						"0.125": [0, 0.036, 0.272],
						"0.1667": [-0.003, -0.014, 0.11],
						"0.2083": [-0.014, -0.034, 0.084],
						"0.25": [-0.009, -0.03, 0.051],
						"0.2917": [0.001, -0.014, 0.042],
						"0.3333": [0.003, 0.004, 0.034],
						"0.375": [0.016, -0.009, 0.043],
						"0.4167": [0.048, 0.015, 0.069],
						"0.4583": [0.039, 0.012, 0.057],
						"0.5": [0.03, 0.01, 0.045],
						"0.5417": [0.022, 0.007, 0.034],
						"0.5833": [-0.003, -0.006, 0.009],
						"0.625": [-0.005, -0.007, 0.007],
						"0.6667": [-0.007, -0.007, 0.006],
						"0.7083": [-0.01, -0.007, 0.005],
						"0.75": [-0.008, -0.008, 0.005],
						"0.7917": [-0.007, -0.008, 0.004],
						"0.9167": [-0.003, -0.009, 0.003],
						"1.0": [-0.003, -0.008, 0.003],
						"1.125": [0, 0, 0]
					}
				},
				"bolt": {
					"position": {
						"0.0": [0, 0, 0],
						"0.0833": [0, 0, 2],
						"0.25": [0, 0, 0]
					}
				},
				"constraint": {
					"rotation": [0.3, 0.2, 0.3],
					"position": [0.1, 0.1, 0.5]
				}
			}
		},
		"draw": {
			"animation_length": 1.0417,
			"bones": {
				"lefthand_pos": {
					"rotation": [68.49762, -21.07593, 8.0634],
					"position": [-1, -11, 20],
					"scale": [1, 1.5, 1]
				},
				"righthand_pos": {
					"rotation": [90, 25, 0],
					"position": [3.5, -4.5, 7],
					"scale": [1, 1.5, 1]
				},
				"root": {
					"rotation": {
						"0.0": [3.75, -33.541, 39.18],
						"0.0417": [3.212, -32.972, 39.813],
						"0.0833": [1.241, -30.344, 42.165],
						"0.125": [0.345, -28.461, 42.976],
						"0.1667": [-0.217, -25.614, 42.489],
						"0.2083": [-0.411, -21.933, 40.436],
						"0.25": [-0.193, -15.745, 34.403],
						"0.2917": [1.754, -11.615, 20.161],
						"0.3333": [0.359, -6.327, 11.267],
						"0.375": [-0.78, -3.558, 6.1],
						"0.4167": [-1.608, -0.67, -0.393],
						"0.4583": [-1.799, 0.401, -3.639],
						"0.5": [-1.846, 0.79, -4.572],
						"0.5417": [-1.544, 0.665, -5.032],
						"0.5833": [-0.014, -0.16, -1.176],
						"0.625": [0.203, -0.358, -1.734],
						"0.6667": [0.427, -0.646, -2.843],
						"0.7083": [0.308, -0.765, -1.876],
						"0.75": [0.023, -0.459, -1.389],
						"0.7917": [0.09, -0.258, -1.308],
						"0.8333": [0.183, -0.062, -0.619],
						"0.875": [0.23, 0.031, -0.171],
						"0.9167": [0.241, 0.225, 0.079],
						"0.9583": [0.094, 0.115, 0.033],
						"1.0": [0.023, 0.03, 0.031],
						"1.0417": [0, 0, 0]
					},
					"position": {
						"0.0": [-0.824, -10.839, 0.431],
						"0.0417": [-1.09, -9.467, -0.332],
						"0.0833": [0.2, -5.94, -2.046],
						"0.125": [1.809, -4.373, -2.608],
						"0.1667": [1.677, -3.256, -2.997],
						"0.2083": [1.553, -2.446, -3.229],
						"0.25": [1.316, -1.422, -3.332],
						"0.2917": [1.094, -1.132, -3.248],
						"0.3333": [0.425, -0.669, -3.026],
						"0.375": [-0.028, -0.359, -2.771],
						"0.4167": [-0.415, -0.004, -1.888],
						"0.4583": [-0.369, 0.09, -1.042],
						"0.5": [-0.242, 0.104, -0.23],
						"0.5417": [-0.087, 0.096, 0.227],
						"0.5833": [0.065, 0.004, -0.39],
						"0.625": [0.069, -0.016, -0.548],
						"0.6667": [0.067, -0.04, -0.691],
						"0.7083": [0.041, -0.042, -0.641],
						"0.75": [-0.032, -0.029, -0.274],
						"0.7917": [-0.057, -0.028, -0.13],
						"0.8333": [-0.078, -0.028, -0.041],
						"0.875": [-0.087, -0.027, -0.016],
						"0.9167": [-0.066, -0.019, -0.062],
						"0.9583": [-0.026, -0.007, -0.06],
						"1.0": [-0.006, -0.002, -0.02],
						"1.0417": [0, 0, 0]
					}
				},
				"constraint": {
					"rotation": [0.3, 0.2, 0.3],
					"position": [0.1, 0.1, 0.5]
				}
			}
		},
		"put_away": {
			"animation_length": 0.4583,
			"bones": {
				"lefthand_pos": {
					"rotation": [68.49762, -21.07593, 8.0634],
					"position": [-1, -11, 20],
					"scale": [1, 1.5, 1]
				},
				"righthand_pos": {
					"rotation": [90, 25, 0],
					"position": [3.5, -4.5, 7],
					"scale": [1, 1.5, 1]
				},
				"root": {
					"rotation": {
						"0.0": [0, 0, 0],
						"0.0417": [-0.569, -0.003, 5.018],
						"0.0833": [-2.447, -0.087, 22.848],
						"0.125": [-1.933, -1.636, 29.538],
						"0.1667": [0.762, -5.751, 31.746],
						"0.2083": [5.23, -12.003, 33.27],
						"0.25": [16.085, -27.043, 33.965],
						"0.2917": [21.774, -34.333, 33.206],
						"0.3333": [26.956, -40.562, 32.029],
						"0.375": [30.676, -45.178, 31.004],
						"0.4167": [34.025, -48.529, 28.672],
						"0.4583": [35.303, -48.148, 26.884]
					},
					"position": {
						"0.0": [0, 0, 0],
						"0.0417": [-0.376, -0.04, -0.284],
						"0.0833": [-1.779, -0.814, -1.917],
						"0.125": [-2.511, -1.566, -2.827],
						"0.1667": [-3.188, -2.654, -3.498],
						"0.2083": [-3.808, -3.961, -3.691],
						"0.25": [-4.788, -6.679, -1.485],
						"0.2917": [-5.106, -8.035, 0.504],
						"0.3333": [-5.274, -9.371, 2.545],
						"0.375": [-5.254, -10.69, 4.225],
						"0.4167": [-4.44, -14.142, 5.215],
						"0.4583": [-4.074, -15.921, 5.651]
					}
				},
				"constraint": {
					"rotation": [0.3, 0.2, 0.3],
					"position": [0.1, 0.1, 0.5]
				}
			}
		},
		"reload_tactical": {
			"animation_length": 2,
			"bones": {
				"lefthand_pos": {
					"rotation": [68.49762, -21.07593, 8.0634],
					"position": [-1, -11, 20],
					"scale": [1, 1.5, 1]
				},
				"righthand_pos": {
					"rotation": [90, 25, 0],
					"position": [3.5, -4.5, 7],
					"scale": [1, 1.5, 1]
				},
				"root": {
					"rotation": {
						"0.0": [0, 0, 0],
						"0.25": [1.81693, -19.92066, -5.3191],
						"1.75": [1.81693, -19.92066, -5.3191],
						"2.0": [0, 0, 0]
					},
					"position": {
						"0.0": [0, 0, 0],
						"0.25": [0, 0, -2],
						"1.75": [0, 0, -2],
						"2.0": [0, 0, 0]
					}
				},
				"lefthand_n_mag": {
					"rotation": {
						"0.25": [0, 0, 0],
						"0.5": [-20, 0, 0],
						"1.5": [-20, 0, 0],
						"1.75": [0, 0, 0]
					},
					"position": {
						"0.25": [0, 0, 0],
						"0.5": [0, -1, 0],
						"1.0": [23, -9, 27],
						"1.5": [0, -1, 0],
						"1.75": [0, 0, 0]
					}
				},
				"constraint": {
					"rotation": [0.3, 0.2, 0.3],
					"position": [0.1, 0.1, 0.5]
				}
			}
		},
		"reload_empty": {
			"animation_length": 2.75,
			"bones": {
				"lefthand_pos": {
					"rotation": {
						"0.0": [68.49762, -21.07593, 8.0634],
						"2.0": [68.5, -21.08, 8.06],
						"2.7083": [68.5, -21.08, 8.06]
					},
					"position": {
						"0.0": [-1, -11, 20],
						"2.0": [-1, -11, 20],
						"2.125": [-5.5, -9, 16],
						"2.25": [-4, -7, 12],
						"2.375": [-4, -7, 14],
						"2.4583": [-4, -7, 15],
						"2.7083": [-1, -11, 20]
					},
					"scale": [1, 1.5, 1]
				},
				"righthand_pos": {
					"rotation": [90, 25, 0],
					"position": [3.5, -4.5, 7],
					"scale": [1, 1.5, 1]
				},
				"root": {
					"rotation": {
						"0.0": [0, 0, 0],
						"0.25": [1.81693, -19.92066, -5.3191],
						"1.75": [1.81693, -19.92066, -5.3191],
						"2.0": [0, 0, 25],
						"2.5": [0, 0, 25],
						"2.75": [0, 0, 0]
					},
					"position": {
						"0.0": [0, 0, 0],
						"0.25": [0, 0, -2],
						"1.75": [0, 0, -2],
						"2.0": [0, 0, -2],
						"2.5": [0, 0, -2],
						"2.75": [0, 0, 0]
					}
				},
				"lefthand_n_mag": {
					"rotation": {
						"0.25": [0, 0, 0],
						"0.5": [-20, 0, 0],
						"1.5": [-20, 0, 0],
						"1.75": [0, 0, 0]
					},
					"position": {
						"0.25": [0, 0, 0],
						"0.5": [0, -1, 0],
						"1.0": [23, -9, 27],
						"1.5": [0, -1, 0],
						"1.75": [0, 0, 0]
					}
				},
				"bolt": {
					"position": {
						"2.25": [0, 0, 0],
						"2.375": [0, 0, 2],
						"2.4583": [0, 0, 0]
					}
				},
				"bullet_in_mag": {
					"scale": {
						"0.0": [0, 0, 0],
						"1.0": [1, 1, 1]
					}
				},
				"constraint": {
					"rotation": [0.3, 0.2, 0.3],
					"position": [0.1, 0.1, 0.5]
				}
			}
		},
		"inspect": {
			"animation_length": 8,
			"bones": {
				"lefthand_pos": {
					"rotation": [68.49762, -21.07593, 8.0634],
					"position": [-1, -11, 20],
					"scale": [1, 1.5, 1]
				},
				"righthand_pos": {
					"rotation": [90, 25, 0],
					"position": [3.5, -4.5, 7],
					"scale": [1, 1.5, 1]
				},
				"root": {
					"rotation": {
						"0.0": [0, 0, 0],
						"0.375": [0, -60, -20],
						"1.0": [0, -60, -20],
						"1.5": [15, -60, -20],
						"2.25": [15, -60, -20],
						"2.875": [0, -60, -20],
						"3.0": [0, -60, -20],
						"3.375": [1.81693, -19.92066, -5.3191],
						"4.625": [1.81693, -19.92066, -5.3191],
						"5.375": [0, 20, 30],
						"5.875": [0, 20, 30],
						"6.375": [15, 40, 30],
						"7.125": [15, 40, 30],
						"7.625": [0, 20, 30],
						"8.0": [0, 0, 0]
					},
					"position": {
						"0.0": [0, 0, 0],
						"0.375": [0, 0, -5],
						"1.0": [0, 0, -5],
						"1.5": [9, 0, -7],
						"2.25": [9, 0, -7],
						"2.875": [0, 0, -5],
						"3.0": [0, 0, -5],
						"3.375": [0, 0, -2],
						"4.625": [0, 0, -2],
						"5.375": [4, 0, -2],
						"5.875": [4, 0, -2],
						"6.375": [2, 0, -4],
						"7.125": [2, 0, -4],
						"7.625": [4, 0, -2],
						"8.0": [0, 0, 0]
					}
				},
				"lefthand_n_mag": {
					"rotation": {
						"3.375": [0, 0, 0],
						"3.625": [-20, 0, 0],
						"4.375": [-20, 0, 0],
						"4.625": [0, 0, 0]
					},
					"position": {
						"3.375": [0, 0, 0],
						"3.625": [0, -1, 0],
						"4.375": [0, -1, 0],
						"4.625": [0, 0, 0]
					}
				},
				"constraint": {
					"rotation": [0.3, 0.2, 0.3],
					"position": [0.1, 0.1, 0.5]
				}
			}
		},
		"inspect_empty": {
			"animation_length": 8,
			"bones": {
				"lefthand_pos": {
					"rotation": [68.49762, -21.07593, 8.0634],
					"position": [-1, -11, 20],
					"scale": [1, 1.5, 1]
				},
				"righthand_pos": {
					"rotation": [90, 25, 0],
					"position": [3.5, -4.5, 7],
					"scale": [1, 1.5, 1]
				},
				"root": {
					"rotation": {
						"0.0": [0, 0, 0],
						"0.375": [0, -60, -20],
						"1.0": [0, -60, -20],
						"1.5": [15, -60, -20],
						"2.25": [15, -60, -20],
						"2.875": [0, -60, -20],
						"3.0": [0, -60, -20],
						"3.375": [1.81693, -19.92066, -5.3191],
						"4.625": [1.81693, -19.92066, -5.3191],
						"5.375": [0, 20, 30],
						"5.875": [0, 20, 30],
						"6.375": [15, 40, 30],
						"7.125": [15, 40, 30],
						"7.625": [0, 20, 30],
						"8.0": [0, 0, 0]
					},
					"position": {
						"0.0": [0, 0, 0],
						"0.375": [0, 0, -5],
						"1.0": [0, 0, -5],
						"1.5": [9, 0, -7],
						"2.25": [9, 0, -7],
						"2.875": [0, 0, -5],
						"3.0": [0, 0, -5],
						"3.375": [0, 0, -2],
						"4.625": [0, 0, -2],
						"5.375": [4, 0, -2],
						"5.875": [4, 0, -2],
						"6.375": [2, 0, -4],
						"7.125": [2, 0, -4],
						"7.625": [4, 0, -2],
						"8.0": [0, 0, 0]
					}
				},
				"lefthand_n_mag": {
					"rotation": {
						"3.375": [0, 0, 0],
						"3.625": [-20, 0, 0],
						"4.375": [-20, 0, 0],
						"4.625": [0, 0, 0]
					},
					"position": {
						"3.375": [0, 0, 0],
						"3.625": [0, -1, 0],
						"4.375": [0, -1, 0],
						"4.625": [0, 0, 0]
					}
				},
				"bullet_in_mag": {
					"scale": 0
				},
				"constraint": {
					"rotation": [0.3, 0.2, 0.3],
					"position": [0.1, 0.1, 0.5]
				}
			}
		}
	}
}