{
	"format_version": "1.8.0",
	"animations": {
		"static_idle": {
			"loop": true,
			"bones": {
				"notch": {
					"rotation": [0, 0, 0]
				},
				"constraint": {
					"rotation": [0.15, 0.15, 0.15]
				},
				"lefthand": {
					"rotation": [97.51, -33.53, -140.07],
					"position": [7.68, -12.28, -11.56],
					"scale": [1, 1.5, 1]
				},
				"righthand": {
					"rotation": [107.13921, 12.31529, -176.94329],
					"position": [-6.44, -14.45, 0.02],
					"scale": [1, 1.5, 1]
				}
			}
		},
		"shoot": {
			"animation_length": 0.6333,
			"bones": {
				"m4a1_bolt": {
					"position": {
						"0.0": [0, 0, 0],
						"0.0333": [0, 0, 5],
						"0.0667": [0, 0, 0]
					}
				},
				"bullet_in_barrel": {
					"scale": {
						"0.0": [0, 0, 0],
						"0.1667": [0, 0, 0],
						"0.2": [1, 1, 1]
					}
				},
				"root": {
					"rotation": {
						"0.0": [0, 0, 0],
						"0.0333": [1.23, 0, 0.73],
						"0.0667": [-1.87, 0, -1.17],
						"0.1": [-1.99, 0, -1.23],
						"0.1333": [-0.91, 0, -0.35],
						"0.1667": [0.18, 0, 0.53],
						"0.2": [0.27, 0, 0.27],
						"0.2333": [0.36, 0, 0.01],
						"0.2667": [0.45, 0, -0.25],
						"0.3": [0.38, -0.07, -0.08],
						"0.3333": [0.3, -0.13, 0.08],
						"0.3667": [0.23, -0.2, 0.25],
						"0.4": [0.18, -0.17, 0.17],
						"0.4333": [0.14, -0.14, 0.09],
						"0.4667": [0.1, -0.11, 0.01],
						"0.5": [0.06, -0.07, -0.07],
						"0.5333": [0.04, -0.06, -0.06],
						"0.5667": [0.03, -0.04, -0.04],
						"0.6": [0.01, -0.02, -0.02],
						"0.6333": [0, 0, 0]
					},
					"position": {
						"0.0": [0, 0, 0],
						"0.0667": [0, -0.05, 1.38],
						"0.1333": [0, -0.05, -0.04],
						"0.2": [0, -0.04, 0.03],
						"0.2667": [0, -0.02, 0.1],
						"0.3333": [0, -0.01, 0.03]
					}
				},
				"constraint": {
					"rotation": {
						"0.1667": [0.2, 0.2, 0.2],
						"0.2667": [0.1, 0.1, 0.1],
						"0.3667": [0, 0, 0]
					},
					"position": {
						"0.1667": [0.15, 0.05, 0.25],
						"0.2667": [0.1, 0, 0.1],
						"0.3667": [0, 0, 0]
					}
				},
				"camera": {
					"rotation": {
						"0.0": [0, 0, 0],
						"0.0333": [0, 0, 0.6],
						"0.0667": [0, 0, -0.4],
						"0.1": [0, 0, -0.07],
						"0.1333": [0, 0, 0.33],
						"0.1667": [0, 0, 0.08],
						"0.2": [0, 0, -0.22],
						"0.2333": [0, 0, -0.15],
						"0.2667": [0, 0, 0],
						"0.3": [0, 0, 0.02],
						"0.3333": [0, 0, 0.01],
						"0.3667": [0, 0, 0]
					}
				}
			},
			"sound_effects": {
				"0.0": {
					"effect": "weap_iw9_mike4_fire_plr_02"
				}
			}
		},
		"draw": {
			"animation_length": 0.8,
			"bones": {
				"root": {
					"rotation": {
						"0.0": [0.81, -32.64, 33.95],
						"0.0333": [0.41, -32.66, 32.03],
						"0.0667": [-0.2, -32.9, 29.28],
						"0.1": [-0.85, -32.88, 26.12],
						"0.1333": [-1.39, -32.15, 22.92],
						"0.1667": [-1.65, -30.23, 20.1],
						"0.2": [-1.54, -26.5, 17.61],
						"0.2333": [-1.17, -21.25, 15.2],
						"0.2667": [-0.68, -15.46, 12.92],
						"0.3": [-0.21, -10.08, 10.79],
						"0.3333": [0.1, -6.07, 8.88],
						"0.3667": [0.23, -3.2, 6.78],
						"0.4": [0.22, -1.67, 4.97],
						"0.4333": [0.16, -0.89, 3.43],
						"0.4667": [0.11, -0.29, 2.12],
						"0.5": [0.05, -0.02, 0.15],
						"0.5333": [-0.01, -0.43, -0.76],
						"0.5667": [-0.02, -0.32, -0.02],
						"0.6": [-0.01, -0.17, 0.96],
						"0.6333": [-0.01, -0.1, 0.8],
						"0.6667": [0, -0.04, 0.35],
						"0.7": [0, 0, 0]
					},
					"position": {
						"0.0": [-3.18, -5.58, 13.53],
						"0.0333": [-2.73, -4.98, 11.4],
						"0.0667": [-2.08, -4.11, 8.31],
						"0.1": [-1.41, -3.19, 5.12],
						"0.1333": [-0.9, -2.45, 2.7],
						"0.1667": [-0.61, -1.94, 1.29],
						"0.2": [-0.45, -1.53, 0.43],
						"0.2333": [-0.34, -1.21, -0.1],
						"0.2667": [-0.25, -0.94, -0.49],
						"0.3": [-0.14, -0.69, -0.75],
						"0.3333": [-0.07, -0.55, -0.66],
						"0.3667": [-0.03, -0.45, -0.5],
						"0.4": [-0.01, -0.38, -0.3],
						"0.4333": [-0.02, -0.34, -0.02],
						"0.4667": [-0.03, -0.3, 0.16],
						"0.5": [-0.02, -0.21, 0.14],
						"0.5333": [-0.02, -0.12, 0.02],
						"0.5667": [-0.01, -0.05, -0.06],
						"0.6": [-0.01, -0.02, -0.06],
						"0.6333": [0, -0.01, -0.04],
						"0.6667": [0, 0, -0.02],
						"0.7": [0, 0, 0]
					}
				},
				"constraint": {
					"rotation": {
						"0.0": [1, 1, 1],
						"0.3667": [0.2, 0.2, 0.2],
						"0.8": [0.2, 0.2, 0.4]
					},
					"position": {
						"0.0": [1, 1, 1],
						"0.3667": [0.2, 0.2, 0.2],
						"0.8": [0.1, 0.1, 0.1]
					}
				},
				"camera": {
					"rotation": {
						"0.0": [0, 0, 0],
						"0.0333": [0.14, -0.01, 0.01],
						"0.0667": [0.35, -0.02, 0.03],
						"0.1": [0.55, -0.05, 0.1],
						"0.1333": [0.77, -0.13, 0.3],
						"0.1667": [0.99, -0.24, 0.56],
						"0.2": [1.1, -0.3, 0.7],
						"0.2333": [1.09, -0.3, 0.68],
						"0.2667": [1.03, -0.29, 0.59],
						"0.3": [0.93, -0.26, 0.47],
						"0.3333": [0.82, -0.23, 0.36],
						"0.3667": [0.7, -0.2, 0.3],
						"0.4": [0.42, -0.14, 0.33],
						"0.4333": [0.1, -0.06, 0.41],
						"0.4667": [-0.1, 0, 0.4],
						"0.5": [0.01, 0.07, 0.03],
						"0.5333": [0.2, 0.1, -0.3],
						"0.5667": [0.16, 0.08, -0.23],
						"0.6": [0.07, 0.03, -0.04],
						"0.6333": [0, 0, 0.1],
						"0.6667": [-0.01, -0.01, 0.11],
						"0.7": [-0.01, -0.01, 0.08],
						"0.7333": [0, 0, 0.03],
						"0.7667": [0, 0, 0]
					}
				},
				"lefthand": {
					"rotation": {
						"0.0": [92.39, -41.22, -135.49],
						"0.2": [92.39, -41.22, -135.49],
						"0.2333": [93.54, -38.2, -138.33],
						"0.2667": [94.68, -35.18, -141.18],
						"0.3": [95.82, -32.16, -144.02],
						"0.3333": [96.96, -29.14, -146.86],
						"0.6667": [97.51, -33.53, -140.07]
					},
					"position": {
						"0.0": {
							"post": [10.15, -13.67, -12.82],
							"lerp_mode": "catmullrom"
						},
						"0.2": {
							"post": [10.15, -13.67, -12.82],
							"lerp_mode": "catmullrom"
						},
						"0.4": {
							"post": [7.68, -12.28, -11.56],
							"lerp_mode": "catmullrom"
						}
					},
					"scale": [1, 1.5, 1]
				},
				"righthand": {
					"rotation": {
						"0.0": [96.07, 8.95, -179.05],
						"0.8": [107.13921, 12.31529, -176.94329]
					},
					"position": {
						"0.0": [-6.5, -14.3, -1.7],
						"0.8": [-6.44, -14.45, 0.02]
					},
					"scale": {
						"0.0": [1, 1.5, 1],
						"0.0333": [1, 1.5, 1],
						"0.0667": [1, 1.5, 1],
						"0.1": [1, 1.5, 1],
						"0.1333": [1, 1.5, 1],
						"0.1667": [1, 1.5, 1],
						"0.2": [1, 1.5, 1],
						"0.2333": [1, 1.5, 1],
						"0.2667": [1, 1.5, 1],
						"0.3": [1, 1.5, 1],
						"0.3333": [1, 1.5, 1],
						"0.3667": [1, 1.5, 1],
						"0.4": [1, 1.5, 1],
						"0.4333": [1, 1.5, 1]
					}
				}
			},
			"sound_effects": {
				"0.0": {
					"effect": "p01_ar_mike4_raise"
				}
			}
		},
		"put_away": {
			"animation_length": 0.4333,
			"bones": {
				"root": {
					"rotation": {
						"0.0": [0, 0, 0],
						"0.0333": [-0.56, -1.34, -1.72],
						"0.0667": [-0.51, -3.68, -4.19],
						"0.1": [1.37, -7.36, -7.72],
						"0.1333": [4.37, -11.73, -10.29],
						"0.1667": [6.5, -14.6, -9.53],
						"0.2": [9.01, -17.59, -7.69],
						"0.2333": [12.75, -20.93, -6.81],
						"0.2667": [15.93, -23.2, -7.29],
						"0.3": [19.75, -25.65, -8.27],
						"0.3333": [23.91, -28.21, -9.51],
						"0.3667": [28.11, -30.78, -10.78],
						"0.4": [32.04, -33.29, -11.85],
						"0.4333": [38.74, -37.82, -13.36]
					},
					"position": {
						"0.0": [0, 0, 0],
						"0.0333": [-0.21, -0.18, 0.14],
						"0.0667": [-0.45, -0.49, 0.28],
						"0.1": [-0.6, -0.94, 0.35],
						"0.1333": [-0.67, -1.47, 0.34],
						"0.1667": [-0.67, -1.79, 0.28],
						"0.2": [-0.61, -2.14, 0.17],
						"0.2333": [-0.43, -2.62, 0.06],
						"0.2667": [-0.27, -3.01, -0.02],
						"0.3": [-0.06, -3.47, -0.11],
						"0.3333": [0.19, -3.98, -0.2],
						"0.3667": [0.51, -4.5, -0.28],
						"0.4": [0.92, -5.03, -0.33],
						"0.4333": [1.67, -5.76, -0.37]
					}
				},
				"constraint": {
					"rotation": {
						"0.0": [0.2, 0.2, 0.4],
						"0.1667": [0.8, 0.8, 0.8],
						"0.4333": [1, 1, 1]
					},
					"position": {
						"0.0": [0.1, 0.1, 0.1],
						"0.1667": [0.8, 0.8, 0.8],
						"0.4333": [1, 1, 1]
					}
				},
				"camera": {
					"rotation": {
						"0.0": [0, 0, 0],
						"0.0333": [0.05, 0, -0.04],
						"0.0667": [0.13, 0, -0.09],
						"0.1": [0.22, 0, -0.13],
						"0.1333": [0.3, 0, -0.12],
						"0.1667": [0.43, 0, 0],
						"0.2": [0.56, 0, 0.18],
						"0.2333": [0.64, 0, 0.3],
						"0.2667": [0.64, 0, 0.29],
						"0.3": [0.59, 0, 0.22],
						"0.3333": [0.5, 0, 0.15],
						"0.3667": [0.42, 0, 0.12],
						"0.4": [0.3, 0, 0.08],
						"0.4333": [0.18, 0, 0.05]
					}
				},
				"lefthand": {
					"rotation": {
						"0.0": {
							"post": [97.51, -33.53, -140.07],
							"lerp_mode": "catmullrom"
						},
						"0.1333": {
							"post": [131.58, -14.75, -190.35],
							"lerp_mode": "catmullrom"
						},
						"0.2333": {
							"post": [148.89, -7.55, -212.09],
							"lerp_mode": "catmullrom"
						}
					},
					"position": {
						"0.0": {
							"post": [7.68, -12.28, -11.56],
							"lerp_mode": "catmullrom"
						},
						"0.1333": {
							"post": [8.84, -10.69, -11.62],
							"lerp_mode": "catmullrom"
						},
						"0.2333": {
							"post": [8.42, -9.39, -11.42],
							"lerp_mode": "catmullrom"
						}
					},
					"scale": [1, 1.5, 1]
				},
				"righthand": {
					"rotation": {
						"0.0": {
							"post": [107.13921, 12.31529, -176.94329],
							"lerp_mode": "catmullrom"
						},
						"0.1667": {
							"post": [96.07, 8.95, -179.05],
							"lerp_mode": "catmullrom"
						},
						"0.3667": {
							"post": [104.32, -28.33, -183.24],
							"lerp_mode": "catmullrom"
						}
					},
					"position": {
						"0.0": {
							"post": [-6.44, -14.45, 0.02],
							"lerp_mode": "catmullrom"
						},
						"0.4333": {
							"post": [-6.5, -14.3, -1.7],
							"lerp_mode": "catmullrom"
						}
					},
					"scale": [1, 1.5, 1]
				}
			},
			"sound_effects": {
				"0.1": {
					"effect": "p01_ar_mike4_drop"
				}
			}
		},
		"reload_tactical": {
			"animation_length": 2.55,
			"bones": {
				"root": {
					"rotation": {
						"0.0": [0, 0, 0.01],
						"0.05": [3.26, 0.16, 3.35],
						"0.1": [7.42, 0.17, 7.53],
						"0.15": [8.06, -1.25, 7.44],
						"0.2": [3.79, -4.2, 1.66],
						"0.25": [-3.35, -8.37, -7.61],
						"0.3": [-10.69, -12.52, -17.09],
						"0.35": [-15.56, -15.44, -23.5],
						"0.4": [-16.83, -16.75, -25.57],
						"0.45": [-15.29, -16.58, -24.11],
						"0.5": [-13.94, -16.31, -22.74],
						"0.55": [-13.88, -16.84, -23.86],
						"0.6": [-13.94, -16.31, -22.74],
						"0.65": [-13.51, -12.26, -12.69],
						"0.7": [-13.29, -8.82, -4.22],
						"0.75": [-13.72, -9.68, -6.67],
						"0.8": [-14.41, -11.91, -12.58],
						"0.85": [-14.9, -13.65, -16.85],
						"0.9": [-14.81, -13.78, -16.15],
						"0.95": [-14.73, -13.9, -15.44],
						"1.0": [-14.65, -14.03, -14.73],
						"1.05": [-13.91, -12.9, -10.72],
						"1.1": [-12.83, -11.19, -4.95],
						"1.15": [-12.04, -9.69, -0.23],
						"1.2": [-12.19, -9.2, 0.6],
						"1.25": [-13.91, -10.33, -4.77],
						"1.3": [-16.7, -12.5, -14.31],
						"1.35": [-19.52, -14.82, -24.33],
						"1.4": [-21.34, -16.4, -31.13],
						"1.45": [-21.54, -16.99, -33.67],
						"1.5": [-20.57, -16.79, -32.67],
						"1.55": [-19.9, -16.4, -31.13],
						"1.6": [-20.39, -15.41, -28.4],
						"1.65": [-21.2, -14.64, -26.27],
						"1.7": [-21.98, -15.41, -28.4],
						"1.75": [-22.4, -16.4, -31.13],
						"1.8": [-21.65, -16.4, -31.13],
						"1.85": [-20.9, -16.4, -31.13],
						"1.9": [-19.93, -15.91, -28.34],
						"1.95": [-18.76, -15.06, -26.13],
						"2.0": [-18.22, -14.24, -30.54],
						"2.05": [-15.56, -12.19, -30.75],
						"2.1": [-9.52, -8.7, -19.34],
						"2.15": [-1.7, -4.28, -3.12],
						"2.2": [3.56, -1, 7.94],
						"2.25": [4.12, -0.01, 9.08],
						"2.3": [2.82, 0.2, 6.48],
						"2.35": [0.93, 0.06, 2.66],
						"2.4": [-0.28, 0, 0.16],
						"2.45": [-0.48, 0.07, -0.46],
						"2.5": [-0.23, 0.04, -0.24],
						"2.55": [0, 0, 0.01]
					},
					"position": {
						"0.0": [0, 0, 0],
						"0.05": [0, -0.3, -0.24],
						"0.1": [0, -0.75, -0.6],
						"0.15": [0, -1.14, -0.92],
						"0.2": [0, -1.25, -1.06],
						"0.25": [0, -1.03, -0.97],
						"0.3": [0, -0.59, -0.74],
						"0.35": [0, -0.07, -0.45],
						"0.4": [0, 0.42, -0.18],
						"0.45": [0, 0.75, 0],
						"0.5": [0, 0.97, 0.08],
						"0.55": [0.01, 0.99, 0.04],
						"0.6": [0, 0.88, 0],
						"0.65": [-0.12, -0.12, 0],
						"0.7": [-0.06, 0.19, 0],
						"0.75": [0.06, 0.76, 0],
						"0.8": [0.13, 1.19, 0],
						"0.85": [0.11, 1.34, 0],
						"0.9": [0.05, 1.34, 0],
						"0.95": [0, 1.25, 0],
						"1.0": [0.01, 1, 0],
						"1.05": [0.04, 0.65, 0],
						"1.1": [0, 0.5, 0],
						"1.15": [-0.12, 0.65, 0],
						"1.2": [-0.29, 0.96, 0],
						"1.25": [-0.46, 1.29, 0],
						"1.3": [-0.56, 1.5, 0],
						"1.35": [-0.56, 1.54, 0],
						"1.4": [-0.5, 1.48, 0],
						"1.45": [-0.43, 1.39, 0],
						"1.5": [-0.37, 1.31, 0],
						"1.55": [-0.36, 1.17, 0],
						"1.6": [-0.37, 1.07, 0],
						"1.65": [-0.37, 1.25, 0],
						"1.7": [-0.37, 1.05, 0],
						"1.75": [-0.37, 0.82, 0],
						"1.8": [-0.37, 0.73, 0],
						"1.85": [-0.37, 0.82, 0],
						"1.9": [-0.37, 1.69, 0],
						"1.95": [-0.26, 1.46, 0.05],
						"2.0": [-0.11, 1, 0.1],
						"2.05": [0, 0.5, 0],
						"2.1": [0.03, -0.07, -0.46],
						"2.15": [0.01, -0.66, -1.07],
						"2.2": [0, -1, -1.31],
						"2.25": [0, -0.93, -0.99],
						"2.3": [0, -0.66, -0.38],
						"2.35": [0, -0.35, 0.26],
						"2.4": [0, -0.12, 0.64],
						"2.45": [0, -0.02, 0.6],
						"2.5": [0, 0, 0.26],
						"2.55": [0, 0, 0]
					}
				},
				"mag_and_lefthand": {
					"rotation": {
						"0.6": [0, 0, 0],
						"0.65": [1.48, 0, -29.63],
						"0.7": [3.52, 0, -70.37],
						"0.75": [5, 0, -100],
						"0.8": [18.06, -6.73, -90.86],
						"0.85": [33.93, -15.71, -64.67],
						"0.9": [35.29, -20.2, -46.49],
						"0.95": [21.8, -18.43, -46.06],
						"1.0": [-0.79, -14.06, -50.14],
						"1.05": [-26.67, -8.57, -56.3],
						"1.1": [-50.02, -3.39, -62.08],
						"1.15": [-65.06, 0, -65.06],
						"1.2": [-70.83, 1.5, -65.19],
						"1.25": [-64.23, 0.75, -62.03],
						"1.3": [-54.09, 0, -54.09],
						"1.35": [-46.88, 0, -45.17],
						"1.4": [-37.19, 0, -32.96],
						"1.45": [-26.83, 0, -19.81],
						"1.5": [-17.59, 0, -8.05],
						"1.55": [-11.25, 0, 0],
						"1.6": [-11.25, 0, 0],
						"1.65": [-11.25, 0, 0],
						"1.7": [-11.25, 0, 0],
						"1.75": [-8.44, 0, 0],
						"1.8": [-5.62, 0, 0],
						"1.85": [-2.81, 0, 0],
						"1.9": [0, 0, 0]
					},
					"position": {
						"0.6": [0, 0, 0],
						"0.65": [1.25, -0.88, 0],
						"0.7": [2.5, -1.75, 0],
						"0.75": [3.87, -0.77, -0.05],
						"0.8": [5.41, 0.83, -0.09],
						"0.85": [6.5, 2, 0],
						"0.9": [6.99, 2.42, 0.13],
						"0.95": [6.5, 1.94, 1.25],
						"1.0": [5.32, 0.99, 3.94],
						"1.05": [3.71, -0.34, 7.37],
						"1.1": [2.61, -1.5, 9.13],
						"1.15": [2.48, -2.14, 8.28],
						"1.2": [2.72, -2.7, 6.2],
						"1.25": [3.08, -3.15, 3.78],
						"1.3": [3.29, -3.46, 1.97],
						"1.35": [3.35, -3.63, 0.71],
						"1.4": [3.31, -3.58, -0.04],
						"1.45": [3.03, -3.36, -0.56],
						"1.5": [1.9, -2.7, -0.98],
						"1.55": [0.67, -1.83, -1.09],
						"1.6": [0.02, -0.83, -1.15],
						"1.65": [-0.33, -0.04, -1.14],
						"1.7": [-0.33, -0.23, -1.14],
						"1.75": [-0.33, -0.04, -0.2],
						"1.8": [0, 0, 0],
						"1.85": [0, 0, 0]
					}
				},
				"magazine": {
					"rotation": {
						"0.75": [0, 0, 0],
						"0.8": [-50, 0, 0],
						"0.85": [-181.25, 0, 0],
						"0.9": [-228.87, 0, 0],
						"0.95": [0, 0, 0],
						"1.0": [0, 0, 0],
						"1.05": [0, 0, 0],
						"1.1": [0, 0, 0],
						"1.15": [0, 0, 0],
						"1.2": [0, 0, 0],
						"1.25": [0, 0, 0],
						"1.3": [0, 0, 0]
					},
					"position": {
						"0.75": [0, 0, 0],
						"0.8": [-3.14, 0.53, -0.8],
						"0.85": [-8.43, -3.11, -0.94],
						"0.9": [-11.14, -10.93, -3.54],
						"0.95": [-14.11, -16.32, -3.87],
						"1.0": [-6.32, -18.47, 1.02],
						"1.05": [-5.58, -3.99, 0.93],
						"1.1": [-5.58, -3.99, 0.93],
						"1.15": [-5.58, -3.99, 0.93],
						"1.2": [-5.58, -3.99, 0.93],
						"1.25": [-5.58, -3.99, 0.93],
						"1.3": [0, 0, 0]
					}
				},
				"notch": {
					"rotation": [0, 0, 0]
				},
				"camera": {
					"rotation": {
						"0.0": [0, 0, 0],
						"0.05": [0.38, 0, -0.35],
						"0.1": [0.87, 0, -0.81],
						"0.15": [1, 0, -1],
						"0.2": [0.39, 0, -0.63],
						"0.25": [-0.58, 0, 0.02],
						"0.3": [-1.25, 0, 0.5],
						"0.35": [-1.27, 0, 0.61],
						"0.4": [-0.98, 0, 0.56],
						"0.45": [-0.75, 0, 0.5],
						"0.5": [-0.74, 0, 0.54],
						"0.55": [-0.8, 0, 0.61],
						"0.6": [-0.83, 0, 0.62],
						"0.65": [-0.75, 0, 0.5],
						"0.7": [0.5, 0, -1.25],
						"0.75": [0.23, -0.37, -0.94],
						"0.8": [-0.31, -0.88, -0.26],
						"0.85": [-0.75, -1.25, 0.25],
						"0.9": [-1.02, -1.37, 0.39],
						"0.95": [-1.19, -1.35, 0.36],
						"1.0": [-1.09, -1.25, 0.25],
						"1.05": [-0.48, -1.05, -0.05],
						"1.1": [0.41, -0.76, -0.43],
						"1.15": [1, -0.5, -0.5],
						"1.2": [1, -0.3, 0.04],
						"1.25": [0.71, -0.12, 0.88],
						"1.3": [0.5, 0, 1.5],
						"1.35": [0.54, 0.04, 1.65],
						"1.4": [0.66, 0.02, 1.57],
						"1.45": [0.75, 0, 1.5],
						"1.5": [0.76, 0, 1.51],
						"1.55": [0.75, 0, 1.53],
						"1.6": [0.74, 0, 1.54],
						"1.65": [0.75, 0, 1.5],
						"1.7": [0.89, 0, 1.23],
						"1.75": [1, 0, 1],
						"1.8": [0.86, 0, 1.17],
						"1.85": [0.75, 0, 1.25],
						"1.9": [1.31, 0, 0.06],
						"1.95": [0.71, 0, 0.13],
						"2.0": [-0.19, 0, 0.38],
						"2.05": [-0.75, 0, 0.5],
						"2.1": [-0.68, 0, 0.34],
						"2.15": [-0.35, 0, 0.05],
						"2.2": [0.03, 0, -0.21],
						"2.25": [0.25, 0, -0.25],
						"2.3": [0.05, 0, 0.62],
						"2.35": [-0.25, 0, 1.44],
						"2.4": [-0.16, 0, 0.96],
						"2.45": [0, 0, 0.25],
						"2.5": [0.02, 0, 0.05],
						"2.55": [0, 0, 0]
					}
				},
				"lefthand": {
					"rotation": {
						"0.0": [97.51, -33.53, -140.07],
						"0.05": [102.48, -33.77, -143.04],
						"0.1": [109.92, -34.14, -147.57],
						"0.15": [116.29, -34.41, -150.9],
						"0.2": [118.07, -34.33, -150.28],
						"0.25": [112.77, -33.65, -143.41],
						"0.3": [102.77, -32.57, -132.28],
						"0.35": [91.93, -31.51, -120.58],
						"0.4": [84.09, -30.89, -112.02],
						"0.45": [80.38, -30.91, -107.75],
						"0.5": [78.72, -31.33, -105.73],
						"0.55": [78.11, -31.85, -104.9],
						"0.6": [77.59, -32.2, -104.21],
						"0.65": [77.59, -32.2, -104.21],
						"0.7": [77.59, -32.2, -104.21],
						"0.75": [77.59, -32.2, -104.21],
						"0.8": [77.59, -32.2, -104.21],
						"0.85": [77.59, -32.2, -104.21],
						"0.9": [77.59, -32.2, -104.21],
						"0.95": [77.59, -32.2, -104.21],
						"1.0": [77.59, -32.2, -104.21],
						"1.05": [77.59, -32.2, -104.21],
						"1.1": [77.59, -32.2, -104.21],
						"1.15": [77.59, -32.2, -104.21],
						"1.2": [77.59, -32.2, -104.21],
						"1.25": [77.59, -32.2, -104.21],
						"1.3": [77.59, -32.2, -104.21],
						"1.35": [77.59, -32.2, -104.21],
						"1.4": [77.59, -32.2, -104.21],
						"1.45": [77.59, -32.2, -104.21],
						"1.5": [77.59, -32.2, -104.21],
						"1.55": [77.59, -32.2, -104.21],
						"1.6": [77.59, -32.2, -104.21],
						"1.65": [77.59, -32.2, -104.21],
						"1.7": [77.59, -32.2, -104.21],
						"1.75": [77.59, -32.2, -104.21],
						"1.8": [77.59, -32.2, -104.21],
						"1.85": [77.59, -32.2, -104.21],
						"1.9": [77.59, -32.2, -104.21],
						"1.95": [81.36, -30.71, -107.38],
						"2.0": [84.09, -30.89, -112.02],
						"2.05": [81.33, -35.14, -115.47],
						"2.1": [76.93, -41.02, -119.36],
						"2.15": [75.86, -44.23, -123.75],
						"2.2": [81.66, -42.05, -129.46],
						"2.25": [90.79, -37.19, -135.67],
						"2.3": [97.51, -33.53, -140.07]
					},
					"position": {
						"0.0": [7.68, -12.28, -11.56],
						"0.05": [8.29, -12.73, -12.27],
						"0.1": [9.21, -13.37, -13.34],
						"0.15": [10, -14.04, -14.15],
						"0.2": [10.24, -14.53, -14.06],
						"0.25": [9.61, -14.79, -12.51],
						"0.3": [8.4, -14.92, -9.97],
						"0.35": [7.12, -14.98, -7.35],
						"0.4": [6.24, -15.03, -5.56],
						"0.45": [6.24, -15.03, -5.56],
						"0.5": [6.24, -15.03, -5.56],
						"0.55": [6.24, -15.03, -5.56],
						"0.6": [6.24, -15.03, -5.56],
						"0.65": [6.24, -16.61, -5.66],
						"0.7": [6.24, -18.2, -5.77],
						"0.75": [6.24, -19.78, -5.87],
						"0.8": [6.24, -19.78, -5.87],
						"0.85": [6.24, -19.78, -5.87],
						"0.9": [6.24, -19.78, -5.87],
						"0.95": [6.24, -19.78, -5.87],
						"1.0": [6.24, -19.78, -5.87],
						"1.05": [6.24, -19.78, -5.87],
						"1.1": [6.24, -19.78, -5.87],
						"1.15": [6.24, -19.78, -5.87],
						"1.2": [6.24, -19.78, -5.87],
						"1.25": [6.24, -19.78, -5.87],
						"1.3": [6.24, -19.78, -5.87],
						"1.35": [6.24, -19.78, -5.87],
						"1.4": [6.24, -19.78, -5.87],
						"1.45": [6.24, -19.78, -5.87],
						"1.5": [6.24, -19.78, -5.87],
						"1.55": [6.24, -19.78, -5.87],
						"1.6": [6.24, -19.78, -5.87],
						"1.65": [6.24, -19.78, -5.87],
						"1.7": [6.24, -19.78, -5.87],
						"1.75": [6.24, -19.78, -5.87],
						"1.8": [6.24, -19.78, -5.87],
						"1.85": [6.24, -19.14, -5.28],
						"1.9": [6.24, -15.78, -4.68],
						"1.95": [6.41, -15.01, -4.52],
						"2.0": [6.99, -15.03, -5.56],
						"2.05": [8.11, -15.83, -8.24],
						"2.1": [9.5, -16.96, -11.76],
						"2.15": [10.24, -17.28, -14.06],
						"2.2": [9.72, -15.97, -13.95],
						"2.25": [8.56, -13.84, -12.62],
						"2.3": [7.68, -12.28, -11.56]
					},
					"scale": [1, 1.5, 1]
				},
				"righthand": {
					"rotation": [107.14, 12.32, -176.94],
					"position": [-6.44, -14.45, 0.02],
					"scale": [1, 1.5, 1]
				}
			}
		},
		"reload_empty": {
			"animation_length": 3.7,
			"bones": {
				"root": {
					"relative_to": {
						"rotation": "entity"
					},
					"rotation": {
						"0.0": [0, 0, 0.01],
						"0.05": [3.26, 0.16, 3.35],
						"0.1": [7.42, 0.17, 7.53],
						"0.15": [8.06, -1.25, 7.44],
						"0.2": [3.79, -4.2, 1.66],
						"0.25": [-3.35, -8.37, -7.61],
						"0.3": [-10.69, -12.52, -17.09],
						"0.35": [-15.56, -15.44, -23.5],
						"0.4": [-16.83, -16.75, -25.57],
						"0.45": [-15.29, -16.58, -24.11],
						"0.5": [-13.94, -16.31, -22.74],
						"0.55": [-14, -16.84, -23.86],
						"0.6": [-13.94, -16.31, -22.74],
						"0.65": [-12.33, -12.26, -12.69],
						"0.7": [-11.35, -8.82, -4.22],
						"0.75": [-12.72, -9.68, -6.67],
						"0.8": [-14.93, -11.91, -12.58],
						"0.85": [-16.4, -13.65, -16.85],
						"0.9": [-15.81, -13.78, -16.15],
						"0.95": [-15.23, -13.9, -15.44],
						"1.0": [-14.65, -14.03, -14.73],
						"1.05": [-13.81, -12.9, -10.72],
						"1.1": [-12.73, -11.19, -4.95],
						"1.15": [-12, -9.69, -0.23],
						"1.2": [-12.19, -9.2, 0.6],
						"1.25": [-13.91, -10.33, -4.77],
						"1.3": [-16.7, -12.5, -14.31],
						"1.35": [-19.52, -14.82, -24.33],
						"1.4": [-21.34, -16.4, -31.13],
						"1.45": [-21.47, -16.99, -33.67],
						"1.5": [-20.43, -16.79, -32.67],
						"1.55": [-19.9, -16.4, -31.13],
						"1.6": [-21.48, -15.41, -28.4],
						"1.65": [-23.14, -14.64, -26.27],
						"1.7": [-22.88, -15.41, -28.4],
						"1.75": [-22.4, -16.4, -31.13],
						"1.8": [-23.12, -16.4, -31.13],
						"1.85": [-23.84, -16.4, -31.13],
						"1.9": [-21.59, -15.91, -28.34],
						"1.95": [-18.76, -15.06, -26.13],
						"2.0": [-18.04, -14.24, -29.7],
						"2.05": [-15.56, -12.19, -30.75],
						"2.1": [-9.1, -9.41, -25.65],
						"2.15": [-0.86, -5.71, -17.24],
						"2.2": [3.56, -1, -5.56],
						"2.25": [0.59, 5.6, 11.98],
						"2.3": [-6.2, 13.2, 32.78],
						"2.35": [-11.62, 19.25, 49],
						"2.4": [-14.07, 23.65, 59.04],
						"2.45": [-14.61, 25.52, 62.27],
						"2.5": [-14.56, 26.5, 64.38],
						"2.55": [-14.61, 25.52, 62.27],
						"2.6": [-16.52, 20.78, 51.97],
						"2.65": [-18.42, 16.05, 41.67],
						"2.7": [-15.35, 19.26, 47.41],
						"2.75": [-12.11, 22.64, 53.39],
						"2.8": [-12.6, 21.82, 51.06],
						"2.85": [-14.1, 19.96, 46.49],
						"2.9": [-15.23, 17.41, 40.71],
						"2.95": [-14.61, 14.52, 34.77],
						"3.0": [-11, 10.77, 28.19],
						"3.05": [-5.44, 6.19, 20.67],
						"3.1": [0.08, 1.89, 13.5],
						"3.15": [3.56, -1, 7.94],
						"3.2": [4.05, -1.89, 4.48],
						"3.25": [2.76, -1.47, 2.38],
						"3.3": [0.91, -0.57, 1.12],
						"3.35": [-0.28, 0, 0.16],
						"3.4": [-0.48, 0.06, -0.36],
						"3.45": [-0.45, 0.07, -0.46],
						"3.5": [-0.29, 0.05, -0.31],
						"3.55": [-0.1, 0.02, -0.1],
						"3.6": [0, 0, 0.01]
					},
					"position": {
						"0.0": [0, 0, 0],
						"0.05": [0, -0.3, -0.24],
						"0.1": [0, -0.75, -0.6],
						"0.15": [0, -1.14, -0.92],
						"0.2": [0, -1.25, -1.06],
						"0.25": [0, -1.03, -0.97],
						"0.3": [0, -0.59, -0.74],
						"0.35": [0, -0.07, -0.45],
						"0.4": [0, 0.42, -0.18],
						"0.45": [0, 0.75, 0],
						"0.5": [0, 0.97, 0.08],
						"0.55": [0.01, 0.99, 0.04],
						"0.6": [0, 0.88, 0],
						"0.65": [-0.12, -0.12, 0],
						"0.7": [-0.06, 0.19, 0],
						"0.75": [0.06, 0.76, 0],
						"0.8": [0.13, 1.19, 0],
						"0.85": [0.11, 1.34, 0],
						"0.9": [0.05, 1.34, 0],
						"0.95": [0, 1.25, 0],
						"1.0": [0.01, 1, 0],
						"1.05": [0.04, 0.65, 0],
						"1.1": [0, 0.5, 0],
						"1.15": [-0.12, 0.65, 0],
						"1.2": [-0.29, 0.96, 0],
						"1.25": [-0.46, 1.29, 0],
						"1.3": [-0.56, 1.5, 0],
						"1.35": [-0.56, 1.54, 0],
						"1.4": [-0.5, 1.48, 0],
						"1.45": [-0.43, 1.39, 0],
						"1.5": [-0.37, 1.31, 0],
						"1.55": [-0.36, 1.17, 0],
						"1.6": [-0.37, 1.07, 0],
						"1.65": [-0.37, 1.25, 0],
						"1.7": [-0.37, 1.05, 0],
						"1.75": [-0.37, 0.82, 0],
						"1.8": [-0.37, 0.73, 0],
						"1.85": [-0.37, 0.82, 0],
						"1.9": [-0.37, 1.69, 0],
						"1.95": [-0.26, 1.64, 0.05],
						"2.0": [-0.11, 1.42, 0.1],
						"2.05": [0, 1, 0],
						"2.1": [-0.03, 0.15, -0.46],
						"2.15": [-0.09, -0.91, -1.07],
						"2.2": [0, -1.5, -1.31],
						"2.25": [0.29, -1.35, -1.01],
						"2.3": [0.72, -0.84, -0.42],
						"2.35": [1.15, -0.26, 0.21],
						"2.4": [1.44, 0.13, 0.64],
						"2.45": [1.55, 0.27, 0.77],
						"2.5": [1.5, 0.24, 0.68],
						"2.55": [1.44, 0.13, 0.64],
						"2.6": [1.35, -0.65, 1.1],
						"2.65": [1.37, -0.24, 0.88],
						"2.7": [1.41, 0.43, 0.52],
						"2.75": [1.44, 0.94, 0.27],
						"2.8": [1.47, 1.33, 0.29],
						"2.85": [1.44, 1.06, 0.39],
						"2.9": [1.32, -0.03, 0.38],
						"2.95": [1.16, -1.55, 0.33],
						"3.0": [0.94, -2.62, 0.14],
						"3.05": [0.44, -2.9, -0.72],
						"3.1": [0, -2.37, -1.31],
						"3.15": [-0.07, -1.53, -0.82],
						"3.2": [-0.03, -0.4, 0.06],
						"3.25": [0, 0.38, 0.64],
						"3.3": [0, 0.46, 0.59],
						"3.35": [0, 0.21, 0.26],
						"3.4": [0, -0.01, -0.01],
						"3.45": [0, -0.03, -0.05],
						"3.5": [0, -0.03, -0.05],
						"3.55": [0, -0.02, -0.03],
						"3.6": [0, -0.01, -0.01],
						"3.65": [0, 0, 0]
					}
				},
				"mag_and_lefthand": {
					"rotation": {
						"0.6": [0, 0, 0],
						"0.65": [1.48, 0, -29.63],
						"0.7": [3.52, 0, -70.37],
						"0.75": [5, 0, -100],
						"0.8": [18.06, -6.73, -90.86],
						"0.85": [33.93, -15.71, -64.67],
						"0.9": [35.29, -20.2, -46.49],
						"0.95": [21.8, -18.43, -46.06],
						"1.0": [-0.79, -14.06, -50.14],
						"1.05": [-26.67, -8.57, -56.3],
						"1.1": [-50.02, -3.39, -62.08],
						"1.15": [-65.06, 0, -65.06],
						"1.2": [-70.83, 1.5, -65.19],
						"1.25": [-64.23, 0.75, -62.03],
						"1.3": [-54.09, 0, -54.09],
						"1.35": [-46.88, 0, -45.17],
						"1.4": [-37.19, 0, -32.96],
						"1.45": [-26.83, 0, -19.81],
						"1.5": [-17.59, 0, -8.05],
						"1.55": [-11.25, 0, 0],
						"1.6": [-11.25, 0, 0],
						"1.65": [-11.25, 0, 0],
						"1.7": [-11.25, 0, 0],
						"1.75": [-8.44, 0, 0],
						"1.8": [-5.62, 0, 0],
						"1.85": [-2.81, 0, 0],
						"1.9": [0, 0, 0]
					},
					"position": {
						"0.6": [0, 0, 0],
						"0.65": [1.25, -0.88, 0],
						"0.7": [2.5, -1.75, 0],
						"0.75": [3.87, -0.77, -0.05],
						"0.8": [5.41, 0.83, -0.09],
						"0.85": [6.5, 2, 0],
						"0.9": [6.99, 2.42, 0.13],
						"0.95": [6.5, 1.94, 1.25],
						"1.0": [5.32, 0.99, 3.94],
						"1.05": [3.71, -0.34, 7.37],
						"1.1": [2.61, -1.5, 9.13],
						"1.15": [2.48, -2.14, 8.28],
						"1.2": [2.72, -2.7, 6.2],
						"1.25": [3.08, -3.15, 3.78],
						"1.3": [3.29, -3.46, 1.97],
						"1.35": [3.35, -3.63, 0.71],
						"1.4": [3.31, -3.58, -0.04],
						"1.45": [3.03, -3.36, -0.56],
						"1.5": [1.9, -2.7, -0.98],
						"1.55": [0.67, -1.83, -1.09],
						"1.6": [0.02, -0.83, -1.15],
						"1.65": [-0.33, -0.04, -1.14],
						"1.7": [-0.33, -0.23, -1.14],
						"1.75": [-0.33, -0.04, -0.2],
						"1.8": [0, 0, 0],
						"1.85": [0, 0, 0]
					}
				},
				"magazine": {
					"rotation": {
						"0.75": [0, 0, 0],
						"0.8": [-50, 0, 0],
						"0.85": [-181.25, 0, 0],
						"0.9": [-228.87, 0, 0],
						"0.95": [0, 0, 0],
						"1.0": [0, 0, 0],
						"1.05": [0, 0, 0],
						"1.1": [0, 0, 0],
						"1.15": [0, 0, 0],
						"1.2": [0, 0, 0],
						"1.25": [0, 0, 0],
						"1.3": [0, 0, 0]
					},
					"position": {
						"0.75": [0, 0, 0],
						"0.8": [-3.14, 0.53, -0.8],
						"0.85": [-8.43, -3.11, -0.94],
						"0.9": [-11.14, -10.93, -3.54],
						"0.95": [-14.11, -16.32, -3.87],
						"1.0": [-6.32, -18.47, 1.02],
						"1.05": [-5.58, -3.99, 0.93],
						"1.1": [-5.58, -3.99, 0.93],
						"1.15": [-5.58, -3.99, 0.93],
						"1.2": [-5.58, -3.99, 0.93],
						"1.25": [-5.58, -3.99, 0.93],
						"1.3": [0, 0, 0]
					}
				},
				"charging": {
					"rotation": {
						"2.5": [0, 0, 0],
						"2.55": [0, 0, 0],
						"2.6": [0, 0, 0],
						"2.65": [0, 0, 0]
					},
					"position": {
						"2.5": [0, 0, 0],
						"2.55": [0, 0, 2],
						"2.6": [0, 0, 4],
						"2.65": [0, 0, 0]
					}
				},
				"notch": {
					"rotation": {
						"0.0": [0, 0, 0],
						"0.05": [0, 0, 0],
						"0.1": [0, 0, 0],
						"0.15": [0, 0, 0],
						"0.2": [0, 0, 0],
						"0.25": [0, 0, 0],
						"0.3": [0, 0, 0],
						"0.35": [0, 0, 0],
						"0.4": [0, 0, 0],
						"0.45": [0, 0, 0],
						"0.5": [0, 0, 0],
						"0.55": [0, 0, 0],
						"0.6": [0, 0, 0],
						"0.65": [0, 0, 0],
						"0.7": [0, 0, 0],
						"0.75": [0, 0, 0],
						"0.8": [0, 0, 0],
						"0.85": [0, 0, 0],
						"0.9": [0, 0, 0],
						"0.95": [0, 0, 0],
						"1.0": [0, 0, 0],
						"1.05": [0, 0, 0],
						"1.1": [0, 0, 0],
						"1.15": [0, 0, 0],
						"1.2": [0, 0, 0],
						"1.25": [0, 0, 0],
						"1.3": [0, 0, 0],
						"1.35": [0, 0, 0],
						"1.4": [0, 0, 0],
						"1.45": [0, 0, 0],
						"1.5": [0, 0, 0],
						"1.55": [0, 0, 0],
						"1.6": [0, 0, 0],
						"1.65": [0, 0, 0],
						"1.7": [0, 0, 0],
						"1.75": [0, 0, 0],
						"1.8": [0, 0, 0],
						"1.85": [0, 0, 0],
						"1.9": [0, 0, 0],
						"1.95": [0, 0, 0],
						"2.0": [0, 0, 0],
						"2.05": [0, 0, 0],
						"2.1": [0, 0, 0],
						"2.15": [0, 0, 0],
						"2.2": [0, 0, 0],
						"2.25": [0, 0, 0],
						"2.3": [0, 0, 0],
						"2.35": [0, 0, 0],
						"2.4": [0, 0, 0],
						"2.45": [0, 0, 0],
						"2.5": [0, 0, 0],
						"2.55": [0, -90, 0],
						"2.6": [0, -45, 0],
						"2.65": [0, 0, 0]
					},
					"position": {
						"2.5": [0, 0, 0],
						"2.55": [0, 0, 0],
						"2.6": [0, 0, 0],
						"2.65": [0, 0, 0]
					}
				},
				"bolt": {
					"position": {
						"2.5": [0, 0, 0],
						"2.55": [0, 0, 1.62],
						"2.6": [0, 0, 3.25],
						"2.65": [0, 0, 0]
					}
				},
				"camera": {
					"rotation": {
						"0.0": [0, 0, 0],
						"0.05": [0.38, 0, -0.35],
						"0.1": [0.87, 0, -0.81],
						"0.15": [1, 0, -1],
						"0.2": [0.39, 0, -0.63],
						"0.25": [-0.58, 0, 0.02],
						"0.3": [-1.25, 0, 0.5],
						"0.35": [-1.27, 0, 0.61],
						"0.4": [-0.98, 0, 0.56],
						"0.45": [-0.75, 0, 0.5],
						"0.5": [-0.74, 0, 0.54],
						"0.55": [-0.8, 0, 0.61],
						"0.6": [-0.83, 0, 0.62],
						"0.65": [-0.75, 0, 0.5],
						"0.7": [0.5, 0, -1.25],
						"0.75": [0.23, -0.37, -0.94],
						"0.8": [-0.31, -0.88, -0.26],
						"0.85": [-0.75, -1.25, 0.25],
						"0.9": [-1.02, -1.37, 0.39],
						"0.95": [-1.19, -1.35, 0.36],
						"1.0": [-1.09, -1.25, 0.25],
						"1.05": [-0.48, -1.05, -0.05],
						"1.1": [0.41, -0.76, -0.43],
						"1.15": [1, -0.5, -0.5],
						"1.2": [1, -0.3, 0.04],
						"1.25": [0.71, -0.12, 0.88],
						"1.3": [0.5, 0, 1.5],
						"1.35": [0.54, 0.04, 1.65],
						"1.4": [0.66, 0.02, 1.57],
						"1.45": [0.75, 0, 1.5],
						"1.5": [0.76, 0, 1.51],
						"1.55": [0.75, 0, 1.53],
						"1.6": [0.74, 0, 1.54],
						"1.65": [0.75, 0, 1.5],
						"1.7": [0.89, 0, 1.23],
						"1.75": [1, 0, 1],
						"1.8": [0.86, 0, 1.17],
						"1.85": [0.75, 0, 1.25],
						"1.9": [1.31, 0, 0.06],
						"1.95": [0.68, 0, 0.15],
						"2.0": [-0.25, 0, 0.42],
						"2.05": [-0.75, 0, 0.5],
						"2.1": [-0.36, 0, 0.17],
						"2.15": [0.45, 0, -0.34],
						"2.2": [1, 0, -0.75],
						"2.25": [0.73, 0, -0.97],
						"2.3": [0.37, 0, -1.05],
						"2.35": [0.84, 0, -1.14],
						"2.4": [1.35, 0, -1.17],
						"2.45": [1.17, 0, -1.17],
						"2.5": [1, 0, -0.94],
						"2.55": [2, 0, 0.81],
						"2.6": [1.17, 0, 0.37],
						"2.65": [0.25, 0, -0.19],
						"2.7": [0.34, 0, 0.15],
						"2.75": [0.5, 0, 0.56],
						"2.8": [-0.23, 0, 0.44],
						"2.85": [-0.75, 0, 0.06],
						"2.9": [-0.39, 0, -0.26],
						"2.95": [0.28, 0, -0.69],
						"3.0": [0.94, 0, -1.05],
						"3.05": [1.25, 0, -1.19],
						"3.1": [1.02, 0, -0.97],
						"3.15": [0.45, 0, -0.51],
						"3.2": [-0.15, 0, -0.03],
						"3.25": [-0.5, 0, 0.25],
						"3.3": [-0.38, 0, 0.18],
						"3.35": [0.03, 0, -0.12],
						"3.4": [0.31, 0, -0.31],
						"3.45": [0.28, 0, -0.26],
						"3.5": [0.12, 0, -0.11],
						"3.55": [0, 0, 0],
						"3.6": [-0.02, 0, 0.02],
						"3.65": [-0.01, 0, 0.01],
						"3.7": [0, 0, 0]
					}
				},
				"lefthand": {
					"rotation": {
						"0.0": [97.51, -33.53, -140.07],
						"0.05": [102.48, -33.77, -143.04],
						"0.1": [109.92, -34.14, -147.57],
						"0.15": [116.29, -34.41, -150.9],
						"0.2": [118.07, -34.33, -150.28],
						"0.25": [112.77, -33.65, -143.41],
						"0.3": [102.77, -32.57, -132.28],
						"0.35": [91.93, -31.51, -120.58],
						"0.4": [84.09, -30.89, -112.02],
						"0.45": [80.38, -30.91, -107.75],
						"0.5": [78.72, -31.33, -105.73],
						"0.55": [78.11, -31.85, -104.9],
						"0.6": [77.59, -32.2, -104.21],
						"0.65": [77.59, -32.2, -104.21],
						"0.7": [77.59, -32.2, -104.21],
						"0.75": [77.59, -32.2, -104.21],
						"0.8": [77.59, -32.2, -104.21],
						"0.85": [77.59, -32.2, -104.21],
						"0.9": [77.59, -32.2, -104.21],
						"0.95": [77.59, -32.2, -104.21],
						"1.0": [77.59, -32.2, -104.21],
						"1.05": [77.59, -32.2, -104.21],
						"1.1": [77.59, -32.2, -104.21],
						"1.15": [77.59, -32.2, -104.21],
						"1.2": [77.59, -32.2, -104.21],
						"1.25": [77.59, -32.2, -104.21],
						"1.3": [77.59, -32.2, -104.21],
						"1.35": [77.59, -32.2, -104.21],
						"1.4": [77.59, -32.2, -104.21],
						"1.45": [77.59, -32.2, -104.21],
						"1.5": [77.59, -32.2, -104.21],
						"1.55": [77.59, -32.2, -104.21],
						"1.6": [77.59, -32.2, -104.21],
						"1.65": [77.59, -32.2, -104.21],
						"1.7": [77.59, -32.2, -104.21],
						"1.75": [77.59, -32.2, -104.21],
						"1.8": [77.59, -32.2, -104.21],
						"1.85": [77.59, -32.2, -104.21],
						"1.9": [77.59, -32.2, -104.21],
						"1.95": [78.38, -32.22, -103.39],
						"2.0": [79.89, -32.1, -103.44],
						"2.05": [84.09, -30.89, -112.02],
						"2.1": [93.85, -27.11, -136.94],
						"2.15": [106.3, -22.25, -170.39],
						"2.2": [114.81, -19.75, -196.64],
						"2.25": [115.59, -21.99, -208.58],
						"2.3": [112.42, -26.6, -213.32],
						"2.35": [110.07, -29.88, -216.45],
						"2.4": [110.93, -29.27, -218.22],
						"2.45": [111.79, -28.66, -220],
						"2.5": [112.65, -28.05, -221.77],
						"2.55": [115.6, -37.14, -225.48],
						"2.6": [118.56, -46.22, -229.18],
						"2.65": [121.52, -55.3, -232.89],
						"2.7": [114.48, -56.68, -220.63],
						"2.75": [103.19, -55.73, -201.63],
						"2.8": [91.76, -53.54, -181.33],
						"2.85": [84.31, -51.18, -165.16],
						"2.9": [82.59, -47.37, -150.89],
						"2.95": [85.5, -42.63, -140.75],
						"3.0": [88.87, -38.7, -134.61],
						"3.05": [90.47, -37.12, -133.48],
						"3.1": [92.45, -35.86, -134.46],
						"3.15": [94.48, -34.88, -136.55],
						"3.2": [96.27, -34.12, -138.75],
						"3.25": [97.51, -33.53, -140.07]
					},
					"position": {
						"0.0": [7.68, -12.28, -11.56],
						"0.05": [8.29, -12.73, -12.27],
						"0.1": [9.21, -13.37, -13.34],
						"0.15": [10, -14.04, -14.15],
						"0.2": [10.24, -14.53, -14.06],
						"0.25": [9.61, -14.79, -12.51],
						"0.3": [8.4, -14.92, -9.97],
						"0.35": [7.12, -14.98, -7.35],
						"0.4": [6.24, -15.03, -5.56],
						"0.45": [6.24, -15.03, -5.56],
						"0.5": [6.24, -15.03, -5.56],
						"0.55": [6.24, -15.03, -5.56],
						"0.6": [6.24, -15.03, -5.56],
						"0.65": [6.24, -16.61, -5.66],
						"0.7": [6.24, -18.2, -5.77],
						"0.75": [6.24, -19.78, -5.87],
						"0.8": [6.24, -19.78, -5.87],
						"0.85": [6.24, -19.78, -5.87],
						"0.9": [6.24, -19.78, -5.87],
						"0.95": [6.24, -19.78, -5.87],
						"1.0": [6.24, -19.78, -5.87],
						"1.05": [6.24, -19.78, -5.87],
						"1.1": [6.24, -19.78, -5.87],
						"1.15": [6.24, -19.78, -5.87],
						"1.2": [6.24, -19.78, -5.87],
						"1.25": [6.24, -19.78, -5.87],
						"1.3": [6.24, -19.78, -5.87],
						"1.35": [6.24, -19.78, -5.87],
						"1.4": [6.24, -19.78, -5.87],
						"1.45": [6.24, -19.78, -5.87],
						"1.5": [6.24, -19.78, -5.87],
						"1.55": [6.24, -19.78, -5.87],
						"1.6": [6.24, -19.78, -5.87],
						"1.65": [6.24, -19.78, -5.87],
						"1.7": [6.24, -19.78, -5.87],
						"1.75": [6.24, -19.78, -5.87],
						"1.8": [6.24, -19.78, -5.87],
						"1.85": [6.24, -19.14, -5.28],
						"1.9": [6.24, -15.78, -4.68],
						"1.95": [6.31, -15.29, -4.7],
						"2.0": [6.45, -15.16, -4.94],
						"2.05": [6.99, -15.03, -5.56],
						"2.1": [8.4, -14.94, -6.9],
						"2.15": [10.2, -14.84, -8.62],
						"2.2": [11.24, -14.28, -9.81],
						"2.25": [10.8, -12.74, -9.98],
						"2.3": [9.6, -10.73, -9.62],
						"2.35": [8.68, -9.28, -9.31],
						"2.4": [8.68, -9.28, -9.31],
						"2.45": [8.68, -9.28, -9.31],
						"2.5": [8.68, -9.28, -9.31],
						"2.55": [11.09, -8.87, -4.14],
						"2.6": [13.49, -8.46, 1.04],
						"2.65": [14.38, -8.83, -0.92],
						"2.7": [15.26, -9.19, -2.87],
						"2.75": [16.14, -9.56, -4.82],
						"2.8": [16.05, -11.05, -7.42],
						"2.85": [15.96, -12.54, -10.02],
						"2.9": [15.87, -14.03, -12.62],
						"2.95": [13.99, -14.2, -13.1],
						"3.0": [12.12, -14.36, -13.58],
						"3.05": [10.24, -14.53, -14.06],
						"3.1": [9.39, -13.78, -13.23],
						"3.15": [8.53, -13.03, -12.39],
						"3.2": [7.68, -12.28, -11.56]
					},
					"scale": [1, 1.5, 1]
				},
				"righthand": {
					"rotation": [107.14, 12.32, -176.94],
					"position": [-6.44, -14.45, 0.02],
					"scale": [1, 1.5, 1]
				}
			}
		},
		"inspect": {
			"animation_length": 4.36,
			"bones": {
				"root": {
					"rotation": {
						"0.0": [0, 0, 0],
						"0.04": [1.09, 1.17, 3.22],
						"0.08": [2.77, 3.02, 8.13],
						"0.12": [3.87, 3.98, 11.73],
						"0.16": [3.25, 2.5, 11],
						"0.2": [1.28, -0.75, 6.48],
						"0.24": [-1.8, -5.67, -0.93],
						"0.28": [-5.47, -11.44, -9.81],
						"0.32": [-9.23, -17.25, -18.76],
						"0.36": [-12.58, -22.3, -26.34],
						"0.4": [-15.01, -25.78, -31.14],
						"0.44": [-16.68, -27.7, -32.77],
						"0.48": [-17.56, -28.09, -31.53],
						"0.52": [-17.94, -27.6, -28.79],
						"0.56": [-18.11, -26.85, -25.9],
						"0.6": [-18.37, -26.5, -24.25],
						"0.64": [-18.7, -26.51, -23.98],
						"0.68": [-18.89, -26.47, -24.18],
						"0.72": [-18.98, -26.4, -24.63],
						"0.76": [-19.01, -26.34, -25.08],
						"0.8": [-19.02, -26.33, -25.3],
						"0.84": [-19.03, -26.3, -24.84],
						"0.88": [-19.03, -26.22, -23.85],
						"0.92": [-18.96, -26.2, -23.02],
						"0.96": [-18.78, -26.33, -23.02],
						"1.0": [-18.43, -26.73, -24.53],
						"1.04": [-17.86, -27.38, -27.63],
						"1.08": [-17.02, -28.3, -32.26],
						"1.12": [-16.09, -29.36, -37.63],
						"1.16": [-15.25, -30.41, -42.93],
						"1.2": [-14.69, -31.33, -47.37],
						"1.24": [-14.58, -31.96, -50.15],
						"1.28": [-15.09, -32.27, -51.1],
						"1.32": [-16.12, -32.37, -50.84],
						"1.36": [-17.42, -32.32, -49.7],
						"1.4": [-18.76, -32.21, -48.07],
						"1.44": [-19.9, -32.1, -46.3],
						"1.48": [-20.6, -32.08, -44.75],
						"1.52": [-20.71, -32.54, -44.13],
						"1.56": [-20.53, -33.61, -44.03],
						"1.6": [-20.16, -34.92, -44.08],
						"1.64": [-19.71, -36.12, -43.93],
						"1.68": [-19.29, -36.84, -43.23],
						"1.72": [-19.03, -36.72, -41.63],
						"1.76": [-19.01, -35.39, -38.78],
						"1.8": [-19.36, -32.5, -34.31],
						"1.84": [-20.32, -26.47, -26.25],
						"1.88": [-21.74, -17.75, -15.22],
						"1.92": [-23.46, -7.41, -2.44],
						"1.96": [-25.31, 3.46, 10.86],
						"2.0": [-27.09, 13.81, 23.43],
						"2.04": [-28.63, 22.55, 34.04],
						"2.08": [-29.76, 28.61, 41.45],
						"2.12": [-30.49, 31.8, 45.41],
						"2.16": [-30.96, 33.03, 46.9],
						"2.2": [-31.24, 32.82, 46.63],
						"2.24": [-31.37, 31.73, 45.26],
						"2.28": [-31.42, 30.31, 43.48],
						"2.32": [-31.43, 29.08, 41.99],
						"2.36": [-31.45, 28.61, 41.45],
						"2.4": [-31.5, 28.75, 41.72],
						"2.44": [-31.56, 28.98, 42.17],
						"2.48": [-31.59, 29.25, 42.71],
						"2.52": [-31.58, 29.53, 43.26],
						"2.56": [-31.48, 29.77, 43.74],
						"2.6": [-31.27, 29.93, 44.06],
						"2.64": [-30.92, 29.94, 44.14],
						"2.68": [-30.41, 29.78, 43.89],
						"2.72": [-29.4, 29.15, 42.54],
						"2.76": [-28.05, 28.11, 40.14],
						"2.8": [-26.5, 26.88, 37.41],
						"2.84": [-24.85, 25.7, 35.07],
						"2.88": [-23.22, 24.79, 33.84],
						"2.92": [-21.73, 24.38, 34.43],
						"2.96": [-20.27, 24.61, 37.56],
						"3.0": [-18.72, 25.35, 42.8],
						"3.04": [-17.2, 26.35, 49.14],
						"3.08": [-15.81, 27.4, 55.6],
						"3.12": [-14.64, 28.27, 61.18],
						"3.16": [-13.81, 28.74, 64.88],
						"3.2": [-13.42, 28.71, 66.49],
						"3.24": [-13.42, 28.37, 66.76],
						"3.28": [-13.65, 27.84, 66.16],
						"3.32": [-13.95, 27.28, 65.13],
						"3.36": [-14.18, 26.83, 64.13],
						"3.4": [-14.18, 26.65, 63.62],
						"3.44": [-14.1, 27.08, 64.25],
						"3.48": [-14.09, 28.07, 65.77],
						"3.52": [-14.01, 29.19, 67.33],
						"3.56": [-13.71, 29.96, 68.06],
						"3.6": [-13.04, 29.94, 67.08],
						"3.64": [-11.85, 28.67, 63.55],
						"3.68": [-10.14, 26.17, 57.51],
						"3.72": [-7.76, 22.46, 48.83],
						"3.76": [-5.01, 18.03, 38.55],
						"3.8": [-2.19, 13.31, 27.73],
						"3.84": [0.4, 8.79, 17.4],
						"3.88": [2.45, 4.92, 8.63],
						"3.92": [3.67, 2.16, 2.44],
						"3.96": [3.76, 0.13, -1.84],
						"4.0": [2.53, -0.56, -2.88],
						"4.04": [0.69, -0.46, -2.02],
						"4.08": [-1.07, -0.1, -0.61],
						"4.12": [-2.06, 0, 0],
						"4.16": [-2.15, -0.12, -0.14],
						"4.2": [-1.88, -0.16, -0.18],
						"4.24": [-1.39, -0.13, -0.15],
						"4.28": [-0.82, -0.08, -0.09],
						"4.32": [-0.31, -0.02, -0.03],
						"4.36": [0, 0, 0]
					},
					"position": {
						"0.0": [0, 0, 0],
						"0.04": [0, -0.07, -0.04],
						"0.08": [0, -0.25, -0.12],
						"0.12": [0, -0.51, -0.26],
						"0.16": [0, -0.88, -0.45],
						"0.2": [0, -1.16, -0.57],
						"0.24": [0, -1.12, -0.5],
						"0.28": [0, -0.74, -0.22],
						"0.32": [0, -0.08, 0.24],
						"0.36": [0, 0.66, 0.75],
						"0.4": [0, 1.33, 1.21],
						"0.44": [0, 1.75, 1.5],
						"0.48": [0, 1.85, 1.58],
						"0.52": [0, 1.83, 1.59],
						"0.56": [0, 1.73, 1.54],
						"0.6": [0, 1.59, 1.46],
						"0.64": [0, 1.44, 1.37],
						"0.68": [0, 1.31, 1.29],
						"0.72": [0, 1.25, 1.25],
						"0.76": [0, 1.25, 1.24],
						"0.8": [0, 1.29, 1.23],
						"0.84": [0, 1.36, 1.23],
						"0.88": [0, 1.42, 1.24],
						"0.92": [0, 1.47, 1.25],
						"0.96": [0, 1.48, 1.25],
						"1.0": [0, 1.42, 1.25],
						"1.04": [0, 1.31, 1.25],
						"1.08": [0, 1.19, 1.25],
						"1.12": [0, 1.11, 1.25],
						"1.16": [0, 1.12, 1.25],
						"1.2": [0, 1.31, 1.25],
						"1.24": [0, 1.63, 1.25],
						"1.28": [0, 1.96, 1.25],
						"1.32": [0, 2.19, 1.25],
						"1.36": [0, 2.26, 1.25],
						"1.4": [0, 2.26, 1.25],
						"1.44": [0, 2.23, 1.25],
						"1.48": [0, 2.2, 1.25],
						"1.52": [0, 2.19, 1.25],
						"1.56": [-0.02, 2.22, 1.25],
						"1.6": [-0.07, 2.28, 1.25],
						"1.64": [-0.13, 2.34, 1.25],
						"1.68": [-0.17, 2.4, 1.25],
						"1.72": [-0.18, 2.42, 1.25],
						"1.76": [-0.13, 2.37, 1.25],
						"1.8": [0, 2.25, 1.25],
						"1.84": [0.3, 1.93, 1.24],
						"1.88": [0.74, 1.45, 1.23],
						"1.92": [1.25, 0.89, 1.22],
						"1.96": [1.76, 0.36, 1.21],
						"2.0": [2.2, -0.05, 1.22],
						"2.04": [2.5, -0.25, 1.25],
						"2.08": [2.64, -0.18, 1.31],
						"2.12": [2.69, 0.1, 1.4],
						"2.16": [2.66, 0.5, 1.5],
						"2.2": [2.59, 0.92, 1.6],
						"2.24": [2.53, 1.29, 1.69],
						"2.28": [2.5, 1.5, 1.75],
						"2.32": [2.5, 1.55, 1.78],
						"2.36": [2.5, 1.5, 1.8],
						"2.4": [2.5, 1.38, 1.8],
						"2.44": [2.5, 1.25, 1.79],
						"2.48": [2.5, 1.13, 1.77],
						"2.52": [2.5, 1.06, 1.75],
						"2.56": [2.5, 1.06, 1.72],
						"2.6": [2.5, 1.09, 1.69],
						"2.64": [2.5, 1.13, 1.64],
						"2.68": [2.5, 1.17, 1.6],
						"2.72": [2.5, 1.2, 1.55],
						"2.76": [2.5, 1.19, 1.5],
						"2.8": [2.5, 1.07, 1.42],
						"2.84": [2.5, 0.87, 1.33],
						"2.88": [2.5, 0.71, 1.25],
						"2.92": [2.5, 0.69, 1.19],
						"2.96": [2.5, 0.91, 1.17],
						"3.0": [2.5, 1.28, 1.17],
						"3.04": [2.5, 1.65, 1.18],
						"3.08": [2.5, 1.88, 1.19],
						"3.12": [2.5, 1.91, 1.19],
						"3.16": [2.51, 1.88, 1.19],
						"3.2": [2.51, 1.82, 1.19],
						"3.24": [2.52, 1.74, 1.19],
						"3.28": [2.52, 1.65, 1.19],
						"3.32": [2.51, 1.57, 1.19],
						"3.36": [2.5, 1.5, 1.19],
						"3.4": [2.49, 1.48, 1.21],
						"3.44": [2.49, 1.5, 1.25],
						"3.48": [2.48, 1.52, 1.29],
						"3.52": [2.45, 1.5, 1.31],
						"3.56": [2.38, 1.4, 1.29],
						"3.6": [2.25, 1.19, 1.19],
						"3.64": [2.03, 0.78, 0.99],
						"3.68": [1.73, 0.17, 0.68],
						"3.72": [1.38, -0.5, 0.33],
						"3.76": [1.04, -1.15, -0.01],
						"3.8": [0.73, -1.66, -0.3],
						"3.84": [0.49, -1.92, -0.47],
						"3.88": [0.35, -1.89, -0.51],
						"3.92": [0.24, -1.68, -0.48],
						"3.96": [0.17, -1.35, -0.39],
						"4.0": [0.11, -0.95, -0.28],
						"4.04": [0.07, -0.56, -0.16],
						"4.08": [0.03, -0.22, -0.06],
						"4.12": [0, 0, 0],
						"4.16": [-0.03, 0.11, 0.03],
						"4.2": [-0.04, 0.14, 0.03],
						"4.24": [-0.03, 0.12, 0.03],
						"4.28": [-0.02, 0.07, 0.02],
						"4.32": [-0.01, 0.02, 0.01],
						"4.36": [0, 0, 0]
					}
				},
				"notch": {
					"rotation": [0, 0, 0]
				},
				"lefthand": {
					"rotation": {
						"0.0": [97.51, -33.53, -140.07],
						"0.04": [90.67, -33.53, -140.07],
						"0.08": [80.31, -33.53, -140.07],
						"0.12": [72.3, -33.53, -140.07],
						"0.16": [72.51, -33.53, -140.07],
						"0.2": [86.04, -33.53, -140.07],
						"0.24": [108.57, -33.53, -140.07],
						"0.28": [131.89, -33.53, -140.07],
						"0.32": [147.76, -33.53, -140.07],
						"0.36": [148.78, -33.53, -140.07],
						"0.4": [149.73, -33.53, -140.07],
						"0.44": [150.63, -33.53, -140.07],
						"0.48": [151.48, -33.53, -140.07],
						"0.52": [152.26, -33.53, -140.07],
						"0.56": [152.99, -33.53, -140.07],
						"0.6": [153.65, -33.53, -140.07],
						"0.64": [154.26, -33.53, -140.07],
						"0.68": [154.81, -33.53, -140.07],
						"0.72": [155.31, -33.53, -140.07],
						"0.76": [155.74, -33.53, -140.07],
						"0.8": [156.12, -33.53, -140.07],
						"0.84": [156.44, -33.53, -140.07],
						"0.88": [156.7, -33.53, -140.07],
						"0.92": [156.9, -33.53, -140.07],
						"0.96": [157.05, -33.53, -140.07],
						"1.0": [157.14, -33.53, -140.07],
						"1.04": [157.17, -33.53, -140.07],
						"1.08": [157.14, -33.53, -140.07],
						"1.12": [157.05, -33.53, -140.07],
						"1.16": [156.9, -33.53, -140.07],
						"1.2": [156.7, -33.53, -140.07],
						"1.24": [156.44, -33.53, -140.07],
						"1.28": [156.12, -33.53, -140.07],
						"1.32": [155.74, -33.53, -140.07],
						"1.36": [155.31, -33.53, -140.07],
						"1.4": [154.81, -33.53, -140.07],
						"1.44": [154.26, -33.53, -140.07],
						"1.48": [153.65, -33.53, -140.07],
						"1.52": [152.99, -33.53, -140.07],
						"1.56": [152.26, -33.53, -140.07],
						"1.6": [151.48, -33.53, -140.07],
						"1.64": [150.63, -33.53, -140.07],
						"1.68": [149.73, -33.53, -140.07],
						"1.72": [148.78, -33.53, -140.07],
						"1.76": [147.76, -33.53, -140.07],
						"1.8": [131.89, -33.53, -140.07],
						"1.84": [108.57, -33.53, -140.07],
						"1.88": [86.04, -33.53, -140.07],
						"1.92": [72.51, -33.53, -140.07],
						"1.96": [72.3, -33.53, -140.07],
						"2.0": [80.31, -33.53, -140.07],
						"2.04": [90.67, -33.53, -140.07],
						"2.08": [97.51, -33.53, -140.07]
					},
					"position": {
						"0.0": [7.68, -12.28, -11.56],
						"0.04": [10.51, -13.24, -10.89],
						"0.08": [14.65, -14.51, -9.97],
						"0.12": [18.7, -16.61, -8.71],
						"0.16": [21.24, -20.03, -7.06],
						"0.2": [21.79, -25.91, -4.61],
						"0.24": [21.12, -33.64, -1.53],
						"0.28": [19.77, -41.13, 1.41],
						"0.32": [18.24, -46.28, 3.44],
						"0.36": [18.01, -46.28, 3.44],
						"0.4": [17.77, -46.28, 3.44],
						"0.44": [17.53, -46.28, 3.44],
						"0.48": [17.3, -46.28, 3.44],
						"0.52": [17.06, -46.28, 3.44],
						"0.56": [16.83, -46.28, 3.44],
						"0.6": [16.59, -46.28, 3.44],
						"0.64": [16.35, -46.28, 3.44],
						"0.68": [16.12, -46.28, 3.44],
						"0.72": [15.88, -46.28, 3.44],
						"0.76": [15.65, -46.28, 3.44],
						"0.8": [15.41, -46.28, 3.44],
						"0.84": [15.17, -46.28, 3.44],
						"0.88": [14.94, -46.28, 3.44],
						"0.92": [14.7, -46.28, 3.44],
						"0.96": [14.46, -46.28, 3.44],
						"1.0": [14.23, -46.28, 3.44],
						"1.04": [13.99, -46.28, 3.44],
						"1.08": [13.76, -46.28, 3.44],
						"1.12": [13.52, -46.28, 3.44],
						"1.16": [13.28, -46.28, 3.44],
						"1.2": [13.05, -46.28, 3.44],
						"1.24": [12.81, -46.28, 3.44],
						"1.28": [12.58, -46.28, 3.44],
						"1.32": [12.34, -46.28, 3.44],
						"1.36": [12.1, -46.28, 3.44],
						"1.4": [11.87, -46.28, 3.44],
						"1.44": [11.63, -46.28, 3.44],
						"1.48": [11.4, -46.28, 3.44],
						"1.52": [11.16, -46.28, 3.44],
						"1.56": [10.92, -46.28, 3.44],
						"1.6": [10.69, -46.28, 3.44],
						"1.64": [10.45, -46.28, 3.44],
						"1.68": [10.21, -46.28, 3.44],
						"1.72": [9.98, -46.28, 3.44],
						"1.76": [9.74, -46.28, 3.44],
						"1.8": [9.87, -41.13, 1.41],
						"1.84": [11.03, -33.64, -1.53],
						"1.88": [12.29, -25.91, -4.61],
						"1.92": [12.74, -20.03, -7.06],
						"1.96": [11.93, -16.61, -8.71],
						"2.0": [10.4, -14.51, -9.97],
						"2.04": [8.78, -13.24, -10.89],
						"2.08": [7.68, -12.28, -11.56]
					},
					"scale": {
						"0.0": [1, 1.5, 1],
						"0.04": [1, 1.5, 1],
						"0.08": [1, 1.5, 1],
						"0.12": [1, 1.5, 1],
						"0.16": [1, 1.5, 1],
						"0.2": [1, 1.5, 1],
						"0.24": [1, 1.5, 1],
						"0.28": [1, 1.5, 1],
						"0.32": [1, 1.5, 1],
						"0.36": [1, 1.5, 1],
						"0.4": [1, 1.5, 1],
						"0.44": [1, 1.5, 1],
						"0.48": [1, 1.5, 1],
						"0.52": [1, 1.5, 1],
						"0.56": [1, 1.5, 1],
						"0.6": [1, 1.5, 1],
						"0.64": [1, 1.5, 1],
						"0.68": [1, 1.5, 1],
						"0.72": [1, 1.5, 1],
						"0.76": [1, 1.5, 1],
						"0.8": [1, 1.5, 1],
						"0.84": [1, 1.5, 1],
						"0.88": [1, 1.5, 1],
						"0.92": [1, 1.5, 1],
						"0.96": [1, 1.5, 1],
						"1.0": [1, 1.5, 1],
						"1.04": [1, 1.5, 1],
						"1.08": [1, 1.5, 1],
						"1.12": [1, 1.5, 1],
						"1.16": [1, 1.5, 1],
						"1.2": [1, 1.5, 1],
						"1.24": [1, 1.5, 1],
						"1.28": [1, 1.5, 1],
						"1.32": [1, 1.5, 1],
						"1.36": [1, 1.5, 1],
						"1.4": [1, 1.5, 1],
						"1.44": [1, 1.5, 1],
						"1.48": [1, 1.5, 1],
						"1.52": [1, 1.5, 1],
						"1.56": [1, 1.5, 1],
						"1.6": [1, 1.5, 1],
						"1.64": [1, 1.5, 1],
						"1.68": [1, 1.5, 1],
						"1.72": [1, 1.5, 1],
						"1.76": [1, 1.5, 1],
						"1.8": [1, 1.5, 1],
						"1.84": [1, 1.5, 1],
						"1.88": [1, 1.5, 1],
						"1.92": [1, 1.5, 1],
						"1.96": [1, 1.5, 1],
						"2.0": [1, 1.5, 1],
						"2.04": [1, 1.5, 1],
						"2.08": [1, 1.5, 1]
					}
				},
				"righthand": {
					"rotation": [107.14, 12.32, -176.94],
					"position": [-6.44, -14.45, 0.02],
					"scale": [1, 1.5, 1]
				}
			}
		},
		"inspect_empty": {
			"animation_length": 4.36,
			"bones": {
				"root": {
					"rotation": {
						"0.0": [0, 0, 0],
						"0.04": [1.09, 1.17, 3.22],
						"0.08": [2.77, 3.02, 8.13],
						"0.12": [3.87, 3.98, 11.73],
						"0.16": [3.25, 2.5, 11],
						"0.2": [1.28, -0.75, 6.48],
						"0.24": [-1.8, -5.67, -0.93],
						"0.28": [-5.47, -11.44, -9.81],
						"0.32": [-9.23, -17.25, -18.76],
						"0.36": [-12.58, -22.3, -26.34],
						"0.4": [-15.01, -25.78, -31.14],
						"0.44": [-16.68, -27.7, -32.77],
						"0.48": [-17.56, -28.09, -31.53],
						"0.52": [-17.94, -27.6, -28.79],
						"0.56": [-18.11, -26.85, -25.9],
						"0.6": [-18.37, -26.5, -24.25],
						"0.64": [-18.7, -26.51, -23.98],
						"0.68": [-18.89, -26.47, -24.18],
						"0.72": [-18.98, -26.4, -24.63],
						"0.76": [-19.01, -26.34, -25.08],
						"0.8": [-19.02, -26.33, -25.3],
						"0.84": [-19.03, -26.3, -24.84],
						"0.88": [-19.03, -26.22, -23.85],
						"0.92": [-18.96, -26.2, -23.02],
						"0.96": [-18.78, -26.33, -23.02],
						"1.0": [-18.43, -26.73, -24.53],
						"1.04": [-17.86, -27.38, -27.63],
						"1.08": [-17.02, -28.3, -32.26],
						"1.12": [-16.09, -29.36, -37.63],
						"1.16": [-15.25, -30.41, -42.93],
						"1.2": [-14.69, -31.33, -47.37],
						"1.24": [-14.58, -31.96, -50.15],
						"1.28": [-15.09, -32.27, -51.1],
						"1.32": [-16.12, -32.37, -50.84],
						"1.36": [-17.42, -32.32, -49.7],
						"1.4": [-18.76, -32.21, -48.07],
						"1.44": [-19.9, -32.1, -46.3],
						"1.48": [-20.6, -32.08, -44.75],
						"1.52": [-20.71, -32.54, -44.13],
						"1.56": [-20.53, -33.61, -44.03],
						"1.6": [-20.16, -34.92, -44.08],
						"1.64": [-19.71, -36.12, -43.93],
						"1.68": [-19.29, -36.84, -43.23],
						"1.72": [-19.03, -36.72, -41.63],
						"1.76": [-19.01, -35.39, -38.78],
						"1.8": [-19.36, -32.5, -34.31],
						"1.84": [-20.32, -26.47, -26.25],
						"1.88": [-21.74, -17.75, -15.22],
						"1.92": [-23.46, -7.41, -2.44],
						"1.96": [-25.31, 3.46, 10.86],
						"2.0": [-27.09, 13.81, 23.43],
						"2.04": [-28.63, 22.55, 34.04],
						"2.08": [-29.76, 28.61, 41.45],
						"2.12": [-30.49, 31.8, 45.41],
						"2.16": [-30.96, 33.03, 46.9],
						"2.2": [-31.24, 32.82, 46.63],
						"2.24": [-31.37, 31.73, 45.26],
						"2.28": [-31.42, 30.31, 43.48],
						"2.32": [-31.43, 29.08, 41.99],
						"2.36": [-31.45, 28.61, 41.45],
						"2.4": [-31.5, 28.75, 41.72],
						"2.44": [-31.56, 28.98, 42.17],
						"2.48": [-31.59, 29.25, 42.71],
						"2.52": [-31.58, 29.53, 43.26],
						"2.56": [-31.48, 29.77, 43.74],
						"2.6": [-31.27, 29.93, 44.06],
						"2.64": [-30.92, 29.94, 44.14],
						"2.68": [-30.41, 29.78, 43.89],
						"2.72": [-29.4, 29.15, 42.54],
						"2.76": [-28.05, 28.11, 40.14],
						"2.8": [-26.5, 26.88, 37.41],
						"2.84": [-24.85, 25.7, 35.07],
						"2.88": [-23.22, 24.79, 33.84],
						"2.92": [-21.73, 24.38, 34.43],
						"2.96": [-20.27, 24.61, 37.56],
						"3.0": [-18.72, 25.35, 42.8],
						"3.04": [-17.2, 26.35, 49.14],
						"3.08": [-15.81, 27.4, 55.6],
						"3.12": [-14.64, 28.27, 61.18],
						"3.16": [-13.81, 28.74, 64.88],
						"3.2": [-13.42, 28.71, 66.49],
						"3.24": [-13.42, 28.37, 66.76],
						"3.28": [-13.65, 27.84, 66.16],
						"3.32": [-13.95, 27.28, 65.13],
						"3.36": [-14.18, 26.83, 64.13],
						"3.4": [-14.18, 26.65, 63.62],
						"3.44": [-14.1, 27.08, 64.25],
						"3.48": [-14.09, 28.07, 65.77],
						"3.52": [-14.01, 29.19, 67.33],
						"3.56": [-13.71, 29.96, 68.06],
						"3.6": [-13.04, 29.94, 67.08],
						"3.64": [-11.85, 28.67, 63.55],
						"3.68": [-10.14, 26.17, 57.51],
						"3.72": [-7.76, 22.46, 48.83],
						"3.76": [-5.01, 18.03, 38.55],
						"3.8": [-2.19, 13.31, 27.73],
						"3.84": [0.4, 8.79, 17.4],
						"3.88": [2.45, 4.92, 8.63],
						"3.92": [3.67, 2.16, 2.44],
						"3.96": [3.76, 0.13, -1.84],
						"4.0": [2.53, -0.56, -2.88],
						"4.04": [0.69, -0.46, -2.02],
						"4.08": [-1.07, -0.1, -0.61],
						"4.12": [-2.06, 0, 0],
						"4.16": [-2.15, -0.12, -0.14],
						"4.2": [-1.88, -0.16, -0.18],
						"4.24": [-1.39, -0.13, -0.15],
						"4.28": [-0.82, -0.08, -0.09],
						"4.32": [-0.31, -0.02, -0.03],
						"4.36": [0, 0, 0]
					},
					"position": {
						"0.0": [0, 0, 0],
						"0.04": [0, -0.07, -0.04],
						"0.08": [0, -0.25, -0.12],
						"0.12": [0, -0.51, -0.26],
						"0.16": [0, -0.88, -0.45],
						"0.2": [0, -1.16, -0.57],
						"0.24": [0, -1.12, -0.5],
						"0.28": [0, -0.74, -0.22],
						"0.32": [0, -0.08, 0.24],
						"0.36": [0, 0.66, 0.75],
						"0.4": [0, 1.33, 1.21],
						"0.44": [0, 1.75, 1.5],
						"0.48": [0, 1.85, 1.58],
						"0.52": [0, 1.83, 1.59],
						"0.56": [0, 1.73, 1.54],
						"0.6": [0, 1.59, 1.46],
						"0.64": [0, 1.44, 1.37],
						"0.68": [0, 1.31, 1.29],
						"0.72": [0, 1.25, 1.25],
						"0.76": [0, 1.25, 1.24],
						"0.8": [0, 1.29, 1.23],
						"0.84": [0, 1.36, 1.23],
						"0.88": [0, 1.42, 1.24],
						"0.92": [0, 1.47, 1.25],
						"0.96": [0, 1.48, 1.25],
						"1.0": [0, 1.42, 1.25],
						"1.04": [0, 1.31, 1.25],
						"1.08": [0, 1.19, 1.25],
						"1.12": [0, 1.11, 1.25],
						"1.16": [0, 1.12, 1.25],
						"1.2": [0, 1.31, 1.25],
						"1.24": [0, 1.63, 1.25],
						"1.28": [0, 1.96, 1.25],
						"1.32": [0, 2.19, 1.25],
						"1.36": [0, 2.26, 1.25],
						"1.4": [0, 2.26, 1.25],
						"1.44": [0, 2.23, 1.25],
						"1.48": [0, 2.2, 1.25],
						"1.52": [0, 2.19, 1.25],
						"1.56": [-0.02, 2.22, 1.25],
						"1.6": [-0.07, 2.28, 1.25],
						"1.64": [-0.13, 2.34, 1.25],
						"1.68": [-0.17, 2.4, 1.25],
						"1.72": [-0.18, 2.42, 1.25],
						"1.76": [-0.13, 2.37, 1.25],
						"1.8": [0, 2.25, 1.25],
						"1.84": [0.3, 1.93, 1.24],
						"1.88": [0.74, 1.45, 1.23],
						"1.92": [1.25, 0.89, 1.22],
						"1.96": [1.76, 0.36, 1.21],
						"2.0": [2.2, -0.05, 1.22],
						"2.04": [2.5, -0.25, 1.25],
						"2.08": [2.64, -0.18, 1.31],
						"2.12": [2.69, 0.1, 1.4],
						"2.16": [2.66, 0.5, 1.5],
						"2.2": [2.59, 0.92, 1.6],
						"2.24": [2.53, 1.29, 1.69],
						"2.28": [2.5, 1.5, 1.75],
						"2.32": [2.5, 1.55, 1.78],
						"2.36": [2.5, 1.5, 1.8],
						"2.4": [2.5, 1.38, 1.8],
						"2.44": [2.5, 1.25, 1.79],
						"2.48": [2.5, 1.13, 1.77],
						"2.52": [2.5, 1.06, 1.75],
						"2.56": [2.5, 1.06, 1.72],
						"2.6": [2.5, 1.09, 1.69],
						"2.64": [2.5, 1.13, 1.64],
						"2.68": [2.5, 1.17, 1.6],
						"2.72": [2.5, 1.2, 1.55],
						"2.76": [2.5, 1.19, 1.5],
						"2.8": [2.5, 1.07, 1.42],
						"2.84": [2.5, 0.87, 1.33],
						"2.88": [2.5, 0.71, 1.25],
						"2.92": [2.5, 0.69, 1.19],
						"2.96": [2.5, 0.91, 1.17],
						"3.0": [2.5, 1.28, 1.17],
						"3.04": [2.5, 1.65, 1.18],
						"3.08": [2.5, 1.88, 1.19],
						"3.12": [2.5, 1.91, 1.19],
						"3.16": [2.51, 1.88, 1.19],
						"3.2": [2.51, 1.82, 1.19],
						"3.24": [2.52, 1.74, 1.19],
						"3.28": [2.52, 1.65, 1.19],
						"3.32": [2.51, 1.57, 1.19],
						"3.36": [2.5, 1.5, 1.19],
						"3.4": [2.49, 1.48, 1.21],
						"3.44": [2.49, 1.5, 1.25],
						"3.48": [2.48, 1.52, 1.29],
						"3.52": [2.45, 1.5, 1.31],
						"3.56": [2.38, 1.4, 1.29],
						"3.6": [2.25, 1.19, 1.19],
						"3.64": [2.03, 0.78, 0.99],
						"3.68": [1.73, 0.17, 0.68],
						"3.72": [1.38, -0.5, 0.33],
						"3.76": [1.04, -1.15, -0.01],
						"3.8": [0.73, -1.66, -0.3],
						"3.84": [0.49, -1.92, -0.47],
						"3.88": [0.35, -1.89, -0.51],
						"3.92": [0.24, -1.68, -0.48],
						"3.96": [0.17, -1.35, -0.39],
						"4.0": [0.11, -0.95, -0.28],
						"4.04": [0.07, -0.56, -0.16],
						"4.08": [0.03, -0.22, -0.06],
						"4.12": [0, 0, 0],
						"4.16": [-0.03, 0.11, 0.03],
						"4.2": [-0.04, 0.14, 0.03],
						"4.24": [-0.03, 0.12, 0.03],
						"4.28": [-0.02, 0.07, 0.02],
						"4.32": [-0.01, 0.02, 0.01],
						"4.36": [0, 0, 0]
					}
				},
				"notch": {
					"rotation": [0, 0, 0]
				},
				"lefthand": {
					"rotation": {
						"0.0": [97.51, -33.53, -140.07],
						"0.04": [90.67, -33.53, -140.07],
						"0.08": [80.31, -33.53, -140.07],
						"0.12": [72.3, -33.53, -140.07],
						"0.16": [72.51, -33.53, -140.07],
						"0.2": [86.04, -33.53, -140.07],
						"0.24": [108.57, -33.53, -140.07],
						"0.28": [131.89, -33.53, -140.07],
						"0.32": [147.76, -33.53, -140.07],
						"0.36": [148.78, -33.53, -140.07],
						"0.4": [149.73, -33.53, -140.07],
						"0.44": [150.63, -33.53, -140.07],
						"0.48": [151.48, -33.53, -140.07],
						"0.52": [152.26, -33.53, -140.07],
						"0.56": [152.99, -33.53, -140.07],
						"0.6": [153.65, -33.53, -140.07],
						"0.64": [154.26, -33.53, -140.07],
						"0.68": [154.81, -33.53, -140.07],
						"0.72": [155.31, -33.53, -140.07],
						"0.76": [155.74, -33.53, -140.07],
						"0.8": [156.12, -33.53, -140.07],
						"0.84": [156.44, -33.53, -140.07],
						"0.88": [156.7, -33.53, -140.07],
						"0.92": [156.9, -33.53, -140.07],
						"0.96": [157.05, -33.53, -140.07],
						"1.0": [157.14, -33.53, -140.07],
						"1.04": [157.17, -33.53, -140.07],
						"1.08": [157.14, -33.53, -140.07],
						"1.12": [157.05, -33.53, -140.07],
						"1.16": [156.9, -33.53, -140.07],
						"1.2": [156.7, -33.53, -140.07],
						"1.24": [156.44, -33.53, -140.07],
						"1.28": [156.12, -33.53, -140.07],
						"1.32": [155.74, -33.53, -140.07],
						"1.36": [155.31, -33.53, -140.07],
						"1.4": [154.81, -33.53, -140.07],
						"1.44": [154.26, -33.53, -140.07],
						"1.48": [153.65, -33.53, -140.07],
						"1.52": [152.99, -33.53, -140.07],
						"1.56": [152.26, -33.53, -140.07],
						"1.6": [151.48, -33.53, -140.07],
						"1.64": [150.63, -33.53, -140.07],
						"1.68": [149.73, -33.53, -140.07],
						"1.72": [148.78, -33.53, -140.07],
						"1.76": [147.76, -33.53, -140.07],
						"1.8": [131.89, -33.53, -140.07],
						"1.84": [108.57, -33.53, -140.07],
						"1.88": [86.04, -33.53, -140.07],
						"1.92": [72.51, -33.53, -140.07],
						"1.96": [72.3, -33.53, -140.07],
						"2.0": [80.31, -33.53, -140.07],
						"2.04": [90.67, -33.53, -140.07],
						"2.08": [97.51, -33.53, -140.07]
					},
					"position": {
						"0.0": [7.68, -12.28, -11.56],
						"0.04": [10.51, -13.24, -10.89],
						"0.08": [14.65, -14.51, -9.97],
						"0.12": [18.7, -16.61, -8.71],
						"0.16": [21.24, -20.03, -7.06],
						"0.2": [21.79, -25.91, -4.61],
						"0.24": [21.12, -33.64, -1.53],
						"0.28": [19.77, -41.13, 1.41],
						"0.32": [18.24, -46.28, 3.44],
						"0.36": [18.01, -46.28, 3.44],
						"0.4": [17.77, -46.28, 3.44],
						"0.44": [17.53, -46.28, 3.44],
						"0.48": [17.3, -46.28, 3.44],
						"0.52": [17.06, -46.28, 3.44],
						"0.56": [16.83, -46.28, 3.44],
						"0.6": [16.59, -46.28, 3.44],
						"0.64": [16.35, -46.28, 3.44],
						"0.68": [16.12, -46.28, 3.44],
						"0.72": [15.88, -46.28, 3.44],
						"0.76": [15.65, -46.28, 3.44],
						"0.8": [15.41, -46.28, 3.44],
						"0.84": [15.17, -46.28, 3.44],
						"0.88": [14.94, -46.28, 3.44],
						"0.92": [14.7, -46.28, 3.44],
						"0.96": [14.46, -46.28, 3.44],
						"1.0": [14.23, -46.28, 3.44],
						"1.04": [13.99, -46.28, 3.44],
						"1.08": [13.76, -46.28, 3.44],
						"1.12": [13.52, -46.28, 3.44],
						"1.16": [13.28, -46.28, 3.44],
						"1.2": [13.05, -46.28, 3.44],
						"1.24": [12.81, -46.28, 3.44],
						"1.28": [12.58, -46.28, 3.44],
						"1.32": [12.34, -46.28, 3.44],
						"1.36": [12.1, -46.28, 3.44],
						"1.4": [11.87, -46.28, 3.44],
						"1.44": [11.63, -46.28, 3.44],
						"1.48": [11.4, -46.28, 3.44],
						"1.52": [11.16, -46.28, 3.44],
						"1.56": [10.92, -46.28, 3.44],
						"1.6": [10.69, -46.28, 3.44],
						"1.64": [10.45, -46.28, 3.44],
						"1.68": [10.21, -46.28, 3.44],
						"1.72": [9.98, -46.28, 3.44],
						"1.76": [9.74, -46.28, 3.44],
						"1.8": [9.87, -41.13, 1.41],
						"1.84": [11.03, -33.64, -1.53],
						"1.88": [12.29, -25.91, -4.61],
						"1.92": [12.74, -20.03, -7.06],
						"1.96": [11.93, -16.61, -8.71],
						"2.0": [10.4, -14.51, -9.97],
						"2.04": [8.78, -13.24, -10.89],
						"2.08": [7.68, -12.28, -11.56]
					},
					"scale": {
						"0.0": [1, 1.5, 1],
						"0.04": [1, 1.5, 1],
						"0.08": [1, 1.5, 1],
						"0.12": [1, 1.5, 1],
						"0.16": [1, 1.5, 1],
						"0.2": [1, 1.5, 1],
						"0.24": [1, 1.5, 1],
						"0.28": [1, 1.5, 1],
						"0.32": [1, 1.5, 1],
						"0.36": [1, 1.5, 1],
						"0.4": [1, 1.5, 1],
						"0.44": [1, 1.5, 1],
						"0.48": [1, 1.5, 1],
						"0.52": [1, 1.5, 1],
						"0.56": [1, 1.5, 1],
						"0.6": [1, 1.5, 1],
						"0.64": [1, 1.5, 1],
						"0.68": [1, 1.5, 1],
						"0.72": [1, 1.5, 1],
						"0.76": [1, 1.5, 1],
						"0.8": [1, 1.5, 1],
						"0.84": [1, 1.5, 1],
						"0.88": [1, 1.5, 1],
						"0.92": [1, 1.5, 1],
						"0.96": [1, 1.5, 1],
						"1.0": [1, 1.5, 1],
						"1.04": [1, 1.5, 1],
						"1.08": [1, 1.5, 1],
						"1.12": [1, 1.5, 1],
						"1.16": [1, 1.5, 1],
						"1.2": [1, 1.5, 1],
						"1.24": [1, 1.5, 1],
						"1.28": [1, 1.5, 1],
						"1.32": [1, 1.5, 1],
						"1.36": [1, 1.5, 1],
						"1.4": [1, 1.5, 1],
						"1.44": [1, 1.5, 1],
						"1.48": [1, 1.5, 1],
						"1.52": [1, 1.5, 1],
						"1.56": [1, 1.5, 1],
						"1.6": [1, 1.5, 1],
						"1.64": [1, 1.5, 1],
						"1.68": [1, 1.5, 1],
						"1.72": [1, 1.5, 1],
						"1.76": [1, 1.5, 1],
						"1.8": [1, 1.5, 1],
						"1.84": [1, 1.5, 1],
						"1.88": [1, 1.5, 1],
						"1.92": [1, 1.5, 1],
						"1.96": [1, 1.5, 1],
						"2.0": [1, 1.5, 1],
						"2.04": [1, 1.5, 1],
						"2.08": [1, 1.5, 1]
					}
				},
				"righthand": {
					"rotation": [107.14, 12.32, -176.94],
					"position": [-6.44, -14.45, 0.02],
					"scale": [1, 1.5, 1]
				}
			}
		}
	}
}