{
	"format_version": "1.8.0",
	"animations": {
		"static_idle": {
			"animation_length": 0.0417,
			"bones": {
				"lefthand_pos": {
					"rotation": [90, -30, 0],
					"position": [-1, -3, 18]
				},
				"righthand_pos": {
					"rotation": [106.10211, 25.65891, 33.69007],
					"position": [2, 1, 7]
				}
			}
		},
		"shoot": {
			"animation_length": 0.25,
			"bones": {
				"root": {
					"rotation": [0, 0, 0],
					"position": {
						"0.0": [0, 0, 0],
						"0.0417": [0, 0, 1],
						"0.0833": [0, 0, 2],
						"0.125": [0, 0, 3],
						"0.1667": [0, 0, 2],
						"0.2083": [0, 0, 1],
						"0.25": [0, 0, 0]
					}
				},
				"pull": {
					"position": {
						"0.0": [0, 0, 0],
						"0.125": [0, 0, 5],
						"0.25": [0, 0, 0]
					}
				},
				"shield": {
					"position": {
						"0.0": [0, 0, 0],
						"0.125": [0, 0, 3],
						"0.25": [0, 0, 0]
					}
				},
				"constraint": {
					"rotation": {
						"0.0": [0.2, 0.2, 0.2],
						"0.125": [0, 0, 0]
					},
					"position": {
						"0.0": [0.2, 0.2, 0.2],
						"0.125": [0, 0, 0]
					}
				}
			}
		},
		"static_bolt_caught": {
			"animation_length": 0.0417,
			"bones": {
				"lefthand_pos": {
					"rotation": [90, -30, 0],
					"position": [-1, -3, 18]
				},
				"righthand_pos": {
					"rotation": [106.10211, 25.65891, 33.69007],
					"position": [2, 1, 7]
				},
				"pull": {
					"position": [0, 0, 5]
				},
				"shield": {
					"position": [0, 0, 3]
				},
				"bolt_release": {
					"position": [0.125, 0, 0]
				}
			}
		},
		"reload_tactical": {
			"animation_length": 1.2083,
			"bones": {
				"lefthand_pos": {
					"rotation": [90, -30, 0],
					"position": [-1, -3, 18]
				},
				"righthand_pos": {
					"rotation": [106.10211, 25.65891, 33.69007],
					"position": {
						"0.0": [2, 1, 7],
						"0.25": [21, -8, 39],
						"0.5": [4, -4, 12],
						"0.625": [4, -12, 12],
						"0.7083": [4, -12, 12],
						"0.7917": [2, -12, 12],
						"0.9167": [2, -4, 12],
						"0.9583": [2, -4, 12],
						"1.2083": [2, 1, 7]
					}
				},
				"root": {
					"rotation": {
						"0.0": [0, 0, 0],
						"0.25": [0, -12.5, -20],
						"0.9583": [0, -12.5, -20],
						"1.2083": [0, 0, 0]
					},
					"position": {
						"0.0": [0, 0, 0],
						"0.25": [0, 1, -2],
						"0.9583": [0, 1, -2],
						"1.2083": [0, 0, 0]
					},
					"scale": {
						"0.0": [1, 1, 1],
						"1.2083": [1, 1, 1]
					}
				},
				"magazine": {
					"rotation": [0, 0, 0],
					"position": {
						"0.5": [0, 0, 0],
						"0.625": [0, -8, 0],
						"0.7083": [0, -8, 0],
						"0.7917": [-2, -8, 0],
						"0.9167": [-2, 0, 0],
						"0.9583": [-2, 0, 0],
						"1.2083": [-2, -64, 0]
					},
					"scale": 1
				},
				"constraint": {
					"rotation": [0.25, 0.25, 0.25],
					"position": [0.25, 0.25, 0.25]
				},
				"additional_magazine": {
					"rotation": [0, 0, 0],
					"position": {
						"0.0": [0, 0, 0],
						"0.25": [20, -2, 29],
						"0.5": [2, 0, 0],
						"0.625": [2, -8, 0],
						"0.7083": [2, -8, 0],
						"0.7917": [0, -8, 0],
						"0.9167": [0, 0, 0]
					},
					"scale": {
						"0.0": [0, 0, 0],
						"0.2083": [0, 0, 0],
						"0.25": [1, 1, 1]
					}
				}
			}
		},
		"reload_empty": {
			"animation_length": 1.5,
			"bones": {
				"lefthand_pos": {
					"rotation": [90, -30, 0],
					"position": [-1, -3, 18]
				},
				"righthand_pos": {
					"rotation": [106.10211, 25.65891, 33.69007],
					"position": {
						"0.0": [2, 1, 7],
						"0.375": [21, -8, 39],
						"0.75": [4, -8, 12],
						"0.7917": [2, -8, 12],
						"0.9583": [2, -4, 12],
						"1.0": [2, -4, 12],
						"1.125": [7, 3, 12],
						"1.2083": [3, 3, 12],
						"1.25": [3, 3, 12],
						"1.5": [2, 1, 7]
					}
				},
				"pull": {
					"position": {
						"0.0": [0, 0, 5],
						"1.1667": [0, 0, 5],
						"1.25": [0, 0, 0]
					}
				},
				"shield": {
					"position": {
						"0.0": [0, 0, 3],
						"1.1667": [0, 0, 3],
						"1.25": [0, 0, 0]
					}
				},
				"bolt_release": {
					"position": {
						"0.0": [0.125, 0, 0],
						"1.1667": [0.125, 0, 0],
						"1.25": [0, 0, 0]
					}
				},
				"root": {
					"rotation": {
						"0.0": [0, 0, 0],
						"0.125": [0, -2.5, -5],
						"0.375": [0, -12.5, -20],
						"1.25": [0, -12.5, -20],
						"1.5": [0, 0, 0]
					},
					"position": {
						"0.0": [0, 0, 0],
						"0.125": [0, 0, 0],
						"0.375": [0, 1, -2],
						"1.25": [0, 1, -2],
						"1.5": [0, 0, 0]
					},
					"scale": {
						"0.0": [1, 1, 1],
						"1.5": [1, 1, 1]
					}
				},
				"magazine": {
					"position": {
						"0.0": [0, 0, 0],
						"0.125": [0, 0, 0],
						"0.375": [0, -64, 0]
					}
				},
				"constraint": {
					"rotation": [0.25, 0.25, 0.25],
					"position": [0.25, 0.25, 0.25]
				},
				"additional_magazine": {
					"position": {
						"0.375": [20, -2, 29],
						"0.75": [2, -5, 0],
						"0.7917": [0, -5, 0],
						"0.9583": [0, 0, 0]
					},
					"scale": {
						"0.0": [0, 0, 0],
						"0.3333": [0, 0, 0],
						"0.375": [1, 1, 1]
					}
				}
			}
		},
		"inspect": {
			"animation_length": 3.5,
			"bones": {
				"lefthand_pos": {
					"rotation": [90, -30, 0],
					"position": [-1, -3, 18]
				},
				"righthand_pos": {
					"rotation": {
						"0.0": [106.10211, 25.65891, 33.69007],
						"3.5": [106.10211, 25.65891, 33.69007]
					},
					"position": {
						"0.0": [2, 1, 7],
						"0.25": [2, -4, 11],
						"1.5": [2, -4, 11],
						"2.0": [3.25, 5, 8],
						"2.125": [3.25, 5, 13],
						"3.0": [3.25, 5, 13],
						"3.0833": [3.25, 5, 15],
						"3.25": [3.25, 5, 15],
						"3.5": [2, 1, 7]
					}
				},
				"root": {
					"rotation": {
						"0.0": [0, 0, 0],
						"0.25": [0, -12.5, -20],
						"1.5": [0, -12.5, -20],
						"2.0": [0, 0, 30],
						"3.25": [0, 0, 30],
						"3.5": [0, 0, 0]
					},
					"position": {
						"0.0": [0, 0, 0],
						"0.25": [0, 1, -2],
						"1.5": [0, 1, -2],
						"2.0": [6, 0, 0],
						"3.25": [6, 0, 0],
						"3.5": [0, 0, 0]
					},
					"scale": {
						"0.0": [1, 1, 1],
						"2.0": [1, 1, 1],
						"3.25": [1, 1, 1],
						"3.5": [1, 1, 1]
					}
				},
				"pull": {
					"position": {
						"2.0": [0, 0, 0],
						"2.125": [0, 0, 5],
						"3.0": [0, 0, 5],
						"3.0833": [0, 0, 0]
					}
				},
				"shield": {
					"position": {
						"2.0": [0, 0, 0],
						"2.125": [0, 0, 3],
						"3.0": [0, 0, 3],
						"3.0833": [0, 0, 0]
					}
				},
				"lefthand_n_mag": {
					"rotation": [0, 0, 0],
					"position": {
						"0.25": [0, 0, 0],
						"0.3333": [0, -5, 0],
						"0.5": [11, -5, 0],
						"1.25": [11, -5, 0],
						"1.4167": [0, -5, 0],
						"1.5": [0, 0, 0]
					},
					"scale": 1
				},
				"magazine": {
					"rotation": [0, 0, 0],
					"position": [0, 0, 0],
					"scale": 1
				},
				"constraint": {
					"rotation": [0.25, 0.25, 0.25],
					"position": [0.25, 0.25, 0.25]
				},
				"additional_magazine": {
					"scale": 0
				}
			}
		},
		"inspect_empty": {
			"animation_length": 3.5,
			"bones": {
				"lefthand_pos": {
					"rotation": [90, -30, 0],
					"position": [-1, -3, 18]
				},
				"righthand_pos": {
					"rotation": {
						"0.0": [106.10211, 25.65891, 33.69007],
						"1.75": [106.10211, 25.65891, 33.69007],
						"3.5": [106.10211, 25.65891, 33.69007]
					},
					"position": {
						"0.0": [2, 1, 7],
						"0.25": [2, -4, 11],
						"1.5": [2, -4, 11],
						"1.75": [2, 1, 7],
						"3.5": [2, 1, 7]
					}
				},
				"root": {
					"rotation": {
						"0.0": [0, 0, 0],
						"0.25": [0, -12.5, -20],
						"1.5": [0, -12.5, -20],
						"2.0": [0, 0, 30],
						"3.25": [0, 0, 30],
						"3.5": [0, 0, 0]
					},
					"position": {
						"0.0": [0, 0, 0],
						"0.25": [0, 1, -2],
						"1.5": [0, 1, -2],
						"2.0": [6, 0, 0],
						"3.25": [6, 0, 0],
						"3.5": [0, 0, 0]
					},
					"scale": {
						"0.0": [1, 1, 1],
						"2.0": [1, 1, 1],
						"3.25": [1, 1, 1],
						"3.5": [1, 1, 1]
					}
				},
				"pull": {
					"position": [0, 0, 5]
				},
				"shield": {
					"position": [0, 0, 3]
				},
				"lefthand_n_mag": {
					"rotation": [0, 0, 0],
					"position": {
						"0.25": [0, 0, 0],
						"0.3333": [0, -5, 0],
						"0.5": [11, -5, 0],
						"1.25": [11, -5, 0],
						"1.4167": [0, -5, 0],
						"1.5": [0, 0, 0]
					},
					"scale": 1
				},
				"magazine": {
					"rotation": [0, 0, 0],
					"position": [0, 0, 0],
					"scale": 1
				},
				"additional_magazine": {
					"scale": 0
				},
				"bolt_release": {
					"position": [0.125, 0, 0]
				},
				"bullet_in_mag": {
					"scale": 0
				},
				"constraint": {
					"rotation": [0.25, 0.25, 0.25],
					"position": [0.25, 0.25, 0.25]
				}
			}
		}
	}
}