{
	"format_version": "1.8.0",
	"animations": {
		"static_idle": {
			"animation_length": 0.0417,
			"bones": {
				"lefthand_pos": {
					"rotation": [90, -30, 0],
					"position": [-1, -3, 19]
				},
				"righthand_pos": {
					"rotation": [90, 20, 30],
					"position": [0, 0, 6]
				},
				"constraint": {
					"rotation": [0.25, 0.25, 0.25],
					"position": [0.25, 0.25, 0.25]
				}
			}
		},
		"shoot": {
			"loop": true,
			"animation_length": 0.25,
			"bones": {
				"root": {
					"position": {
						"0.0": [0, 0, 0],
						"0.0417": [0, 0, 1],
						"0.0833": [0, 0, 2],
						"0.125": [0, 0, 3],
						"0.1667": [0, 0, 2],
						"0.2083": [0, 0, 1],
						"0.25": [0, 0, 0]
					}
				},
				"bolt": {
					"position": {
						"0.0": [0, 0, 0],
						"0.0417": [0, 0, 1],
						"0.0833": [0, 0, 2],
						"0.125": [0, 0, 3.25],
						"0.1667": [0, 0, 2],
						"0.2083": [0, 0, 1],
						"0.25": [0, 0, 0]
					}
				},
				"constraint": {
					"rotation": {
						"0.0": [0.25, 0.25, 0.25],
						"0.2083": [0, 0, 0]
					},
					"position": {
						"0.0": [0.25, 0.25, 0.25],
						"0.2083": [0, 0, 0]
					}
				}
			}
		},
		"static_bolt_caught": {
			"animation_length": 0.0417,
			"bones": {
				"lefthand_pos": {
					"rotation": [90, -30, 0],
					"position": [-1, -3, 19]
				},
				"righthand_pos": {
					"rotation": [90, 20, 30],
					"position": [0, 0, 6]
				},
				"bolt": {
					"position": [0, 0, 3.25]
				},
				"button": {
					"rotation": [0, 0, 15]
				},
				"constraint": {
					"rotation": [0.25, 0.25, 0.25],
					"position": [0.25, 0.25, 0.25]
				}
			}
		},
		"reload_tactical": {
			"animation_length": 1.4583,
			"bones": {
				"lefthand_pos": {
					"rotation": [90, -30, 0],
					"position": [-1, -3, 19]
				},
				"righthand_pos": {
					"rotation": {
						"0.0": [90, 20, 30],
						"1.4583": [90, 20, 30]
					},
					"position": {
						"0.0": [0, 0, 6],
						"0.375": [14, -1, 59],
						"0.75": [5, -4, 11],
						"0.875": [-0.5, -7, 11],
						"1.0": [0, -11, 11],
						"1.0833": [-2, -11, 11],
						"1.2083": [-2, -7, 11],
						"1.4583": [0, 0, 6]
					}
				},
				"root": {
					"rotation": {
						"0.0": [0, 0, 0],
						"0.25": [-21.55613, -6.60796, -16.24074],
						"1.2083": [-21.55613, -6.60796, -16.24074],
						"1.4583": [0, 0, 0]
					},
					"position": {
						"0.0": [0, 0, 0],
						"0.25": [0, 0, -4],
						"1.2083": [0, 0, -4],
						"1.4583": [0, 0, 0]
					},
					"scale": {
						"0.0": [1, 1, 1],
						"1.4583": [1, 1, 1]
					}
				},
				"magazine": {
					"rotation": {
						"0.0": [0, 0, 0],
						"0.9583": [0, 0, 0]
					},
					"position": {
						"0.0": [0, 0, 0],
						"0.875": [0, 0, 0],
						"1.0": [0, -4, 0],
						"1.0833": [-2, -4, 0],
						"1.2083": [-2, 0, 0],
						"1.4583": [-2, -64, 0]
					},
					"scale": {
						"0.0": [1, 1, 1],
						"0.9583": [1, 1, 1]
					}
				},
				"additional_magazine": {
					"rotation": [0, 0, 0],
					"position": {
						"0.0": [0, 0, 0],
						"0.3333": [0, 0, 0],
						"0.375": [15, 5, 46],
						"0.75": [7, 3, 0],
						"0.875": [1.5, 0, 0],
						"1.0": [2, -4, 0],
						"1.0833": [0, -4, 0],
						"1.2083": [0, 0, 0]
					},
					"scale": {
						"0.0": [0, 0, 0],
						"0.3333": [0, 0, 0],
						"0.375": [1, 1, 1]
					}
				},
				"constraint": {
					"rotation": [0.25, 0.25, 0.25],
					"position": [0.25, 0.25, 0.25]
				}
			}
		},
		"reload_empty": {
			"animation_length": 1.7917,
			"bones": {
				"lefthand_pos": {
					"rotation": [90, -30, 0],
					"position": [-1, -3, 19]
				},
				"righthand_pos": {
					"rotation": {
						"0.0": [90, 20, 30],
						"1.4583": [90, 20, 30],
						"1.7917": [90, 20, 30]
					},
					"position": {
						"0.0": [0, 0, 6],
						"0.375": [14, -1, 59],
						"0.75": [5, -4, 11],
						"0.875": [-0.5, -7, 11],
						"1.0": [0, -11, 11],
						"1.0833": [-2, -11, 11],
						"1.2083": [-2, -7, 11],
						"1.4583": [3, 1, 14],
						"1.5417": [1, 1, 14],
						"1.7917": [0, 0, 6]
					}
				},
				"root": {
					"rotation": {
						"0.0": [0, 0, 0],
						"0.25": [-21.55613, -6.60796, -16.24074],
						"1.5417": [-21.55613, -6.60796, -16.24074],
						"1.7917": [0, 0, 0]
					},
					"position": {
						"0.0": [0, 0, 0],
						"0.25": [0, 0, -4],
						"1.5417": [0, 0, -4],
						"1.7917": [0, 0, 0]
					},
					"scale": {
						"0.0": [1, 1, 1],
						"1.7917": [1, 1, 1]
					}
				},
				"magazine": {
					"rotation": {
						"0.0": [0, 0, 0],
						"0.9583": [0, 0, 0]
					},
					"position": {
						"0.0": [0, 0, 0],
						"0.875": [0, 0, 0],
						"1.0": [0, -4, 0],
						"1.0833": [-2, -4, 0],
						"1.2083": [-2, 0, 0],
						"1.4583": [-2, -64, 0]
					},
					"scale": {
						"0.0": [1, 1, 1],
						"0.9583": [1, 1, 1]
					}
				},
				"additional_magazine": {
					"rotation": [0, 0, 0],
					"position": {
						"0.0": [0, 0, 0],
						"0.3333": [0, 0, 0],
						"0.375": [15, 5, 46],
						"0.75": [7, 3, 0],
						"0.875": [1.5, 0, 0],
						"1.0": [2, -4, 0],
						"1.0833": [0, -4, 0],
						"1.2083": [0, 0, 0]
					},
					"scale": {
						"0.0": [0, 0, 0],
						"0.3333": [0, 0, 0],
						"0.375": [1, 1, 1]
					}
				},
				"bolt": {
					"position": {
						"0.0": [0, 0, 3.25],
						"1.5": [0, 0, 3.25],
						"1.5417": [0, 0, 0]
					}
				},
				"button": {
					"rotation": {
						"0.0": [0, 0, 15],
						"1.5": [0, 0, 15],
						"1.5417": [0, 0, 0]
					}
				},
				"constraint": {
					"rotation": [0.25, 0.25, 0.25],
					"position": [0.25, 0.25, 0.25]
				}
			}
		},
		"inspect": {
			"animation_length": 3.625,
			"bones": {
				"lefthand_pos": {
					"rotation": {
						"0.0": [90, -30, 0],
						"2.0": [90, -30, 0],
						"3.625": [90, -30, 0]
					},
					"position": {
						"0.0": [-1, -3, 19],
						"2.0": [-1, -3, 19],
						"2.25": [-3, 2, 20],
						"2.5": [-3, 2, 24],
						"3.125": [-3, 2, 24],
						"3.1667": [-3, 2, 26],
						"3.25": [-3, 2, 26],
						"3.375": [-4, 2, 21],
						"3.625": [-1, -3, 19]
					},
					"scale": {
						"2.0": [1, 1, 1],
						"3.625": [1, 1, 1]
					}
				},
				"righthand_pos": {
					"rotation": {
						"0.0": [90, 20, 30],
						"0.25": [90, 20, 30],
						"1.5": [90, 20, 30],
						"1.75": [90, 20, 30]
					},
					"position": {
						"0.0": [0, 0, 6],
						"0.25": [0, -6, 12],
						"1.5": [0, -6, 12],
						"1.75": [0, 0, 6]
					}
				},
				"root": {
					"rotation": {
						"0.0": [0, 0, 0],
						"0.25": [-21.55613, -6.60796, -16.24074],
						"1.5": [-21.55613, -6.60796, -16.24074],
						"2.0": [-13.4439, 6.608, 16.2407],
						"3.375": [-13.4439, 6.608, 16.2407],
						"3.625": [0, 0, 0]
					},
					"position": {
						"0.0": [0, 0, 0],
						"0.25": [0, 0, -4],
						"1.5": [0, 0, -4],
						"2.0": [9, 0, -4],
						"3.375": [9, 0, -4],
						"3.625": [0, 0, 0]
					},
					"scale": {
						"0.0": [1, 1, 1],
						"3.625": [1, 1, 1]
					}
				},
				"charging_handle": {
					"rotation": [0, 0, 0],
					"position": {
						"2.25": [0, 0, 0],
						"2.5": [0, 0, 4],
						"3.1667": [0, 0, 4],
						"3.25": [0, 0, 0]
					},
					"scale": 1
				},
				"bolt": {
					"position": {
						"2.25": [0, 0, 0],
						"2.5": [0, 0, 4],
						"3.1667": [0, 0, 4],
						"3.25": [0, 0, 0]
					}
				},
				"lefthand_n_mag": {
					"rotation": {
						"0.25": [0, 0, 0],
						"1.5": [0, 0, 0]
					},
					"position": {
						"0.25": [0, 0, 0],
						"0.3333": [0, -4, 0],
						"0.5": [12, 0, 0],
						"1.25": [12, 0, 0],
						"1.4167": [0, -4, 0],
						"1.5": [0, 0, 0]
					}
				},
				"additional_magazine": {
					"scale": 0
				},
				"constraint": {
					"rotation": [0.25, 0.25, 0.25],
					"position": [0.25, 0.25, 0.25]
				}
			}
		},
		"inspect_empty": {
			"animation_length": 3.625,
			"bones": {
				"lefthand_pos": {
					"rotation": {
						"0.0": [90, -30, 0],
						"2.0": [90, -30, 0],
						"3.625": [90, -30, 0]
					},
					"position": {
						"0.0": [-1, -3, 19],
						"2.0": [-1, -3, 19],
						"3.625": [-1, -3, 19]
					},
					"scale": {
						"2.0": [1, 1, 1],
						"3.625": [1, 1, 1]
					}
				},
				"righthand_pos": {
					"rotation": {
						"0.0": [90, 20, 30],
						"0.25": [90, 20, 30],
						"1.5": [90, 20, 30],
						"1.75": [90, 20, 30]
					},
					"position": {
						"0.0": [0, 0, 6],
						"0.25": [0, -6, 12],
						"1.5": [0, -6, 12],
						"1.75": [0, 0, 6]
					}
				},
				"root": {
					"rotation": {
						"0.0": [0, 0, 0],
						"0.25": [-21.55613, -6.60796, -16.24074],
						"1.5": [-21.55613, -6.60796, -16.24074],
						"2.0": [-13.4439, 6.608, 16.2407],
						"3.375": [-13.4439, 6.608, 16.2407],
						"3.625": [0, 0, 0]
					},
					"position": {
						"0.0": [0, 0, 0],
						"0.25": [0, 0, -4],
						"1.5": [0, 0, -4],
						"2.0": [9, 0, -4],
						"3.375": [9, 0, -4],
						"3.625": [0, 0, 0]
					},
					"scale": {
						"0.0": [1, 1, 1],
						"3.625": [1, 1, 1]
					}
				},
				"bolt": {
					"position": [0, 0, 4]
				},
				"lefthand_n_mag": {
					"rotation": {
						"0.25": [0, 0, 0],
						"1.5": [0, 0, 0]
					},
					"position": {
						"0.25": [0, 0, 0],
						"0.3333": [0, -4, 0],
						"0.5": [12, 0, 0],
						"1.25": [12, 0, 0],
						"1.4167": [0, -4, 0],
						"1.5": [0, 0, 0]
					}
				},
				"additional_magazine": {
					"scale": 0
				},
				"button": {
					"rotation": [0, 0, 15]
				},
				"bullet": {
					"scale": 0
				},
				"constraint": {
					"rotation": [0.25, 0.25, 0.25],
					"position": [0.25, 0.25, 0.25]
				}
			}
		}
	}
}