{
	"format_version": "1.8.0",
	"animations": {
		"static_idle": {
			"animation_length": 0.0417,
			"bones": {
				"lefthand_pos": {
					"rotation": [90, -20, 0],
					"position": [0, -3, 29]
				},
				"righthand_pos": {
					"rotation": [90, 45, 0],
					"position": [4, 2, 17]
				}
			}
		},
		"shoot": {
			"animation_length": 1.5,
			"bones": {
				"root": {
					"position": {
						"0.0": [0, 0, 0],
						"0.125": [0, 0, 1],
						"0.25": [0, 0, 0]
					}
				},
				"barrel": {
					"rotation": {
						"0.0": [0, 0, 0],
						"0.125": [0, 0, 360],
						"0.25": [0, 0, 720],
						"0.375": [0, 0, 540],
						"0.625": [0, 0, 360],
						"1.0": [0, 0, 180],
						"1.5": [0, 0, 0]
					}
				}
			}
		},
		"draw": {
			"animation_length": 0.75,
			"bones": {
				"lefthand_pos": {
					"rotation": [90, -20, 0],
					"position": [0, -3, 29]
				},
				"righthand_pos": {
					"rotation": [90, 45, 0],
					"position": [4, 2, 17]
				},
				"root": {
					"rotation": {
						"0.0": [0.81, -32.64, 33.95],
						"0.0417": [0.41, -32.66, 32.03],
						"0.0833": [-0.85, -32.88, 26.12],
						"0.125": [-1.39, -32.15, 22.92],
						"0.1667": [-1.65, -30.23, 20.1],
						"0.2083": [-1.54, -26.5, 17.61],
						"0.25": [-0.68, -15.46, 12.92],
						"0.2917": [-0.21, -10.08, 10.79],
						"0.3333": [0.1, -6.07, 8.88],
						"0.375": [0.23, -3.2, 6.78],
						"0.4167": [0.16, -0.89, 3.43],
						"0.4583": [0.11, -0.29, 2.12],
						"0.5": [0.05, -0.02, 0.15],
						"0.5417": [-0.01, -0.43, -0.76],
						"0.5833": [-0.01, -0.17, 0.96],
						"0.625": [-0.01, -0.1, 0.8],
						"0.6667": [0, -0.04, 0.35],
						"0.7083": [0, 0, 0]
					},
					"position": {
						"0.0": [-3.18, -5.58, 13.53],
						"0.0417": [-2.73, -4.98, 11.4],
						"0.0833": [-1.41, -3.19, 5.12],
						"0.125": [-0.9, -2.45, 2.7],
						"0.1667": [-0.61, -1.94, 1.29],
						"0.2083": [-0.45, -1.53, 0.43],
						"0.25": [-0.25, -0.94, -0.49],
						"0.2917": [-0.14, -0.69, -0.75],
						"0.3333": [-0.07, -0.55, -0.66],
						"0.375": [-0.03, -0.45, -0.5],
						"0.4167": [-0.02, -0.34, -0.02],
						"0.4583": [-0.03, -0.3, 0.16],
						"0.5": [-0.02, -0.21, 0.14],
						"0.5417": [-0.02, -0.12, 0.02],
						"0.5833": [-0.01, -0.02, -0.06],
						"0.625": [0, -0.01, -0.04],
						"0.6667": [0, 0, -0.02],
						"0.7083": [0, 0, 0]
					}
				}
			}
		},
		"put_away": {
			"animation_length": 0.6667,
			"bones": {
				"lefthand_pos": {
					"rotation": [90, -20, 0],
					"position": [0, -3, 29]
				},
				"righthand_pos": {
					"rotation": [90, 45, 0],
					"position": [4, 2, 17]
				},
				"root": {
					"rotation": {
						"0.0": [0, 0, 0],
						"0.0417": [-0.56, -1.34, -1.72],
						"0.0833": [1.37, -7.36, -7.72],
						"0.125": [4.37, -11.73, -10.29],
						"0.1667": [6.5, -14.6, -9.53],
						"0.2083": [9.01, -17.59, -7.69],
						"0.25": [15.93, -23.2, -7.29],
						"0.2917": [19.75, -25.65, -8.27],
						"0.3333": [23.91, -28.21, -9.51],
						"0.375": [28.11, -30.78, -10.78],
						"0.4167": [38.74, -37.82, -13.36],
						"0.6667": [44.33909, -49.21333, 0.19248]
					},
					"position": {
						"0.0": [0, 0, 0],
						"0.0417": [-0.21, -0.18, 0.14],
						"0.0833": [-0.6, -0.94, 0.35],
						"0.125": [-0.67, -1.47, 0.34],
						"0.1667": [-0.67, -1.79, 0.28],
						"0.2083": [-0.61, -2.14, 0.17],
						"0.25": [-0.27, -3.01, -0.02],
						"0.2917": [-0.06, -3.47, -0.11],
						"0.3333": [0.19, -3.98, -0.2],
						"0.375": [0.51, -4.5, -0.28],
						"0.4167": [1.67, -5.76, -0.37],
						"0.6667": [1.67, -15.76, 9.63]
					}
				}
			}
		},
		"reload_tactical": {
			"animation_length": 1.75,
			"bones": {
				"lefthand_pos": {
					"rotation": [90, -20, 0],
					"position": [0, -3, 29]
				},
				"righthand_pos": {
					"rotation": [90, 45, 0],
					"position": [4, 2, 17]
				},
				"root": {
					"rotation": {
						"0.0": [0, 0, 0],
						"0.0417": [-0.56, -1.34, -1.72],
						"0.0833": [1.37, -7.36, -7.72],
						"0.125": [4.37, -11.73, -10.29],
						"0.1667": [6.5, -14.6, -9.53],
						"0.2083": [9.01, -17.59, -7.69],
						"0.25": [15.93, -23.2, -7.29],
						"0.2917": [19.75, -25.65, -8.27],
						"0.3333": [23.91, -28.21, -9.51],
						"0.375": [28.11, -30.78, -10.78],
						"0.4167": [38.74, -37.82, -13.36],
						"0.6667": [44.33909, -49.21333, 0.19248],
						"1.0": [44.33909, -49.21333, 0.19248],
						"1.0417": [0.81, -32.64, 33.95],
						"1.0833": [0.41, -32.66, 32.03],
						"1.125": [-0.85, -32.88, 26.12],
						"1.1667": [-1.39, -32.15, 22.92],
						"1.2083": [-1.65, -30.23, 20.1],
						"1.25": [-1.54, -26.5, 17.61],
						"1.2917": [-0.68, -15.46, 12.92],
						"1.3333": [-0.21, -10.08, 10.79],
						"1.375": [0.1, -6.07, 8.88],
						"1.4167": [0.23, -3.2, 6.78],
						"1.4583": [0.16, -0.89, 3.43],
						"1.5": [0.11, -0.29, 2.12],
						"1.5417": [0.05, -0.02, 0.15],
						"1.5833": [-0.01, -0.43, -0.76],
						"1.625": [-0.01, -0.17, 0.96],
						"1.6667": [-0.01, -0.1, 0.8],
						"1.7083": [0, -0.04, 0.35],
						"1.75": [0, 0, 0]
					},
					"position": {
						"0.0": [0, 0, 0],
						"0.0417": [-0.21, -0.18, 0.14],
						"0.0833": [-0.6, -0.94, 0.35],
						"0.125": [-0.67, -1.47, 0.34],
						"0.1667": [-0.67, -1.79, 0.28],
						"0.2083": [-0.61, -2.14, 0.17],
						"0.25": [-0.27, -3.01, -0.02],
						"0.2917": [-0.06, -3.47, -0.11],
						"0.3333": [0.19, -3.98, -0.2],
						"0.375": [0.51, -4.5, -0.28],
						"0.4167": [1.67, -5.76, -0.37],
						"0.6667": [1.67, -15.76, 9.63],
						"1.0": [1.67, -15.76, 9.63],
						"1.0417": [-3.18, -5.58, 13.53],
						"1.0833": [-2.73, -4.98, 11.4],
						"1.125": [-1.41, -3.19, 5.12],
						"1.1667": [-0.9, -2.45, 2.7],
						"1.2083": [-0.61, -1.94, 1.29],
						"1.25": [-0.45, -1.53, 0.43],
						"1.2917": [-0.25, -0.94, -0.49],
						"1.3333": [-0.14, -0.69, -0.75],
						"1.375": [-0.07, -0.55, -0.66],
						"1.4167": [-0.03, -0.45, -0.5],
						"1.4583": [-0.02, -0.34, -0.02],
						"1.5": [-0.03, -0.3, 0.16],
						"1.5417": [-0.02, -0.21, 0.14],
						"1.5833": [-0.02, -0.12, 0.02],
						"1.625": [-0.01, -0.02, -0.06],
						"1.6667": [0, -0.01, -0.04],
						"1.7083": [0, 0, -0.02],
						"1.75": [0, 0, 0]
					}
				}
			}
		},
		"reload_empty": {
			"animation_length": 1.75,
			"bones": {
				"lefthand_pos": {
					"rotation": [90, -20, 0],
					"position": [0, -3, 29]
				},
				"righthand_pos": {
					"rotation": [90, 45, 0],
					"position": [4, 2, 17]
				},
				"root": {
					"rotation": {
						"0.0": [0, 0, 0],
						"0.0417": [-0.56, -1.34, -1.72],
						"0.0833": [1.37, -7.36, -7.72],
						"0.125": [4.37, -11.73, -10.29],
						"0.1667": [6.5, -14.6, -9.53],
						"0.2083": [9.01, -17.59, -7.69],
						"0.25": [15.93, -23.2, -7.29],
						"0.2917": [19.75, -25.65, -8.27],
						"0.3333": [23.91, -28.21, -9.51],
						"0.375": [28.11, -30.78, -10.78],
						"0.4167": [38.74, -37.82, -13.36],
						"0.6667": [44.33909, -49.21333, 0.19248],
						"1.0": [44.33909, -49.21333, 0.19248],
						"1.0417": [0.81, -32.64, 33.95],
						"1.0833": [0.41, -32.66, 32.03],
						"1.125": [-0.85, -32.88, 26.12],
						"1.1667": [-1.39, -32.15, 22.92],
						"1.2083": [-1.65, -30.23, 20.1],
						"1.25": [-1.54, -26.5, 17.61],
						"1.2917": [-0.68, -15.46, 12.92],
						"1.3333": [-0.21, -10.08, 10.79],
						"1.375": [0.1, -6.07, 8.88],
						"1.4167": [0.23, -3.2, 6.78],
						"1.4583": [0.16, -0.89, 3.43],
						"1.5": [0.11, -0.29, 2.12],
						"1.5417": [0.05, -0.02, 0.15],
						"1.5833": [-0.01, -0.43, -0.76],
						"1.625": [-0.01, -0.17, 0.96],
						"1.6667": [-0.01, -0.1, 0.8],
						"1.7083": [0, -0.04, 0.35],
						"1.75": [0, 0, 0]
					},
					"position": {
						"0.0": [0, 0, 0],
						"0.0417": [-0.21, -0.18, 0.14],
						"0.0833": [-0.6, -0.94, 0.35],
						"0.125": [-0.67, -1.47, 0.34],
						"0.1667": [-0.67, -1.79, 0.28],
						"0.2083": [-0.61, -2.14, 0.17],
						"0.25": [-0.27, -3.01, -0.02],
						"0.2917": [-0.06, -3.47, -0.11],
						"0.3333": [0.19, -3.98, -0.2],
						"0.375": [0.51, -4.5, -0.28],
						"0.4167": [1.67, -5.76, -0.37],
						"0.6667": [1.67, -15.76, 9.63],
						"1.0": [1.67, -15.76, 9.63],
						"1.0417": [-3.18, -5.58, 13.53],
						"1.0833": [-2.73, -4.98, 11.4],
						"1.125": [-1.41, -3.19, 5.12],
						"1.1667": [-0.9, -2.45, 2.7],
						"1.2083": [-0.61, -1.94, 1.29],
						"1.25": [-0.45, -1.53, 0.43],
						"1.2917": [-0.25, -0.94, -0.49],
						"1.3333": [-0.14, -0.69, -0.75],
						"1.375": [-0.07, -0.55, -0.66],
						"1.4167": [-0.03, -0.45, -0.5],
						"1.4583": [-0.02, -0.34, -0.02],
						"1.5": [-0.03, -0.3, 0.16],
						"1.5417": [-0.02, -0.21, 0.14],
						"1.5833": [-0.02, -0.12, 0.02],
						"1.625": [-0.01, -0.02, -0.06],
						"1.6667": [0, -0.01, -0.04],
						"1.7083": [0, 0, -0.02],
						"1.75": [0, 0, 0]
					}
				}
			}
		},
		"inspect": {
			"animation_length": 6,
			"bones": {
				"lefthand_pos": {
					"rotation": [90, -20, 0],
					"position": [0, -3, 29]
				},
				"righthand_pos": {
					"rotation": [90, 45, 0],
					"position": [4, 2, 17]
				},
				"root": {
					"rotation": {
						"0.0": [0, 0, 0],
						"0.75": [-69.24643, 43.07952, 14.51082],
						"1.0": [-69.24643, 43.07952, 14.51082],
						"1.25": [-67.37094, 47.72648, 17.1423],
						"2.0": [-67.37094, 47.72648, 17.1423],
						"2.25": [-69.24643, 43.07952, 14.51082],
						"2.5": [-69.24643, 43.07952, 14.51082],
						"3.25": [-69.24643, -43.07952, -14.51082],
						"5.25": [-69.24643, -43.07952, -14.51082],
						"6.0": [0, 0, 0]
					},
					"position": {
						"0.0": [0, 0, 0],
						"0.75": [2, 11, -8],
						"2.5": [2, 11, -8],
						"3.25": [2, 11, -8],
						"5.25": [2, 11, -8],
						"6.0": [0, 0, 0]
					}
				},
				"barrel": {
					"rotation": {
						"3.75": [0, 0, 0],
						"3.875": [0, 0, 360],
						"4.0": [0, 0, 720],
						"4.125": [0, 0, 540],
						"4.25": [0, 0, 720],
						"4.375": [0, 0, 540],
						"4.5": [0, 0, 720],
						"4.625": [0, 0, 540],
						"4.875": [0, 0, 360],
						"5.25": [0, 0, 180],
						"5.75": [0, 0, 0]
					}
				}
			}
		},
		"inspect_empty": {
			"animation_length": 6,
			"bones": {
				"lefthand_pos": {
					"rotation": [90, -20, 0],
					"position": [0, -3, 29]
				},
				"righthand_pos": {
					"rotation": [90, 45, 0],
					"position": [4, 2, 17]
				},
				"root": {
					"rotation": {
						"0.0": [0, 0, 0],
						"0.75": [-69.24643, 43.07952, 14.51082],
						"1.0": [-69.24643, 43.07952, 14.51082],
						"1.25": [-67.37094, 47.72648, 17.1423],
						"2.0": [-67.37094, 47.72648, 17.1423],
						"2.25": [-69.24643, 43.07952, 14.51082],
						"2.5": [-69.24643, 43.07952, 14.51082],
						"3.25": [-69.24643, -43.07952, -14.51082],
						"5.25": [-69.24643, -43.07952, -14.51082],
						"6.0": [0, 0, 0]
					},
					"position": {
						"0.0": [0, 0, 0],
						"0.75": [2, 11, -8],
						"2.5": [2, 11, -8],
						"3.25": [2, 11, -8],
						"5.25": [2, 11, -8],
						"6.0": [0, 0, 0]
					}
				},
				"barrel": {
					"rotation": {
						"3.75": [0, 0, 0],
						"3.875": [0, 0, 360],
						"4.0": [0, 0, 720],
						"4.125": [0, 0, 540],
						"4.25": [0, 0, 720],
						"4.375": [0, 0, 540],
						"4.5": [0, 0, 720],
						"4.625": [0, 0, 540],
						"4.875": [0, 0, 360],
						"5.25": [0, 0, 180],
						"5.75": [0, 0, 0]
					}
				}
			}
		}
	}
}