{
	"format_version": "1.8.0",
	"animations": {
		"static_idle": {
			"animation_length": 0.0417,
			"bones": {
				"lefthand_pos": {
					"rotation": [-90, -20, 0],
					"position": [5, -2, 8]
				},
				"righthand_pos": {
					"rotation": [-67.79235, 20.70481, 49.10661],
					"position": [-4, 3, -5]
				}
			}
		},
		"shoot": {
			"animation_length": 0.25,
			"bones": {
				"root": {
					"rotation": {
						"0.0": [0, 0, 0],
						"0.25": [0, 0, 0]
					},
					"position": {
						"0.0": [0, 0, 0],
						"0.125": [0, 0, 3],
						"0.25": [0, 0, 0]
					}
				},
				"constraint": {
					"rotation": {
						"0.0": [0.15, 0.15, 0.15],
						"0.125": [0, 0, 0]
					},
					"position": {
						"0.0": [0.15, 0.15, 0.15],
						"0.125": [0, 0, 0]
					}
				}
			}
		},
		"reload_tactical": {
			"animation_length": 1.8333,
			"bones": {
				"lefthand_pos": {
					"rotation": [-90, -20, 0],
					"position": [5, -2, 8]
				},
				"righthand_pos": {
					"rotation": [-67.79235, 20.70481, 49.10661],
					"position": {
						"0.0": [-4, 3, -5],
						"0.5": [37, -24, 61],
						"1.0": [-3, -4, 1],
						"1.125": [-3, -6, 1],
						"1.2083": [-5, -6, 1],
						"1.3333": [-5, -2, 1],
						"1.5833": [36, -25, 66],
						"1.8333": [-4, 3, -8]
					}
				},
				"root": {
					"rotation": {
						"0.0": [0, 0, 0],
						"0.25": [9.00717, -20.70481, -24.14867],
						"1.5833": [9.00717, -20.70481, -24.14867],
						"1.8333": [0, 0, 0]
					},
					"position": {
						"0.0": [0, 0, 0],
						"0.25": [0, 0, -2],
						"1.5833": [0, 0, -2],
						"1.8333": [0, 0, 0]
					}
				},
				"magazine": {
					"rotation": {
						"0.0": [0, 0, 0],
						"1.8333": [0, 0, 0]
					},
					"position": {
						"0.0": [0, 0, 0],
						"1.0": [0, 0, 0],
						"1.125": [0, -4, 0],
						"1.2083": [-2, -4, 0],
						"1.3333": [-2, 0, 0],
						"1.375": [7, -4, 10],
						"1.5833": [40, -22, 64],
						"1.8333": [0, 0, 0]
					},
					"scale": {
						"0.0": [1, 1, 1],
						"1.5417": [1, 1, 1],
						"1.5833": [0, 0, 0],
						"1.7917": [0, 0, 0],
						"1.8333": [1, 1, 1]
					}
				},
				"additional_magazine": {
					"rotation": [0, 0, 0],
					"position": {
						"0.0": [0, 0, 0],
						"0.5": [41, -22, 60],
						"1.0": [2, -2, 0],
						"1.125": [2, -4, 0],
						"1.2083": [0, -4, 0],
						"1.3333": [0, 0, 0]
					},
					"scale": {
						"0.0": [0, 0, 0],
						"0.4583": [0, 0, 0],
						"0.5": [1, 1, 1]
					}
				}
			}
		},
		"reload_empty": {
			"animation_length": 2.0417,
			"bones": {
				"lefthand_pos": {
					"rotation": [-90, -20, 0],
					"position": [5, -2, 8]
				},
				"righthand_pos": {
					"rotation": {
						"0.0": [-67.79235, 20.70481, 49.10661],
						"1.7083": [-121.87647, 59.58683, 25.04022],
						"2.0417": [-67.79235, 20.70481, 49.10661]
					},
					"position": {
						"0.0": [-4, 3, -5],
						"0.25": [-4, -3, 0],
						"0.3333": [-4, -8, 0],
						"0.7083": [17, -25, 0],
						"1.0833": [17, -25, 0],
						"1.4167": [-4, -8, 0],
						"1.5417": [-4, -4, 0],
						"1.7083": [7, 3, 5],
						"1.7917": [-1, 3.5, 5.5],
						"2.0417": [-4, 3, -5]
					}
				},
				"root": {
					"rotation": {
						"0.0": [0, 0, 0],
						"0.25": [11.14843, -22.52101, -27.22644],
						"1.7917": [11.14843, -22.52101, -27.22644],
						"2.0417": [0, 0, 0]
					},
					"position": {
						"0.0": [0, 0, 0],
						"0.25": [0, 0, -2],
						"1.7917": [0, 0, -2],
						"2.0417": [0, 0, 0]
					},
					"scale": {
						"0.0": [1, 1, 1],
						"2.0417": [1, 1, 1]
					}
				},
				"magazine": {
					"rotation": [0, 0, 0],
					"position": {
						"0.0": [0, 0, 0],
						"0.25": [0, 0, 0],
						"0.3333": [0, -5, 0],
						"0.7083": [21, -20, 0],
						"1.0833": [21, -20, 0],
						"1.4167": [0, -5, 0],
						"1.5417": [0, 0, 0]
					},
					"scale": 1
				},
				"bullet1": {
					"scale": {
						"0.0": [1, 1, 1],
						"0.2083": [1, 1, 1],
						"0.25": [0, 0, 0],
						"1.0417": [0, 0, 0],
						"1.0833": [1, 1, 1]
					}
				},
				"bullet2": {
					"scale": {
						"0.0": [1, 1, 1],
						"0.2083": [1, 1, 1],
						"0.25": [0, 0, 0],
						"1.0417": [0, 0, 0],
						"1.0833": [1, 1, 1]
					}
				},
				"additional_magazine": {
					"rotation": [0, 0, 0],
					"position": [0, 0, 0],
					"scale": 0
				}
			}
		},
		"inspect": {
			"animation_length": 3.8333,
			"bones": {
				"lefthand_pos": {
					"rotation": [-90, -20, 0],
					"position": [5, -2, 8]
				},
				"righthand_pos": {
					"rotation": {
						"0.0": [-67.79235, 20.70481, 49.10661],
						"0.7083": [-67.79235, 20.70481, 49.10661],
						"2.2083": [-67.79235, 20.70481, 49.10661],
						"3.8333": [-67.79235, 20.70481, 49.10661]
					},
					"position": {
						"0.0": [-4, 3, -5],
						"0.7083": [-4, 3, -5],
						"0.8333": [-4, -4, 0],
						"2.125": [-4, -4, 0],
						"2.2083": [-4, 3, -5],
						"2.7083": [-1, 8, 7],
						"2.9583": [0, 8, 10],
						"3.4583": [0, 8, 10],
						"3.5833": [0, 8, 24],
						"3.8333": [-4, 3, -8]
					},
					"scale": {
						"0.0": [1, 1, 1],
						"0.7083": [1, 1, 1],
						"2.2083": [1, 1, 1],
						"3.8333": [1, 1, 1]
					}
				},
				"root": {
					"rotation": {
						"0.0": [0, 0, 0],
						"0.25": [18.88172, -41.64114, -27.23631],
						"2.2083": [18.88172, -41.64114, -27.23631],
						"2.4583": [0, 0, 0],
						"2.7083": [2.72602, 24.98867, 20.48467],
						"3.5833": [2.72602, 24.98867, 20.48467],
						"3.8333": [0, 0, 0]
					},
					"position": {
						"0.0": [0, 0, 0],
						"0.25": [0, 0, -2],
						"0.7083": [0, 0, -2],
						"2.2083": [0, 0, -2],
						"2.4583": [0, 0, 0],
						"2.7083": [0, 0, -2],
						"3.5833": [0, 0, -2],
						"3.8333": [0, 0, 0]
					},
					"scale": {
						"0.0": [1, 1, 1],
						"2.4583": [1, 1, 1],
						"3.8333": [1, 1, 1]
					}
				},
				"bolt_pull": {
					"position": {
						"2.7083": [0, 0, 0],
						"2.9583": [0, 0, 3],
						"3.4583": [0, 0, 3],
						"3.5833": [0, 0, 0]
					}
				},
				"bolt": {
					"position": {
						"2.7083": [0, 0, 0],
						"2.9583": [0, 0, 3],
						"3.4583": [0, 0, 3],
						"3.5833": [0, 0, 0]
					}
				},
				"mag_and_lefthand": {
					"rotation": {
						"0.0": [0, 0, 0],
						"0.7083": [0, 0, 0],
						"0.8333": [0, 0, 0],
						"0.9167": [0, 0, 0],
						"1.0833": [0, 0, 30],
						"1.8333": [0, 0, 30],
						"1.9167": [0, 0, 0],
						"2.0": [0, 0, 0],
						"2.125": [0, 0, 0]
					},
					"position": {
						"0.0": [0, 0, 0],
						"0.7083": [0, 0, 0],
						"0.8333": [0, 0, 0],
						"0.9167": [0, -5, 0],
						"1.0833": [6, -3, -4],
						"1.8333": [6, -3, -4],
						"1.9167": [0, -5, 0],
						"2.0": [0, 0, 0],
						"2.125": [0, 0, 0]
					},
					"scale": {
						"0.0": [1, 1, 1],
						"0.7083": [1, 1, 1],
						"2.125": [1, 1, 1]
					}
				},
				"additional_magazine": {
					"scale": 0
				}
			}
		},
		"inspect_empty": {
			"animation_length": 3.8333,
			"bones": {
				"lefthand_pos": {
					"rotation": [-90, -20, 0],
					"position": [5, -2, 8]
				},
				"righthand_pos": {
					"rotation": {
						"0.0": [-67.79235, 20.70481, 49.10661],
						"0.7083": [-67.79235, 20.70481, 49.10661],
						"2.2083": [-67.79235, 20.70481, 49.10661],
						"3.8333": [-67.79235, 20.70481, 49.10661]
					},
					"position": {
						"0.0": [-4, 3, -5],
						"0.7083": [-4, 3, -5],
						"0.8333": [-4, -4, 0],
						"2.125": [-4, -4, 0],
						"2.2083": [-4, 3, -5],
						"2.7083": [-1, 8, 7],
						"2.9583": [0, 8, 10],
						"3.4583": [0, 8, 10],
						"3.5833": [0, 8, 24],
						"3.8333": [-4, 3, -8]
					},
					"scale": {
						"0.0": [1, 1, 1],
						"0.7083": [1, 1, 1],
						"2.2083": [1, 1, 1],
						"3.8333": [1, 1, 1]
					}
				},
				"root": {
					"rotation": {
						"0.0": [0, 0, 0],
						"0.25": [18.88172, -41.64114, -27.23631],
						"2.2083": [18.88172, -41.64114, -27.23631],
						"2.4583": [0, 0, 0],
						"2.7083": [2.72602, 24.98867, 20.48467],
						"3.5833": [2.72602, 24.98867, 20.48467],
						"3.8333": [0, 0, 0]
					},
					"position": {
						"0.0": [0, 0, 0],
						"0.25": [0, 0, -2],
						"0.7083": [0, 0, -2],
						"2.2083": [0, 0, -2],
						"2.4583": [0, 0, 0],
						"2.7083": [0, 0, -2],
						"3.5833": [0, 0, -2],
						"3.8333": [0, 0, 0]
					},
					"scale": {
						"0.0": [1, 1, 1],
						"2.4583": [1, 1, 1],
						"3.8333": [1, 1, 1]
					}
				},
				"bolt_pull": {
					"position": {
						"2.7083": [0, 0, 0],
						"2.9583": [0, 0, 3],
						"3.4583": [0, 0, 3],
						"3.5833": [0, 0, 0]
					}
				},
				"bolt": {
					"position": {
						"2.7083": [0, 0, 0],
						"2.9583": [0, 0, 3],
						"3.4583": [0, 0, 3],
						"3.5833": [0, 0, 0]
					}
				},
				"mag_and_lefthand": {
					"rotation": {
						"0.0": [0, 0, 0],
						"0.7083": [0, 0, 0],
						"0.8333": [0, 0, 0],
						"0.9167": [0, 0, 0],
						"1.0833": [0, 0, 30],
						"1.8333": [0, 0, 30],
						"1.9167": [0, 0, 0],
						"2.0": [0, 0, 0],
						"2.125": [0, 0, 0]
					},
					"position": {
						"0.0": [0, 0, 0],
						"0.7083": [0, 0, 0],
						"0.8333": [0, 0, 0],
						"0.9167": [0, -5, 0],
						"1.0833": [6, -3, -4],
						"1.8333": [6, -3, -4],
						"1.9167": [0, -5, 0],
						"2.0": [0, 0, 0],
						"2.125": [0, 0, 0]
					},
					"scale": {
						"0.0": [1, 1, 1],
						"0.7083": [1, 1, 1],
						"2.125": [1, 1, 1]
					}
				},
				"additional_magazine": {
					"scale": 0
				},
				"bullet1": {
					"scale": 0
				},
				"bullet2": {
					"scale": 0
				}
			}
		}
	}
}