{
	"format_version": "1.8.0",
	"animations": {
		"static_idle": {
			"animation_length": 0.0417,
			"bones": {
				"lefthand_pos": {
					"rotation": [90, -30, 0],
					"position": [0, 0.5, 12]
				},
				"righthand_pos": {
					"rotation": [70, 30, 0],
					"position": [2.5, 0, 4]
				}
			}
		},
		"static_bolt_caught": {
			"animation_length": 0.0417,
			"bones": {
				"lefthand_pos": {
					"rotation": [90, -30, 0],
					"position": [0, 0.5, 12]
				},
				"righthand_pos": {
					"rotation": [70, 30, 0],
					"position": [2.5, 0, 4]
				},
				"bolt": {
					"position": [0, 0, 2.25]
				},
				"bullet_in_mag": {
					"scale": 0
				}
			}
		},
		"shoot": {
			"animation_length": 0.25,
			"bones": {
				"root": {
					"position": {
						"0.0": [0, 0, 0],
						"0.125": [0, 0, 3],
						"0.25": [0, 0, 0]
					}
				},
				"bolt": {
					"position": {
						"0.0": [0, 0, 0],
						"0.125": [0, 0, 2.25],
						"0.25": [0, 0, 0]
					}
				},
				"constraint": {
					"rotation": {
						"0.0": [0.25, 0.25, 0.25],
						"0.125": [0, 0, 0]
					},
					"position": {
						"0.0": [0.25, 0.25, 0.25],
						"0.125": [0, 0, 0]
					}
				}
			}
		},
		"reload_tactical": {
			"animation_length": 1.625,
			"bones": {
				"lefthand_pos": {
					"rotation": [90, -30, 0],
					"position": [0, 0.5, 12]
				},
				"righthand_pos": {
					"rotation": {
						"0.0": [70, 30, 0],
						"0.75": [70, 30, 0],
						"1.0": [90, 30, 0],
						"1.375": [90, 30, 0],
						"1.625": [70, 30, 0]
					},
					"position": {
						"0.0": [2.5, 0, 4],
						"0.25": [16.5, -14, 39],
						"0.5": [28.25, -21.83, 27.33],
						"1.0": [-0.5, -4, 11],
						"1.125": [-0.5, -12, 11],
						"1.25": [-2.5, -12, 11],
						"1.375": [-2.5, -4, 11],
						"1.625": [2.5, 0, 4]
					}
				},
				"root": {
					"rotation": {
						"0.0": [0, 0, 0],
						"0.25": [0, -15, -15],
						"1.375": [0, -15, -15],
						"1.625": [0, 0, 0]
					},
					"position": {
						"0.0": [0, 0, 0],
						"0.25": [0, 0, -2],
						"1.375": [0, 0, -2],
						"1.625": [0, 0, 0]
					},
					"scale": {
						"0.0": [1, 1, 1],
						"0.25": [1, 1, 1],
						"1.375": [1, 1, 1],
						"1.625": [1, 1, 1]
					}
				},
				"magazine": {
					"rotation": [0, 0, 0],
					"position": {
						"1.0": [0, 0, 0],
						"1.125": [0, -8, 0],
						"1.25": [-2, -8, 0],
						"1.375": [-2, 0, 0],
						"1.625": [-2, -64, 0]
					},
					"scale": 1
				},
				"additional_magazine": {
					"rotation": {
						"0.0": [0, 0, 0],
						"0.25": [0, 0, 0],
						"0.75": [0, 0, 0],
						"1.0": [90, 0, 0],
						"1.25": [0, 0, 0]
					},
					"position": {
						"0.2083": [0, 0, 0],
						"0.25": [16, -2, 30],
						"0.5": [29, -11.08, 18.33],
						"1.0": [2, 5, 2],
						"1.125": [2, -3, 2],
						"1.25": [0, -8, 0],
						"1.375": [0, 0, 0]
					},
					"scale": {
						"0.2083": [0, 0, 0],
						"0.25": [1, 1, 1]
					}
				},
				"constraint": {
					"rotation": [0.2, 0.2, 0.2],
					"position": [0.2, 0.2, 0.2]
				}
			}
		},
		"reload_empty": {
			"animation_length": 1.75,
			"bones": {
				"lefthand_pos": {
					"rotation": [90, -30, 0],
					"position": [0, 0.5, 12]
				},
				"righthand_pos": {
					"rotation": {
						"0.0": [70, 30, 0],
						"1.75": [70, 30, 0]
					},
					"position": {
						"0.0": [2.5, 0, 4],
						"0.1667": [2.5, 0, 4],
						"0.75": [28.5, -15, 29],
						"1.25": [-0.5, -14, 12],
						"1.375": [-0.5, -6, 12],
						"1.5": [-0.5, -6, 12],
						"1.75": [2.5, 0, 4]
					}
				},
				"root": {
					"rotation": {
						"0.0": [0, 0, 0],
						"0.1667": [0, 0, 0],
						"0.4167": [0, -15, -15],
						"1.375": [0, -15, -15],
						"1.4583": [-0.53577, -14.99065, -12.92951],
						"1.5": [-0.53577, -14.99065, -12.92951],
						"1.7083": [0, 0, 0]
					},
					"position": {
						"0.0": [0, 0, 0],
						"0.0833": [0, 2, 0],
						"0.1667": [0, 0, 0],
						"0.4167": [0, 0, -2],
						"1.375": [0, 0, -2],
						"1.4167": [0, 0.5, -2],
						"1.4583": [0, 0, -2],
						"1.5": [0, 0, -2],
						"1.7083": [0, 0, 0]
					},
					"scale": {
						"0.0": [1, 1, 1],
						"0.1667": [1, 1, 1],
						"0.4167": [1, 1, 1],
						"1.375": [1, 1, 1],
						"1.4583": [1, 1, 1],
						"1.5": [1, 1, 1],
						"1.7083": [1, 1, 1]
					}
				},
				"magazine": {
					"position": {
						"0.0": [0, 0, 0],
						"0.0833": [0, 0, 0],
						"0.375": [0, -64, 0],
						"0.75": [28, -4, 18],
						"1.25": [0, -8, 0],
						"1.375": [0, 0, 0]
					}
				},
				"additional_magazine": {
					"scale": 0
				},
				"constraint": {
					"rotation": [0.2, 0.2, 0.2],
					"position": [0.2, 0.2, 0.2]
				}
			}
		},
		"inspect": {
			"animation_length": 5.125,
			"bones": {
				"lefthand_pos": {
					"rotation": [90, -30, 0],
					"position": [0, 0.5, 12]
				},
				"righthand_pos": {
					"rotation": [70, 30, 0],
					"position": [2.5, 0, 4]
				},
				"root": {
					"rotation": {
						"0.0": [0, 0, 0],
						"0.5": [30.64234, -54.46865, -36.05239],
						"0.875": [30.64234, -54.46865, -36.05239],
						"1.25": [25.64234, -54.46865, -36.05239],
						"1.625": [25.64234, -54.46865, -36.05239],
						"2.0": [30.64234, -54.46865, -36.05239],
						"2.375": [30.64234, -54.46865, -36.05239],
						"2.875": [36.20399, 51.7101, 43.00307],
						"3.375": [36.20399, 51.7101, 43.00307],
						"3.5": [31.20399, 51.7101, 43.00307],
						"4.0": [31.20399, 51.7101, 43.00307],
						"4.125": [36.20399, 51.7101, 43.00307],
						"4.625": [36.20399, 51.7101, 43.00307],
						"5.125": [0, 0, 0]
					},
					"position": {
						"0.0": [0, 0, 0],
						"0.5": [0, 0, -2],
						"0.875": [0, 0, -2],
						"1.25": [1, 1, -3],
						"1.625": [1, 1, -3],
						"2.0": [0, 0, -2],
						"2.375": [0, 0, -2],
						"2.875": [0, 0, 0],
						"3.375": [0, 0, 0],
						"3.5": [0, 0, 0],
						"4.0": [0, 0, 0],
						"4.125": [0, 0, 0],
						"4.625": [0, 0, 0],
						"5.125": [0, 0, 0]
					},
					"scale": {
						"0.0": [1, 1, 1],
						"2.875": [1, 1, 1],
						"4.625": [1, 1, 1],
						"5.125": [1, 1, 1]
					}
				},
				"constraint": {
					"rotation": [0.2, 0.2, 0.2],
					"position": [0.2, 0.2, 0.2]
				}
			}
		},
		"inspect_empty": {
			"animation_length": 5.125,
			"bones": {
				"lefthand_pos": {
					"rotation": [90, -30, 0],
					"position": [0, 0.5, 12]
				},
				"righthand_pos": {
					"rotation": [70, 30, 0],
					"position": [2.5, 0, 4]
				},
				"root": {
					"rotation": {
						"0.0": [0, 0, 0],
						"0.5": [30.64234, -54.46865, -36.05239],
						"0.875": [30.64234, -54.46865, -36.05239],
						"1.25": [25.64234, -54.46865, -36.05239],
						"1.625": [25.64234, -54.46865, -36.05239],
						"2.0": [30.64234, -54.46865, -36.05239],
						"2.375": [30.64234, -54.46865, -36.05239],
						"2.875": [36.20399, 51.7101, 43.00307],
						"3.375": [36.20399, 51.7101, 43.00307],
						"3.5": [31.20399, 51.7101, 43.00307],
						"4.0": [31.20399, 51.7101, 43.00307],
						"4.125": [36.20399, 51.7101, 43.00307],
						"4.625": [36.20399, 51.7101, 43.00307],
						"5.125": [0, 0, 0]
					},
					"position": {
						"0.0": [0, 0, 0],
						"0.5": [0, 0, -2],
						"0.875": [0, 0, -2],
						"1.25": [1, 1, -3],
						"1.625": [1, 1, -3],
						"2.0": [0, 0, -2],
						"2.375": [0, 0, -2],
						"2.875": [0, 0, 0],
						"3.375": [0, 0, 0],
						"3.5": [0, 0, 0],
						"4.0": [0, 0, 0],
						"4.125": [0, 0, 0],
						"4.625": [0, 0, 0],
						"5.125": [0, 0, 0]
					},
					"scale": {
						"0.0": [1, 1, 1],
						"2.875": [1, 1, 1],
						"4.625": [1, 1, 1],
						"5.125": [1, 1, 1]
					}
				},
				"bolt": {
					"position": [0, 0, 2.25]
				},
				"bullet_in_mag": {
					"scale": 0
				},
				"constraint": {
					"rotation": [0.2, 0.2, 0.2],
					"position": [0.2, 0.2, 0.2]
				}
			}
		}
	}
}