{
	"format_version": "1.8.0",
	"animations": {
		"static_idle": {
			"animation_length": 0.0417,
			"bones": {
				"lefthand_pos": {
					"rotation": [90, -30, 0],
					"position": [-1, -3, 10]
				},
				"righthand_pos": {
					"rotation": [90, 30, 0],
					"position": [1, -3, 1]
				},
				"constraint": {
					"rotation": [0.2, 0.2, 0.2],
					"position": [0.2, 0.2, 0.2]
				}
			}
		},
		"shoot": {
			"loop": true,
			"animation_length": 0.25,
			"bones": {
				"root": {
					"rotation": {
						"0.0": [0, 0, 0],
						"0.25": [0, 0, 0]
					},
					"position": {
						"0.0": [0, 0, 0],
						"0.125": [0, 0, 3],
						"0.25": [0, 0, 0]
					}
				},
				"bolt": {
					"position": {
						"0.0": [0, 0, 0],
						"0.125": [0, 0, 4],
						"0.25": [0, 0, 0]
					}
				},
				"pull": {
					"position": {
						"0.0": [0, 0, 0],
						"0.125": [0, 0, 9.75],
						"0.25": [0, 0, 0]
					}
				},
				"constraint": {
					"rotation": {
						"0.0": [0.3, 0.3, 0.3],
						"0.125": [0, 0, 0]
					},
					"position": {
						"0.0": [0.3, 0.3, 0.3],
						"0.125": [0, 0, 0]
					}
				}
			}
		},
		"reload_tactical": {
			"animation_length": 1.5,
			"bones": {
				"lefthand_pos": {
					"rotation": [90, -30, 0],
					"position": [-1, -3, 10]
				},
				"righthand_pos": {
					"rotation": {
						"0.0": [90, 30, 0],
						"1.5": [90, 30, 0]
					},
					"position": {
						"0.0": [1, -3, 1],
						"0.25": [1, -5, 17],
						"1.25": [1, -5, 17],
						"1.5": [1, -3, 1]
					}
				},
				"root": {
					"rotation": {
						"0.0": [0, 0, 0],
						"0.25": [11.17023, -28.02432, -22.79588],
						"1.25": [11.17023, -28.02432, -22.79588],
						"1.5": [0, 0, 0]
					},
					"position": {
						"0.0": [0, 0, 0],
						"0.25": [0, 0, -5],
						"1.25": [0, 0, -5],
						"1.5": [0, 0, 0]
					}
				},
				"lefthand_n_mag": {
					"rotation": [0, 0, 0],
					"position": {
						"0.0": [0, 0, 0],
						"0.25": [0, 0, 0],
						"0.375": [0, -3, 0],
						"0.4167": [2, -3, 0],
						"0.75": [19, -26, 37],
						"1.0833": [2, -3, 0],
						"1.125": [0, -3, 0],
						"1.25": [0, 0, 0]
					}
				},
				"constraint": {
					"rotation": [0.2, 0.2, 0.2],
					"position": [0.2, 0.2, 0.2]
				}
			}
		},
		"reload_empty": {
			"animation_length": 2.2083,
			"bones": {
				"lefthand_pos": {
					"rotation": {
						"0.0": [90, -30, 0],
						"1.5833": [67.5, -30, 0],
						"1.9583": [67.5, -30, 0],
						"2.2083": [90, -30, 0]
					},
					"position": {
						"0.0": [-1, -3, 10],
						"0.25": [-1, -4, 20],
						"0.3333": [-1, -4, 19],
						"0.75": [-23, -16, 25],
						"1.25": [-1, -6, 17],
						"1.3333": [-1, -4, 17],
						"1.5833": [-2, -3, 1.5],
						"1.8333": [-2, -3, 11.5],
						"1.9583": [-2, -3, 13.5],
						"2.2083": [-1, -3, 10]
					}
				},
				"righthand_pos": {
					"rotation": [90, 30, 0],
					"position": [1, -3, 1]
				},
				"pull": {
					"position": {
						"1.5833": [0, 0, 0],
						"1.8333": [0, 0, 10],
						"1.9583": [0, 0, 0]
					}
				},
				"root": {
					"rotation": {
						"0.0": [0, 0, 0],
						"0.25": [0, 30, 25],
						"1.9583": [0, 30, 25],
						"2.2083": [0, 0, 0]
					},
					"position": {
						"0.0": [0, 0, 0],
						"0.25": [4, 0, -8],
						"1.9583": [4, 0, -8],
						"2.2083": [0, 0, 0]
					}
				},
				"mag_and_bullet": {
					"rotation": [0, 0, 0],
					"position": {
						"0.0": [0, 0, 0],
						"0.25": [0, 0, 0],
						"0.3333": [0, 0, 0],
						"0.7083": [0, -56, -24],
						"0.75": [-23, -12, 8],
						"1.25": [0, -3, 0],
						"1.3333": [0, -1, 0]
					}
				},
				"bullet": {
					"scale": {
						"0.0": [0, 0, 0],
						"0.7083": [0, 0, 0],
						"0.75": [1, 1, 1]
					}
				},
				"constraint": {
					"rotation": [0.2, 0.2, 0.2],
					"position": [0.2, 0.2, 0.2]
				}
			}
		},
		"inspect": {
			"animation_length": 3.875,
			"bones": {
				"lefthand_pos": {
					"rotation": [90, -30, 0],
					"position": [-1, -3, 10]
				},
				"righthand_pos": {
					"rotation": {
						"0.0": [90, 30, 0],
						"2.375": [90, 30, 0]
					},
					"position": {
						"0.0": [1, -3, 1],
						"0.25": [18, -19, 12],
						"2.125": [18, -19, 12],
						"2.375": [1, -3, 1]
					}
				},
				"root": {
					"rotation": {
						"0.0": [0, 0, 0],
						"0.25": [0, -52.5, -30],
						"0.375": [0, -52.5, -30],
						"1.0": [-7.5, -52.5, -30],
						"1.5": [-7.5, -52.5, -30],
						"2.125": [0, -52.5, -30],
						"2.625": [0, 50, 30],
						"2.8333": [0, 50, 30],
						"3.0417": [-2.5, 50, 30],
						"3.2083": [-2.5, 50, 30],
						"3.4167": [0, 50, 30],
						"3.625": [0, 50, 30],
						"3.875": [0, 0, 0]
					},
					"position": {
						"0.0": [0, 0, 0],
						"0.25": [0, 0, -7],
						"0.3333": [0, 0, -5],
						"0.375": [0, 0, -5],
						"0.5833": [0, 0, -5],
						"1.0": [3, 3, -8],
						"1.5": [3, 3, -8],
						"1.9167": [0, 0, -5],
						"2.125": [0, 0, -5],
						"2.625": [4, 0, -3],
						"3.625": [4, 0, -3],
						"3.875": [0, 0, 0]
					},
					"scale": {
						"0.0": [1, 1, 1],
						"3.875": [1, 1, 1]
					}
				},
				"constraint": {
					"rotation": [0.2, 0.2, 0.2],
					"position": [0.2, 0.2, 0.2]
				}
			}
		},
		"inspect_empty": {
			"animation_length": 3.875,
			"bones": {
				"lefthand_pos": {
					"rotation": [90, -30, 0],
					"position": [-1, -3, 10]
				},
				"righthand_pos": {
					"rotation": {
						"0.0": [90, 30, 0],
						"2.375": [90, 30, 0]
					},
					"position": {
						"0.0": [1, -3, 1],
						"0.25": [18, -19, 12],
						"2.125": [18, -19, 12],
						"2.375": [1, -3, 1]
					}
				},
				"root": {
					"rotation": {
						"0.0": [0, 0, 0],
						"0.25": [0, -52.5, -30],
						"0.375": [0, -52.5, -30],
						"1.0": [-7.5, -52.5, -30],
						"1.5": [-7.5, -52.5, -30],
						"2.125": [0, -52.5, -30],
						"2.625": [0, 50, 30],
						"2.8333": [0, 50, 30],
						"3.0417": [-2.5, 50, 30],
						"3.2083": [-2.5, 50, 30],
						"3.4167": [0, 50, 30],
						"3.625": [0, 50, 30],
						"3.875": [0, 0, 0]
					},
					"position": {
						"0.0": [0, 0, 0],
						"0.25": [0, 0, -7],
						"0.3333": [0, 0, -5],
						"0.375": [0, 0, -5],
						"0.5833": [0, 0, -5],
						"1.0": [3, 3, -8],
						"1.5": [3, 3, -8],
						"1.9167": [0, 0, -5],
						"2.125": [0, 0, -5],
						"2.625": [4, 0, -3],
						"3.625": [4, 0, -3],
						"3.875": [0, 0, 0]
					},
					"scale": {
						"0.0": [1, 1, 1],
						"3.875": [1, 1, 1]
					}
				},
				"constraint": {
					"rotation": [0.2, 0.2, 0.2],
					"position": [0.2, 0.2, 0.2]
				}
			}
		}
	}
}