{
	"format_version": "1.8.0",
	"animations": {
		"static_idle": {
			"animation_length": 0.0417,
			"bones": {
				"lefthand_pos": {
					"rotation": [90, 0, 0],
					"position": [6, -3, 27],
					"scale": [1, 1.5, 1]
				},
				"righthand_pos": {
					"rotation": [106.0129, 37.15855, 25.41377],
					"position": [7, 1, 9],
					"scale": [1, 1.5, 1]
				}
			}
		},
		"static_bolt_caught": {
			"animation_length": 0.0417,
			"bones": {
				"mag_cap": {
					"rotation": [0, 0, -52.5]
				},
				"mag_cap2": {
					"rotation": [0, 0, -52.5]
				},
				"mag_cap3": {
					"rotation": [0, 0, -52.5]
				},
				"mag_cap4": {
					"rotation": [0, 0, -52.5]
				},
				"chain_anim": {
					"scale": 0
				},
				"bulletchain": {
					"scale": 0
				}
			}
		},
		"shoot": {
			"loop": true,
			"animation_length": 0.9667,
			"bones": {
				"rotate": {
					"rotation": {
						"0.0": [0, 0, 0],
						"0.0667": [0, 0, -7.5],
						"0.1667": [0, 0, 3.875],
						"0.2667": [0, 0, -2.5],
						"0.4": [0, 0, 1.775],
						"0.5667": [0, 0, -0.475],
						"0.7333": [0, 0, 0]
					}
				},
				"root": {
					"rotation": {
						"0.0": [0, 0, 0],
						"0.0333": [1.08, 0, -1.4],
						"0.0667": [-1.84, 0, 1.23],
						"0.1": [-1.92, 0, 0.21],
						"0.1333": [-1.4, 0, -0.92],
						"0.1667": [-0.81, 0, -0.57],
						"0.2": [-0.07, 0, 0.21],
						"0.2333": [0.4, 0, 0.7],
						"0.2667": [0.42, 0, 0.65],
						"0.3": [0.3, 0, 0.42],
						"0.3333": [0.11, 0, 0.13],
						"0.3667": [-0.08, 0, -0.15],
						"0.4": [-0.17, 0, -0.3],
						"0.4333": [-0.17, 0, -0.31],
						"0.4667": [-0.11, 0, -0.23],
						"0.5": [-0.02, 0, -0.11],
						"0.5333": [0.06, 0, 0.01],
						"0.5667": [0.11, 0, 0.08],
						"0.6": [0.11, 0, 0.09],
						"0.6333": [0.1, 0, 0.07],
						"0.6667": [0.08, 0, 0.05],
						"0.7": [0.05, 0, 0.02],
						"0.7333": [0.04, 0, 0],
						"0.7667": [0.03, 0, 0],
						"0.8": [0.02, 0, -0.01],
						"0.8333": [0.01, 0, 0],
						"0.8667": [0, 0, 0],
						"0.9": [0, 0, 0]
					},
					"position": {
						"0.0": [0, 0, 0],
						"0.0333": [0, -0.1, 1.9],
						"0.0667": [0, -0.1, 2.1],
						"0.1": [0, -0.09, 1.3],
						"0.1333": [0, -0.06, 0.17],
						"0.1667": [0, -0.05, -0.57],
						"0.2": [0, -0.05, -0.62],
						"0.2333": [0, -0.04, -0.38],
						"0.2667": [0, -0.04, -0.07],
						"0.3": [0, -0.05, 0.13],
						"0.3333": [0, -0.06, 0.15],
						"0.3667": [0, -0.07, 0.13],
						"0.4": [0, -0.09, 0.08],
						"0.4333": [0, -0.1, 0.03],
						"0.4667": [0, -0.11, 0],
						"0.5": [0, -0.1, 0],
						"0.5333": [0, -0.08, 0.01],
						"0.5667": [0, -0.06, 0.02],
						"0.6": [0, -0.03, 0.04],
						"0.6333": [0, -0.01, 0.04],
						"0.6667": [0, -0.01, 0.04],
						"0.7": [0, 0, 0.03],
						"0.7333": [0, 0, 0.02],
						"0.7667": [0, 0, 0.01],
						"0.8": [0, 0, 0.01],
						"0.8333": [0, 0, 0],
						"0.8667": [0, 0, 0],
						"0.9": [0, 0, 0],
						"0.9333": [0, 0, 0],
						"0.9667": [0, 0, 0]
					}
				},
				"mag_cap": {
					"rotation": {
						"0.0": [0, 0, 45],
						"0.1667": [0, 0, 7.5],
						"0.2667": [0, 0, -5],
						"0.4": [0, 0, 2.5],
						"0.5333": [0, 0, 0]
					}
				},
				"mag_cap2": {
					"rotation": {
						"0.0": [0, 0, 45],
						"0.1667": [0, 0, 7.5],
						"0.2667": [0, 0, -5],
						"0.4": [0, 0, 2.5],
						"0.5333": [0, 0, 0]
					}
				},
				"mag_cap3": {
					"rotation": {
						"0.0": [0, 0, 45],
						"0.1667": [0, 0, 7.5],
						"0.2667": [0, 0, -5],
						"0.4": [0, 0, 2.5],
						"0.5333": [0, 0, 0]
					}
				},
				"mag_cap4": {
					"rotation": {
						"0.0": [0, 0, 45],
						"0.1667": [0, 0, 7.5],
						"0.2667": [0, 0, -5],
						"0.4": [0, 0, 2.5],
						"0.5333": [0, 0, 0]
					}
				},
				"chain_anim": {
					"rotation": {
						"0.0": [0, 0, 12.5],
						"0.1333": [0, 0, 0],
						"0.1667": [0, 0, 4],
						"0.2667": [0, 0, -2.5],
						"0.4": [0, 0, 3.5],
						"0.5333": [0, 0, 0]
					},
					"position": {
						"0.0": [0.325, 0, 0],
						"0.1333": [0, 0, 0],
						"0.1667": [0.15, 0.225, 0],
						"0.2667": [-0.10625, -0.0325, 0],
						"0.4": [0.0375, 0.1125, 0],
						"0.5333": [0, 0, 0]
					}
				},
				"constraint": {
					"rotation": {
						"0.1667": [0.03, 0.2, 0.2],
						"0.3667": [0, 0, 0]
					},
					"position": {
						"0.1667": [0.15, 0.15, 0.1],
						"0.3667": [0, 0, 0]
					}
				},
				"camera": {
					"rotation": {
						"0.0": [0, 0, 0],
						"0.0333": [0, 0, 1.27],
						"0.0667": [0, 0, -1.02],
						"0.1": [0, 0, -0.27],
						"0.1333": [0, 0, 0.65],
						"0.1667": [0, 0, 0.28],
						"0.2": [0, 0, -0.25],
						"0.2333": [0, 0, -0.08],
						"0.2667": [0, 0, 0.18],
						"0.3": [0, 0, 0.15],
						"0.3333": [0, 0, 0.07],
						"0.3667": [0, 0, 0]
					}
				}
			}
		},
		"draw": {
			"animation_length": 1.4333,
			"bones": {
				"lefthand": {
					"rotation": {
						"0.0": [81.68615, -52.91828, -110.48624],
						"0.4667": [44.62, -16.27, -158.41],
						"0.5": [48.6, -15.59, -161.21],
						"0.5333": [56.38, -16.65, -162.6],
						"0.5667": [66.6, -18.89, -162.95],
						"0.6": [77.88, -21.77, -162.62],
						"0.6333": [88.86, -24.76, -161.99],
						"0.6667": [98.15, -27.31, -161.42],
						"0.7": [104.4, -28.88, -161.29]
					},
					"position": {
						"0.0": [7.4, -14.2, -4],
						"0.5": [7.1, -11.5, -7.6],
						"0.5333": [7.25, -11.71, -7.37],
						"0.5667": [7.49, -12.2, -6.8],
						"0.6": [7.77, -12.86, -6.02],
						"0.6333": [8.06, -13.55, -5.2],
						"0.6667": [8.31, -14.15, -4.48],
						"0.7": [8.48, -14.55, -4]
					},
					"scale": [1, 1.5, 1]
				},
				"righthand": {
					"rotation": [95.04292, 7.4713, -179.3426],
					"position": [-6.625, -16, 6.8],
					"scale": [1, 1.5, 1]
				},
				"bullet_chain_2": {
					"scale": 0
				},
				"root": {
					"rotation": {
						"0.0": [-67.88, -9.11, 3.86],
						"0.0333": [-67.94, -9.12, 3.86],
						"0.0667": [-68.11, -9.13, 3.87],
						"0.1": [-68.34, -9.16, 3.88],
						"0.1333": [-68.58, -9.19, 3.89],
						"0.1667": [-68.79, -9.21, 3.9],
						"0.2": [-68.93, -9.23, 3.91],
						"0.2333": [-68.95, -9.23, 3.91],
						"0.2667": [-68.81, -9.21, 3.91],
						"0.3": [-68.47, -9.17, 3.89],
						"0.3333": [-67.88, -9.11, 3.86],
						"0.3667": [-66.58, -8.95, 3.81],
						"0.4": [-64.83, -8.73, 3.76],
						"0.4333": [-62.74, -8.47, 3.69],
						"0.4667": [-60.43, -8.19, 3.6],
						"0.5": [-58.01, -7.92, 3.49],
						"0.5333": [-55.6, -7.67, 3.35],
						"0.5667": [-53.3, -7.48, 3.18],
						"0.6": [-49.46, -7.42, 2.77],
						"0.6333": [-45.55, -7.53, 2.25],
						"0.6667": [-41.47, -7.48, 1.7],
						"0.7": [-37.08, -6.91, 1.16],
						"0.7333": [-33.9, -6.03, 0.77],
						"0.7667": [-30.51, -4.77, 0.3],
						"0.8": [-27.01, -3.33, -0.16],
						"0.8333": [-23.48, -1.91, -0.56],
						"0.8667": [-20.02, -0.7, -0.82],
						"0.9": [-16.73, 0.1, -0.87],
						"0.9333": [-12.25, -0.05, -0.17],
						"0.9667": [-7.78, -0.2, 0.54],
						"1.0": [-3.31, -0.35, 1.24],
						"1.0333": [1.17, -0.5, 1.95],
						"1.0667": [0.64, -0.24, 2.05],
						"1.1": [0.11, 0.03, 2.14],
						"1.1333": [-0.25, 0.19, 0.21],
						"1.1667": [-0.61, 0.36, -1.72],
						"1.2": [-0.48, 0.29, -0.13],
						"1.2333": [-0.34, 0.21, 1.46],
						"1.2667": [-0.15, 0.1, 0.51],
						"1.3": [0, 0, -0.75],
						"1.3333": [0.02, -0.02, -0.75],
						"1.3667": [0.02, -0.01, -0.51],
						"1.4": [0.01, -0.01, -0.2],
						"1.4333": [0, 0, 0]
					},
					"position": {
						"0.0": [-5.2, -38.37, 2.9],
						"0.0333": [-5.08, -37.04, 2.94],
						"0.0667": [-4.93, -35.24, 3],
						"0.1": [-4.75, -33.08, 3.07],
						"0.1333": [-4.54, -30.65, 3.15],
						"0.1667": [-4.32, -28.04, 3.24],
						"0.2": [-4.09, -25.34, 3.33],
						"0.2333": [-3.85, -22.64, 3.41],
						"0.2667": [-3.62, -20.04, 3.49],
						"0.3": [-3.39, -17.64, 3.57],
						"0.3333": [-3.17, -15.51, 3.63],
						"0.3667": [-2.97, -13.76, 3.67],
						"0.4": [-2.8, -12.47, 3.7],
						"0.4333": [-2.49, -11.15, 3.7],
						"0.4667": [-2.2, -10.99, 3.66],
						"0.5": [-1.94, -11.58, 3.58],
						"0.5333": [-1.71, -12.54, 3.48],
						"0.5667": [-1.5, -13.44, 3.38],
						"0.6": [-1.34, -13.89, 3.29],
						"0.6333": [-1.18, -14.31, 3.31],
						"0.6667": [-1.16, -14.53, 3.32],
						"0.7": [-1.05, -13.55, 2.81],
						"0.7333": [-0.93, -12.43, 2.23],
						"0.7667": [-0.77, -10.85, 1.42],
						"0.8": [-0.6, -8.99, 0.47],
						"0.8333": [-0.42, -7.02, -0.51],
						"0.8667": [-0.24, -5.14, -1.4],
						"0.9": [-0.1, -3.53, -2.09],
						"0.9333": [0, -2.37, -2.47],
						"0.9667": [0.06, -1.53, -2.43],
						"1.0": [0.07, -1.26, -1.91],
						"1.0333": [0.04, -1.31, -1.16],
						"1.0667": [0, -1.43, -0.42],
						"1.1": [-0.02, -1.37, 0.05],
						"1.1333": [-0.02, -1.03, 0.23],
						"1.1667": [-0.02, -0.64, 0.22],
						"1.2": [-0.01, -0.29, 0.12],
						"1.2333": [-0.01, -0.04, 0.06],
						"1.2667": [-0.01, 0.07, 0.02],
						"1.3": [0, 0.04, -0.03],
						"1.3333": [0, 0, -0.06],
						"1.3667": [0, 0, -0.05],
						"1.4": [0, 0, -0.02],
						"1.4333": [0, 0, 0]
					}
				},
				"constraint": {
					"rotation": {
						"0.0": [1, 1, 1],
						"1.0667": [0.2, 0.2, 0.2]
					},
					"position": {
						"0.0": [1, 1, 1],
						"1.0667": [0.2, 0.2, 0.2]
					}
				},
				"lefthand_pos": {
					"rotation": [90, 0, 0],
					"position": [6, -3, 27],
					"scale": [1, 1.5, 1]
				},
				"righthand_pos": {
					"rotation": [106.0129, 37.15855, 25.41377],
					"position": [7, 1, 9],
					"scale": [1, 1.5, 1]
				},
				"camera": {
					"rotation": {
						"0.0": [0, 0, 0],
						"0.0333": [0.01, 0.01, -0.01],
						"0.0667": [0.03, 0.03, -0.01],
						"0.1": [0.1, 0.11, 0.03],
						"0.1333": [0.2, 0.24, 0.13],
						"0.1667": [0.33, 0.43, 0.29],
						"0.2": [0.47, 0.62, 0.42],
						"0.2333": [0.55, 0.74, 0.47],
						"0.2667": [0.61, 0.8, 0.32],
						"0.3": [0.62, 0.78, 0.06],
						"0.3333": [0.49, 0.74, -0.1],
						"0.3667": [0.36, 0.72, -0.09],
						"0.4": [0.18, 0.7, -0.04],
						"0.4333": [-0.03, 0.67, 0.03],
						"0.4667": [-0.25, 0.64, 0.11],
						"0.5": [-0.46, 0.62, 0.19],
						"0.5333": [-0.63, 0.59, 0.26],
						"0.5667": [-0.75, 0.56, 0.29],
						"0.6": [-0.82, 0.53, 0.29],
						"0.6333": [-0.84, 0.5, 0.27],
						"0.6667": [-0.8, 0.48, 0.22],
						"0.7": [-0.74, 0.45, 0.16],
						"0.7333": [-0.65, 0.43, 0.08],
						"0.7667": [-0.49, 0.41, -0.07],
						"0.8": [-0.26, 0.39, -0.28],
						"0.8333": [-0.03, 0.37, -0.46],
						"0.8667": [0.14, 0.35, -0.56],
						"0.9": [0.25, 0.33, -0.54],
						"0.9333": [0.32, 0.31, -0.44],
						"0.9667": [0.36, 0.29, -0.29],
						"1.0": [0.41, 0.27, -0.11],
						"1.0333": [0.54, 0.22, 0.5],
						"1.0667": [0.58, 0.17, 0.92],
						"1.1": [0.5, 0.14, 0.79],
						"1.1333": [0.38, 0.11, 0.49],
						"1.1667": [0.24, 0.07, 0.16],
						"1.2": [0.14, 0.05, -0.06],
						"1.2333": [0.08, 0.03, -0.12],
						"1.2667": [0.04, 0.02, -0.09],
						"1.3": [0.02, 0.01, -0.04],
						"1.3333": [0, 0, 0]
					}
				}
			},
			"sound_effects": {
				"0.0": {
					"effect": "bruenmk9_raise"
				}
			}
		},
		"put_away": {
			"animation_length": 0.6667,
			"bones": {
				"lefthand": {
					"rotation": {
						"0.0": [104.4, -28.88, -161.29],
						"0.0333": [105.3, -29.69, -163.08],
						"0.0667": [106.23, -31.21, -165.07],
						"0.1": [107.8, -32.45, -168.16],
						"0.1333": [110.62, -32.38, -173.26],
						"0.1667": [115.29, -30.01, -181.29],
						"0.2": [121.63, -25.18, -191.54],
						"0.2333": [130.16, -17.98, -204.96],
						"0.2667": [139.7, -9.64, -219.99],
						"0.3": [149.06, -1.4, -235.08],
						"0.3333": [157.04, 5.51, -248.66],
						"0.3667": [162.45, 9.84, -259.18],
						"0.4": [165.1, 11.16, -267.78],
						"0.4333": [164.93, 9.65, -273.72],
						"0.4667": [163.2, 6.67, -277.75],
						"0.5": [161.15, 3.56, -280.58],
						"0.5333": [160.02, 1.69, -282.95]
					},
					"position": {
						"0.0": [8.48, -14.55, -4],
						"0.0333": [8.73, -14.45, -4],
						"0.0667": [9.11, -14.2, -4],
						"0.1": [9.46, -14, -4],
						"0.1333": [9.85, -13.7, -4],
						"0.1667": [10.06, -13, -4],
						"0.2": [10.07, -11.54, -4],
						"0.2333": [9.89, -9.68, -4],
						"0.2667": [9.31, -8.14, -4],
						"0.3": [7.95, -7.2, -4],
						"0.3333": [6.18, -6.58, -4],
						"0.3667": [4.91, -6.17, -4]
					},
					"scale": [1, 1.5, 1]
				},
				"righthand": {
					"rotation": [95.04292, 7.4713, -179.3426],
					"position": [-6.625, -16, 6.8],
					"scale": [1, 1.5, 1]
				},
				"bullet_chain_2": {
					"scale": 0
				},
				"root": {
					"rotation": {
						"0.0": [0, 0, 0],
						"0.0333": [0.47, -0.11, 0.69],
						"0.0667": [1.24, -0.25, 1.58],
						"0.1": [1.99, -0.44, 2.73],
						"0.1333": [2.45, -0.68, 4.19],
						"0.1667": [2.31, -0.97, 6.02],
						"0.2": [1.52, -1.3, 8.08],
						"0.2333": [0.2, -1.72, 10.66],
						"0.2667": [-1.39, -2.17, 13.48],
						"0.3": [-3.01, -2.61, 16.22],
						"0.3333": [-4.42, -3, 18.6],
						"0.3667": [-5.37, -3.27, 20.31],
						"0.4": [-6.16, -3.47, 21.54],
						"0.4333": [-6.51, -3.5, 21.76],
						"0.4667": [-6.28, -3.46, 21.51],
						"0.5": [-5.32, -3.43, 21.31],
						"0.5333": [-3.13, -3.41, 21.18],
						"0.5667": [0.06, -3.36, 20.87],
						"0.6": [3.3, -3.31, 20.54],
						"0.6333": [5.61, -3.27, 20.31],
						"0.6667": [6.91, -3.26, 20.26]
					},
					"position": {
						"0.0": [0, 0, 0],
						"0.0333": [-0.14, -0.18, 0.1],
						"0.0667": [-0.36, -0.46, 0.28],
						"0.1": [-0.72, -0.86, 0.67],
						"0.1333": [-0.93, -0.99, 0.89],
						"0.1667": [-1.19, -1.02, 1.11],
						"0.2": [-1.47, -1.04, 1.36],
						"0.2333": [-1.76, -1.15, 1.67],
						"0.2667": [-2.07, -1.42, 2.07],
						"0.3": [-2.36, -1.95, 2.6],
						"0.3333": [-2.64, -2.81, 3.29],
						"0.3667": [-2.84, -3.71, 3.93],
						"0.4": [-3.04, -4.89, 4.72],
						"0.4333": [-3.25, -6.27, 5.62],
						"0.4667": [-3.46, -7.79, 6.6],
						"0.5": [-3.67, -9.36, 7.6],
						"0.5333": [-3.86, -10.93, 8.6],
						"0.5667": [-4.04, -12.42, 9.53],
						"0.6": [-4.2, -13.75, 10.37],
						"0.6333": [-4.34, -14.86, 11.07],
						"0.6667": [-4.45, -15.68, 11.59]
					}
				},
				"constraint": {
					"rotation": {
						"0.0": [0.2, 0.2, 0.2],
						"0.4667": [1, 1, 1]
					},
					"position": {
						"0.0": [0.2, 0.2, 0.2],
						"0.4667": [1, 1, 1]
					}
				},
				"lefthand_pos": {
					"rotation": [90, 0, 0],
					"position": [6, -3, 27],
					"scale": [1, 1.5, 1]
				},
				"righthand_pos": {
					"rotation": [106.0129, 37.15855, 25.41377],
					"position": [7, 1, 9],
					"scale": [1, 1.5, 1]
				},
				"camera": {
					"rotation": {
						"0.0": [0, 0, 0],
						"0.0333": [-0.05, -0.01, -0.05],
						"0.0667": [-0.14, -0.03, -0.13],
						"0.1": [-0.23, -0.06, -0.22],
						"0.1333": [-0.33, -0.08, -0.31],
						"0.1667": [-0.41, -0.1, -0.38],
						"0.2": [-0.45, -0.1, -0.4],
						"0.2333": [-0.45, -0.07, -0.35],
						"0.2667": [-0.34, 0.01, -0.14],
						"0.3": [-0.16, 0.14, 0.19],
						"0.3333": [0.07, 0.28, 0.58],
						"0.3667": [0.3, 0.41, 0.93],
						"0.4": [0.48, 0.5, 1.17],
						"0.4333": [0.72, 0.56, 1.35],
						"0.4667": [0.92, 0.56, 1.38],
						"0.5": [0.95, 0.5, 1.25],
						"0.5333": [0.84, 0.42, 1.07],
						"0.5667": [0.63, 0.31, 0.79],
						"0.6": [0.38, 0.19, 0.47],
						"0.6333": [0.15, 0.08, 0.19],
						"0.6667": [0, 0, 0]
					}
				}
			}
		},
		"reload_tactical": {
			"animation_length": 4.1667,
			"bones": {
				"lefthand_pos": {
					"rotation": [90, 0, 0],
					"position": [6, -3, 27],
					"scale": [1, 1.5, 1]
				},
				"righthand_pos": {
					"rotation": {
						"0.0": [106.0129, 37.15855, 25.41377],
						"0.25": [106.01, 37.16, 25.41],
						"0.5": [87.45791, 62.14603, 24.06226],
						"0.625": [87.45791, 62.14603, 24.06226],
						"0.75": [97.45791, 62.14603, 24.06226],
						"0.9583": [97.46, 62.15, 24.06],
						"1.0417": [87.46, 62.15, 24.06],
						"1.25": [88.39953, 42.16213, 25.23168],
						"1.4583": [88.16727, 49.65879, 24.90901],
						"2.7083": [88.16727, 49.65879, 24.90901],
						"2.9167": [88.39953, 42.16213, 25.23168],
						"3.125": [87.46, 62.15, 24.06],
						"3.2083": [97.46, 62.15, 24.06],
						"3.4167": [97.45791, 62.14603, 24.06226],
						"3.5417": [87.45791, 62.14603, 24.06226],
						"3.6667": [87.45791, 62.14603, 24.06226],
						"3.9167": [106.01, 37.16, 25.41]
					},
					"position": {
						"0.0": [7, 1, 9],
						"0.25": [7, 1, 9],
						"0.5": [11, 1, 11],
						"0.625": [11, 1, 11],
						"0.75": [10, 4, 12],
						"0.875": [13, 3, 12],
						"0.9583": [13, 3, 12],
						"1.0417": [14, -1, 12],
						"1.25": [14, -1, 12],
						"1.4583": [12, -12, 12],
						"2.7083": [12, -12, 12],
						"2.9167": [14, -1, 12],
						"3.125": [14, -1, 12],
						"3.2083": [13, 3, 12],
						"3.2917": [13, 3, 12],
						"3.4167": [10, 4, 12],
						"3.5417": [11, 1, 11],
						"3.6667": [11, 1, 11],
						"3.9167": [7, 1, 9]
					},
					"scale": [1, 1.5, 1]
				},
				"root": {
					"rotation": {
						"0.0": [0, 0, 0],
						"0.375": [5, -5, 0],
						"3.7917": [5, -5, 0],
						"4.1667": [0, 0, 0]
					},
					"position": {
						"0.0": [0, 0, 0],
						"0.375": [0, 0, -2],
						"3.7917": [0, 0, -2],
						"4.1667": [0, 0, 0]
					}
				},
				"cap": {
					"rotation": {
						"0.625": [0, 0, 0],
						"0.75": [0, 0, -90],
						"3.4167": [0, 0, -90],
						"3.5417": [0, 0, 0]
					},
					"position": {
						"0.625": [0, 0, 0],
						"3.5417": [0, 0, 0]
					}
				},
				"lefthand_n_mag": {
					"rotation": {
						"1.5417": [0, 0, 0],
						"2.7083": [0, 0, 0]
					},
					"position": {
						"1.5417": [0, 0, 0],
						"1.625": [0, -2, 0],
						"2.0": [16, -32, 12],
						"2.25": [16, -32, 12],
						"2.625": [0, -2, 0],
						"2.7083": [0, 0, 0]
					}
				},
				"chain_anim": {
					"rotation": {
						"0.9583": [0, 0, 0],
						"1.0417": [0, 0, 20],
						"3.125": [0, 0, 20],
						"3.2083": [0, 0, 0]
					},
					"position": {
						"0.9583": [0, 0, 0],
						"3.2083": [0, 0, 0]
					}
				}
			}
		},
		"reload_empty": {
			"animation_length": 4.1667,
			"bones": {
				"lefthand_pos": {
					"rotation": [90, 0, 0],
					"position": [6, -3, 27],
					"scale": [1, 1.5, 1]
				},
				"righthand_pos": {
					"rotation": {
						"0.0": [106.0129, 37.15855, 25.41377],
						"0.25": [106.01, 37.16, 25.41],
						"0.5": [87.45791, 62.14603, 24.06226],
						"0.625": [87.45791, 62.14603, 24.06226],
						"0.75": [97.45791, 62.14603, 24.06226],
						"0.9583": [97.46, 62.15, 24.06],
						"1.0417": [87.46, 62.15, 24.06],
						"1.25": [88.39953, 42.16213, 25.23168],
						"1.4583": [88.16727, 49.65879, 24.90901],
						"2.7083": [88.16727, 49.65879, 24.90901],
						"2.9167": [88.39953, 42.16213, 25.23168],
						"3.125": [87.46, 62.15, 24.06],
						"3.2083": [97.46, 62.15, 24.06],
						"3.4167": [97.45791, 62.14603, 24.06226],
						"3.5417": [87.45791, 62.14603, 24.06226],
						"3.6667": [87.45791, 62.14603, 24.06226],
						"3.9167": [106.01, 37.16, 25.41]
					},
					"position": {
						"0.0": [7, 1, 9],
						"0.25": [7, 1, 9],
						"0.5": [11, 1, 11],
						"0.625": [11, 1, 11],
						"0.75": [10, 4, 12],
						"0.875": [13, 3, 12],
						"0.9583": [13, 3, 12],
						"1.0417": [14, -1, 12],
						"1.25": [14, -1, 12],
						"1.4583": [12, -12, 12],
						"2.7083": [12, -12, 12],
						"2.9167": [14, -1, 12],
						"3.125": [14, -1, 12],
						"3.2083": [13, 3, 12],
						"3.2917": [13, 3, 12],
						"3.4167": [10, 4, 12],
						"3.5417": [11, 1, 11],
						"3.6667": [11, 1, 11],
						"3.9167": [7, 1, 9]
					},
					"scale": [1, 1.5, 1]
				},
				"root": {
					"rotation": {
						"0.0": [0, 0, 0],
						"0.375": [5, -5, 0],
						"3.7917": [5, -5, 0],
						"4.1667": [0, 0, 0]
					},
					"position": {
						"0.0": [0, 0, 0],
						"0.375": [0, 0, -2],
						"3.7917": [0, 0, -2],
						"4.1667": [0, 0, 0]
					}
				},
				"cap": {
					"rotation": {
						"0.625": [0, 0, 0],
						"0.75": [0, 0, -90],
						"3.4167": [0, 0, -90],
						"3.5417": [0, 0, 0]
					},
					"position": {
						"0.625": [0, 0, 0],
						"3.5417": [0, 0, 0]
					}
				},
				"lefthand_n_mag": {
					"rotation": {
						"1.5417": [0, 0, 0],
						"2.7083": [0, 0, 0]
					},
					"position": {
						"1.5417": [0, 0, 0],
						"1.625": [0, -2, 0],
						"2.0": [16, -32, 12],
						"2.25": [16, -32, 12],
						"2.625": [0, -2, 0],
						"2.7083": [0, 0, 0]
					}
				},
				"chain_anim": {
					"rotation": {
						"0.9583": [0, 0, 0],
						"1.0417": [0, 0, 20],
						"3.125": [0, 0, 20],
						"3.2083": [0, 0, 0]
					},
					"position": {
						"0.9583": [0, 0, 0],
						"3.2083": [0, 0, 0]
					},
					"scale": {
						"0.0": [0, 0, 0],
						"1.9583": [0, 0, 0],
						"2.0": [1, 1, 1]
					}
				},
				"mag_cap": {
					"rotation": {
						"0.0": [0, 0, -52.5],
						"1.9583": [0, 0, -52.5],
						"2.0": [0, 0, 0]
					}
				},
				"mag_cap2": {
					"rotation": {
						"0.0": [0, 0, -52.5],
						"1.9583": [0, 0, -52.5],
						"2.0": [0, 0, 0]
					}
				},
				"mag_cap3": {
					"rotation": {
						"0.0": [0, 0, -52.5],
						"1.9583": [0, 0, -52.5],
						"2.0": [0, 0, 0]
					}
				},
				"mag_cap4": {
					"rotation": {
						"0.0": [0, 0, -52.5],
						"1.9583": [0, 0, -52.5],
						"2.0": [0, 0, 0]
					}
				}
			}
		},
		"inspect": {
			"animation_length": 6.5,
			"bones": {
				"lefthand_pos": {
					"rotation": [90, 0, 0],
					"position": [6, -3, 27],
					"scale": [1, 1.5, 1]
				},
				"righthand_pos": {
					"rotation": {
						"0.0": [106.0129, 37.15855, 25.41377],
						"3.25": [106.01, 37.16, 25.41],
						"3.5": [87.45791, 62.14603, 24.06226],
						"3.625": [87.45791, 62.14603, 24.06226],
						"3.75": [97.45791, 62.14603, 24.06226],
						"4.0": [97.45791, 62.14603, 24.06226],
						"5.5": [97.45791, 62.14603, 24.06226],
						"5.625": [87.45791, 62.14603, 24.06226],
						"5.75": [87.45791, 62.14603, 24.06226],
						"6.0": [106.01, 37.16, 25.41]
					},
					"position": {
						"0.0": [7, 1, 9],
						"3.25": [7, 1, 9],
						"3.5": [11, 1, 11],
						"3.625": [11, 1, 11],
						"3.75": [10, 4, 12],
						"4.0": [10, 4, 12],
						"4.5": [35, -9, 19],
						"5.0": [35, -9, 19],
						"5.5": [10, 4, 12],
						"5.625": [11, 1, 11],
						"5.75": [11, 1, 11],
						"6.0": [7, 1, 9]
					},
					"scale": [1, 1.5, 1]
				},
				"root": {
					"rotation": {
						"0.0": [0, 0, 0],
						"0.375": [-12.5, -35, 0],
						"0.75": [-12.5, -35, 0],
						"1.375": [4.09328, -59.96226, -2.11049],
						"2.125": [4.09328, -59.96226, -2.11049],
						"2.75": [-12.5, -35, 0],
						"3.125": [7.5, -17.5, 0],
						"6.125": [7.5, -17.5, 0],
						"6.5": [0, 0, 0]
					},
					"position": {
						"0.0": [0, 0, 0],
						"0.375": [0, 0, -2],
						"0.75": [0, 0, -2],
						"1.375": [6, 0, -2],
						"2.125": [6, 0, -2],
						"2.75": [0, 0, -2],
						"6.125": [0, 0, -2],
						"6.5": [0, 0, 0]
					}
				},
				"cap": {
					"rotation": {
						"3.625": [0, 0, 0],
						"3.75": [0, 0, -90],
						"5.5": [0, 0, -90],
						"5.625": [0, 0, 0]
					}
				}
			}
		},
		"inspect_empty": {
			"animation_length": 6.5,
			"bones": {
				"lefthand_pos": {
					"rotation": [90, 0, 0],
					"position": [6, -3, 27],
					"scale": [1, 1.5, 1]
				},
				"righthand_pos": {
					"rotation": {
						"0.0": [106.0129, 37.15855, 25.41377],
						"3.25": [106.01, 37.16, 25.41],
						"3.5": [87.45791, 62.14603, 24.06226],
						"3.625": [87.45791, 62.14603, 24.06226],
						"3.75": [97.45791, 62.14603, 24.06226],
						"4.0": [97.45791, 62.14603, 24.06226],
						"5.5": [97.45791, 62.14603, 24.06226],
						"5.625": [87.45791, 62.14603, 24.06226],
						"5.75": [87.45791, 62.14603, 24.06226],
						"6.0": [106.01, 37.16, 25.41]
					},
					"position": {
						"0.0": [7, 1, 9],
						"3.25": [7, 1, 9],
						"3.5": [11, 1, 11],
						"3.625": [11, 1, 11],
						"3.75": [10, 4, 12],
						"4.0": [10, 4, 12],
						"4.5": [35, -9, 19],
						"5.0": [35, -9, 19],
						"5.5": [10, 4, 12],
						"5.625": [11, 1, 11],
						"5.75": [11, 1, 11],
						"6.0": [7, 1, 9]
					},
					"scale": [1, 1.5, 1]
				},
				"root": {
					"rotation": {
						"0.0": [0, 0, 0],
						"0.375": [-12.5, -35, 0],
						"0.75": [-12.5, -35, 0],
						"1.375": [4.09328, -59.96226, -2.11049],
						"2.125": [4.09328, -59.96226, -2.11049],
						"2.75": [-12.5, -35, 0],
						"3.125": [7.5, -17.5, 0],
						"6.125": [7.5, -17.5, 0],
						"6.5": [0, 0, 0]
					},
					"position": {
						"0.0": [0, 0, 0],
						"0.375": [0, 0, -2],
						"0.75": [0, 0, -2],
						"1.375": [6, 0, -2],
						"2.125": [6, 0, -2],
						"2.75": [0, 0, -2],
						"6.125": [0, 0, -2],
						"6.5": [0, 0, 0]
					}
				},
				"cap": {
					"rotation": {
						"3.625": [0, 0, 0],
						"3.75": [0, 0, -90],
						"5.5": [0, 0, -90],
						"5.625": [0, 0, 0]
					}
				},
				"mag_cap": {
					"rotation": [0, 0, -52.5]
				},
				"mag_cap2": {
					"rotation": [0, 0, -52.5]
				},
				"mag_cap3": {
					"rotation": [0, 0, -52.5]
				},
				"mag_cap4": {
					"rotation": [0, 0, -52.5]
				},
				"chain_anim": {
					"scale": 0
				}
			}
		}
	}
}