{
	"format_version": "1.8.0",
	"animations": {
		"static_idle": {
			"animation_length": 0.0417,
			"bones": {
				"lefthand_pos": {
					"rotation": [90, -30, 0],
					"position": [-3, -3, 34],
					"scale": [1, 1.5, 1]
				},
				"righthand_pos": {
					"rotation": [90, 30, 0],
					"position": [4, -3, 19],
					"scale": [1, 1.5, 1]
				},
				"constraint": {
					"rotation": [0.2, 0.15, 0.2],
					"position": [0.1, 0.1, 0.4]
				}
			}
		},
		"shoot": {
			"animation_length": 0.75,
			"bones": {
				"root": {
					"rotation": {
						"0.0": {
							"post": [0, 0, 0],
							"lerp_mode": "catmullrom"
						},
						"0.0417": {
							"post": [0.24839, 0.0283, -6.49994],
							"lerp_mode": "catmullrom"
						},
						"0.0833": {
							"post": [-2.16351, -0.12391, -1.41431],
							"lerp_mode": "catmullrom"
						},
						"0.1667": {
							"post": [-0.9984, 0.06651, 0.74977],
							"lerp_mode": "catmullrom"
						},
						"0.25": {
							"post": [0.37499, -0.00327, 0.24998],
							"lerp_mode": "catmullrom"
						},
						"0.4167": {
							"post": [-0.135, 0, -0.18],
							"lerp_mode": "catmullrom"
						},
						"0.5417": {
							"post": [0.125, 0, 0],
							"lerp_mode": "catmullrom"
						},
						"0.6667": {
							"post": [0, 0, 0],
							"lerp_mode": "catmullrom"
						}
					},
					"position": {
						"0.0": {
							"post": [0, 0, 0],
							"lerp_mode": "catmullrom"
						},
						"0.0417": {
							"post": [0, -0.3, 1.65],
							"lerp_mode": "catmullrom"
						},
						"0.0833": {
							"post": [0, 0.075, 1.455],
							"lerp_mode": "catmullrom"
						},
						"0.125": {
							"post": [0, 0.0375, -0.325],
							"lerp_mode": "catmullrom"
						},
						"0.25": {
							"post": [0, -0.0625, -0.075],
							"lerp_mode": "catmullrom"
						},
						"0.375": {
							"post": [0, -0.0625, 0.03125],
							"lerp_mode": "catmullrom"
						},
						"0.5417": {
							"post": [0, 0, 0],
							"lerp_mode": "catmullrom"
						},
						"0.6667": {
							"post": [0, 0, 0],
							"lerp_mode": "catmullrom"
						}
					}
				},
				"bolt": {
					"position": {
						"0.0": [0, 0, 0],
						"0.0833": [0, 0, 4],
						"0.1667": [0, 0, 0]
					}
				},
				"constraint": {
					"rotation": [0.2, 0.15, 0.2],
					"position": [0.1, 0.1, 0.4]
				}
			}
		},
		"draw": {
			"animation_length": 0.75,
			"bones": {
				"lefthand_pos": {
					"rotation": [90, -30, 0],
					"position": [-3, -3, 34],
					"scale": [1, 1.5, 1]
				},
				"righthand_pos": {
					"rotation": [90, 30, 0],
					"position": [4, -3, 19],
					"scale": [1, 1.5, 1]
				},
				"root": {
					"rotation": {
						"0.0": {
							"post": [0, -35, 57.5],
							"lerp_mode": "catmullrom"
						},
						"0.1667": {
							"post": [2.7348, -8.92512, 37.89727],
							"lerp_mode": "catmullrom"
						},
						"0.3333": {
							"post": [0.64547, -1.47247, 6.10117],
							"lerp_mode": "catmullrom"
						},
						"0.4167": {
							"post": [1.37749, -0.08367, -1.55166],
							"lerp_mode": "catmullrom"
						},
						"0.5": {
							"post": [-0.45456, -0.10457, 0.82333],
							"lerp_mode": "catmullrom"
						},
						"0.5833": [-0.065, -0.44, -0.27],
						"0.7083": [0, 0, 0]
					},
					"position": {
						"0.0": {
							"post": [0, -8, 2],
							"lerp_mode": "catmullrom"
						},
						"0.1667": {
							"post": [-0.14, -2.41, -0.195],
							"lerp_mode": "catmullrom"
						},
						"0.25": {
							"post": [-0.22, -0.29, -1.425],
							"lerp_mode": "catmullrom"
						},
						"0.3333": {
							"post": [-0.125, -0.385, -1.975],
							"lerp_mode": "catmullrom"
						},
						"0.4167": {
							"post": [0, -0.305, 0.05],
							"lerp_mode": "catmullrom"
						},
						"0.5417": {
							"post": [0.05, 0, -0.15],
							"lerp_mode": "catmullrom"
						},
						"0.625": {
							"post": [-0.025, 0, 0.05],
							"lerp_mode": "catmullrom"
						},
						"0.75": {
							"post": [0, 0, 0],
							"lerp_mode": "catmullrom"
						}
					}
				},
				"constraint": {
					"rotation": [0.2, 0.15, 0.2],
					"position": [0.1, 0.1, 0.4]
				}
			}
		},
		"put_away": {
			"animation_length": 0.5,
			"bones": {
				"lefthand_pos": {
					"rotation": [90, -30, 0],
					"position": [-3, -3, 34],
					"scale": [1, 1.5, 1]
				},
				"righthand_pos": {
					"rotation": [90, 30, 0],
					"position": [4, -3, 19],
					"scale": [1, 1.5, 1]
				},
				"root": {
					"rotation": {
						"0.0": {
							"post": [0, 0, 0],
							"lerp_mode": "catmullrom"
						},
						"0.0833": {
							"post": [-0.51171, -3.6801, -4.19401],
							"lerp_mode": "catmullrom"
						},
						"0.1667": {
							"post": [4.36882, -11.73179, -10.29382],
							"lerp_mode": "catmullrom"
						},
						"0.25": {
							"post": [16.99835, -17.70783, -19.61271],
							"lerp_mode": "catmullrom"
						},
						"0.3333": {
							"post": [22.5, -27.4, -9.02],
							"lerp_mode": "catmullrom"
						},
						"0.4167": {
							"post": [38.74, -37.82, -13.36],
							"lerp_mode": "catmullrom"
						},
						"0.5": {
							"post": [41.63144, -43.03195, -6.26572],
							"lerp_mode": "catmullrom"
						}
					},
					"position": {
						"0.0": {
							"post": [0, 0, 0],
							"lerp_mode": "catmullrom"
						},
						"0.0833": {
							"post": [-0.45, -0.49, 0.28],
							"lerp_mode": "catmullrom"
						},
						"0.1667": {
							"post": [-0.67, -1.47, 0.34],
							"lerp_mode": "catmullrom"
						},
						"0.25": {
							"post": [-0.435, -3.245, 0.06],
							"lerp_mode": "catmullrom"
						},
						"0.3333": {
							"post": [0.22, -5.38, -0.15],
							"lerp_mode": "catmullrom"
						},
						"0.4167": {
							"post": [1.49, -9.585, -0.36],
							"lerp_mode": "catmullrom"
						},
						"0.5": {
							"post": [1.49, -14.585, -1.11],
							"lerp_mode": "catmullrom"
						}
					}
				},
				"constraint": {
					"rotation": [0.2, 0.15, 0.2],
					"position": [0.1, 0.1, 0.4]
				}
			}
		},
		"reload_tactical": {
			"animation_length": 1.6667,
			"bones": {
				"lefthand_pos": {
					"rotation": [90, -30, 0],
					"position": [-3, -3, 34],
					"scale": [1, 1.5, 1]
				},
				"righthand_pos": {
					"rotation": {
						"0.0": [90, 30, 0],
						"1.6667": [90, 30, 0]
					},
					"position": {
						"0.0": [4, -3, 19],
						"0.25": [3, -6, 25],
						"1.4167": [3, -6, 25],
						"1.6667": [4, -3, 19]
					},
					"scale": {
						"0.0": [1, 1.5, 1],
						"1.6667": [1, 1.5, 1]
					}
				},
				"root": {
					"rotation": {
						"0.0": [0, 0, 0],
						"0.25": [-15, -30, -30],
						"1.4167": [-15, -30, -30],
						"1.6667": [0, 0, 0]
					},
					"position": {
						"0.0": [0, 0, 0],
						"0.25": [0, 0, -7],
						"1.4167": [0, 0, -7],
						"1.6667": [0, 0, 0]
					},
					"scale": {
						"0.0": [1, 1, 1],
						"1.6667": [1, 1, 1]
					}
				},
				"lefthand_n_mag": {
					"rotation": {
						"0.25": [0, 0, 0],
						"1.4167": [0, 0, 0]
					},
					"position": {
						"0.25": [0, 0, 0],
						"0.3333": [0, -2, 0],
						"0.8333": [16, -6, 28],
						"1.3333": [0, -2, 0],
						"1.4167": [0, 0, 0]
					}
				},
				"constraint": {
					"rotation": [0.2, 0.15, 0.2],
					"position": [0.1, 0.1, 0.4]
				}
			}
		},
		"reload_empty": {
			"animation_length": 2.25,
			"bones": {
				"lefthand_pos": {
					"rotation": {
						"0.0": [90, -30, 0],
						"2.25": [90, -30, 0]
					},
					"position": {
						"0.0": [-3, -3, 34],
						"0.25": [-3, -5, 26],
						"0.3333": [-3, -7, 26],
						"0.8333": [-23, -14, 34],
						"1.3333": [-3, -7, 26],
						"1.4167": [-3, -5, 26],
						"1.6667": [-4, -2, 23],
						"1.8333": [-4, -2, 27],
						"1.9167": [-4, -2, 29],
						"2.0": [-4, -2, 29],
						"2.25": [-3, -3, 34]
					},
					"scale": {
						"0.0": [1, 1.5, 1],
						"2.25": [1, 1.5, 1]
					}
				},
				"righthand_pos": {
					"rotation": [90, 30, 0],
					"position": [4, -3, 19],
					"scale": [1, 1.5, 1]
				},
				"root": {
					"rotation": {
						"0.0": [0, 0, 0],
						"0.25": [-15, 30, 30],
						"2.0": [-15, 30, 30],
						"2.25": [0, 0, 0]
					},
					"position": {
						"0.0": [0, 0, 0],
						"0.25": [0, 0, -7],
						"2.0": [0, 0, -7],
						"2.25": [0, 0, 0]
					},
					"scale": {
						"0.0": [1, 1, 1],
						"2.25": [1, 1, 1]
					}
				},
				"bolt": {
					"position": {
						"1.6667": [0, 0, 0],
						"1.8333": [0, 0, 4],
						"1.9167": [0, 0, 0]
					}
				},
				"magazine": {
					"position": {
						"0.0": [0, 0, 0],
						"0.25": [0, 0, 0],
						"0.3333": [0, -2, 0],
						"0.8333": [-20, -9, 8],
						"1.3333": [0, -2, 0],
						"1.4167": [0, 0, 0]
					}
				},
				"bullet_in_mag": {
					"scale": {
						"0.0": [0, 0, 0],
						"0.8333": [1, 1, 1]
					}
				},
				"constraint": {
					"rotation": [0.2, 0.15, 0.2],
					"position": [0.1, 0.1, 0.4]
				}
			}
		},
		"inspect": {
			"animation_length": 6.375,
			"bones": {
				"lefthand_pos": {
					"rotation": [90, -30, 0],
					"position": [-3, -3, 34],
					"scale": [1, 1.5, 1]
				},
				"righthand_pos": {
					"rotation": [90, 30, 0],
					"position": [4, -3, 19],
					"scale": [1, 1.5, 1]
				},
				"root": {
					"rotation": {
						"0.0": [0, 0, 0],
						"0.375": [0, -60, -20],
						"1.0": [0, -60, -20],
						"1.5": [15, -60, -20],
						"2.25": [15, -60, -20],
						"2.875": [0, -60, -20],
						"3.625": [0, 60, 20],
						"4.25": [0, 60, 20],
						"4.75": [12.5, 60, 20],
						"5.5": [12.5, 60, 20],
						"6.0": [0, 60, 20],
						"6.375": [0, 0, 0]
					},
					"position": {
						"0.0": [0, 0, 0],
						"0.375": [0, 0, 0],
						"1.0": [0, 0, 0],
						"1.5": [9, 0, -2],
						"2.25": [9, 0, -2],
						"2.875": [0, 0, 0],
						"3.625": [0, 0, 0],
						"4.25": [0, 0, 0],
						"4.75": [-4, 0, -2],
						"5.5": [-4, 0, -2],
						"6.0": [0, 0, 0],
						"6.375": [0, 0, 0]
					}
				},
				"constraint": {
					"rotation": [0.2, 0.15, 0.2],
					"position": [0.1, 0.1, 0.4]
				}
			}
		},
		"inspect_empty": {
			"animation_length": 6.375,
			"bones": {
				"lefthand_pos": {
					"rotation": [90, -30, 0],
					"position": [-3, -3, 34],
					"scale": [1, 1.5, 1]
				},
				"righthand_pos": {
					"rotation": [90, 30, 0],
					"position": [4, -3, 19],
					"scale": [1, 1.5, 1]
				},
				"root": {
					"rotation": {
						"0.0": [0, 0, 0],
						"0.375": [0, -60, -20],
						"1.0": [0, -60, -20],
						"1.5": [15, -60, -20],
						"2.25": [15, -60, -20],
						"2.875": [0, -60, -20],
						"3.625": [0, 60, 20],
						"4.25": [0, 60, 20],
						"4.75": [12.5, 60, 20],
						"5.5": [12.5, 60, 20],
						"6.0": [0, 60, 20],
						"6.375": [0, 0, 0]
					},
					"position": {
						"0.0": [0, 0, 0],
						"0.375": [0, 0, 0],
						"1.0": [0, 0, 0],
						"1.5": [9, 0, -2],
						"2.25": [9, 0, -2],
						"2.875": [0, 0, 0],
						"3.625": [0, 0, 0],
						"4.25": [0, 0, 0],
						"4.75": [-4, 0, -2],
						"5.5": [-4, 0, -2],
						"6.0": [0, 0, 0],
						"6.375": [0, 0, 0]
					}
				},
				"bullet_in_mag": {
					"scale": 0
				},
				"constraint": {
					"rotation": [0.2, 0.15, 0.2],
					"position": [0.1, 0.1, 0.4]
				}
			}
		}
	}
}