{
	"format_version": "1.8.0",
	"animations": {
		"static_idle": {
			"animation_length": 0.0417,
			"bones": {
				"lefthand_pos": {
					"rotation": [90, -30, 0],
					"position": [-1, -1, 17]
				},
				"righthand_pos": {
					"rotation": [70, 45, 0],
					"position": [6, -2, 5]
				},
				"constraint": {
					"rotation": [0.2, 0.2, 0.2],
					"position": [0.2, 0.2, 0.2]
				},
				"root": {
					"rotation": [0, 0, 0],
					"position": [0, 0, 0]
				}
			}
		},
		"bolt": {
			"animation_length": 0.125,
			"bones": {
				"lefthand_pos": {
					"rotation": [90, -30, 0],
					"position": [-1, -1, 17]
				},
				"righthand_pos": {
					"rotation": {
						"0.0": [70, 45, 0],
						"0.0625": [70, 45, 0],
						"0.125": [70, 45, 0]
					},
					"position": {
						"0.0": [6, -2, 5],
						"0.0625": [6, -2, 8.5],
						"0.125": [6, -2, 5]
					}
				},
				"bolt": {
					"position": {
						"0.0": [0, 0, 0],
						"0.0625": [0, 0, 3.5],
						"0.125": [0, 0, 0]
					}
				}
			}
		},
		"shoot": {
			"loop": true,
			"animation_length": 0.1875,
			"bones": {
				"root": {
					"position": {
						"0.0": [0, 0, 0],
						"0.125": [0, 0, 3],
						"0.1875": [0, 0, 0]
					}
				},
				"constraint": {
					"rotation": {
						"0.0": [0.23, 0.23, 0.23],
						"0.125": [0, 0, 0]
					},
					"position": {
						"0.0": [0.23, 0.23, 0.23],
						"0.125": [0, 0, 0]
					}
				}
			}
		},
		"inspect": {
			"animation_length": 6,
			"bones": {
				"lefthand_pos": {
					"rotation": [90, -30, 0],
					"position": [-1, -1, 17]
				},
				"righthand_pos": {
					"rotation": {
						"0.0": [70, 45, 0],
						"0.25": [70, 45, 0],
						"6.0": [70, 45, 0]
					},
					"position": {
						"0.0": [6, -2, 5],
						"0.25": [6, -2, 5],
						"0.5": [6, -2, 8.5],
						"2.25": [6, -2, 8.5],
						"2.3333": [6, -2, 10.5],
						"2.5": [6, -2, 10.5],
						"3.0": [6, -22, 36.5],
						"5.75": [6, -22, 36.5],
						"6.0": [6, -2, 5]
					}
				},
				"root": {
					"rotation": {
						"0.0": [0, 0, 0],
						"0.25": [-16.76281, 24.70976, 34.58683],
						"0.875": [-16.76281, 24.70976, 34.58683],
						"1.125": [-19.26281, 24.70976, 34.58683],
						"1.625": [-19.26281, 24.70976, 34.58683],
						"1.875": [-16.76281, 24.70976, 34.58683],
						"2.5": [-16.76281, 24.70976, 34.58683],
						"3.0": [-12.5, -20, -40],
						"3.5": [-12.5, -20, -40],
						"4.0": [9.73243, -39.43254, -34.50015],
						"4.75": [9.73243, -39.43254, -34.50015],
						"5.25": [-12.5, -20, -40],
						"5.75": [-12.5, -20, -40],
						"6.0": [0, 0, 0]
					},
					"position": {
						"0.0": [0, 0, 0],
						"0.25": [0, 0, -3],
						"2.5": [0, 0, -3],
						"3.0": [2, 1, -2],
						"3.5": [2, 1, -2],
						"4.0": [2, 2, -3],
						"4.75": [2, 2, -3],
						"5.25": [2, 1, -2],
						"5.75": [2, 1, -2],
						"6.0": [0, 0, 0]
					}
				},
				"bolt": {
					"position": {
						"0.25": [0, 0, 0],
						"0.5": [0, 0, 3.5],
						"2.25": [0, 0, 3.5],
						"2.3333": [0, 0, 0]
					}
				},
				"constraint": {
					"rotation": [0.2, 0.2, 0.2],
					"position": [0.2, 0.2, 0.2]
				}
			}
		},
		"inspect_empty": {
			"animation_length": 6,
			"bones": {
				"lefthand_pos": {
					"rotation": [90, -30, 0],
					"position": [-1, -1, 17]
				},
				"righthand_pos": {
					"rotation": {
						"0.0": [70, 45, 0],
						"0.25": [70, 45, 0],
						"6.0": [70, 45, 0]
					},
					"position": {
						"0.0": [6, -2, 5],
						"0.25": [6, -2, 5],
						"0.5": [6, -2, 8.5],
						"2.25": [6, -2, 8.5],
						"2.3333": [6, -2, 10.5],
						"2.5": [6, -2, 10.5],
						"3.0": [6, -22, 36.5],
						"5.75": [6, -22, 36.5],
						"6.0": [6, -2, 5]
					}
				},
				"root": {
					"rotation": {
						"0.0": [0, 0, 0],
						"0.25": [-16.76281, 24.70976, 34.58683],
						"0.875": [-16.76281, 24.70976, 34.58683],
						"1.125": [-19.26281, 24.70976, 34.58683],
						"1.625": [-19.26281, 24.70976, 34.58683],
						"1.875": [-16.76281, 24.70976, 34.58683],
						"2.5": [-16.76281, 24.70976, 34.58683],
						"3.0": [-12.5, -20, -40],
						"3.5": [-12.5, -20, -40],
						"4.0": [9.73243, -39.43254, -34.50015],
						"4.75": [9.73243, -39.43254, -34.50015],
						"5.25": [-12.5, -20, -40],
						"5.75": [-12.5, -20, -40],
						"6.0": [0, 0, 0]
					},
					"position": {
						"0.0": [0, 0, 0],
						"0.25": [0, 0, -3],
						"2.5": [0, 0, -3],
						"3.0": [2, 1, -2],
						"3.5": [2, 1, -2],
						"4.0": [2, 2, -3],
						"4.75": [2, 2, -3],
						"5.25": [2, 1, -2],
						"5.75": [2, 1, -2],
						"6.0": [0, 0, 0]
					}
				},
				"bolt": {
					"position": {
						"0.25": [0, 0, 0],
						"0.5": [0, 0, 3.5],
						"2.25": [0, 0, 3.5],
						"2.3333": [0, 0, 0]
					}
				},
				"bullet_in_mag": {
					"scale": 0
				},
				"constraint": {
					"rotation": [0.2, 0.2, 0.2],
					"position": [0.2, 0.2, 0.2]
				}
			}
		},
		"reload_tactical": {
			"animation_length": 1.5,
			"bones": {
				"lefthand_pos": {
					"rotation": [90, -30, 0],
					"position": [-1, -1, 17]
				},
				"righthand_pos": {
					"rotation": {
						"0.0": [70, 45, 0],
						"1.5": [70, 45, 0]
					},
					"position": {
						"0.0": [6, -2, 5],
						"0.25": [3, -7, 7],
						"1.25": [3, -7, 7],
						"1.5": [6, -2, 5]
					}
				},
				"root": {
					"rotation": {
						"0.0": [0, 0, 0],
						"0.25": [0, -17.5, -17.5],
						"1.25": [0, -17.5, -17.5],
						"1.5": [0, 0, 0]
					},
					"position": {
						"0.0": [0, 0, 0],
						"0.25": [0, 0, -2],
						"1.25": [0, 0, -2],
						"1.5": [0, 0, 0]
					}
				},
				"righthand_n_mag": {
					"position": {
						"0.25": [0, 0, 0],
						"0.3333": [0, -3, 0],
						"0.75": [29, -26, 28],
						"1.1667": [0, -3, 0],
						"1.25": [0, 0, 0]
					}
				},
				"constraint": {
					"rotation": [0.25, 0.25, 0.25],
					"position": [0.25, 0.25, 0.25]
				}
			}
		},
		"reload_empty": {
			"animation_length": 2.125,
			"bones": {
				"lefthand_pos": {
					"rotation": {
						"0.0": [90, -30, 0],
						"0.5": [90, -30, 0],
						"2.0": [90, -30, 0]
					},
					"position": {
						"0.0": [-1, -1, 17],
						"0.5": [-1, -1, 17],
						"0.75": [-1, -4, 9],
						"0.8333": [-1, -7, 9],
						"1.25": [-16, -32, 10],
						"1.6667": [-1, -7, 9],
						"1.75": [-1, -4, 9],
						"2.0": [-1, -1, 17]
					}
				},
				"righthand_pos": {
					"rotation": {
						"0.0": [70, 45, 0],
						"0.25": [70, 45, 0],
						"1.875": [70, 45, 0]
					},
					"position": {
						"0.0": [6, -2, 5],
						"0.25": [6, -2, 5],
						"0.375": [6, -2, 8.5],
						"1.75": [6, -2, 8.5],
						"1.875": [6, -2, 5]
					}
				},
				"root": {
					"rotation": {
						"0.0": [0, 0, 0],
						"0.25": [0, 20, 35],
						"1.875": [0, 20, 35],
						"2.125": [0, 0, 0]
					},
					"position": {
						"0.0": [0, 0, 0],
						"0.25": [0, 0, -2],
						"1.875": [0, 0, -2],
						"2.125": [0, 0, 0]
					}
				},
				"bolt": {
					"position": {
						"0.25": [0, 0, 0],
						"0.375": [0, 0, 3.5],
						"1.75": [0, 0, 3.5],
						"1.875": [0, 0, 0]
					}
				},
				"magazine": {
					"position": {
						"0.75": [0, 0, 0],
						"0.8333": [0, -3, 0],
						"1.2083": [0, -32, 0],
						"1.25": [-17, -28, 1],
						"1.6667": [0, -3, 0],
						"1.75": [0, 0, 0]
					}
				},
				"bullet_in_mag": {
					"scale": {
						"0.0": [0, 0, 0],
						"1.2083": [0, 0, 0],
						"1.25": [1, 1, 1]
					}
				},
				"constraint": {
					"rotation": [0.25, 0.25, 0.25],
					"position": [0.25, 0.25, 0.25]
				}
			}
		},
		"draw": {
			"animation_length": 0.6667,
			"bones": {
				"lefthand_pos": {
					"rotation": [90, -30, 0],
					"position": [-1, -1, 17]
				},
				"righthand_pos": {
					"rotation": [70, 45, 0],
					"position": [6, -2, 5]
				},
				"root": {
					"rotation": {
						"0.0": [0.41, -32.66, 32.03],
						"0.0833": [-0.85, -32.88, 26.12],
						"0.1667": [-1.54, -26.5, 17.61],
						"0.25": [-0.68, -15.46, 12.92],
						"0.3333": [0.23, -3.2, 6.78],
						"0.4167": [0.16, -0.89, 3.43],
						"0.5": [-0.01, -0.43, -0.76],
						"0.5833": [-0.01, -0.17, 0.96],
						"0.6667": [0, 0, 0]
					},
					"position": {
						"0.0": [-2.73, -4.98, 11.4],
						"0.0833": [-1.41, -3.19, 5.12],
						"0.1667": [-0.45, -1.53, 0.43],
						"0.25": [-0.25, -0.94, -0.49],
						"0.3333": [-0.03, -0.45, -0.5],
						"0.4167": [-0.02, -0.34, -0.02],
						"0.5": [-0.02, -0.12, 0.02],
						"0.5833": [-0.01, -0.02, -0.06],
						"0.6667": [0, 0, 0]
					}
				},
				"constraint": {
					"rotation": [0.2, 0.2, 0.2],
					"position": [0.2, 0.2, 0.2]
				}
			}
		},
		"put_away": {
			"animation_length": 0.5,
			"bones": {
				"lefthand_pos": {
					"rotation": [90, -30, 0],
					"position": [-1, -1, 17]
				},
				"righthand_pos": {
					"rotation": [70, 45, 0],
					"position": [6, -2, 5]
				},
				"root": {
					"rotation": {
						"0.0": [0, 0, 0],
						"0.0833": [-0.56, -1.34, -1.72],
						"0.1667": [1.37, -7.36, -7.72],
						"0.25": [9.01, -17.59, -7.69],
						"0.3333": [15.93, -23.2, -7.29],
						"0.4167": [28.11, -30.78, -10.78],
						"0.5": [38.74, -37.82, -13.36]
					},
					"position": {
						"0.0": [0, 0, 0],
						"0.0833": [-0.21, -0.18, 0.14],
						"0.1667": [-0.6, -0.94, 0.35],
						"0.25": [-0.61, -2.14, 0.17],
						"0.3333": [-0.27, -3.01, -0.02],
						"0.4167": [0.51, -4.5, -0.28],
						"0.5": [1.67, -5.76, -0.37]
					}
				},
				"constraint": {
					"rotation": [0.2, 0.2, 0.2],
					"position": [0.2, 0.2, 0.2]
				}
			}
		}
	}
}