{
	"format_version": "1.8.0",
	"animations": {
		"static_idle": {
			"loop": true,
			"bones": {
				"R": {
					"rotation": [105.72458, 13.50414, -173.23624],
					"position": [-6.8, -16.5, 10.7],
					"scale": [1, 1.5, 1]
				},
				"l": {
					"rotation": [73.88563, -28.98274, -105.42742],
					"position": [6.9, -16, -5.2],
					"scale": [1, 1.5, 1]
				},
				"bone2": {
					"rotation": [0, 0, 0],
					"position": [0, 0, 0]
				},
				"shell_ejection": {
					"scale": 0
				},
				"righthand": {
					"rotation": [105.72458, 13.50414, -173.23624],
					"position": [-6.8, -16.5, 10.7],
					"scale": [1, 1.5, 1]
				},
				"lefthand": {
					"rotation": [73.88563, -28.98274, -105.42742],
					"position": [6.9, -16, -5.2],
					"scale": [1, 1.5, 1]
				}
			}
		},
		"put_away": {
			"animation_length": 0.4167,
			"bones": {
				"R": {
					"rotation": [105.72458, 13.50414, -173.23624],
					"position": [-6.8, -16.5, 10.7],
					"scale": [1, 1.5, 1]
				},
				"l": {
					"rotation": [73.88563, -28.98274, -105.42742],
					"position": [6.9, -16, -5.2],
					"scale": [1, 1.5, 1]
				},
				"bone2": {
					"rotation": [0, 0, 0],
					"position": [0, 0, 0]
				},
				"shell_ejection": {
					"scale": 0
				},
				"righthand": {
					"rotation": [105.72458, 13.50414, -173.23624],
					"position": [-6.8, -16.5, 10.7],
					"scale": [1, 1.5, 1]
				},
				"lefthand": {
					"rotation": [73.88563, -28.98274, -105.42742],
					"position": [6.9, -16, -5.2],
					"scale": [1, 1.5, 1]
				},
				"root": {
					"rotation": {
						"0.0": {
							"post": [0, 0, 0],
							"lerp_mode": "catmullrom"
						},
						"0.0833": {
							"post": [-0.51171, -3.6801, -4.19401],
							"lerp_mode": "catmullrom"
						},
						"0.1667": {
							"post": [4.36882, -11.73179, -10.29382],
							"lerp_mode": "catmullrom"
						},
						"0.25": {
							"post": [11.60471, -21.56305, -3.66288],
							"lerp_mode": "catmullrom"
						},
						"0.3333": {
							"post": [16.97, -33.62, 3.38],
							"lerp_mode": "catmullrom"
						},
						"0.4167": {
							"post": [34.73, -44.04, -3.09],
							"lerp_mode": "catmullrom"
						}
					},
					"position": {
						"0.0": {
							"post": [0, 0, 0],
							"lerp_mode": "catmullrom"
						},
						"0.0833": {
							"post": [0, -0.49, -0.02],
							"lerp_mode": "catmullrom"
						},
						"0.1667": {
							"post": [-0.52, -1.47, -0.56],
							"lerp_mode": "catmullrom"
						},
						"0.25": {
							"post": [-0.36, -2.92, -0.84],
							"lerp_mode": "catmullrom"
						},
						"0.3333": {
							"post": [0.13, -5.86, -0.16],
							"lerp_mode": "catmullrom"
						},
						"0.4167": {
							"post": [1.72, -9.68, 0.16],
							"lerp_mode": "catmullrom"
						}
					}
				}
			}
		},
		"draw": {
			"loop": "hold_on_last_frame",
			"animation_length": 1,
			"bones": {
				"R": {
					"rotation": [105.72458, 13.50414, -173.23624],
					"position": [-6.8, -16.5, 10.7],
					"scale": [1, 1.5, 1]
				},
				"l": {
					"rotation": {
						"0.0": {
							"post": [51.84827, -2.96502, -68.61852],
							"lerp_mode": "catmullrom"
						},
						"0.25": {
							"post": [64.31957, -31.45581, -81.70831],
							"lerp_mode": "catmullrom"
						},
						"0.55": [74.84965, -28.81342, -105.4397],
						"0.65": [76.95092, -29.32318, -108.53217],
						"0.75": [73.88563, -28.98274, -105.42742]
					},
					"position": {
						"0.0": {
							"post": [6, -15, 0.5],
							"lerp_mode": "catmullrom"
						},
						"0.3": {
							"post": [6.5, -16, -2.5],
							"lerp_mode": "catmullrom"
						},
						"0.6": [6.875, -16, -5.2],
						"0.7": [6.9, -16, -5.2],
						"0.75": [6.9, -16, -5.2]
					},
					"scale": [1, 1.5, 1]
				},
				"bone2": {
					"rotation": {
						"0.0": {
							"post": [-103.12, 0, 0],
							"lerp_mode": "catmullrom"
						},
						"0.1": {
							"post": [-91.33, -14.34, -0.55],
							"lerp_mode": "catmullrom"
						},
						"0.2": {
							"post": [-76.6, -14.49, -2.98],
							"lerp_mode": "catmullrom"
						},
						"0.3": {
							"post": [-49.98, -8.63, -1.82],
							"lerp_mode": "catmullrom"
						},
						"0.5": {
							"post": [0, 0, 7.5],
							"lerp_mode": "catmullrom"
						},
						"0.6": {
							"post": [3.30992, 0.49018, -1.87167],
							"lerp_mode": "catmullrom"
						},
						"0.7": {
							"post": [0.98628, -0.20008, 1.69645],
							"lerp_mode": "catmullrom"
						},
						"0.8": {
							"post": [0, 0, -0.4],
							"lerp_mode": "catmullrom"
						},
						"0.9": [0, 0, 0]
					},
					"position": {
						"0.0": {
							"post": [-9, -36, 2],
							"lerp_mode": "catmullrom"
						},
						"0.1": [-5.01, -17.52, -3.2],
						"0.2": [-2.9, -11.93, -3.99],
						"0.35": [-0.25, -2.46, -2.03],
						"0.5": {
							"pre": [0, -0.6, 0.3],
							"post": [0, -0.6, 0.3],
							"lerp_mode": "catmullrom"
						},
						"0.6": {
							"post": [0, 0.03, 0.4],
							"lerp_mode": "catmullrom"
						},
						"0.7": {
							"post": [0, 0, -0.2],
							"lerp_mode": "catmullrom"
						},
						"0.8": {
							"post": [0, -0.1, -0.18],
							"lerp_mode": "catmullrom"
						},
						"0.95": [0, 0, 0]
					}
				},
				"root": {
					"rotation": {
						"0.0": {
							"post": [-103.12, 0, 0],
							"lerp_mode": "catmullrom"
						},
						"0.1": {
							"post": [-91.33, -14.34, -0.55],
							"lerp_mode": "catmullrom"
						},
						"0.2": {
							"post": [-76.6, -14.49, -2.98],
							"lerp_mode": "catmullrom"
						},
						"0.3": {
							"post": [-49.98, -8.63, -1.82],
							"lerp_mode": "catmullrom"
						},
						"0.5": {
							"post": [0, 0, 7.5],
							"lerp_mode": "catmullrom"
						},
						"0.6": {
							"post": [3.30992, 0.49018, -1.87167],
							"lerp_mode": "catmullrom"
						},
						"0.7": {
							"post": [0.98628, -0.20008, 1.69645],
							"lerp_mode": "catmullrom"
						},
						"0.8": {
							"post": [0, 0, -0.4],
							"lerp_mode": "catmullrom"
						},
						"0.9": [0, 0, 0]
					},
					"position": {
						"0.0": {
							"post": [-9, -36, 2],
							"lerp_mode": "catmullrom"
						},
						"0.1": [-5.01, -17.52, -3.2],
						"0.2": [-2.9, -11.93, -3.99],
						"0.35": [-0.25, -2.46, -2.03],
						"0.5": {
							"pre": [0, -0.6, 0.3],
							"post": [0, -0.6, 0.3],
							"lerp_mode": "catmullrom"
						},
						"0.6": {
							"post": [0, 0.03, 0.4],
							"lerp_mode": "catmullrom"
						},
						"0.7": {
							"post": [0, 0, -0.2],
							"lerp_mode": "catmullrom"
						},
						"0.8": {
							"post": [0, -0.1, -0.18],
							"lerp_mode": "catmullrom"
						},
						"0.95": [0, 0, 0]
					}
				},
				"shell_ejection": {
					"scale": 0
				},
				"righthand": {
					"rotation": [105.72458, 13.50414, -173.23624],
					"position": [-6.8, -16.5, 10.7],
					"scale": [1, 1.5, 1]
				},
				"lefthand": {
					"rotation": {
						"0.0": {
							"post": [51.84827, -2.96502, -68.61852],
							"lerp_mode": "catmullrom"
						},
						"0.25": {
							"post": [64.31957, -31.45581, -81.70831],
							"lerp_mode": "catmullrom"
						},
						"0.55": [74.84965, -28.81342, -105.4397],
						"0.65": [76.95092, -29.32318, -108.53217],
						"0.75": [73.88563, -28.98274, -105.42742]
					},
					"position": {
						"0.0": {
							"post": [6, -15, 0.5],
							"lerp_mode": "catmullrom"
						},
						"0.3": {
							"post": [6.5, -16, -2.5],
							"lerp_mode": "catmullrom"
						},
						"0.6": [6.875, -16, -5.2],
						"0.7": [6.9, -16, -5.2],
						"0.75": [6.9, -16, -5.2]
					},
					"scale": [1, 1.5, 1]
				},
				"camera": {
					"rotation": {
						"0.0": {
							"post": [0, 0, 0],
							"lerp_mode": "catmullrom"
						},
						"0.2": {
							"post": [-1.175, 0.325, -0.7],
							"lerp_mode": "catmullrom"
						},
						"0.4": {
							"post": [0.88, -0.025, -0.925],
							"lerp_mode": "catmullrom"
						},
						"0.6": {
							"post": [-0.245, 0.025, 0.175],
							"lerp_mode": "catmullrom"
						},
						"0.7": {
							"post": [0.15, 0, -0.2],
							"lerp_mode": "catmullrom"
						},
						"0.75": {
							"post": [0.02, 0, -0.08],
							"lerp_mode": "catmullrom"
						},
						"0.8": {
							"post": [-0.15, 0, 0.3],
							"lerp_mode": "catmullrom"
						},
						"0.9": {
							"post": [-0.06, 0, -0.205],
							"lerp_mode": "catmullrom"
						},
						"1.0": {
							"post": [0, 0, 0],
							"lerp_mode": "catmullrom"
						}
					}
				}
			},
			"sound_effects": {
				"0.0": {
					"effect": "classicr:m24/m24_draw"
				}
			}
		},
		"bolt": {
			"animation_length": 1.25,
			"bones": {
				"R": {
					"rotation": {
						"0.3": [105.72458, 13.50414, -173.23624],
						"0.35": [98.97941, 15.83239, -201.60568],
						"0.45": [106.89121, -1.64418, -159.50115],
						"0.5": [106.89121, -1.64418, -159.50115],
						"0.55": [106.89121, -1.64418, -159.50115],
						"0.65": [98.55788, -1.64418, -159.50115],
						"0.7": [125.89121, -1.64418, -159.50115],
						"0.8": [127.29121, -1.64418, -159.50115],
						"0.9": [108.65502, 0.87996, -167.79369],
						"0.95": [105.2916, 7.44503, -190.25619],
						"1.05": [105.2916, 7.44503, -190.25619],
						"1.15": [107.67645, 6.10514, -164.26959],
						"1.2": {
							"pre": [105.72458, 13.50414, -173.23624],
							"post": [105.72458, 13.50414, -173.23624],
							"lerp_mode": "catmullrom"
						}
					},
					"position": {
						"0.3": [-6.8, -16.5, 10.7],
						"0.35": [-8.77, -15.73, 9.6],
						"0.45": [-9.1, -13, 9.8],
						"0.5": [-9.1, -13, 9.8],
						"0.55": [-9.1, -12.8, 13],
						"0.65": [-9.3, -12.9, 12.4],
						"0.7": [-9.3, -12.9, 12.4],
						"0.8": [-9.3, -12.9, 9.3],
						"0.9": [-9.3, -12.9, 9.3],
						"0.95": [-8.7, -15.3, 10],
						"1.05": [-8.7, -15.3, 10],
						"1.15": {
							"pre": [-7.35155, -16.63993, 9.69],
							"post": [-7.35155, -16.63993, 9.69],
							"lerp_mode": "catmullrom"
						},
						"1.2": {
							"post": [-6.8, -16.5, 10.7],
							"lerp_mode": "catmullrom"
						}
					},
					"scale": [1, 1.5, 1]
				},
				"l": {
					"rotation": [73.88563, -28.98274, -105.42742],
					"position": [6.9, -16, -5.2],
					"scale": [1, 1.5, 1]
				},
				"bone2": {
					"rotation": {
						"0.3": [0, 0, 0],
						"0.35": [1, 0, 0.5],
						"0.4": [0, 0, 1],
						"0.5": [-2.59939, -0.0349, 0.7003],
						"0.6": {
							"pre": [-3.60015, 0.05239, 7.79893],
							"post": [-3.60015, 0.05239, 7.79893],
							"lerp_mode": "catmullrom"
						},
						"0.65": {
							"post": [-2.53582, 0.05106, 5.54953],
							"lerp_mode": "catmullrom"
						},
						"0.7": {
							"post": [-2.00022, 0.01494, 6.84988],
							"lerp_mode": "catmullrom"
						},
						"0.75": {
							"post": [-2.08454, -0.02935, 2.27953],
							"lerp_mode": "catmullrom"
						},
						"0.85": {
							"post": [-2.45396, -0.01199, 4.04605],
							"lerp_mode": "catmullrom"
						},
						"0.9": {
							"post": [-2.60035, -0.02, 3.8],
							"lerp_mode": "catmullrom"
						},
						"0.95": {
							"post": [-2.56011, 0.01351, 5.60972],
							"lerp_mode": "catmullrom"
						},
						"1.0": {
							"post": [-2.04989, -0.03309, 2.80009],
							"lerp_mode": "catmullrom"
						},
						"1.1": {
							"post": [-0.81, -0.02, 1.68],
							"lerp_mode": "catmullrom"
						},
						"1.15": {
							"post": [-0.10035, -0.02, 1.4],
							"lerp_mode": "catmullrom"
						},
						"1.25": [0, 0, 0]
					},
					"position": {
						"0.3": [0, 0, 0],
						"0.4": [0, 0.1, 0],
						"0.5": [0, -0.4, 0],
						"0.65": {
							"pre": [0, -0.6, 0.4],
							"post": [0, -0.6, 0.4],
							"lerp_mode": "catmullrom"
						},
						"0.7": {
							"post": [0, -0.6, 0.5],
							"lerp_mode": "catmullrom"
						},
						"0.75": {
							"post": [0, -0.59, 0.23],
							"lerp_mode": "catmullrom"
						},
						"0.9": {
							"post": [0, -0.6, 0.4],
							"lerp_mode": "catmullrom"
						},
						"0.95": {
							"post": [0, -0.4, 0.6],
							"lerp_mode": "catmullrom"
						},
						"1.05": {
							"post": [0, 0.01, 0.24],
							"lerp_mode": "catmullrom"
						},
						"1.15": {
							"post": [0, 0.08, 0.04],
							"lerp_mode": "catmullrom"
						},
						"1.25": {
							"post": [0, 0, 0],
							"lerp_mode": "catmullrom"
						}
					}
				},
				"m24_bolt": {
					"rotation": {
						"0.4": [0, 0, 0],
						"0.45": [0, 0, 55],
						"0.5": [0, 0, 52.5],
						"0.75": [0, 0, 52.5],
						"0.9": [0, 0, 54.5],
						"0.95": [0, 0, 0]
					},
					"position": {
						"0.4": [0, 0, 0],
						"0.5": [0, 0, 0],
						"0.55": [0, 0, 3.1],
						"0.65": [0, 0, 3],
						"0.7": [0, 0, 3],
						"0.75": [0, 0, 0]
					}
				},
				"762x51": {
					"rotation": {
						"0.5": [0, 0, 0],
						"0.8": [-205.17205, -52.4121, -208.72524],
						"1.0": [-513.42466, -60.34607, -106.4241]
					},
					"position": {
						"0.0": [0, 0, 0],
						"0.45": [0, 1.6, -3.8],
						"0.5": [0, 1.6, -0.8],
						"0.55": {
							"pre": [-3.44336, 3.02679, -0.59053],
							"post": [-3.44336, 3.02679, -0.59053],
							"lerp_mode": "catmullrom"
						},
						"0.6": {
							"post": [-7.79, 3.05, -0.69],
							"lerp_mode": "catmullrom"
						},
						"0.65": {
							"post": [-11.60901, 3.5183, -0.77324],
							"lerp_mode": "catmullrom"
						},
						"0.7": {
							"post": [-15.87193, 2.89956, -0.8209],
							"lerp_mode": "catmullrom"
						},
						"0.8": {
							"post": [-24.25, -0.93, -0.8],
							"lerp_mode": "catmullrom"
						},
						"0.95": {
							"post": [-33.2, -17, -0.8],
							"lerp_mode": "catmullrom"
						},
						"1.0": {
							"post": [-33.2, -17, -0.8],
							"lerp_mode": "catmullrom"
						},
						"1.05": {
							"post": [-4.2, -5, 17.2],
							"lerp_mode": "catmullrom"
						}
					}
				},
				"root": {
					"rotation": {
						"0.0": [0, 0, 0],
						"0.05": [1, 0, 0.5],
						"0.1": [0, 0, 1],
						"0.2": [-2.59939, -0.0349, 0.7003],
						"0.3": {
							"pre": [-3.60015, 0.05239, 7.79893],
							"post": [-3.60015, 0.05239, 7.79893],
							"lerp_mode": "catmullrom"
						},
						"0.35": {
							"post": [-2.53582, 0.05106, 5.54953],
							"lerp_mode": "catmullrom"
						},
						"0.4": {
							"post": [-2.00022, 0.01494, 6.84988],
							"lerp_mode": "catmullrom"
						},
						"0.45": {
							"post": [-2.08454, -0.02935, 2.27953],
							"lerp_mode": "catmullrom"
						},
						"0.55": {
							"post": [-2.45396, -0.01199, 4.04605],
							"lerp_mode": "catmullrom"
						},
						"0.6": {
							"post": [-2.60035, -0.02, 3.8],
							"lerp_mode": "catmullrom"
						},
						"0.65": {
							"post": [-2.56011, 0.01351, 5.60972],
							"lerp_mode": "catmullrom"
						},
						"0.7": {
							"post": [-2.04989, -0.03309, 2.80009],
							"lerp_mode": "catmullrom"
						},
						"0.8": {
							"post": [-0.81, -0.02, 1.68],
							"lerp_mode": "catmullrom"
						},
						"0.85": {
							"post": [-0.10035, -0.02, 1.4],
							"lerp_mode": "catmullrom"
						},
						"0.95": [0, 0, 0]
					},
					"position": {
						"0.0": [0, 0, 0],
						"0.1": [0, 0.1, 0],
						"0.2": [0, -0.4, 0],
						"0.35": {
							"pre": [0, -0.6, 0.4],
							"post": [0, -0.6, 0.4],
							"lerp_mode": "catmullrom"
						},
						"0.4": {
							"post": [0, -0.6, 0.5],
							"lerp_mode": "catmullrom"
						},
						"0.45": {
							"post": [0, -0.59, 0.23],
							"lerp_mode": "catmullrom"
						},
						"0.6": {
							"post": [0, -0.6, 0.4],
							"lerp_mode": "catmullrom"
						},
						"0.65": {
							"post": [0, -0.4, 0.6],
							"lerp_mode": "catmullrom"
						},
						"0.75": {
							"post": [0, 0.01, 0.24],
							"lerp_mode": "catmullrom"
						},
						"0.85": {
							"post": [0, 0.08, 0.04],
							"lerp_mode": "catmullrom"
						},
						"0.95": {
							"post": [0, 0, 0],
							"lerp_mode": "catmullrom"
						}
					}
				},
				"bolt": {
					"rotation": {
						"0.1": [0, 0, 0],
						"0.15": [0, 0, 55],
						"0.2": [0, 0, 52.5],
						"0.45": [0, 0, 52.5],
						"0.6": [0, 0, 54.5],
						"0.65": [0, 0, 0]
					},
					"position": {
						"0.1": [0, 0, 0],
						"0.2": [0, 0, 0],
						"0.25": [0, 0, 3.1],
						"0.35": [0, 0, 3],
						"0.4": [0, 0, 3],
						"0.45": [0, 0, 0]
					}
				},
				"shell_ejection": {
					"rotation": {
						"0.2": [0, 0, 0],
						"0.25": [0, 0, 0],
						"0.35": [0, -135.42, 0],
						"0.4": [0, -270.83, 0],
						"0.45": [0, -406.25, 0],
						"0.55": [0, -541.67, 0],
						"0.6": [0, -677.08, 0],
						"0.65": [0, -812.5, 0],
						"0.7": [0, 0, 0]
					},
					"position": {
						"0.15": [0, 0, 0],
						"0.25": [0, 0.0875, -0.18125],
						"0.35": {
							"pre": [-9.1, 1.0875, -1.98125],
							"post": [-9.1, 1.0875, -1.98125],
							"lerp_mode": "catmullrom"
						},
						"0.4": {
							"post": [-16.3, 1.0875, -7.98125],
							"lerp_mode": "catmullrom"
						},
						"0.45": {
							"post": [-24.4, -2.9125, -14.98125],
							"lerp_mode": "catmullrom"
						},
						"0.55": {
							"post": [-31.8, -8.9125, -21.98125],
							"lerp_mode": "catmullrom"
						},
						"0.6": {
							"post": [-37.8, -16.9125, -27.28125],
							"lerp_mode": "catmullrom"
						},
						"0.65": {
							"post": [-42, -25.3125, -30.28125],
							"lerp_mode": "catmullrom"
						},
						"0.7": [-46.1, -35.0125, -33.48125],
						"0.75": [0, 0, 0]
					},
					"scale": {
						"0.0": [1, 1, 1],
						"0.5": {"pre": [1, 1, 1], "post": [0, 0, 0]},
						"0.95": {"pre": [0, 0, 0], "post": [1, 1, 1]}
					}
				},
				"righthand": {
					"rotation": {
						"0.0": [105.72458, 13.50414, -173.23624],
						"0.05": [98.97941, 15.83239, -201.60568],
						"0.15": [106.89121, -1.64418, -159.50115],
						"0.2": [106.89121, -1.64418, -159.50115],
						"0.25": [106.89121, -1.64418, -159.50115],
						"0.35": [98.55788, -1.64418, -159.50115],
						"0.4": [125.89121, -1.64418, -159.50115],
						"0.5": [127.29121, -1.64418, -159.50115],
						"0.6": [108.65502, 0.87996, -167.79369],
						"0.65": [105.2916, 7.44503, -190.25619],
						"0.75": [105.2916, 7.44503, -190.25619],
						"0.85": [107.67645, 6.10514, -164.26959],
						"0.9": {
							"pre": [105.72458, 13.50414, -173.23624],
							"post": [105.72458, 13.50414, -173.23624],
							"lerp_mode": "catmullrom"
						}
					},
					"position": {
						"0.0": [-6.8, -16.5, 10.7],
						"0.05": [-8.77, -15.73, 9.6],
						"0.15": [-9.1, -13, 9.8],
						"0.2": [-9.1, -13, 9.8],
						"0.25": [-9.1, -12.8, 13],
						"0.35": [-9.3, -12.9, 12.4],
						"0.4": [-9.3, -12.9, 12.4],
						"0.5": [-9.3, -12.9, 9.3],
						"0.6": [-9.3, -12.9, 9.3],
						"0.65": [-8.7, -15.3, 10],
						"0.75": [-8.7, -15.3, 10],
						"0.85": {
							"pre": [-7.35155, -16.63993, 9.69],
							"post": [-7.35155, -16.63993, 9.69],
							"lerp_mode": "catmullrom"
						},
						"0.9": {
							"post": [-6.8, -16.5, 10.7],
							"lerp_mode": "catmullrom"
						}
					},
					"scale": [1, 1.5, 1]
				},
				"lefthand": {
					"rotation": [73.88563, -28.98274, -105.42742],
					"position": [6.9, -16, -5.2],
					"scale": [1, 1.5, 1]
				},
				"camera": {
					"rotation": {
						"0.0": {
							"post": [0, 0, 0],
							"lerp_mode": "catmullrom"
						},
						"0.15": {
							"post": [0.45, -0.1, 0.275],
							"lerp_mode": "catmullrom"
						},
						"0.25": {
							"post": [0.4, -0.15, 0.275],
							"lerp_mode": "catmullrom"
						},
						"0.35": {
							"post": [0.825, -0.15, 0.775],
							"lerp_mode": "catmullrom"
						},
						"0.45": {
							"post": [0.215, -0.15, 0.1],
							"lerp_mode": "catmullrom"
						},
						"0.55": {
							"post": [0.525, -0.15, 0.275],
							"lerp_mode": "catmullrom"
						},
						"0.6": {
							"post": [0.615, -0.1, 0.8],
							"lerp_mode": "catmullrom"
						},
						"0.7": {
							"post": [1.53, 0, -0.125],
							"lerp_mode": "catmullrom"
						},
						"0.8": {
							"post": [0.27, 0.075, 0.425],
							"lerp_mode": "catmullrom"
						},
						"1.05": {
							"post": [0, 0, 0],
							"lerp_mode": "catmullrom"
						}
					}
				}
			},
			"sound_effects": {
				"0.0": {
					"effect": "classicr:m24/m24_boltaction"
				}
			}
		},
		"reload_tactical": {
			"animation_length": 2.6,
			"bones": {
				"R": {
					"rotation": {
						"0.0": {
							"post": [105.72458, 13.50414, -173.23624],
							"lerp_mode": "catmullrom"
						},
						"0.15": {
							"post": [95.90369, 19.78762, -206.57896],
							"lerp_mode": "catmullrom"
						},
						"0.3": [80.78732, 25.13855, -255.58427],
						"0.55": [80.78732, 25.13855, -255.58427],
						"0.7": {
							"pre": [50.52415, 25.58569, -259.67929],
							"post": [50.52415, 25.58569, -259.67929],
							"lerp_mode": "catmullrom"
						},
						"1.3": {
							"post": [79.03, 25.72, -260.94],
							"lerp_mode": "catmullrom"
						},
						"1.45": {
							"post": [93.49779, 16.74085, -247.17797],
							"lerp_mode": "catmullrom"
						},
						"1.5": {
							"post": [94.4745, 16.80939, -245.34487],
							"lerp_mode": "catmullrom"
						},
						"1.65": {
							"post": [89.93193, 18.48055, -250.05673],
							"lerp_mode": "catmullrom"
						},
						"1.7": {
							"post": [88.46837, 8.44472, -251.25207],
							"lerp_mode": "catmullrom"
						},
						"1.85": {
							"post": [80.78732, 25.13855, -255.58427],
							"lerp_mode": "catmullrom"
						},
						"1.95": {
							"post": [95.90369, 19.78762, -206.57896],
							"lerp_mode": "catmullrom"
						},
						"2.05": {
							"post": [105.72458, 13.50414, -173.23624],
							"lerp_mode": "catmullrom"
						}
					},
					"position": {
						"0.0": {
							"post": [-6.8, -16.5, 10.7],
							"lerp_mode": "catmullrom"
						},
						"0.15": {
							"post": [-7.8, -18.5, 9.7],
							"lerp_mode": "catmullrom"
						},
						"0.3": [-6.25, -17.5, 5.25],
						"0.5": [-6.3, -17.6, 5.2],
						"0.55": [-6.3, -21.6, 5.2],
						"0.7": {
							"pre": [-6.32725, -25.73823, 8.09738],
							"post": [-6.32725, -25.73823, 8.09738],
							"lerp_mode": "catmullrom"
						},
						"0.8": {
							"post": [-4.70138, -28.98411, 15.68087],
							"lerp_mode": "catmullrom"
						},
						"1.15": {
							"post": [4.3788, -36.14334, 13.91541],
							"lerp_mode": "catmullrom"
						},
						"1.3": {
							"post": [-5.40857, -25.98055, 6.7794],
							"lerp_mode": "catmullrom"
						},
						"1.45": [-6.36, -19.91, 4.925],
						"1.5": [-6.36, -19.66, 5.07],
						"1.55": [-6.36, -19.21, 5.025],
						"1.6": [-6.36, -18.91, 5.125],
						"1.65": [-6.36, -18.985, 5.125],
						"1.7": [-6.3, -17.85, 5.2],
						"1.75": [-6.3, -17.6, 5.2],
						"1.85": {
							"pre": [-6.8, -17.5, 6.7],
							"post": [-6.8, -17.5, 6.7],
							"lerp_mode": "catmullrom"
						},
						"1.95": {
							"post": [-7.8, -18.5, 9.7],
							"lerp_mode": "catmullrom"
						},
						"2.05": {
							"post": [-6.8, -16.5, 10.7],
							"lerp_mode": "catmullrom"
						}
					},
					"scale": [1, 1.5, 1]
				},
				"l": {
					"rotation": {
						"0.0": {
							"post": [73.88563, -28.98274, -105.42742],
							"lerp_mode": "catmullrom"
						},
						"0.35": [42.51564, -28.24782, -104.6549],
						"1.8": [42.51564, -28.24782, -104.6549],
						"2.1": {
							"pre": [73.88563, -28.98274, -105.42742],
							"post": [73.88563, -28.98274, -105.42742],
							"lerp_mode": "catmullrom"
						}
					},
					"position": {
						"0.0": {
							"post": [6.9, -16, -5.2],
							"lerp_mode": "catmullrom"
						},
						"0.35": [6.8, -15.7, -3.7],
						"1.8": [6.8, -15.7, -3.7],
						"2.1": {
							"pre": [6.9, -16, -5.2],
							"post": [6.9, -16, -5.2],
							"lerp_mode": "catmullrom"
						}
					},
					"scale": {
						"0.0": {
							"post": [1, 1.5, 1],
							"lerp_mode": "catmullrom"
						}
					}
				},
				"bone2": {
					"rotation": {
						"0.0": {
							"post": [0, 0, 0],
							"lerp_mode": "catmullrom"
						},
						"0.15": {
							"post": [-13.42114, -4.51778, 26.61282],
							"lerp_mode": "catmullrom"
						},
						"0.2": [-14.6651, -1.19193, 30.02467],
						"0.25": [-21.58646, 2.13392, 40.87359],
						"0.3": [-22.86975, 2.15869, 42.35162],
						"0.35": [-22.9069, 2.28195, 44.50259],
						"0.4": {
							"pre": [-22.80418, 2.30672, 44.80277],
							"post": [-22.80418, 2.30672, 44.80277],
							"lerp_mode": "catmullrom"
						},
						"0.5": {
							"post": [-21.69, 3.43, 46.89],
							"lerp_mode": "catmullrom"
						},
						"0.55": {
							"post": [-21.27079, 2.93763, 45.06658],
							"lerp_mode": "catmullrom"
						},
						"0.6": {
							"post": [-20.57, 3.19, 47.575],
							"lerp_mode": "catmullrom"
						},
						"0.65": [-20.62145, 3.19542, 47.46803],
						"0.75": [-21.00434, 3.23575, 46.6719],
						"0.8": [-21.05579, 3.24117, 46.56493],
						"0.85": [-21.04988, 3.25799, 46.76987],
						"0.95": [-21.00591, 3.38318, 48.29506],
						"1.0": [-21, 3.4, 48.5],
						"1.05": [-21.03078, 3.41938, 48.41419],
						"1.25": [-21.38469, 3.64216, 47.4275],
						"1.3": [-21.41547, 3.66154, 47.34169],
						"1.45": {
							"pre": [-21.5, 3.6, 47.2],
							"post": [-21.5, 3.6, 47.2],
							"lerp_mode": "catmullrom"
						},
						"1.5": {
							"post": [-21.47624, 3.12118, 46.01922],
							"lerp_mode": "catmullrom"
						},
						"1.6": {
							"post": [-21.13503, 3.82106, 47.89201],
							"lerp_mode": "catmullrom"
						},
						"1.65": [-21.17505, 3.79414, 47.8055],
						"1.7": [-21.27, 3.62, 47.25],
						"1.75": [-21.03693, 4.39556, 48.48558],
						"1.8": [-20.35012, 2.99932, 43.14098],
						"1.85": [-16.48671, 1.60248, 38.78494],
						"1.9": [-9.78276, -1.07758, 27.9499],
						"1.95": [0.39706, -5.21122, 9.06943],
						"2.0": {
							"pre": [0.74332, -5.32988, 6.67729],
							"post": [0.74332, -5.32988, 6.67729],
							"lerp_mode": "catmullrom"
						},
						"2.15": {
							"post": [0, 0, 0],
							"lerp_mode": "catmullrom"
						},
						"2.3": {
							"post": [0.3, 0.425, 0],
							"lerp_mode": "catmullrom"
						},
						"2.4": {
							"post": [-0.175, -0.275, 0],
							"lerp_mode": "catmullrom"
						},
						"2.5": {
							"post": [0, 0, 0],
							"lerp_mode": "catmullrom"
						}
					},
					"position": {
						"0.0": [0, 0, 0],
						"0.05": [0.01855, -0.54643, -0.04944],
						"0.1": [0.40206, -1.08746, -0.28095],
						"0.15": [0.86, -1.34, -0.37],
						"0.2": [1.38256, -1.37506, -0.09886],
						"0.25": [1.3, -1.35, 0.5],
						"0.3": [1.31589, -1.04333, 0.52908],
						"0.35": [1.375, -0.7258, 0.5182],
						"0.4": [1.43411, -0.52067, 0.50517],
						"0.45": {
							"pre": [1.45, -0.45, 0.5],
							"post": [1.45, -0.45, 0.5],
							"lerp_mode": "catmullrom"
						},
						"0.5": {
							"post": [1.46, -0.45, 0.5],
							"lerp_mode": "catmullrom"
						},
						"0.55": {
							"post": [1.35, -0.6, 0.5],
							"lerp_mode": "catmullrom"
						},
						"0.8": {
							"post": [1.44, -0.45, 0.5],
							"lerp_mode": "catmullrom"
						},
						"1.0": {
							"post": [1.43, -0.45, 0.5],
							"lerp_mode": "catmullrom"
						},
						"1.3": {
							"post": [1.435, -0.45, 0.8],
							"lerp_mode": "catmullrom"
						},
						"1.55": {
							"post": [1.39, -0.6, 0.6],
							"lerp_mode": "catmullrom"
						},
						"1.7": {
							"post": [1.4, -0.6, 0.575],
							"lerp_mode": "catmullrom"
						},
						"1.75": {
							"post": [1.41, -0.75, 0.58],
							"lerp_mode": "catmullrom"
						},
						"1.8": {
							"post": [1.4, -0.6, 0.575],
							"lerp_mode": "catmullrom"
						},
						"1.95": {
							"post": [1.3, -0.575, 0.5],
							"lerp_mode": "catmullrom"
						},
						"2.05": {
							"post": [0.7, -0.475, 0],
							"lerp_mode": "catmullrom"
						},
						"2.15": {
							"post": [0.25, 0.1, -0.75],
							"lerp_mode": "catmullrom"
						},
						"2.25": {
							"post": [-0.125, -0.05, -0.75],
							"lerp_mode": "catmullrom"
						},
						"2.3": {
							"post": [0, 0, 0.3],
							"lerp_mode": "catmullrom"
						},
						"2.4": {
							"post": [0, 0, -0.025],
							"lerp_mode": "catmullrom"
						},
						"2.5": {
							"post": [0, 0, 0],
							"lerp_mode": "catmullrom"
						}
					}
				},
				"mb": {
					"rotation": {
						"0.5": [0, 0, 0],
						"0.55": [0, 0, 0],
						"0.7": [-20.65687, -27.76786, 38.7853],
						"0.8": [-10.08886, 15.07653, 73.51219],
						"1.15": [-10.08886, 15.07653, 73.51219],
						"1.35": [-15.85215, 2.19848, 7.69388],
						"1.45": [-15.85215, 2.19848, 7.69388],
						"1.55": [-16, 0, 0],
						"1.6": [-6, 0, 0],
						"1.65": [-7, 0, 0],
						"1.7": [0, 0, 0],
						"1.75": [0, 0, 0]
					},
					"position": {
						"0.5": [0, 0, 0],
						"0.55": [0, -4, 0],
						"0.7": {
							"pre": [-0.02725, -8.13823, 2.89738],
							"post": [-0.02725, -8.13823, 2.89738],
							"lerp_mode": "catmullrom"
						},
						"0.8": {
							"post": [1.59862, -11.38411, 10.48087],
							"lerp_mode": "catmullrom"
						},
						"1.15": {
							"post": [10.6788, -18.54334, 8.71541],
							"lerp_mode": "catmullrom"
						},
						"1.3": {
							"post": [0.89143, -8.38055, 1.5794],
							"lerp_mode": "catmullrom"
						},
						"1.45": [-0.06, -2.31, -0.275],
						"1.5": [-0.06, -2.06, -0.13],
						"1.55": [-0.06, -1.61, -0.175],
						"1.6": [-0.06, -1.31, -0.075],
						"1.65": [-0.06, -1.385, -0.075],
						"1.7": [0, -0.25, 0],
						"1.75": [0, 0, 0]
					}
				},
				"762x51": {
					"position": {
						"0.0": [0, 0, 0],
						"0.05": [0, 1.1, 0],
						"1.9": [0, 1.1, 0],
						"1.95": [0, 0, 0]
					}
				},
				"root": {
					"rotation": {
						"0.0": {
							"post": [0, 0, 0],
							"lerp_mode": "catmullrom"
						},
						"0.15": {
							"post": [-13.42114, -4.51778, 26.61282],
							"lerp_mode": "catmullrom"
						},
						"0.2": [-19.22738, -0.81018, 38.76651],
						"0.25": [-21.58646, 2.13392, 40.87359],
						"0.3": [-22.86975, 2.15869, 42.35162],
						"0.35": [-22.9069, 2.28195, 44.50259],
						"0.4": {
							"pre": [-22.80418, 2.30672, 44.80277],
							"post": [-22.80418, 2.30672, 44.80277],
							"lerp_mode": "catmullrom"
						},
						"0.5": {
							"post": [-21.69, 3.43, 46.89],
							"lerp_mode": "catmullrom"
						},
						"0.55": {
							"post": [-21.27079, 2.93763, 45.06658],
							"lerp_mode": "catmullrom"
						},
						"0.6": {
							"post": [-20.57, 3.19, 47.575],
							"lerp_mode": "catmullrom"
						},
						"0.65": [-20.62145, 3.19542, 47.46803],
						"0.75": [-21.00434, 3.23575, 46.6719],
						"0.8": [-21.05579, 3.24117, 46.56493],
						"0.85": [-21.04988, 3.25799, 46.76987],
						"0.95": [-21.00591, 3.38318, 48.29506],
						"1.0": [-21, 3.4, 48.5],
						"1.05": [-21.03078, 3.41938, 48.41419],
						"1.25": [-21.38469, 3.64216, 47.4275],
						"1.3": [-21.41547, 3.66154, 47.34169],
						"1.45": {
							"pre": [-21.5, 3.6, 47.2],
							"post": [-21.5, 3.6, 47.2],
							"lerp_mode": "catmullrom"
						},
						"1.5": {
							"post": [-21.47624, 3.12118, 46.01922],
							"lerp_mode": "catmullrom"
						},
						"1.6": {
							"post": [-21.13503, 3.82106, 47.89201],
							"lerp_mode": "catmullrom"
						},
						"1.65": [-21.17505, 3.79414, 47.8055],
						"1.7": [-21.27, 3.62, 47.25],
						"1.75": [-21.03693, 4.39556, 48.48558],
						"1.8": [-20.35012, 2.99932, 43.14098],
						"1.85": [-16.48671, 1.60248, 38.78494],
						"1.9": [-9.78276, -1.07758, 27.9499],
						"1.95": [0.39706, -5.21122, 9.06943],
						"2.0": {
							"pre": [0.74332, -5.32988, 6.67729],
							"post": [0.74332, -5.32988, 6.67729],
							"lerp_mode": "catmullrom"
						},
						"2.15": {
							"post": [0, 0, 0],
							"lerp_mode": "catmullrom"
						},
						"2.3": {
							"post": [0.3, 0.425, 0],
							"lerp_mode": "catmullrom"
						},
						"2.4": {
							"post": [-0.175, -0.275, 0],
							"lerp_mode": "catmullrom"
						},
						"2.5": {
							"post": [0, 0, 0],
							"lerp_mode": "catmullrom"
						}
					},
					"position": {
						"0.0": [0, 0, 0],
						"0.05": [0.01855, -0.54643, -0.04944],
						"0.1": [0.40206, -1.08746, -0.28095],
						"0.15": [0.86, -1.34, -0.37],
						"0.2": [1.38256, -1.37506, -0.09886],
						"0.25": [1.3, -1.35, 0.5],
						"0.3": [1.31589, -1.04333, 0.52908],
						"0.35": [1.375, -0.7258, 0.5182],
						"0.4": [1.43411, -0.52067, 0.50517],
						"0.45": {
							"pre": [1.45, -0.45, 0.5],
							"post": [1.45, -0.45, 0.5],
							"lerp_mode": "catmullrom"
						},
						"0.5": {
							"post": [1.46, -0.45, 0.5],
							"lerp_mode": "catmullrom"
						},
						"0.55": {
							"post": [1.35, -0.6, 0.5],
							"lerp_mode": "catmullrom"
						},
						"0.8": {
							"post": [1.44, -0.45, 0.5],
							"lerp_mode": "catmullrom"
						},
						"1.0": {
							"post": [1.43, -0.45, 0.5],
							"lerp_mode": "catmullrom"
						},
						"1.3": {
							"post": [1.435, -0.45, 0.8],
							"lerp_mode": "catmullrom"
						},
						"1.55": {
							"post": [1.39, -0.6, 0.6],
							"lerp_mode": "catmullrom"
						},
						"1.7": {
							"post": [1.4, -0.6, 0.575],
							"lerp_mode": "catmullrom"
						},
						"1.75": {
							"post": [1.41, -0.75, 0.58],
							"lerp_mode": "catmullrom"
						},
						"1.8": {
							"post": [1.4, -0.6, 0.575],
							"lerp_mode": "catmullrom"
						},
						"1.95": {
							"post": [1.3, -0.575, 0.5],
							"lerp_mode": "catmullrom"
						},
						"2.05": {
							"post": [0.7, -0.475, 0],
							"lerp_mode": "catmullrom"
						},
						"2.15": {
							"post": [0.25, 0.1, -0.75],
							"lerp_mode": "catmullrom"
						},
						"2.25": {
							"post": [-0.125, -0.05, -0.75],
							"lerp_mode": "catmullrom"
						},
						"2.3": {
							"post": [0, 0, 0.3],
							"lerp_mode": "catmullrom"
						},
						"2.4": {
							"post": [0, 0, -0.025],
							"lerp_mode": "catmullrom"
						},
						"2.5": {
							"post": [0, 0, 0],
							"lerp_mode": "catmullrom"
						}
					}
				},
				"shell_ejection": {
					"scale": 0
				},
				"magazine_and_bullet": {
					"rotation": {
						"0.5": [0, 0, 0],
						"0.55": [0, 0, 0],
						"0.7": [-20.65687, -27.76786, 38.7853],
						"0.8": [-10.08886, 15.07653, 73.51219],
						"1.15": [-10.08886, 15.07653, 73.51219],
						"1.35": [-15.85215, 2.19848, 7.69388],
						"1.45": [-15.85215, 2.19848, 7.69388],
						"1.55": [-16, 0, 0],
						"1.6": [-6, 0, 0],
						"1.65": [-7, 0, 0],
						"1.7": [0, 0, 0],
						"1.75": [0, 0, 0]
					},
					"position": {
						"0.5": [0, 0, 0],
						"0.55": [0, -4, 0],
						"0.7": {
							"pre": [-0.02725, -8.13823, 2.89738],
							"post": [-0.02725, -8.13823, 2.89738],
							"lerp_mode": "catmullrom"
						},
						"0.8": {
							"post": [1.59862, -11.38411, 10.48087],
							"lerp_mode": "catmullrom"
						},
						"1.15": {
							"post": [10.6788, -18.54334, 8.71541],
							"lerp_mode": "catmullrom"
						},
						"1.3": {
							"post": [0.89143, -8.38055, 1.5794],
							"lerp_mode": "catmullrom"
						},
						"1.45": [-0.06, -2.31, -0.275],
						"1.5": [-0.06, -2.06, -0.13],
						"1.55": [-0.06, -1.61, -0.175],
						"1.6": [-0.06, -1.31, -0.075],
						"1.65": [-0.06, -1.385, -0.075],
						"1.7": [0, -0.25, 0],
						"1.75": [0, 0, 0]
					}
				},
				"righthand": {
					"rotation": {
						"0.0": {
							"post": [105.72458, 13.50414, -173.23624],
							"lerp_mode": "catmullrom"
						},
						"0.15": {
							"post": [95.90369, 19.78762, -206.57896],
							"lerp_mode": "catmullrom"
						},
						"0.3": [80.78732, 25.13855, -255.58427],
						"0.55": [80.78732, 25.13855, -255.58427],
						"0.7": {
							"pre": [50.52415, 25.58569, -259.67929],
							"post": [50.52415, 25.58569, -259.67929],
							"lerp_mode": "catmullrom"
						},
						"1.3": {
							"post": [79.03, 25.72, -260.94],
							"lerp_mode": "catmullrom"
						},
						"1.45": {
							"post": [93.49779, 16.74085, -247.17797],
							"lerp_mode": "catmullrom"
						},
						"1.5": {
							"post": [94.4745, 16.80939, -245.34487],
							"lerp_mode": "catmullrom"
						},
						"1.65": {
							"post": [89.93193, 18.48055, -250.05673],
							"lerp_mode": "catmullrom"
						},
						"1.7": {
							"post": [88.46837, 8.44472, -251.25207],
							"lerp_mode": "catmullrom"
						},
						"1.85": {
							"post": [80.78732, 25.13855, -255.58427],
							"lerp_mode": "catmullrom"
						},
						"1.95": {
							"post": [95.90369, 19.78762, -206.57896],
							"lerp_mode": "catmullrom"
						},
						"2.05": {
							"post": [105.72458, 13.50414, -173.23624],
							"lerp_mode": "catmullrom"
						}
					},
					"position": {
						"0.0": {
							"post": [-6.8, -16.5, 10.7],
							"lerp_mode": "catmullrom"
						},
						"0.15": {
							"post": [-7.8, -18.5, 9.7],
							"lerp_mode": "catmullrom"
						},
						"0.3": [-6.25, -17.5, 5.25],
						"0.5": [-6.3, -17.6, 5.2],
						"0.55": [-6.3, -21.6, 5.2],
						"0.7": {
							"pre": [-6.32725, -25.73823, 8.09738],
							"post": [-6.32725, -25.73823, 8.09738],
							"lerp_mode": "catmullrom"
						},
						"0.8": {
							"post": [-4.70138, -28.98411, 15.68087],
							"lerp_mode": "catmullrom"
						},
						"1.15": {
							"post": [4.3788, -36.14334, 13.91541],
							"lerp_mode": "catmullrom"
						},
						"1.3": {
							"post": [-5.40857, -25.98055, 6.7794],
							"lerp_mode": "catmullrom"
						},
						"1.45": [-6.36, -19.91, 4.925],
						"1.5": [-6.36, -19.66, 5.07],
						"1.55": [-6.36, -19.21, 5.025],
						"1.6": [-6.36, -18.91, 5.125],
						"1.65": [-6.36, -18.985, 5.125],
						"1.7": [-6.3, -17.85, 5.2],
						"1.75": [-6.3, -17.6, 5.2],
						"1.85": {
							"pre": [-6.8, -17.5, 6.7],
							"post": [-6.8, -17.5, 6.7],
							"lerp_mode": "catmullrom"
						},
						"1.95": {
							"post": [-7.8, -18.5, 9.7],
							"lerp_mode": "catmullrom"
						},
						"2.05": {
							"post": [-6.8, -16.5, 10.7],
							"lerp_mode": "catmullrom"
						}
					},
					"scale": [1, 1.5, 1]
				},
				"lefthand": {
					"rotation": {
						"0.0": {
							"post": [73.88563, -28.98274, -105.42742],
							"lerp_mode": "catmullrom"
						},
						"0.35": [42.51564, -28.24782, -104.6549],
						"1.8": [42.51564, -28.24782, -104.6549],
						"2.1": {
							"pre": [73.88563, -28.98274, -105.42742],
							"post": [73.88563, -28.98274, -105.42742],
							"lerp_mode": "catmullrom"
						}
					},
					"position": {
						"0.0": {
							"post": [6.9, -16, -5.2],
							"lerp_mode": "catmullrom"
						},
						"0.35": [6.8, -15.7, -3.7],
						"1.8": [6.8, -15.7, -3.7],
						"2.1": {
							"pre": [6.9, -16, -5.2],
							"post": [6.9, -16, -5.2],
							"lerp_mode": "catmullrom"
						}
					},
					"scale": {
						"0.0": {
							"post": [1, 1.5, 1],
							"lerp_mode": "catmullrom"
						}
					}
				},
				"camera": {
					"rotation": {
						"0.0": {
							"post": [0, 0, 0],
							"lerp_mode": "catmullrom"
						},
						"0.1": {
							"post": [1.245, 0, 0],
							"lerp_mode": "catmullrom"
						},
						"0.3": {
							"post": [3.645, -0.28, 1.06],
							"lerp_mode": "catmullrom"
						},
						"0.45": {
							"post": [4.235, -0.46, 1.73],
							"lerp_mode": "catmullrom"
						},
						"0.55": {
							"post": [5.375, -0.525, 2.2],
							"lerp_mode": "catmullrom"
						},
						"0.7": {
							"post": [4.225, -0.57, 1.75],
							"lerp_mode": "catmullrom"
						},
						"0.95": {
							"post": [4.62, -0.59, 1.9],
							"lerp_mode": "catmullrom"
						},
						"1.05": {
							"post": [5.305, -0.61, 2.4],
							"lerp_mode": "catmullrom"
						},
						"1.2": {
							"post": [4.49, -0.63, 1.9],
							"lerp_mode": "catmullrom"
						},
						"1.65": {
							"post": [4.855, -0.65, 1.9],
							"lerp_mode": "catmullrom"
						},
						"1.7": {
							"post": [6.265, -0.35, 2.9],
							"lerp_mode": "catmullrom"
						},
						"1.8": {
							"post": [4.715, 0.11, 1],
							"lerp_mode": "catmullrom"
						},
						"1.95": {
							"post": [5.65, 0.295, 2.075],
							"lerp_mode": "catmullrom"
						},
						"2.2": {
							"post": [-0.195, 0.125, 0],
							"lerp_mode": "catmullrom"
						},
						"2.3": {
							"post": [0.335, 0.16, 0.365],
							"lerp_mode": "catmullrom"
						},
						"2.4": {
							"post": [0.58, 0.08, -0.235],
							"lerp_mode": "catmullrom"
						},
						"2.5": {
							"post": [0.075, 0, 0.325],
							"lerp_mode": "catmullrom"
						},
						"2.65": {
							"post": [0, 0, 0],
							"lerp_mode": "catmullrom"
						}
					}
				}
			},
			"sound_effects": {
				"0.0": {
					"effect": "classicr:m24/m24_reload_norm"
				}
			}
		},
		"reload_empty": {
			"animation_length": 3.25,
			"bones": {
				"R": {
					"rotation": {
						"0.0": [105.72458, 13.50414, -173.23624],
						"0.1": [69.57493, 11.19234, -281.83007],
						"0.15": [69.57493, 11.19234, -281.83007],
						"0.2": [86.40579, 27.73614, -248.42825],
						"0.25": [86.40579, 27.73614, -248.42825],
						"0.3": [88.37498, 29.73535, -248.49232],
						"0.5": [88.37498, 29.73535, -248.49232],
						"0.65": {
							"pre": [89.30279, 9.06528, -233.87335],
							"post": [89.30279, 9.06528, -233.87335],
							"lerp_mode": "catmullrom"
						},
						"0.85": [100.06258, 23.79971, -249.21726],
						"1.0": [100.06, 23.8, -249.22],
						"1.05": {
							"pre": [100.06, 23.8, -249.22],
							"post": [100.06, 23.8, -249.22],
							"lerp_mode": "catmullrom"
						},
						"1.25": {
							"post": [85.69504, -19.47852, -211.26697],
							"lerp_mode": "catmullrom"
						},
						"1.45": {
							"post": [91.69817, 15.64457, -248.14213],
							"lerp_mode": "catmullrom"
						},
						"1.65": {
							"post": [91.64319, -17.79289, -267.70787],
							"lerp_mode": "catmullrom"
						},
						"1.9": [86.02035, 32.30033, -269.05621],
						"2.05": [91.69817, 15.64457, -248.14213],
						"2.1": [91.13726, 15.69405, -250.2187],
						"2.15": [91.13648, 15.68425, -250.219],
						"2.2": [90.01143, 15.73417, -254.37386],
						"2.3": [90.01143, 15.73417, -254.37386],
						"2.6": [120.59443, 9.07075, -174.69656],
						"2.65": [133.59443, 9.07075, -174.69656],
						"2.7": [132.09564, 18.79922, -179.4467],
						"2.8": [101.43416, 12.57571, -180.86679],
						"2.85": [101.43416, 12.57571, -180.86679],
						"2.9": [94.45857, -16.333, -225.98096],
						"3.0": [94.3243, -8.3564, -225.35441],
						"3.15": [101.72458, 13.50414, -173.23624],
						"3.2": [105.72458, 13.50414, -173.23624]
					},
					"position": {
						"0.0": [-6.8, -16.5, 10.7],
						"0.1": [-8.81262, -15.18725, 8.95757],
						"0.15": [-8.81262, -15.18725, 8.95757],
						"0.2": [-9.58696, -12.82106, 9.03573],
						"0.25": [-9.58696, -12.82106, 9.03573],
						"0.3": [-9.69, -13.02, 12.14],
						"0.5": [-9.69, -13.02, 12.14],
						"0.65": {
							"pre": [-8.29, -15.82, 9.09],
							"post": [-8.29, -15.82, 9.09],
							"lerp_mode": "catmullrom"
						},
						"0.85": [-6.29, -16.82, 6.04],
						"1.0": [-6.29, -16.82, 6.04],
						"1.05": {
							"pre": [-6.69, -20.72, 4.74],
							"post": [-6.69, -20.72, 4.74],
							"lerp_mode": "catmullrom"
						},
						"1.15": {
							"post": [-7.50399, -24.02807, 8.07481],
							"lerp_mode": "catmullrom"
						},
						"1.4": {
							"post": [-3.08533, -27.10874, 12.63025],
							"lerp_mode": "catmullrom"
						},
						"1.6": [-2.5, -30.8, 14.7],
						"1.65": [-2.5, -29.3, 10],
						"1.75": {
							"pre": [-6.3, -24.6, 5.1],
							"post": [-6.3, -24.6, 5.1],
							"lerp_mode": "catmullrom"
						},
						"1.9": [-6.5, -18.45, 4.5],
						"2.0": [-6.55, -18.4, 5],
						"2.05": [-6.6, -18.15, 5.3],
						"2.1": [-6.4, -18.15, 5.2],
						"2.15": [-6.275, -18.15, 5.15],
						"2.2": [-6.5, -16.9, 5.1],
						"2.3": [-6.5, -16.9, 5.1],
						"2.45": [-9.5, -16.1, 8.8],
						"2.6": [-9.1, -12.5, 12.5],
						"2.65": [-9.1, -12.5, 12.5],
						"2.7": [-9.1, -12.5, 9.6],
						"2.85": [-9.1, -12.5, 9.6],
						"2.9": [-10.83785, -16.48622, 10.79613],
						"3.0": [-9.40568, -17.71871, 12.15251],
						"3.15": [-6.8, -16.8, 9.9],
						"3.2": [-6.8, -16.5, 10.7]
					},
					"scale": [1, 1.5, 1]
				},
				"l": {
					"rotation": {
						"0.4": [73.88563, -28.98274, -105.42742],
						"0.45": [72.70859, -27.29956, -106.67516],
						"0.5": [69.76653, -22.92904, -109.79394],
						"0.55": [65.94183, -21.34817, -113.84839],
						"0.6": [62.11713, -20.63375, -117.90283],
						"0.65": [59.17507, -20.32484, -121.02161],
						"0.7": [57.99803, -20.25978, -122.26935],
						"1.35": [57.99803, -20.27611, -122.26935],
						"2.0": [57.99803, -20.21262, -122.26935],
						"2.25": [57.99803, -20.25978, -122.26935],
						"2.3": [59.37241, -20.42748, -120.81241],
						"2.35": [63.35111, -20.99042, -116.59472],
						"2.4": [68.53255, -22.41767, -111.10205],
						"2.45": [72.51125, -27.23133, -106.88436],
						"2.5": [73.88563, -28.98274, -105.42742]
					},
					"position": {
						"0.4": {
							"pre": [6.9, -16, -5.2],
							"post": [6.9, -16, -5.2],
							"lerp_mode": "catmullrom"
						},
						"0.45": [6.92788, -15.92455, -5.1393],
						"0.5": [6.99757, -15.73596, -4.98759],
						"0.6": [7.17875, -15.24562, -4.59314],
						"0.65": [7.24844, -15.05703, -4.44143],
						"0.7": [7.27632, -14.98158, -4.38073],
						"1.35": [7.27632, -14.98158, -4.38073],
						"2.0": [7.27632, -14.98158, -4.38073],
						"2.25": [7.27632, -14.98158, -4.38073],
						"2.3": [7.24377, -15.06968, -4.4516],
						"2.35": [7.14952, -15.32472, -4.65677],
						"2.4": [7.0268, -15.65686, -4.92396],
						"2.45": [6.93255, -15.9119, -5.12913],
						"2.5": {
							"pre": [6.9, -16, -5.2],
							"post": [6.9, -16, -5.2],
							"lerp_mode": "catmullrom"
						}
					},
					"scale": {
						"0.0": {
							"post": [1, 1.5, 1],
							"lerp_mode": "catmullrom"
						}
					}
				},
				"bone2": {
					"rotation": {
						"0.0": [0, 0, 0],
						"0.05": [-1.45322, -1.95879, 0.1972],
						"0.1": [-6.86074, -9.24756, 0.99359],
						"0.15": [-12.26826, -16.53633, 3.16581],
						"0.2": [-13.72148, -18.49512, 4.42911],
						"0.25": [-15.14558, -19.74896, 5.13559],
						"0.3": [-16.56969, -20.47396, 6.12717],
						"0.35": {
							"pre": [-17.8002, -20.35515, 7.94446],
							"post": [-17.8002, -20.35515, 7.94446],
							"lerp_mode": "catmullrom"
						},
						"0.45": {
							"post": [-16.39, -20.6158, 5.61514],
							"lerp_mode": "catmullrom"
						},
						"0.55": {
							"post": [-19.26, -8.7, 32.34],
							"lerp_mode": "catmullrom"
						},
						"0.6": [-19.53446, -7.01202, 34.74751],
						"0.65": [-20.90018, 1.2368, 47.96806],
						"0.7": [-21.17464, 2.83711, 53.67576],
						"0.75": [-21.90232, 4.35797, 54.19642],
						"0.8": {
							"pre": [-22.63, 5.35, 53.58],
							"post": [-22.63, 5.35, 53.58],
							"lerp_mode": "catmullrom"
						},
						"0.95": {
							"post": [-24.1, 4.9, 53.6],
							"lerp_mode": "catmullrom"
						},
						"1.05": {
							"post": [-24.1, 3.94, 52.1],
							"lerp_mode": "catmullrom"
						},
						"1.1": {
							"post": [-23.8, 4.9, 54.6],
							"lerp_mode": "catmullrom"
						},
						"1.3": {
							"post": [-23.8, 4.9, 53.5],
							"lerp_mode": "catmullrom"
						},
						"1.45": {
							"post": [-24.0137, 4.292, 52.75524],
							"lerp_mode": "catmullrom"
						},
						"1.6": {
							"post": [-24, 4.9, 54.9],
							"lerp_mode": "catmullrom"
						},
						"1.75": {
							"post": [-24, 4.9, 54.9],
							"lerp_mode": "catmullrom"
						},
						"1.95": {
							"post": [-23.34515, 6.58471, 58.28086],
							"lerp_mode": "catmullrom"
						},
						"2.1": {
							"post": [-23.24532, 6.4893, 58.20912],
							"lerp_mode": "catmullrom"
						},
						"2.15": {
							"post": [-23.31916, 6.04563, 57.24345],
							"lerp_mode": "catmullrom"
						},
						"2.2": {
							"post": [-23.50194, 5.10719, 55.13858],
							"lerp_mode": "catmullrom"
						},
						"2.25": {
							"post": [-23.079, 6.74454, 59.04465],
							"lerp_mode": "catmullrom"
						},
						"2.3": {
							"post": [-23.88588, 5.26135, 54.4224],
							"lerp_mode": "catmullrom"
						},
						"2.35": {
							"post": [-23.33753, 2.895, 48.87837],
							"lerp_mode": "catmullrom"
						},
						"2.5": {
							"post": [-15.93222, -22.40721, -0.10234],
							"lerp_mode": "catmullrom"
						},
						"2.6": {
							"post": [-15.74, -23.34, -1.69],
							"lerp_mode": "catmullrom"
						},
						"2.7": {
							"post": [-16.32, -22.04, -0.08],
							"lerp_mode": "catmullrom"
						},
						"2.75": {
							"post": [-14.42583, -22.70593, -4.26156],
							"lerp_mode": "catmullrom"
						},
						"2.85": {
							"post": [-12.31812, -21.98205, -0.6211],
							"lerp_mode": "catmullrom"
						},
						"2.9": {
							"post": [-10.13312, -20.82408, 0.16592],
							"lerp_mode": "catmullrom"
						},
						"2.95": {
							"post": [-6.49615, -16.14523, 5.0712],
							"lerp_mode": "catmullrom"
						},
						"3.0": {
							"post": [0.42, -10.96, -3.75],
							"lerp_mode": "catmullrom"
						},
						"3.15": {
							"post": [0.5, 0, 2.25],
							"lerp_mode": "catmullrom"
						},
						"3.25": {
							"post": [-0.25001, 0.625, -1.25218],
							"lerp_mode": "catmullrom"
						},
						"3.35": {
							"post": [0, 0, 0],
							"lerp_mode": "catmullrom"
						}
					},
					"position": {
						"0.0": [0, 0, 0],
						"0.05": [0.13133, -0.1398, -0.04009],
						"0.1": [0.62, -0.66, -0.23741],
						"0.15": [1.10867, -1.1802, -0.95696],
						"0.2": {
							"pre": [1.24, -1.32, -1.15],
							"post": [1.24, -1.32, -1.15],
							"lerp_mode": "catmullrom"
						},
						"0.35": {
							"post": [0.7, -0.45, -0.6],
							"lerp_mode": "catmullrom"
						},
						"0.55": {
							"post": [0.69, -0.75, -0.72],
							"lerp_mode": "catmullrom"
						},
						"0.75": {
							"post": [0.75, -0.35, -0.9],
							"lerp_mode": "catmullrom"
						},
						"0.9": {
							"post": [0.75, -0.35, -0.9],
							"lerp_mode": "catmullrom"
						},
						"1.0": {
							"post": [0.8, -0.35, -0.9],
							"lerp_mode": "catmullrom"
						},
						"1.1": {
							"post": [0.54, -0.45, -0.9],
							"lerp_mode": "catmullrom"
						},
						"1.3": {
							"post": [0.88, -0.35, -0.9],
							"lerp_mode": "catmullrom"
						},
						"1.6": {
							"post": [0.81, -0.35, -0.9],
							"lerp_mode": "catmullrom"
						},
						"1.85": {
							"post": [0.79, -0.35, -0.9],
							"lerp_mode": "catmullrom"
						},
						"2.35": {
							"post": [0.7, -0.35, -0.9],
							"lerp_mode": "catmullrom"
						},
						"2.5": {
							"post": [0.7, -0.4, -0.9],
							"lerp_mode": "catmullrom"
						},
						"2.6": {
							"post": [0.7, -0.4, -0.9],
							"lerp_mode": "catmullrom"
						},
						"2.75": {
							"post": [0.7, -0.6, -0.8],
							"lerp_mode": "catmullrom"
						},
						"2.9": {
							"post": [0.7, -1.35, -1.4],
							"lerp_mode": "catmullrom"
						},
						"3.1": {
							"post": [0.25, 0.1, -0.55],
							"lerp_mode": "catmullrom"
						},
						"3.2": {
							"post": [-0.125, -0.05, -0.55],
							"lerp_mode": "catmullrom"
						},
						"3.25": {
							"post": [0, 0, 0],
							"lerp_mode": "catmullrom"
						}
					}
				},
				"m24_bolt": {
					"rotation": {
						"0.15": [0, 0, 0],
						"0.2": [0, 0, 55],
						"0.25": [0, 0, 52.5],
						"2.7": [0, 0, 52.5],
						"2.85": [0, 0, 54.5],
						"2.9": [0, 0, 0]
					},
					"position": {
						"0.15": [0, 0, 0],
						"0.25": [0, 0, 0],
						"0.3": [0, 0, 3.1],
						"2.6": [0, 0, 3],
						"2.65": [0, 0, 3],
						"2.7": [0, 0, 0]
					}
				},
				"mb": {
					"rotation": {
						"1.0": [0, 0, 0],
						"1.05": [-6.91466, 1.09239, 8.934],
						"1.15": [-55.94166, 3.55602, 33.13891],
						"1.3": [-104.78874, 65.55327, 78.19367],
						"1.45": [33.40474, 70.28426, 238.65186],
						"1.5": [36, 0, 0],
						"1.6": [36, 0, 0],
						"1.9": [-15, 0, 0],
						"2.0": [0, 0, 5],
						"2.05": [0, 0, 5],
						"2.15": [0, 0, 0],
						"2.2": [0, 0, 0]
					},
					"position": {
						"1.0": [0, 0, 0],
						"1.05": [-0.8, -3.2, 0.1],
						"1.15": {
							"pre": [0.88337, -10.15066, -3.23896],
							"post": [0.88337, -10.15066, -3.23896],
							"lerp_mode": "catmullrom"
						},
						"1.3": {
							"post": [10.15598, -27.92988, -7.01981],
							"lerp_mode": "catmullrom"
						},
						"1.45": [20.4018, -38.97721, -3.15611],
						"1.5": [4, -13.9, 9.6],
						"1.6": [4, -13.4, 4.9],
						"1.75": {
							"pre": [0.2, -7.7, 0],
							"post": [0.2, -7.7, 0],
							"lerp_mode": "catmullrom"
						},
						"1.9": [0, -1.55, -0.2],
						"2.0": [-0.05, -1.5, -0.1],
						"2.05": [-0.1, -1.25, 0],
						"2.15": [0, -1.25, 0],
						"2.2": [0, 0, 0]
					}
				},
				"762x51": {
					"position": {
						"1.5": [0, 0, 0],
						"1.55": [0, 1.1, 0],
						"2.65": [0, 1.1, 0],
						"2.7": [0, 1.6, -3.8],
						"2.75": [0, 0, 0]
					}
				},
				"root": {
					"rotation": {
						"0.0": [0, 0, 0],
						"0.05": [-1.45322, -1.95879, 0.1972],
						"0.1": [-6.86074, -9.24756, 0.99359],
						"0.15": [-12.26826, -16.53633, 3.16581],
						"0.2": [-13.72148, -18.49512, 4.42911],
						"0.25": [-15.14558, -19.74896, 5.13559],
						"0.3": [-16.56969, -20.47396, 6.12717],
						"0.35": {
							"pre": [-17.8002, -20.35515, 7.94446],
							"post": [-17.8002, -20.35515, 7.94446],
							"lerp_mode": "catmullrom"
						},
						"0.45": {
							"post": [-16.39, -20.6158, 5.61514],
							"lerp_mode": "catmullrom"
						},
						"0.55": {
							"post": [-19.26, -8.7, 32.34],
							"lerp_mode": "catmullrom"
						},
						"0.6": [-20.49572, -1.93879, 43.21787],
						"0.65": [-21.201, 2.5048, 51.72632],
						"0.7": [-21.17464, 2.83711, 53.67576],
						"0.75": [-21.39639, 4.55293, 53.56335],
						"0.8": {
							"pre": [-22.63, 5.35, 53.58],
							"post": [-22.63, 5.35, 53.58],
							"lerp_mode": "catmullrom"
						},
						"0.95": {
							"post": [-24.1, 4.9, 53.6],
							"lerp_mode": "catmullrom"
						},
						"1.05": {
							"post": [-24.1, 3.94, 52.1],
							"lerp_mode": "catmullrom"
						},
						"1.1": {
							"post": [-23.8, 4.9, 54.6],
							"lerp_mode": "catmullrom"
						},
						"1.3": {
							"post": [-23.8, 4.9, 53.5],
							"lerp_mode": "catmullrom"
						},
						"1.45": {
							"post": [-24.0137, 4.292, 52.75524],
							"lerp_mode": "catmullrom"
						},
						"1.6": {
							"post": [-24, 4.9, 54.9],
							"lerp_mode": "catmullrom"
						},
						"1.75": {
							"post": [-24, 4.9, 54.9],
							"lerp_mode": "catmullrom"
						},
						"1.95": {
							"post": [-23.34515, 6.58471, 58.28086],
							"lerp_mode": "catmullrom"
						},
						"2.1": {
							"post": [-23.24532, 6.4893, 58.20912],
							"lerp_mode": "catmullrom"
						},
						"2.15": {
							"post": [-23.31916, 6.04563, 57.24345],
							"lerp_mode": "catmullrom"
						},
						"2.2": {
							"post": [-23.50194, 5.10719, 55.13858],
							"lerp_mode": "catmullrom"
						},
						"2.25": {
							"post": [-23.079, 6.74454, 59.04465],
							"lerp_mode": "catmullrom"
						},
						"2.3": {
							"post": [-23.88588, 5.26135, 54.4224],
							"lerp_mode": "catmullrom"
						},
						"2.35": {
							"post": [-23.33753, 2.895, 48.87837],
							"lerp_mode": "catmullrom"
						},
						"2.5": {
							"post": [-15.93222, -22.40721, -0.10234],
							"lerp_mode": "catmullrom"
						},
						"2.6": {
							"post": [-15.74, -23.34, -1.69],
							"lerp_mode": "catmullrom"
						},
						"2.7": {
							"post": [-16.32, -22.04, -0.08],
							"lerp_mode": "catmullrom"
						},
						"2.75": {
							"post": [-14.42583, -22.70593, -4.26156],
							"lerp_mode": "catmullrom"
						},
						"2.85": {
							"post": [-12.31812, -21.98205, -0.6211],
							"lerp_mode": "catmullrom"
						},
						"2.9": {
							"post": [-10.13312, -20.82408, 0.16592],
							"lerp_mode": "catmullrom"
						},
						"2.95": {
							"post": [-6.49615, -16.14523, 5.0712],
							"lerp_mode": "catmullrom"
						},
						"3.0": {
							"post": [0.42, -10.96, -3.75],
							"lerp_mode": "catmullrom"
						},
						"3.15": {
							"post": [0.5, 0, 2.25],
							"lerp_mode": "catmullrom"
						},
						"3.25": {
							"post": [-0.25001, 0.625, -1.25218],
							"lerp_mode": "catmullrom"
						},
						"3.35": {
							"post": [0, 0, 0],
							"lerp_mode": "catmullrom"
						}
					},
					"position": {
						"0.0": [0, 0, 0],
						"0.05": [0.13133, -0.1398, -0.04009],
						"0.1": [0.62, -0.66, -0.23741],
						"0.15": [1.10867, -1.1802, -0.95696],
						"0.2": {
							"pre": [1.24, -1.32, -1.15],
							"post": [1.24, -1.32, -1.15],
							"lerp_mode": "catmullrom"
						},
						"0.35": {
							"post": [0.7, -0.45, -0.6],
							"lerp_mode": "catmullrom"
						},
						"0.55": {
							"post": [0.69, -0.75, -0.72],
							"lerp_mode": "catmullrom"
						},
						"0.75": {
							"post": [0.75, -0.35, -0.9],
							"lerp_mode": "catmullrom"
						},
						"0.9": {
							"post": [0.75, -0.35, -0.9],
							"lerp_mode": "catmullrom"
						},
						"1.0": {
							"post": [0.8, -0.35, -0.9],
							"lerp_mode": "catmullrom"
						},
						"1.1": {
							"post": [0.54, -0.45, -0.9],
							"lerp_mode": "catmullrom"
						},
						"1.3": {
							"post": [0.88, -0.35, -0.9],
							"lerp_mode": "catmullrom"
						},
						"1.6": {
							"post": [0.81, -0.35, -0.9],
							"lerp_mode": "catmullrom"
						},
						"1.85": {
							"post": [0.79, -0.35, -0.9],
							"lerp_mode": "catmullrom"
						},
						"2.35": {
							"post": [0.7, -0.35, -0.9],
							"lerp_mode": "catmullrom"
						},
						"2.5": {
							"post": [0.7, -0.4, -0.9],
							"lerp_mode": "catmullrom"
						},
						"2.6": {
							"post": [0.7, -0.4, -0.9],
							"lerp_mode": "catmullrom"
						},
						"2.75": {
							"post": [0.7, -0.6, -0.8],
							"lerp_mode": "catmullrom"
						},
						"2.9": {
							"post": [0.7, -1.35, -1.4],
							"lerp_mode": "catmullrom"
						},
						"3.1": {
							"post": [0.25, 0.1, -0.55],
							"lerp_mode": "catmullrom"
						},
						"3.2": {
							"post": [-0.125, -0.05, -0.55],
							"lerp_mode": "catmullrom"
						},
						"3.25": {
							"post": [0, 0, 0],
							"lerp_mode": "catmullrom"
						}
					}
				},
				"bolt": {
					"rotation": {
						"0.15": [0, 0, 0],
						"0.2": [0, 0, 55],
						"0.25": [0, 0, 52.5],
						"2.7": [0, 0, 52.5],
						"2.85": [0, 0, 54.5],
						"2.9": [0, 0, 0]
					},
					"position": {
						"0.15": [0, 0, 0],
						"0.25": [0, 0, 0],
						"0.3": [0, 0, 3.1],
						"2.6": [0, 0, 3],
						"2.65": [0, 0, 3],
						"2.7": [0, 0, 0]
					}
				},
				"shell_ejection": {
					"rotation": {
						"0.2": [0, 0, 0],
						"0.25": [0, 0, 0],
						"0.35": [0, -135.42, 0],
						"0.4": [0, -270.83, 0],
						"0.45": [0, -406.25, 0],
						"0.55": [0, -541.67, 0],
						"0.6": [0, -677.08, 0],
						"0.65": [0, -812.5, 0],
						"0.7": [0, 0, 0]
					},
					"position": {
						"0.15": [0, 0, 0],
						"0.25": [0, 0.0875, -0.18125],
						"0.35": {
							"pre": [-9.1, 1.0875, -1.98125],
							"post": [-9.1, 1.0875, -1.98125],
							"lerp_mode": "catmullrom"
						},
						"0.4": {
							"post": [-16.3, 1.0875, -7.98125],
							"lerp_mode": "catmullrom"
						},
						"0.45": {
							"post": [-24.4, -2.9125, -14.98125],
							"lerp_mode": "catmullrom"
						},
						"0.55": {
							"post": [-31.8, -8.9125, -21.98125],
							"lerp_mode": "catmullrom"
						},
						"0.6": {
							"post": [-37.8, -16.9125, -27.28125],
							"lerp_mode": "catmullrom"
						},
						"0.65": {
							"post": [-42, -25.3125, -30.28125],
							"lerp_mode": "catmullrom"
						},
						"0.7": [-46.1, -35.0125, -33.48125],
						"0.75": [0, 0, 0]
					},
					"scale": {
						"0.0": [1, 1, 1],
						"0.5": {"pre": [1, 1, 1], "post": [0, 0, 0]},
						"2.8": {"pre": [0, 0, 0], "post": [1, 1, 1]}
					}
				},
				"magazine_and_bullet": {
					"rotation": {
						"1.0": [0, 0, 0],
						"1.05": [-6.91466, 1.09239, 8.934],
						"1.15": [-55.94166, 3.55602, 33.13891],
						"1.3": [-104.78874, 65.55327, 78.19367],
						"1.45": [33.40474, 70.28426, 238.65186],
						"1.5": [36, 0, 0],
						"1.6": [36, 0, 0],
						"1.9": [-15, 0, 0],
						"2.0": [0, 0, 5],
						"2.05": [0, 0, 5],
						"2.15": [0, 0, 0],
						"2.2": [0, 0, 0]
					},
					"position": {
						"1.0": [0, 0, 0],
						"1.05": [-0.8, -3.2, 0.1],
						"1.15": {
							"pre": [0.88337, -10.15066, -3.23896],
							"post": [0.88337, -10.15066, -3.23896],
							"lerp_mode": "catmullrom"
						},
						"1.3": {
							"post": [10.15598, -27.92988, -7.01981],
							"lerp_mode": "catmullrom"
						},
						"1.45": [20.4018, -38.97721, -3.15611],
						"1.5": [4, -13.9, 9.6],
						"1.6": [4, -13.4, 4.9],
						"1.75": {
							"pre": [0.2, -7.7, 0],
							"post": [0.2, -7.7, 0],
							"lerp_mode": "catmullrom"
						},
						"1.9": [0, -1.55, -0.2],
						"2.0": [-0.05, -1.5, -0.1],
						"2.05": [-0.1, -1.25, 0],
						"2.15": [0, -1.25, 0],
						"2.2": [0, 0, 0]
					}
				},
				"bullet": {
					"scale": {
						"0.0": [0, 0, 0],
						"1.5": [0, 0, 0],
						"1.55": [1, 1, 1]
					}
				},
				"bullet_in_mag": {
					"scale": {
						"0.0": [0, 0, 0],
						"1.5": [0, 0, 0],
						"1.55": [1, 1, 1]
					}
				},
				"righthand": {
					"rotation": {
						"0.0": [105.72458, 13.50414, -173.23624],
						"0.1": [69.57493, 11.19234, -281.83007],
						"0.15": [69.57493, 11.19234, -281.83007],
						"0.2": [86.40579, 27.73614, -248.42825],
						"0.25": [86.40579, 27.73614, -248.42825],
						"0.3": [88.37498, 29.73535, -248.49232],
						"0.5": [88.37498, 29.73535, -248.49232],
						"0.65": {
							"pre": [89.30279, 9.06528, -233.87335],
							"post": [89.30279, 9.06528, -233.87335],
							"lerp_mode": "catmullrom"
						},
						"0.85": [100.06258, 23.79971, -249.21726],
						"1.0": [100.06, 23.8, -249.22],
						"1.05": {
							"pre": [100.06, 23.8, -249.22],
							"post": [100.06, 23.8, -249.22],
							"lerp_mode": "catmullrom"
						},
						"1.25": {
							"post": [85.69504, -19.47852, -211.26697],
							"lerp_mode": "catmullrom"
						},
						"1.45": {
							"post": [91.69817, 15.64457, -248.14213],
							"lerp_mode": "catmullrom"
						},
						"1.65": {
							"post": [91.64319, -17.79289, -267.70787],
							"lerp_mode": "catmullrom"
						},
						"1.9": [86.02035, 32.30033, -269.05621],
						"2.05": [91.69817, 15.64457, -248.14213],
						"2.1": [91.13726, 15.69405, -250.2187],
						"2.15": [91.13648, 15.68425, -250.219],
						"2.2": [90.01143, 15.73417, -254.37386],
						"2.3": [90.01143, 15.73417, -254.37386],
						"2.6": [120.59443, 9.07075, -174.69656],
						"2.65": [133.59443, 9.07075, -174.69656],
						"2.7": [132.09564, 18.79922, -179.4467],
						"2.8": [101.43416, 12.57571, -180.86679],
						"2.85": [101.43416, 12.57571, -180.86679],
						"2.9": [94.45857, -16.333, -225.98096],
						"3.0": [94.3243, -8.3564, -225.35441],
						"3.15": [101.72458, 13.50414, -173.23624],
						"3.2": [105.72458, 13.50414, -173.23624]
					},
					"position": {
						"0.0": [-6.8, -16.5, 10.7],
						"0.1": [-8.81262, -15.18725, 8.95757],
						"0.15": [-8.81262, -15.18725, 8.95757],
						"0.2": [-9.58696, -12.82106, 9.03573],
						"0.25": [-9.58696, -12.82106, 9.03573],
						"0.3": [-9.69, -13.02, 12.14],
						"0.5": [-9.69, -13.02, 12.14],
						"0.65": {
							"pre": [-8.29, -15.82, 9.09],
							"post": [-8.29, -15.82, 9.09],
							"lerp_mode": "catmullrom"
						},
						"0.85": [-6.29, -16.82, 6.04],
						"1.0": [-6.29, -16.82, 6.04],
						"1.05": {
							"pre": [-6.69, -20.72, 4.74],
							"post": [-6.69, -20.72, 4.74],
							"lerp_mode": "catmullrom"
						},
						"1.15": {
							"post": [-7.50399, -24.02807, 8.07481],
							"lerp_mode": "catmullrom"
						},
						"1.4": {
							"post": [-3.08533, -27.10874, 12.63025],
							"lerp_mode": "catmullrom"
						},
						"1.6": [-2.5, -30.8, 14.7],
						"1.65": [-2.5, -29.3, 10],
						"1.75": {
							"pre": [-6.3, -24.6, 5.1],
							"post": [-6.3, -24.6, 5.1],
							"lerp_mode": "catmullrom"
						},
						"1.9": [-6.5, -18.45, 4.5],
						"2.0": [-6.55, -18.4, 5],
						"2.05": [-6.6, -18.15, 5.3],
						"2.1": [-6.4, -18.15, 5.2],
						"2.15": [-6.275, -18.15, 5.15],
						"2.2": [-6.5, -16.9, 5.1],
						"2.3": [-6.5, -16.9, 5.1],
						"2.45": [-9.5, -16.1, 8.8],
						"2.6": [-9.1, -12.5, 12.5],
						"2.65": [-9.1, -12.5, 12.5],
						"2.7": [-9.1, -12.5, 9.6],
						"2.85": [-9.1, -12.5, 9.6],
						"2.9": [-10.83785, -16.48622, 10.79613],
						"3.0": [-9.40568, -17.71871, 12.15251],
						"3.15": [-6.8, -16.8, 9.9],
						"3.2": [-6.8, -16.5, 10.7]
					},
					"scale": [1, 1.5, 1]
				},
				"lefthand": {
					"rotation": {
						"0.4": [73.88563, -28.98274, -105.42742],
						"0.45": [72.70859, -27.29956, -106.67516],
						"0.5": [69.76653, -22.92904, -109.79394],
						"0.55": [65.94183, -21.34817, -113.84839],
						"0.6": [62.11713, -20.63375, -117.90283],
						"0.65": [59.17507, -20.32484, -121.02161],
						"0.7": [57.99803, -20.25978, -122.26935],
						"1.35": [57.99803, -20.27611, -122.26935],
						"2.0": [57.99803, -20.21262, -122.26935],
						"2.25": [57.99803, -20.25978, -122.26935],
						"2.3": [59.37241, -20.42748, -120.81241],
						"2.35": [63.35111, -20.99042, -116.59472],
						"2.4": [68.53255, -22.41767, -111.10205],
						"2.45": [72.51125, -27.23133, -106.88436],
						"2.5": [73.88563, -28.98274, -105.42742]
					},
					"position": {
						"0.4": {
							"pre": [6.9, -16, -5.2],
							"post": [6.9, -16, -5.2],
							"lerp_mode": "catmullrom"
						},
						"0.45": [6.92788, -15.92455, -5.1393],
						"0.5": [6.99757, -15.73596, -4.98759],
						"0.6": [7.17875, -15.24562, -4.59314],
						"0.65": [7.24844, -15.05703, -4.44143],
						"0.7": [7.27632, -14.98158, -4.38073],
						"1.35": [7.27632, -14.98158, -4.38073],
						"2.0": [7.27632, -14.98158, -4.38073],
						"2.25": [7.27632, -14.98158, -4.38073],
						"2.3": [7.24377, -15.06968, -4.4516],
						"2.35": [7.14952, -15.32472, -4.65677],
						"2.4": [7.0268, -15.65686, -4.92396],
						"2.45": [6.93255, -15.9119, -5.12913],
						"2.5": {
							"pre": [6.9, -16, -5.2],
							"post": [6.9, -16, -5.2],
							"lerp_mode": "catmullrom"
						}
					},
					"scale": {
						"0.0": {
							"post": [1, 1.5, 1],
							"lerp_mode": "catmullrom"
						}
					}
				},
				"camera": {
					"rotation": {
						"0.0": {
							"post": [0, 0, 0],
							"lerp_mode": "catmullrom"
						},
						"0.2": {
							"post": [0.45, 0, 0.2],
							"lerp_mode": "catmullrom"
						},
						"0.3": {
							"post": [0.36, -0.01, 0.25],
							"lerp_mode": "catmullrom"
						},
						"0.35": {
							"post": [1.14, -0.02, 1.05],
							"lerp_mode": "catmullrom"
						},
						"0.45": {
							"post": [0.335, -0.03, -0.325],
							"lerp_mode": "catmullrom"
						},
						"0.6": {
							"post": [0.875, 0, 0.475],
							"lerp_mode": "catmullrom"
						},
						"0.85": {
							"post": [1.02, 0.4, 0.3],
							"lerp_mode": "catmullrom"
						},
						"0.95": {
							"post": [1.195, 0.55, 0.3],
							"lerp_mode": "catmullrom"
						},
						"1.05": {
							"post": [2.475, 0.54, 1.25],
							"lerp_mode": "catmullrom"
						},
						"1.15": {
							"post": [0.675, 0.52, -0.225],
							"lerp_mode": "catmullrom"
						},
						"1.55": {
							"post": [1.19, 0.48, 0.65],
							"lerp_mode": "catmullrom"
						},
						"1.65": {
							"post": [0.765, 0.4, 0.3],
							"lerp_mode": "catmullrom"
						},
						"2.1": {
							"post": [0.59, 0.5, -0.875],
							"lerp_mode": "catmullrom"
						},
						"2.15": {
							"post": [2.22, 0.5, 0.125],
							"lerp_mode": "catmullrom"
						},
						"2.25": {
							"post": [0.83, 0.47, -1.65],
							"lerp_mode": "catmullrom"
						},
						"2.35": {
							"post": [1.365, 0.42, -0.55],
							"lerp_mode": "catmullrom"
						},
						"2.5": {
							"post": [0.94, 0.38, -1.075],
							"lerp_mode": "catmullrom"
						},
						"2.65": {
							"post": [0.845, 0, 0.775],
							"lerp_mode": "catmullrom"
						},
						"2.7": {
							"post": [1.23, 0, 1.625],
							"lerp_mode": "catmullrom"
						},
						"2.75": {
							"post": [0.445, 0, 0.375],
							"lerp_mode": "catmullrom"
						},
						"2.8": {
							"post": [0.51, 0, 0.775],
							"lerp_mode": "catmullrom"
						},
						"2.85": {
							"post": [0.8, 0, 0.725],
							"lerp_mode": "catmullrom"
						},
						"2.95": {
							"post": [0, 0, 0],
							"lerp_mode": "catmullrom"
						}
					}
				}
			},
			"sound_effects": {
				"0.0": {
					"effect": "classicr:m24/m24_reload_empty"
				}
			}
		},
		"inspect": {
			"animation_length": 4.6,
			"bones": {
				"R": {
					"rotation": [105.72458, 13.50414, -173.23624],
					"position": [-6.8, -16.5, 10.7],
					"scale": [1, 1.5, 1]
				},
				"l": {
					"rotation": {
						"0.0": [73.88563, -28.98274, -105.42742],
						"0.25": [64.31957, -31.45581, -81.70831],
						"0.85": [64.31957, -31.45581, -81.70831],
						"1.1": [66.88922, -29.60855, -76.30018],
						"2.0": {
							"pre": [66.88922, -29.60855, -78.00018],
							"post": [66.88922, -29.60855, -78.00018],
							"lerp_mode": "catmullrom"
						},
						"2.15": {
							"post": [66.08922, -29.60855, -88.70018],
							"lerp_mode": "catmullrom"
						},
						"2.35": {
							"post": [63.4647, -32.23256, -145.95422],
							"lerp_mode": "catmullrom"
						},
						"2.45": [63.0647, -32.23256, -154.75422],
						"3.9": [63.0647, -32.23256, -154.65422],
						"4.3": [74.84965, -28.81342, -105.4397],
						"4.5": [73.88563, -28.98274, -105.42742]
					},
					"position": {
						"0.0": [6.9, -16, -5.2],
						"0.15": [7.04, -16.1, -1.45],
						"0.3": [6.5, -16, 3.2],
						"2.0": [6.5, -16, 3.2],
						"2.2": [7.76918, -16.14188, 0.24982],
						"2.35": [7.78228, -14.61198, -2.01911],
						"3.85": [7.78228, -14.61198, -2.01911],
						"4.35": [6.875, -16, -5.2],
						"4.5": [6.9, -16, -5.2]
					},
					"scale": [1, 1.5, 1]
				},
				"bone2": {
					"rotation": {
						"0.0": {
							"post": [0, 0, 0],
							"lerp_mode": "catmullrom"
						},
						"0.2": {
							"post": [-15.30902, -2.26482, -10.8535],
							"lerp_mode": "catmullrom"
						},
						"0.3": {
							"post": [-19.87196, -3.17785, -17.95906],
							"lerp_mode": "catmullrom"
						},
						"0.4": {
							"post": [-21.02, -3.65, -14.43],
							"lerp_mode": "catmullrom"
						},
						"0.5": {
							"post": [-22.61825, -4.52968, -16.70733],
							"lerp_mode": "catmullrom"
						},
						"0.65": {
							"post": [-22.75, -4.41, -17.665],
							"lerp_mode": "catmullrom"
						},
						"0.85": {
							"post": [-22.62, -4.53, -17.96],
							"lerp_mode": "catmullrom"
						},
						"1.05": {
							"post": [-21.83419, -7.56045, -25.65573],
							"lerp_mode": "catmullrom"
						},
						"1.25": {
							"post": [-21.78, -7.76, -26.34],
							"lerp_mode": "catmullrom"
						},
						"1.5": {
							"post": [-21.78, -7.74, -26.81],
							"lerp_mode": "catmullrom"
						},
						"1.7": {
							"post": [-21.8, -7.68, -27.385],
							"lerp_mode": "catmullrom"
						},
						"2.0": {
							"post": [-21.83419, -7.56045, -25.65573],
							"lerp_mode": "catmullrom"
						},
						"2.1": {
							"post": [-21.83419, -7.56045, -14.65573],
							"lerp_mode": "catmullrom"
						},
						"2.3": {
							"post": [-24.9445, 7.90002, 43.15984],
							"lerp_mode": "catmullrom"
						},
						"2.4": {
							"post": [-24.9445, 7.90002, 59.65984],
							"lerp_mode": "catmullrom"
						},
						"2.55": {
							"post": [-24.95, 7.88, 61.47],
							"lerp_mode": "catmullrom"
						},
						"2.65": {
							"post": [-24.96, 7.86, 60.99],
							"lerp_mode": "catmullrom"
						},
						"2.9": {
							"post": [-25, 7.75, 61.77],
							"lerp_mode": "catmullrom"
						},
						"3.15": {
							"post": [-24.9445, 7.90002, 61.65984],
							"lerp_mode": "catmullrom"
						},
						"3.35": {
							"post": [-24.22873, 9.9815, 70.7622],
							"lerp_mode": "catmullrom"
						},
						"3.6": {
							"post": [-24.16, 10.35, 71.62],
							"lerp_mode": "catmullrom"
						},
						"3.85": {
							"post": [-23.86, 10.06, 70.09],
							"lerp_mode": "catmullrom"
						},
						"4.0": {
							"post": [-21.22873, 8.4815, 60.2622],
							"lerp_mode": "catmullrom"
						},
						"4.15": {
							"post": [-2.67436, -2.84081, 26.11685],
							"lerp_mode": "catmullrom"
						},
						"4.3": {
							"post": [2.37, -2.9, 0.4],
							"lerp_mode": "catmullrom"
						},
						"4.4": {
							"post": [0, 0, 1.25],
							"lerp_mode": "catmullrom"
						},
						"4.5": {
							"post": [0, 0, 0.5],
							"lerp_mode": "catmullrom"
						},
						"4.6": {
							"post": [0, 0, 0],
							"lerp_mode": "catmullrom"
						}
					},
					"position": {
						"0.0": {
							"post": [0, 0, 0],
							"lerp_mode": "catmullrom"
						},
						"0.2": {
							"post": [0.34, 0.6, -1.65],
							"lerp_mode": "catmullrom"
						},
						"0.3": {
							"post": [0.67385, 0.3, -0.8],
							"lerp_mode": "catmullrom"
						},
						"0.45": {
							"post": [0.67385, 0.4, -1],
							"lerp_mode": "catmullrom"
						},
						"2.05": {
							"post": [0.67385, 0.39886, -0.7],
							"lerp_mode": "catmullrom"
						},
						"2.4": {
							"post": [-1.07086, -0.3546, -1.4],
							"lerp_mode": "catmullrom"
						},
						"3.95": {
							"post": [-1.07086, -0.3546, -1.4],
							"lerp_mode": "catmullrom"
						},
						"4.3": {
							"post": [0, -0.3, -0.7],
							"lerp_mode": "catmullrom"
						},
						"4.45": {
							"post": [0.1, 0, 0.3],
							"lerp_mode": "catmullrom"
						},
						"4.55": {
							"post": [0, 0, 0],
							"lerp_mode": "catmullrom"
						}
					}
				},
				"root": {
					"rotation": {
						"0.0": {
							"post": [0, 0, 0],
							"lerp_mode": "catmullrom"
						},
						"0.2": {
							"post": [-15.30902, -2.26482, -10.8535],
							"lerp_mode": "catmullrom"
						},
						"0.3": {
							"post": [-19.87196, -3.17785, -17.95906],
							"lerp_mode": "catmullrom"
						},
						"0.4": {
							"post": [-21.02, -3.65, -14.43],
							"lerp_mode": "catmullrom"
						},
						"0.5": {
							"post": [-22.61825, -4.52968, -16.70733],
							"lerp_mode": "catmullrom"
						},
						"0.65": {
							"post": [-22.75, -4.41, -17.665],
							"lerp_mode": "catmullrom"
						},
						"0.85": {
							"post": [-22.62, -4.53, -17.96],
							"lerp_mode": "catmullrom"
						},
						"1.05": {
							"post": [-21.83419, -7.56045, -25.65573],
							"lerp_mode": "catmullrom"
						},
						"1.25": {
							"post": [-21.78, -7.76, -26.34],
							"lerp_mode": "catmullrom"
						},
						"1.5": {
							"post": [-21.78, -7.74, -26.81],
							"lerp_mode": "catmullrom"
						},
						"1.7": {
							"post": [-21.8, -7.68, -27.385],
							"lerp_mode": "catmullrom"
						},
						"2.0": {
							"post": [-21.83419, -7.56045, -25.65573],
							"lerp_mode": "catmullrom"
						},
						"2.1": {
							"post": [-21.83419, -7.56045, -14.65573],
							"lerp_mode": "catmullrom"
						},
						"2.3": {
							"post": [-24.9445, 7.90002, 43.15984],
							"lerp_mode": "catmullrom"
						},
						"2.4": {
							"post": [-24.9445, 7.90002, 59.65984],
							"lerp_mode": "catmullrom"
						},
						"2.55": {
							"post": [-24.95, 7.88, 61.47],
							"lerp_mode": "catmullrom"
						},
						"2.65": {
							"post": [-24.96, 7.86, 60.99],
							"lerp_mode": "catmullrom"
						},
						"2.7": {
							"post": [-24.25919, 9.92369, 65.6806],
							"lerp_mode": "catmullrom"
						},
						"2.8": {
							"post": [-27.56, 7.58, 61.48],
							"lerp_mode": "catmullrom"
						},
						"2.9": {
							"post": [-25, 7.75, 61.77],
							"lerp_mode": "catmullrom"
						},
						"3.15": {
							"post": [-24.9445, 7.90002, 61.65984],
							"lerp_mode": "catmullrom"
						},
						"3.25": {
							"post": [-24.9445, 7.90002, 61.65984],
							"lerp_mode": "catmullrom"
						},
						"3.3": {
							"post": [-22.24994, 8.60072, 66.50379],
							"lerp_mode": "catmullrom"
						},
						"3.45": {
							"post": [-24.9445, 7.90002, 61.65984],
							"lerp_mode": "catmullrom"
						},
						"3.5": {
							"post": [-22.22, 8.64, 64.67],
							"lerp_mode": "catmullrom"
						},
						"3.6": {
							"post": [-24.16, 10.35, 71.62],
							"lerp_mode": "catmullrom"
						},
						"3.85": {
							"post": [-23.86, 10.06, 70.09],
							"lerp_mode": "catmullrom"
						},
						"4.0": {
							"post": [-21.22873, 8.4815, 60.2622],
							"lerp_mode": "catmullrom"
						},
						"4.15": {
							"post": [-2.67436, -2.84081, 26.11685],
							"lerp_mode": "catmullrom"
						},
						"4.3": {
							"post": [2.37, -2.9, 0.4],
							"lerp_mode": "catmullrom"
						},
						"4.4": {
							"post": [0, 0, 1.25],
							"lerp_mode": "catmullrom"
						},
						"4.5": {
							"post": [0, 0, 0.5],
							"lerp_mode": "catmullrom"
						},
						"4.6": {
							"post": [0, 0, 0],
							"lerp_mode": "catmullrom"
						}
					},
					"position": {
						"0.0": {
							"post": [0, 0, 0],
							"lerp_mode": "catmullrom"
						},
						"0.2": {
							"post": [0.34, 0.6, -1.65],
							"lerp_mode": "catmullrom"
						},
						"0.3": {
							"post": [0.67385, 0.3, -0.8],
							"lerp_mode": "catmullrom"
						},
						"0.45": {
							"post": [0.67385, 0.4, -1],
							"lerp_mode": "catmullrom"
						},
						"2.05": {
							"post": [0.67385, 0.39886, -0.7],
							"lerp_mode": "catmullrom"
						},
						"2.4": {
							"post": [-1.07086, -0.3546, -1.4],
							"lerp_mode": "catmullrom"
						},
						"3.95": {
							"post": [-1.07086, -0.3546, -1.4],
							"lerp_mode": "catmullrom"
						},
						"4.3": {
							"post": [0, -0.3, -0.7],
							"lerp_mode": "catmullrom"
						},
						"4.45": {
							"post": [0.1, 0, 0.3],
							"lerp_mode": "catmullrom"
						},
						"4.55": {
							"post": [0, 0, 0],
							"lerp_mode": "catmullrom"
						}
					}
				},
				"bolt": {
					"rotation": {
						"2.65": [0, 0, 0],
						"2.7": [0, 0, 55],
						"2.75": [0, 0, 52.5],
						"3.3": [0, 0, 52.5],
						"3.45": [0, 0, 54.5],
						"3.5": [0, 0, 0]
					},
					"position": {
						"2.65": [0, 0, 0],
						"2.75": [0, 0, 0],
						"2.8": [0, 0, 1.1],
						"2.9": [0, 0, 1],
						"3.25": [0, 0, 1],
						"3.3": [0, 0, 0]
					}
				},
				"shell_ejection": {
					"scale": 0
				},
				"righthand": {
					"rotation": {
						"0.0": [105.72458, 13.50414, -173.23624],
						"2.55": [105.72458, 13.50414, -173.23624],
						"2.6": [98.97941, 15.83239, -201.60568],
						"2.7": [106.89121, -1.64418, -159.50115],
						"2.75": [106.89121, -1.64418, -159.50115],
						"2.8": [106.89121, -1.64418, -159.50115],
						"3.2": [98.55788, -1.64418, -159.50115],
						"3.25": [125.89121, -1.64418, -159.50115],
						"3.35": [127.29121, -1.64418, -159.50115],
						"3.45": [108.65502, 0.87996, -167.79369],
						"3.5": [105.2916, 7.44503, -190.25619],
						"3.6": [105.2916, 7.44503, -190.25619],
						"3.7": [107.67645, 6.10514, -164.26959],
						"3.75": {
							"pre": [105.72458, 13.50414, -173.23624],
							"post": [105.72458, 13.50414, -173.23624],
							"lerp_mode": "catmullrom"
						}
					},
					"position": {
						"0.0": [-6.8, -16.5, 10.7],
						"2.55": [-6.8, -16.5, 10.7],
						"2.6": [-8.77, -15.73, 9.6],
						"2.7": [-9.1, -13, 9.8],
						"2.75": [-9.1, -13, 9.8],
						"2.8": [-9.1, -12.8, 11],
						"3.2": [-9.3, -12.9, 10.4],
						"3.25": [-9.3, -12.9, 10.4],
						"3.35": [-9.3, -12.9, 9.3],
						"3.45": [-9.3, -12.9, 9.3],
						"3.5": [-8.7, -15.3, 10],
						"3.6": [-8.7, -15.3, 10],
						"3.7": {
							"pre": [-7.35155, -16.63993, 9.69],
							"post": [-7.35155, -16.63993, 9.69],
							"lerp_mode": "catmullrom"
						},
						"3.75": {
							"post": [-6.8, -16.5, 10.7],
							"lerp_mode": "catmullrom"
						}
					},
					"scale": {
						"0.0": [1, 1.5, 1],
						"2.55": [1, 1.5, 1]
					}
				},
				"lefthand": {
					"rotation": {
						"0.0": [73.88563, -28.98274, -105.42742],
						"0.25": [64.31957, -31.45581, -81.70831],
						"0.85": [64.31957, -31.45581, -81.70831],
						"1.1": [66.88922, -29.60855, -76.30018],
						"2.0": {
							"pre": [66.88922, -29.60855, -78.00018],
							"post": [66.88922, -29.60855, -78.00018],
							"lerp_mode": "catmullrom"
						},
						"2.15": {
							"post": [66.08922, -29.60855, -88.70018],
							"lerp_mode": "catmullrom"
						},
						"2.35": {
							"post": [63.4647, -32.23256, -145.95422],
							"lerp_mode": "catmullrom"
						},
						"2.45": [63.0647, -32.23256, -154.75422],
						"3.9": [63.0647, -32.23256, -154.65422],
						"4.3": [74.84965, -28.81342, -105.4397],
						"4.5": [73.88563, -28.98274, -105.42742]
					},
					"position": {
						"0.0": [6.9, -16, -5.2],
						"0.15": [7.04, -16.1, -1.45],
						"0.3": [6.5, -16, 3.2],
						"2.0": [6.5, -16, 3.2],
						"2.2": [7.76918, -16.14188, 0.24982],
						"2.35": [7.78228, -14.61198, -2.01911],
						"3.85": [7.78228, -14.61198, -2.01911],
						"4.35": [6.875, -16, -5.2],
						"4.5": [6.9, -16, -5.2]
					},
					"scale": [1, 1.5, 1]
				},
				"camera": {
					"rotation": {
						"0.0": [0, 0, 0],
						"0.25": [0, 0, 0],
						"0.3": [1.5, 0, 0],
						"0.35": [-0.5, 0, 0],
						"0.4": [0.3, 0, 0],
						"0.45": [-0.1, 0, 0],
						"0.5": [0, 0, 0],
						"0.75": {
							"pre": [0, 0, 0],
							"post": [0, 0, 0],
							"lerp_mode": "catmullrom"
						},
						"1.0": {
							"post": [-5, 0, 0],
							"lerp_mode": "catmullrom"
						},
						"1.95": {
							"post": [-5, 0, 0],
							"lerp_mode": "catmullrom"
						},
						"2.2": {
							"post": [0, 0, 0],
							"lerp_mode": "catmullrom"
						},
						"2.45": {
							"post": [0, 0, 0],
							"lerp_mode": "catmullrom"
						},
						"2.75": {
							"post": [5.1, 5.7, 0],
							"lerp_mode": "catmullrom"
						},
						"3.0": {
							"post": [6, 6, 0],
							"lerp_mode": "catmullrom"
						},
						"3.35": {
							"post": [6, 6, 0],
							"lerp_mode": "catmullrom"
						},
						"3.65": {
							"post": [0, 6, 0],
							"lerp_mode": "catmullrom"
						},
						"3.95": {
							"post": [0, 6, 0],
							"lerp_mode": "catmullrom"
						},
						"4.3": {
							"post": [0, 0, 0],
							"lerp_mode": "catmullrom"
						}
					}
				}
			},
			"sound_effects": {
				"0.0": {
					"effect": "classicr:m24/m24_inspect"
				},
				"2.35": {
					"effect": "tacz:m95/m95_boltback"
				},
				"3.1": {
					"effect": "tacz:m95/m95_boltclose"
				}
			}
		},
		"inspect_empty": {
			"animation_length": 4.6,
			"bones": {
				"R": {
					"rotation": [105.72458, 13.50414, -173.23624],
					"position": [-6.8, -16.5, 10.7],
					"scale": [1, 1.5, 1]
				},
				"l": {
					"rotation": {
						"0.0": [73.88563, -28.98274, -105.42742],
						"0.25": [64.31957, -31.45581, -81.70831],
						"0.85": [64.31957, -31.45581, -81.70831],
						"1.1": [66.88922, -29.60855, -76.30018],
						"2.0": {
							"pre": [66.88922, -29.60855, -78.00018],
							"post": [66.88922, -29.60855, -78.00018],
							"lerp_mode": "catmullrom"
						},
						"2.15": {
							"post": [66.08922, -29.60855, -88.70018],
							"lerp_mode": "catmullrom"
						},
						"2.35": {
							"post": [63.4647, -32.23256, -145.95422],
							"lerp_mode": "catmullrom"
						},
						"2.45": [63.0647, -32.23256, -154.75422],
						"3.9": [63.0647, -32.23256, -154.65422],
						"4.3": [74.84965, -28.81342, -105.4397],
						"4.5": [73.88563, -28.98274, -105.42742]
					},
					"position": {
						"0.0": [6.9, -16, -5.2],
						"0.15": [7.04, -16.1, -1.45],
						"0.3": [6.5, -16, 3.2],
						"2.0": [6.5, -16, 3.2],
						"2.2": [7.76918, -16.14188, 0.24982],
						"2.35": [7.78228, -14.61198, -2.01911],
						"3.85": [7.78228, -14.61198, -2.01911],
						"4.35": [6.875, -16, -5.2],
						"4.5": [6.9, -16, -5.2]
					},
					"scale": [1, 1.5, 1]
				},
				"bone2": {
					"rotation": {
						"0.0": {
							"post": [0, 0, 0],
							"lerp_mode": "catmullrom"
						},
						"0.2": {
							"post": [-15.30902, -2.26482, -10.8535],
							"lerp_mode": "catmullrom"
						},
						"0.3": {
							"post": [-19.87196, -3.17785, -17.95906],
							"lerp_mode": "catmullrom"
						},
						"0.4": {
							"post": [-21.02, -3.65, -14.43],
							"lerp_mode": "catmullrom"
						},
						"0.5": {
							"post": [-22.61825, -4.52968, -16.70733],
							"lerp_mode": "catmullrom"
						},
						"0.65": {
							"post": [-22.75, -4.41, -17.665],
							"lerp_mode": "catmullrom"
						},
						"0.85": {
							"post": [-22.62, -4.53, -17.96],
							"lerp_mode": "catmullrom"
						},
						"1.05": {
							"post": [-21.83419, -7.56045, -25.65573],
							"lerp_mode": "catmullrom"
						},
						"1.25": {
							"post": [-21.78, -7.76, -26.34],
							"lerp_mode": "catmullrom"
						},
						"1.5": {
							"post": [-21.78, -7.74, -26.81],
							"lerp_mode": "catmullrom"
						},
						"1.7": {
							"post": [-21.8, -7.68, -27.385],
							"lerp_mode": "catmullrom"
						},
						"2.0": {
							"post": [-21.83419, -7.56045, -25.65573],
							"lerp_mode": "catmullrom"
						},
						"2.1": {
							"post": [-21.83419, -7.56045, -14.65573],
							"lerp_mode": "catmullrom"
						},
						"2.3": {
							"post": [-24.9445, 7.90002, 43.15984],
							"lerp_mode": "catmullrom"
						},
						"2.4": {
							"post": [-24.9445, 7.90002, 59.65984],
							"lerp_mode": "catmullrom"
						},
						"2.55": {
							"post": [-24.95, 7.88, 61.47],
							"lerp_mode": "catmullrom"
						},
						"2.65": {
							"post": [-24.96, 7.86, 60.99],
							"lerp_mode": "catmullrom"
						},
						"2.9": {
							"post": [-25, 7.75, 61.77],
							"lerp_mode": "catmullrom"
						},
						"3.15": {
							"post": [-24.9445, 7.90002, 61.65984],
							"lerp_mode": "catmullrom"
						},
						"3.35": {
							"post": [-24.22873, 9.9815, 70.7622],
							"lerp_mode": "catmullrom"
						},
						"3.6": {
							"post": [-24.16, 10.35, 71.62],
							"lerp_mode": "catmullrom"
						},
						"3.85": {
							"post": [-23.86, 10.06, 70.09],
							"lerp_mode": "catmullrom"
						},
						"4.0": {
							"post": [-21.22873, 8.4815, 60.2622],
							"lerp_mode": "catmullrom"
						},
						"4.15": {
							"post": [-2.67436, -2.84081, 26.11685],
							"lerp_mode": "catmullrom"
						},
						"4.3": {
							"post": [2.37, -2.9, 0.4],
							"lerp_mode": "catmullrom"
						},
						"4.4": {
							"post": [0, 0, 1.25],
							"lerp_mode": "catmullrom"
						},
						"4.5": {
							"post": [0, 0, 0.5],
							"lerp_mode": "catmullrom"
						},
						"4.6": {
							"post": [0, 0, 0],
							"lerp_mode": "catmullrom"
						}
					},
					"position": {
						"0.0": {
							"post": [0, 0, 0],
							"lerp_mode": "catmullrom"
						},
						"0.2": {
							"post": [0.34, 0.6, -1.65],
							"lerp_mode": "catmullrom"
						},
						"0.3": {
							"post": [0.67385, 0.3, -0.8],
							"lerp_mode": "catmullrom"
						},
						"0.45": {
							"post": [0.67385, 0.4, -1],
							"lerp_mode": "catmullrom"
						},
						"2.05": {
							"post": [0.67385, 0.39886, -0.7],
							"lerp_mode": "catmullrom"
						},
						"2.4": {
							"post": [-1.07086, -0.3546, -1.4],
							"lerp_mode": "catmullrom"
						},
						"3.95": {
							"post": [-1.07086, -0.3546, -1.4],
							"lerp_mode": "catmullrom"
						},
						"4.3": {
							"post": [0, -0.3, -0.7],
							"lerp_mode": "catmullrom"
						},
						"4.45": {
							"post": [0.1, 0, 0.3],
							"lerp_mode": "catmullrom"
						},
						"4.55": {
							"post": [0, 0, 0],
							"lerp_mode": "catmullrom"
						}
					}
				},
				"root": {
					"rotation": {
						"0.0": {
							"post": [0, 0, 0],
							"lerp_mode": "catmullrom"
						},
						"0.2": {
							"post": [-15.30902, -2.26482, -10.8535],
							"lerp_mode": "catmullrom"
						},
						"0.3": {
							"post": [-19.87196, -3.17785, -17.95906],
							"lerp_mode": "catmullrom"
						},
						"0.4": {
							"post": [-21.02, -3.65, -14.43],
							"lerp_mode": "catmullrom"
						},
						"0.5": {
							"post": [-22.61825, -4.52968, -16.70733],
							"lerp_mode": "catmullrom"
						},
						"0.65": {
							"post": [-22.75, -4.41, -17.665],
							"lerp_mode": "catmullrom"
						},
						"0.85": {
							"post": [-22.62, -4.53, -17.96],
							"lerp_mode": "catmullrom"
						},
						"1.05": {
							"post": [-21.83419, -7.56045, -25.65573],
							"lerp_mode": "catmullrom"
						},
						"1.25": {
							"post": [-21.78, -7.76, -26.34],
							"lerp_mode": "catmullrom"
						},
						"1.5": {
							"post": [-21.78, -7.74, -26.81],
							"lerp_mode": "catmullrom"
						},
						"1.7": {
							"post": [-21.8, -7.68, -27.385],
							"lerp_mode": "catmullrom"
						},
						"2.0": {
							"post": [-21.83419, -7.56045, -25.65573],
							"lerp_mode": "catmullrom"
						},
						"2.1": {
							"post": [-21.83419, -7.56045, -14.65573],
							"lerp_mode": "catmullrom"
						},
						"2.3": {
							"post": [-24.9445, 7.90002, 43.15984],
							"lerp_mode": "catmullrom"
						},
						"2.4": {
							"post": [-24.9445, 7.90002, 59.65984],
							"lerp_mode": "catmullrom"
						},
						"2.55": {
							"post": [-24.95, 7.88, 61.47],
							"lerp_mode": "catmullrom"
						},
						"2.65": {
							"post": [-24.96, 7.86, 60.99],
							"lerp_mode": "catmullrom"
						},
						"2.9": {
							"post": [-25, 7.75, 61.77],
							"lerp_mode": "catmullrom"
						},
						"3.15": {
							"post": [-24.9445, 7.90002, 61.65984],
							"lerp_mode": "catmullrom"
						},
						"3.35": {
							"post": [-24.22873, 9.9815, 70.7622],
							"lerp_mode": "catmullrom"
						},
						"3.6": {
							"post": [-24.16, 10.35, 71.62],
							"lerp_mode": "catmullrom"
						},
						"3.85": {
							"post": [-23.86, 10.06, 70.09],
							"lerp_mode": "catmullrom"
						},
						"4.0": {
							"post": [-21.22873, 8.4815, 60.2622],
							"lerp_mode": "catmullrom"
						},
						"4.15": {
							"post": [-2.67436, -2.84081, 26.11685],
							"lerp_mode": "catmullrom"
						},
						"4.3": {
							"post": [2.37, -2.9, 0.4],
							"lerp_mode": "catmullrom"
						},
						"4.4": {
							"post": [0, 0, 1.25],
							"lerp_mode": "catmullrom"
						},
						"4.5": {
							"post": [0, 0, 0.5],
							"lerp_mode": "catmullrom"
						},
						"4.6": {
							"post": [0, 0, 0],
							"lerp_mode": "catmullrom"
						}
					},
					"position": {
						"0.0": {
							"post": [0, 0, 0],
							"lerp_mode": "catmullrom"
						},
						"0.2": {
							"post": [0.34, 0.6, -1.65],
							"lerp_mode": "catmullrom"
						},
						"0.3": {
							"post": [0.67385, 0.3, -0.8],
							"lerp_mode": "catmullrom"
						},
						"0.45": {
							"post": [0.67385, 0.4, -1],
							"lerp_mode": "catmullrom"
						},
						"2.05": {
							"post": [0.67385, 0.39886, -0.7],
							"lerp_mode": "catmullrom"
						},
						"2.4": {
							"post": [-1.07086, -0.3546, -1.4],
							"lerp_mode": "catmullrom"
						},
						"3.95": {
							"post": [-1.07086, -0.3546, -1.4],
							"lerp_mode": "catmullrom"
						},
						"4.3": {
							"post": [0, -0.3, -0.7],
							"lerp_mode": "catmullrom"
						},
						"4.45": {
							"post": [0.1, 0, 0.3],
							"lerp_mode": "catmullrom"
						},
						"4.55": {
							"post": [0, 0, 0],
							"lerp_mode": "catmullrom"
						}
					}
				},
				"righthand": {
					"rotation": [105.72458, 13.50414, -173.23624],
					"position": [-6.8, -16.5, 10.7],
					"scale": [1, 1.5, 1]
				},
				"lefthand": {
					"rotation": {
						"0.0": [73.88563, -28.98274, -105.42742],
						"0.25": [64.31957, -31.45581, -81.70831],
						"0.85": [64.31957, -31.45581, -81.70831],
						"1.1": [66.88922, -29.60855, -76.30018],
						"2.0": {
							"pre": [66.88922, -29.60855, -78.00018],
							"post": [66.88922, -29.60855, -78.00018],
							"lerp_mode": "catmullrom"
						},
						"2.15": {
							"post": [66.08922, -29.60855, -88.70018],
							"lerp_mode": "catmullrom"
						},
						"2.35": {
							"post": [63.4647, -32.23256, -145.95422],
							"lerp_mode": "catmullrom"
						},
						"2.45": [63.0647, -32.23256, -154.75422],
						"3.9": [63.0647, -32.23256, -154.65422],
						"4.3": [74.84965, -28.81342, -105.4397],
						"4.5": [73.88563, -28.98274, -105.42742]
					},
					"position": {
						"0.0": [6.9, -16, -5.2],
						"0.15": [7.04, -16.1, -1.45],
						"0.3": [6.5, -16, 3.2],
						"2.0": [6.5, -16, 3.2],
						"2.2": [7.76918, -16.14188, 0.24982],
						"2.35": [7.78228, -14.61198, -2.01911],
						"3.85": [7.78228, -14.61198, -2.01911],
						"4.35": [6.875, -16, -5.2],
						"4.5": [6.9, -16, -5.2]
					},
					"scale": [1, 1.5, 1]
				},
				"camera": {
					"rotation": {
						"0.0": [0, 0, 0],
						"0.25": [0, 0, 0],
						"0.3": [1.5, 0, 0],
						"0.35": [-0.5, 0, 0],
						"0.4": [0.3, 0, 0],
						"0.45": [-0.1, 0, 0],
						"0.5": [0, 0, 0],
						"0.75": {
							"pre": [0, 0, 0],
							"post": [0, 0, 0],
							"lerp_mode": "catmullrom"
						},
						"1.0": {
							"post": [-5, 0, 0],
							"lerp_mode": "catmullrom"
						},
						"1.95": {
							"post": [-5, 0, 0],
							"lerp_mode": "catmullrom"
						},
						"2.2": {
							"post": [0, 0, 0],
							"lerp_mode": "catmullrom"
						},
						"2.55": {
							"post": [0, 0, 0],
							"lerp_mode": "catmullrom"
						},
						"2.75": {
							"post": [2.1, 2.7, 0],
							"lerp_mode": "catmullrom"
						},
						"3.0": {
							"post": [6, 6, 0],
							"lerp_mode": "catmullrom"
						},
						"3.95": {
							"post": [6, 6, 0],
							"lerp_mode": "catmullrom"
						},
						"4.25": {
							"post": [0, 0, 0],
							"lerp_mode": "catmullrom"
						}
					}
				}
			},
			"sound_effects": {
				"0.0": {
					"effect": "classicr:m24/m24_inspect"
				}
			}
		},
		"shoot": {
			"animation_length": 0.6667,
			"bones": {
				"root": {
					"rotation": {
						"0.0": {
							"post": [0, 0, 0],
							"lerp_mode": "catmullrom"
						},
						"0.0333": {
							"post": [0.16986, -0.11208, 2.14881],
							"lerp_mode": "catmullrom"
						},
						"0.0667": {
							"post": [-0.96137, -0.23295, -1.21862],
							"lerp_mode": "catmullrom"
						},
						"0.1": {
							"post": [-0.99135, 0.12866, 1.12246],
							"lerp_mode": "catmullrom"
						},
						"0.1667": {
							"post": [0.77838, 0.0674, -0.52417],
							"lerp_mode": "catmullrom"
						},
						"0.2333": {
							"post": [0.27498, -0.0036, 0.17499],
							"lerp_mode": "catmullrom"
						},
						"0.3667": {
							"post": [0.425, -0.2, 0.525],
							"lerp_mode": "catmullrom"
						},
						"0.5": {
							"post": [-0.07, -0.075, -0.05],
							"lerp_mode": "catmullrom"
						},
						"0.6333": {
							"post": [0, 0, 0],
							"lerp_mode": "catmullrom"
						}
					},
					"position": {
						"0.0": {
							"post": [0, 0, 0],
							"lerp_mode": "catmullrom"
						},
						"0.0333": {
							"post": [0, -0.025, 1.7],
							"lerp_mode": "catmullrom"
						},
						"0.0667": {
							"post": [0, -0.075, 1.555],
							"lerp_mode": "catmullrom"
						},
						"0.1667": {
							"post": [0, -0.175, -0.12],
							"lerp_mode": "catmullrom"
						},
						"0.2667": {
							"post": [0, -0.025, 0.1],
							"lerp_mode": "catmullrom"
						},
						"0.3667": {
							"post": [0, 0, 0],
							"lerp_mode": "catmullrom"
						}
					}
				},
				"bullet_in_barrel": {
					"scale": {
						"0.0": [0, 0, 0],
						"0.1667": [0, 0, 0],
						"0.2": [1, 1, 1]
					}
				},
				"constraint": {
					"rotation": {
						"0.0": [0.4, 0.1, 0.1],
						"0.1667": [0, 0, 0]
					},
					"position": {
						"0.0": [0, 0, 0],
						"0.0333": [0, 0, 1.5],
						"0.2": [0, 0, 0]
					}
				},
				"camera": {
					"rotation": {
						"0.0": {
							"post": [0, 0, 0],
							"lerp_mode": "catmullrom"
						},
						"0.0333": {
							"post": [0, 0, 0.6],
							"lerp_mode": "catmullrom"
						},
						"0.0667": {
							"post": [0, 0, -0.4],
							"lerp_mode": "catmullrom"
						},
						"0.1333": {
							"post": [0, 0, 0.325],
							"lerp_mode": "catmullrom"
						},
						"0.2": {
							"post": [0, 0, -0.225],
							"lerp_mode": "catmullrom"
						},
						"0.2667": {
							"post": [0, 0, 0],
							"lerp_mode": "catmullrom"
						},
						"0.3667": {
							"post": [0, 0, 0],
							"lerp_mode": "catmullrom"
						}
					}
				}
			}
		},
		"melee_push": {
			"animation_length": 0.8,
			"bones": {
				"root": {
					"rotation": {
						"0.0": {
							"post": [0, 0, 0],
							"lerp_mode": "catmullrom"
						},
						"0.0667": {
							"post": [-0.91946, -0.68416, 4.52785],
							"lerp_mode": "catmullrom"
						},
						"0.1667": {
							"post": [-0.58211, -4.60393, 30.44834],
							"lerp_mode": "catmullrom"
						},
						"0.2333": {
							"post": [-0.84898, -3.10249, 31.61935],
							"lerp_mode": "catmullrom"
						},
						"0.3667": {
							"post": [0.20024, -1.98812, 22.79719],
							"lerp_mode": "catmullrom"
						},
						"0.4667": {
							"post": [1.49985, -0.01745, 13.09985],
							"lerp_mode": "catmullrom"
						},
						"0.6": {
							"post": [0, -0.375, 4.5],
							"lerp_mode": "catmullrom"
						},
						"0.6667": {
							"post": [-0.09, -0.35, -0.46875],
							"lerp_mode": "catmullrom"
						},
						"0.8": {
							"post": [0.01309, -0.25017, -0.42511],
							"lerp_mode": "catmullrom"
						}
					},
					"position": {
						"0.0": {
							"post": [0, 0, 0],
							"lerp_mode": "catmullrom"
						},
						"0.0667": {
							"post": [-2.11, -1.63, 1.31],
							"lerp_mode": "catmullrom"
						},
						"0.1667": {
							"post": [-1.675, -0.95, -7.675],
							"lerp_mode": "catmullrom"
						},
						"0.2333": {
							"post": [-1.02, -0.775, -4.52],
							"lerp_mode": "catmullrom"
						},
						"0.3667": {
							"post": [-0.21, -1.08, -2.375],
							"lerp_mode": "catmullrom"
						},
						"0.4667": {
							"post": [0, -0.25, -0.025],
							"lerp_mode": "catmullrom"
						},
						"0.6": {
							"post": [0, 0, 0.525],
							"lerp_mode": "catmullrom"
						},
						"0.7667": {
							"post": [0, 0, -0.1],
							"lerp_mode": "catmullrom"
						}
					}
				},
				"camera": {
					"rotation": {
						"0.0": {
							"post": [0, 0, 0],
							"lerp_mode": "catmullrom"
						},
						"0.0667": {
							"post": [-0.325, -0.2, -0.4],
							"lerp_mode": "catmullrom"
						},
						"0.2": {
							"post": [0.455, -0.175, 0.7],
							"lerp_mode": "catmullrom"
						},
						"0.3333": {
							"post": [-0.195, 0.075, -0.45],
							"lerp_mode": "catmullrom"
						},
						"0.4667": {
							"post": [0.185, 0.175, 0.15],
							"lerp_mode": "catmullrom"
						},
						"0.7333": {
							"post": [0, 0, 0],
							"lerp_mode": "catmullrom"
						}
					}
				}
			}
		}
	}
}