{
	"format_version": "1.8.0",
	"animations": {
		"draw": {
			"loop": "hold_on_last_frame",
			"animation_length": 0.5417,
			"bones": {
				"lefthand": {
					"rotation": {
						"0.0": [89.66901, -22.11238, 210.31809],
						"0.0417": [90.41, -2.29, 210.61],
						"0.0833": [89.91, -4.77, 210.6],
						"0.125": [89.14, -8.39, 210.58],
						"0.1667": [88.27, -12.57, 210.55],
						"0.2083": [87.45, -16.76, 210.53],
						"0.25": [86.84, -20.35, 210.51],
						"0.2917": [86.59, -22.79, 210.49],
						"0.3333": [87.1, -24.14, 210.48],
						"0.375": [88.26, -23.84, 210.48],
						"0.4167": [89.53, -22.89, 210.47],
						"0.4583": [90.33, -22.29, 210.46],
						"0.5": [90.23, -22.17, 210.39],
						"0.5417": [89.67, -22.11, 210.32]
					},
					"position": [7, -14.25, -15.5],
					"scale": [1, 1.5, 1]
				},
				"righthand": {
					"rotation": [92.5, -355, -180],
					"position": [-6.25, -14, -5],
					"scale": [1, 1.5, 1]
				},
				"root": {
					"rotation": {
						"0.0417": [23.94, -15.56, 9.09],
						"0.0833": [19.95, -13.2, 6.86],
						"0.125": [14.05, -9.72, 3.54],
						"0.1667": [7.55, -5.86, -0.08],
						"0.2083": [1.77, -2.38, -3.19],
						"0.25": [-2, 0, -5],
						"0.2917": [-3.25, 1.14, -4.92],
						"0.3333": [-2.19, 1.08, -3.24],
						"0.375": [-0.36, 0.52, -1.13],
						"0.4167": [0.76, 0.18, 0.25],
						"0.4583": [0.74, 0.14, 0.56],
						"0.5": [0.33, 0.06, 0.27],
						"0.5417": [0, 0, 0]
					},
					"position": {
						"0.0": [0, -5, 8],
						"0.0417": [0, -4.22, 6.7],
						"0.0833": [0, -3.06, 4.79],
						"0.125": [0, -1.79, 2.68],
						"0.1667": [0, -0.64, 0.78],
						"0.2083": [0, 0.12, -0.46],
						"0.25": [0, 0.41, -0.94],
						"0.2917": [0, 0.28, -0.69],
						"0.3333": [0, 0, -0.18],
						"0.375": [0, -0.17, 0.13],
						"0.4167": [0, -0.14, 0.14],
						"0.4583": [0, -0.06, 0.06],
						"0.5": [0, 0, 0]
					}
				},
				"constraint": {
					"rotation": [0.2, 0.2, 0.2],
					"position": [0.2, 0.2, 0.2]
				},
				"camera": {
					"rotation": {
						"0.0": [0, 0, 0],
						"0.0417": [0.4, -0.07, -0.45],
						"0.0833": [0.66, -0.12, -0.75],
						"0.125": [0.37, -0.07, -0.45],
						"0.1667": [-0.11, 0.01, 0.05],
						"0.2083": [-0.41, 0.07, 0.38],
						"0.25": [-0.39, 0.08, 0.35],
						"0.2917": [-0.23, 0.08, 0.19],
						"0.3333": [-0.05, 0.08, 0],
						"0.375": [0.07, 0.07, -0.12],
						"0.4167": [0.09, 0.06, -0.13],
						"0.4583": [0.07, 0.04, -0.09],
						"0.5": [0.03, 0.01, -0.04],
						"0.5417": [0, 0, 0]
					}
				}
			}
		},
		"reload_tactical": {
			"animation_length": 2.4,
			"bones": {
				"lefthand": {
					"rotation": [89.66901, -22.11238, 210.31809],
					"position": [7, -14.25, -15.5],
					"scale": [1, 1.5, 1]
				},
				"righthand": {
					"rotation": {
						"0.0": [92.5, -355, -180],
						"0.4": [92.5, -355, -180],
						"0.5333": [92.80736, -332.52344, -178.92193],
						"0.6333": [107.51427, -352.49892, -179.88903],
						"1.6333": [107.51, -352.5, -179.89],
						"1.8": [76.26, -359.28, -181],
						"1.9333": [100.00641, -366.06126, -182.10819],
						"2.0333": [92.5, -355, -180]
					},
					"position": {
						"0.0": [-6.25, -14, -5],
						"0.4": [-7.105, -16, 2],
						"0.5667": [-8.055, -16, 0],
						"0.6667": [-5.91, -16, 2],
						"1.6667": [-5.905, -16, 2],
						"1.8333": [-7.85, -31, 10.75],
						"1.9667": [-9.1, -16, -4],
						"2.0667": [-6.25, -14, -5]
					},
					"scale": [1, 1.5, 1]
				},
				"constraint": {
					"rotation": [0.2, 0.2, 0.2],
					"position": [0.2, 0.2, 0.2]
				},
				"root": {
					"rotation": {
						"0.0": {
							"post": [0, 0, 0],
							"lerp_mode": "catmullrom"
						},
						"0.1": {
							"post": [-3.58088, -1.11012, 8.39343],
							"lerp_mode": "catmullrom"
						},
						"0.2333": {
							"post": [-22.41815, 0.06755, 35.8959],
							"lerp_mode": "catmullrom"
						},
						"0.3333": {
							"post": [-22.1545, 5.2071, 41.89713],
							"lerp_mode": "catmullrom"
						},
						"0.4333": {
							"post": [-21.97066, 4.10028, 43.16171],
							"lerp_mode": "catmullrom"
						},
						"0.6": {
							"post": [-25, 0, 40],
							"lerp_mode": "catmullrom"
						},
						"0.7": {
							"post": [-24.555, -0.24, 39.46],
							"lerp_mode": "catmullrom"
						},
						"0.8": {
							"post": [-29.28, -0.43, 39.05],
							"lerp_mode": "catmullrom"
						},
						"0.9333": {
							"post": [-25, 0, 40],
							"lerp_mode": "catmullrom"
						},
						"1.0": {
							"post": [-25, 0, 40],
							"lerp_mode": "catmullrom"
						},
						"1.1333": {
							"post": [-23.30696, 9.30727, 60.57639],
							"lerp_mode": "catmullrom"
						},
						"1.2": {
							"post": [-23.31, 9.31, 60.58],
							"lerp_mode": "catmullrom"
						},
						"1.3667": {
							"post": [-27.31, 9.31, 60.58],
							"lerp_mode": "catmullrom"
						},
						"1.5": {
							"post": [-27.31, 9.31, 60.58],
							"lerp_mode": "catmullrom"
						},
						"1.5333": {
							"post": [-22.31, 9.31, 60.58],
							"lerp_mode": "catmullrom"
						},
						"1.6667": {
							"post": [-23.30696, 9.30727, 60.57639],
							"lerp_mode": "catmullrom"
						},
						"1.8667": {
							"post": [-7.84252, -7.87194, 10.69866],
							"lerp_mode": "catmullrom"
						},
						"1.9667": {
							"post": [-7.01, -6, 1.11],
							"lerp_mode": "catmullrom"
						},
						"2.0667": {
							"post": [-2, 0, 0],
							"lerp_mode": "catmullrom"
						},
						"2.1": {
							"post": [0.00023, -0.51527, -0.58314],
							"lerp_mode": "catmullrom"
						},
						"2.1667": {
							"post": [0.2507, -0.0458, -1.7494],
							"lerp_mode": "catmullrom"
						},
						"2.2667": {
							"post": [-0.5, 0, 0],
							"lerp_mode": "catmullrom"
						},
						"2.4": {
							"post": [0, 0, 0],
							"lerp_mode": "catmullrom"
						}
					},
					"position": {
						"0.0": {
							"post": [0, 0, 0],
							"lerp_mode": "catmullrom"
						},
						"0.1": {
							"post": [0.5, -0.62, -0.595],
							"lerp_mode": "catmullrom"
						},
						"0.2333": {
							"post": [5.935, 0.225, -2.95],
							"lerp_mode": "catmullrom"
						},
						"0.3333": {
							"post": [6.31, 0.45, -1.925],
							"lerp_mode": "catmullrom"
						},
						"0.4333": {
							"post": [6.23, 0.11125, -2.17],
							"lerp_mode": "catmullrom"
						},
						"0.6333": {
							"post": [6, 0.975, -2],
							"lerp_mode": "catmullrom"
						},
						"0.7333": {
							"post": [6, 1.24, -2],
							"lerp_mode": "catmullrom"
						},
						"0.8333": {
							"post": [6, 0.64, -2],
							"lerp_mode": "catmullrom"
						},
						"0.9667": {
							"post": [6, 0.975, -2],
							"lerp_mode": "catmullrom"
						},
						"1.0333": {
							"post": [6, 0.975, -2],
							"lerp_mode": "catmullrom"
						},
						"1.1667": {
							"post": [6, 2.09, -2],
							"lerp_mode": "catmullrom"
						},
						"1.2333": {
							"post": [6, 2.095, -2],
							"lerp_mode": "catmullrom"
						},
						"1.2667": {
							"post": [6.205, 2.095, -2],
							"lerp_mode": "catmullrom"
						},
						"1.4": {
							"post": [5.95, 2.095, -2],
							"lerp_mode": "catmullrom"
						},
						"1.4667": {
							"post": [5.95, 2.095, -2],
							"lerp_mode": "catmullrom"
						},
						"1.5333": {
							"post": [6.415, 2.375, -2],
							"lerp_mode": "catmullrom"
						},
						"1.7": {
							"post": [6, 2.09, -2],
							"lerp_mode": "catmullrom"
						},
						"1.8": {
							"post": [2.22, -0.515, -3.19],
							"lerp_mode": "catmullrom"
						},
						"1.8667": {
							"post": [1.44, -1.1, -3.66],
							"lerp_mode": "catmullrom"
						},
						"1.9667": {
							"post": [0.74, -0.47, -3.32],
							"lerp_mode": "catmullrom"
						},
						"2.0667": {
							"post": [0, 0.075, 0.45],
							"lerp_mode": "catmullrom"
						},
						"2.1667": {
							"post": [0, -0.125, -0.26875],
							"lerp_mode": "catmullrom"
						},
						"2.2667": {
							"post": [0, 0, 0.03125],
							"lerp_mode": "catmullrom"
						},
						"2.4": {
							"post": [0, 0, 0],
							"lerp_mode": "catmullrom"
						}
					}
				},
				"mag_and_righthand": {
					"rotation": {
						"0.0": [0, 0, 0],
						"0.3333": [0, 0, 0],
						"0.6333": [0, 0, 0],
						"0.7667": [0, 0, 0],
						"1.0": [-9.99067, -0.43399, -2.46207],
						"1.0667": [-10, 0, 0],
						"1.2333": [-14, 0, 0],
						"1.4333": [-14, 0, 0],
						"1.5": [0, 0, 0]
					},
					"position": {
						"0.0": [0, 0, 0],
						"0.3333": [0, -14, 15],
						"0.6333": [-2, 0, 0],
						"0.7667": [-2, 0, 0],
						"0.8333": [-2, -3, 0],
						"1.0": [-2, -4.325, 0],
						"1.0667": [-2, -3, 0],
						"1.2333": [0, -0.225, 0.135],
						"1.3": [0, 1.05, -0.02],
						"1.3667": [0, 1.265, -0.13],
						"1.4333": [0, 1.31, 0.17],
						"1.5": [0, 0, 0]
					}
				},
				"additional_magazine": {
					"rotation": {
						"0.7667": [0, 0, 0],
						"0.8333": [0, 0, 0]
					},
					"position": {
						"0.7667": [0, 0, 0],
						"0.8333": [0, -3, 0],
						"1.0": [0, -5, 0],
						"1.0667": [0, -4, 0],
						"1.2333": [2, -4, 0],
						"1.3": [2, -4.605, 0],
						"1.3667": [2, -4.61, 0.195],
						"1.4333": [2, -4.405, 0.19],
						"1.5": [2, -1.41, 0.19],
						"1.6667": [2, -1.41, 0.19],
						"1.9": [2, -15.41, 7.19]
					}
				},
				"magazine": {
					"scale": {
						"0.3": [0, 0, 0],
						"0.3333": [1, 1, 1]
					}
				},
				"camera": {
					"rotation": {
						"0.0": {
							"post": [0, 0, 0],
							"lerp_mode": "catmullrom"
						},
						"0.1333": {
							"post": [-0.08, 0, 0.125],
							"lerp_mode": "catmullrom"
						},
						"0.3333": {
							"post": [2.65, 0.625, 1.225],
							"lerp_mode": "catmullrom"
						},
						"0.5333": {
							"post": [3.05, 0.58, 0.95],
							"lerp_mode": "catmullrom"
						},
						"0.6333": {
							"post": [2.175, 0.53, 0.88],
							"lerp_mode": "catmullrom"
						},
						"0.7": {
							"post": [1.89, 0.51, 0.83],
							"lerp_mode": "catmullrom"
						},
						"0.7667": {
							"post": [2.32, 0.48, 0.92],
							"lerp_mode": "catmullrom"
						},
						"0.8": {
							"post": [2.93, 0.46, 2.16],
							"lerp_mode": "catmullrom"
						},
						"0.8667": {
							"post": [2.445, 0.5, 0.25],
							"lerp_mode": "catmullrom"
						},
						"0.9333": {
							"post": [2.86, 0.68, 1.555],
							"lerp_mode": "catmullrom"
						},
						"1.0333": {
							"post": [3.43, 0.9, 1.27],
							"lerp_mode": "catmullrom"
						},
						"1.1": {
							"post": [3.995, 1.1, 1.4],
							"lerp_mode": "catmullrom"
						},
						"1.2": {
							"post": [4.135, 1.11, 1.455],
							"lerp_mode": "catmullrom"
						},
						"1.2667": {
							"post": [4.16, 1.12, 1.62],
							"lerp_mode": "catmullrom"
						},
						"1.3333": {
							"post": [3.69, 1, 0.985],
							"lerp_mode": "catmullrom"
						},
						"1.4667": {
							"post": [1.79, 0.625, 1.5],
							"lerp_mode": "catmullrom"
						},
						"1.5333": {
							"post": [0.66, 0.62, 1.94],
							"lerp_mode": "catmullrom"
						},
						"1.5667": {
							"post": [1.505, 0.63, 0.8],
							"lerp_mode": "catmullrom"
						},
						"1.6667": {
							"post": [0.915, 0.625, 0.85],
							"lerp_mode": "catmullrom"
						},
						"1.7667": {
							"post": [1.75, 0.2, 0.225],
							"lerp_mode": "catmullrom"
						},
						"1.9": {
							"post": [1.25, 0.09, -0.645],
							"lerp_mode": "catmullrom"
						},
						"2.0667": {
							"post": [0.4, 0, -0.225],
							"lerp_mode": "catmullrom"
						},
						"2.1": {
							"post": [-0.04, -0.01, 0.44],
							"lerp_mode": "catmullrom"
						},
						"2.1333": {
							"post": [-0.175, 0, -0.275],
							"lerp_mode": "catmullrom"
						},
						"2.2": {
							"post": [0.15, 0, 0.3],
							"lerp_mode": "catmullrom"
						},
						"2.3": {
							"post": [0, 0, 0],
							"lerp_mode": "catmullrom"
						}
					}
				}
			},
			"sound_effects": {
				"0.0333": {
					"effect": "lrl:oden/oden_gl_raise"
				},
				"0.7": {
					"effect": "lrl:oden/oden_reload_magout_01"
				},
				"1.2": {
					"effect": "lrl:oden/oden_reload_magin_v2_01"
				},
				"1.5667": {
					"effect": "lrl:oden/oden_reload_end"
				}
			}
		},
		"shoot": {
			"loop": true,
			"animation_length": 0.625,
			"bones": {
				"root": {
					"rotation": {
						"0.0": [0, 0, 0],
						"0.0417": [1.23, 0, 0.98],
						"0.0833": [-1.99, 0, -1.23],
						"0.125": [-0.91, 0, -0.35],
						"0.1667": [0.18, 0, 0.53],
						"0.2083": [0.27, 0, 0.27],
						"0.25": [0.36, 0, 0.01],
						"0.2917": [0.38, -0.07, -0.08],
						"0.3333": [0.3, -0.13, 0.08],
						"0.375": [0.23, -0.2, 0.25],
						"0.4167": [0.14, -0.14, 0.09],
						"0.4583": [0.1, -0.11, 0.01],
						"0.5": [0.06, -0.07, -0.07],
						"0.5417": [0.04, -0.06, -0.06],
						"0.5833": [0.01, -0.02, -0.02],
						"0.625": [0, 0, 0]
					},
					"position": {
						"0.0": [0, 0, 0],
						"0.0417": [0, -0.02, 1.73],
						"0.0833": [0, -0.05, 0.67],
						"0.125": [0, -0.05, -0.04],
						"0.1667": [0, -0.04, -0.01],
						"0.2083": [0, -0.04, 0.03],
						"0.25": [0, -0.03, 0.06],
						"0.2917": [0, -0.02, 0.07],
						"0.3333": [0, -0.01, 0.03],
						"0.375": [0, 0, 0]
					}
				},
				"pull_handle": {
					"rotation": {
						"0.0417": [0, 0, 0],
						"0.0833": [0, -7.5, 0],
						"0.1667": [0, 0, 0],
						"0.2083": [0, -5, 0],
						"0.2917": [0, 0, 0],
						"0.3333": [0, -2.5, 0],
						"0.4167": [0, 0, 0]
					}
				},
				"bolt2": {
					"position": {
						"0.0": [0, 0, 0],
						"0.0417": [0, 0, 4],
						"0.0833": [0, 0, 0]
					}
				},
				"bolt": {
					"position": {
						"0.0": [0, 0, 0],
						"0.0417": [0, 0, 3.5],
						"0.0833": [0, 0, 0]
					}
				},
				"constraint": {
					"rotation": {
						"0.125": [0.5, 0.5, 0.5],
						"0.4167": [0, 0, 0]
					},
					"position": {
						"0.125": [0.5, 0.5, 0.5],
						"0.4167": [0, 0, 0]
					}
				},
				"camera": {
					"rotation": {
						"0.0": [0, 0, 0],
						"0.0417": [0, 0, 0.85],
						"0.0833": [0, 0, -0.57],
						"0.125": [0, 0, 0.33],
						"0.1667": [0, 0, 0.08],
						"0.2083": [0, 0, -0.22],
						"0.25": [0, 0, -0.15],
						"0.2917": [0, 0, 0.02],
						"0.3333": [0, 0, 0.01],
						"0.375": [0, 0, 0]
					}
				}
			}
		},
		"put_away": {
			"loop": "hold_on_last_frame",
			"animation_length": 0.3333,
			"bones": {
				"lefthand": {
					"rotation": {
						"0.0": [89.66901, -22.11238, 210.31809],
						"0.0417": [87.85, -31.11, 210.25],
						"0.0833": [85.17, -44.23, 210.15],
						"0.125": [82.67, -57.56, 210.03],
						"0.1667": [81.41, -67.15, 209.9],
						"0.2083": [82.57, -72.38, 209.66],
						"0.25": [85.31, -73.31, 209.39],
						"0.2917": [87.39, -73.53, 209.2]
					},
					"position": [7, -14.25, -15.5],
					"scale": [1, 1.5, 1]
				},
				"righthand": {
					"rotation": [92.5, -355, -180],
					"position": [-6.25, -14, -5],
					"scale": [1, 1.5, 1]
				},
				"constraint": {
					"rotation": [0.2, 0.2, 0.2],
					"position": [0.2, 0.2, 0.2]
				},
				"root": {
					"rotation": {
						"0.0417": [0, 0, 0],
						"0.0833": [1.45, 1.05, -1.81],
						"0.125": [3.72, 2.14, -3.9],
						"0.1667": [7.49, 0.33, -2.48],
						"0.2083": [12.27, -4.89, 3.26],
						"0.25": [18.42, -12.55, 11.91],
						"0.2917": [24.34, -20.21, 20.64],
						"0.3333": [28.41, -25.46, 26.61]
					},
					"position": {
						"0.0": [0, 0, 0],
						"0.0417": [0, 0.22, 0.81],
						"0.0833": [0, 0.44, 1.96],
						"0.125": [0, 0, 3],
						"0.1667": [0, -1.22, 3.62],
						"0.2083": [0, -3, 4.19],
						"0.25": [0, -4.78, 4.66],
						"0.2917": [0, -6, 5]
					}
				},
				"camera": {
					"rotation": {
						"0.0": [0, 0, 0],
						"0.0417": [-0.21, 0, 0.22],
						"0.0833": [-0.36, 0, 0.36],
						"0.125": [-0.13, 0, 0.1],
						"0.1667": [0.13, 0, -0.19],
						"0.2083": [0.09, 0, -0.13],
						"0.25": [0, 0, 0],
						"0.2917": [-0.01, 0, 0.01],
						"0.3333": [0, 0, 0]
					}
				}
			}
		},
		"static_idle": {
			"loop": true,
			"bones": {
				"lefthand": {
					"rotation": [89.66901, -22.11238, 210.31809],
					"position": [7, -14.25, -15.5],
					"scale": [1, 1.5, 1]
				},
				"righthand": {
					"rotation": [92.5, -355, -180],
					"position": [-6.25, -14, -5],
					"scale": [1, 1.5, 1]
				},
				"constraint": {
					"rotation": [0.2, 0.2, 0.2],
					"position": [0.2, 0.2, 0.2]
				}
			}
		},
		"inspect": {
			"animation_length": 4.9333,
			"bones": {
				"lefthand": {
					"rotation": [89.66901, -22.11238, 210.31809],
					"position": [7, -14.25, -15.5],
					"scale": [1, 1.5, 1]
				},
				"righthand": {
					"rotation": {
						"0.0": [92.5, -355, -180],
						"0.6333": [92.5, -355, -180],
						"0.7667": [92.80736, -332.52344, -178.92193],
						"0.8667": [107.51427, -352.49892, -179.88903],
						"2.6": [107.51, -352.5, -179.89],
						"2.8": [106.93301, -343.12299, -184.93445],
						"2.9667": [106.97, -343.75, -184.6],
						"3.1667": [126.97, -343.75, -184.6],
						"3.8": [126.97, -343.75, -184.6],
						"3.9": [133.00092, -353.84723, -192.12277],
						"3.9667": [133.00092, -353.84723, -192.12277],
						"4.1333": [92.5, -355, -180]
					},
					"position": {
						"0.0": [-6.25, -14, -5],
						"0.6333": [-6.25, -14, -5],
						"0.8": [-9.25, -16, 2],
						"0.9": [-7.105, -16, 2],
						"2.6": [-7.1, -16, 2],
						"2.7333": [-12.1, -16, 2],
						"2.8667": [-8.68, -10, -10.385],
						"3.0": [-8.68, -10, -10.385],
						"3.1667": [-8.68, -10, -8.39],
						"3.8": [-8.68, -10, -8.39],
						"3.8667": [-10.18, -10, -7.39],
						"3.9667": [-10.18, -10, -7.39],
						"4.1667": [-6.25, -14, -5]
					},
					"scale": {
						"0.0": [1, 1.5, 1],
						"2.7333": [1, 1.5, 1],
						"2.8667": [1, 2, 1],
						"3.8667": [1, 2, 1],
						"3.9667": [1, 1.5, 1]
					}
				},
				"constraint": {
					"rotation": [0.2, 0.2, 0.2],
					"position": [0.2, 0.2, 0.2]
				},
				"root": {
					"rotation": {
						"0.0": {
							"post": [0, 0, 0],
							"lerp_mode": "catmullrom"
						},
						"0.1667": {
							"post": [-3.58088, -1.11012, 8.39343],
							"lerp_mode": "catmullrom"
						},
						"0.3667": {
							"post": [-22.41815, 0.06755, 35.8959],
							"lerp_mode": "catmullrom"
						},
						"0.5333": {
							"post": [-22.1545, 5.2071, 41.89713],
							"lerp_mode": "catmullrom"
						},
						"0.7": {
							"post": [-21.97066, 4.10028, 43.16171],
							"lerp_mode": "catmullrom"
						},
						"0.8333": {
							"post": [-25, 0, 40],
							"lerp_mode": "catmullrom"
						},
						"0.9333": {
							"post": [-24.555, -0.24, 39.46],
							"lerp_mode": "catmullrom"
						},
						"1.0667": {
							"post": [-29.28, -0.43, 39.05],
							"lerp_mode": "catmullrom"
						},
						"1.2": {
							"post": [-25, 0, 40],
							"lerp_mode": "catmullrom"
						},
						"1.3667": {
							"post": [-25, 0, 40],
							"lerp_mode": "catmullrom"
						},
						"1.7": {
							"post": [-24.96992, 1.26738, 42.71937],
							"lerp_mode": "catmullrom"
						},
						"2.0667": {
							"post": [-23.31, 1.31, 42.58],
							"lerp_mode": "catmullrom"
						},
						"2.2333": {
							"post": [-27.31, 1.31, 42.58],
							"lerp_mode": "catmullrom"
						},
						"2.3667": {
							"post": [-27.31, 1.31, 42.58],
							"lerp_mode": "catmullrom"
						},
						"2.4": {
							"post": [-22.31, 1.31, 42.58],
							"lerp_mode": "catmullrom"
						},
						"2.5": {
							"post": [-26.305, 1.31, 42.58],
							"lerp_mode": "catmullrom"
						},
						"2.6333": {
							"post": [-27.91, 1.35, 42.11],
							"lerp_mode": "catmullrom"
						},
						"2.8333": {
							"post": [-25.25, 1.39, 42.86],
							"lerp_mode": "catmullrom"
						},
						"2.9667": {
							"post": [-25.08, 1.43, 52],
							"lerp_mode": "catmullrom"
						},
						"3.1": {
							"post": [-24.97, 1.46, 52.46],
							"lerp_mode": "catmullrom"
						},
						"3.3667": {
							"post": [-24.48848, -1.03517, 58.48369],
							"lerp_mode": "catmullrom"
						},
						"3.7667": {
							"post": [-24.48848, -1.03517, 58.48369],
							"lerp_mode": "catmullrom"
						},
						"3.9333": {
							"post": [-24.88, -2.34, 52.54],
							"lerp_mode": "catmullrom"
						},
						"4.3": {
							"post": [-7.84252, -7.87194, 10.69866],
							"lerp_mode": "catmullrom"
						},
						"4.4": {
							"post": [-7.01, -6, 1.11],
							"lerp_mode": "catmullrom"
						},
						"4.5": {
							"post": [-2, 0, 0],
							"lerp_mode": "catmullrom"
						},
						"4.5333": {
							"post": [0.00023, -0.51527, -0.58314],
							"lerp_mode": "catmullrom"
						},
						"4.6": {
							"post": [0.2507, -0.0458, -1.7494],
							"lerp_mode": "catmullrom"
						},
						"4.7": {
							"post": [-0.5, 0, 0],
							"lerp_mode": "catmullrom"
						},
						"4.8333": {
							"post": [0, 0, 0],
							"lerp_mode": "catmullrom"
						}
					},
					"position": {
						"0.0": {
							"post": [0, 0, 0],
							"lerp_mode": "catmullrom"
						},
						"0.1667": {
							"post": [0.5, -0.62, -0.595],
							"lerp_mode": "catmullrom"
						},
						"0.3667": {
							"post": [5.935, 0.225, -2.95],
							"lerp_mode": "catmullrom"
						},
						"0.5333": {
							"post": [6.31, 0.45, -2.365],
							"lerp_mode": "catmullrom"
						},
						"0.7": {
							"post": [6.23, 0.11125, -2.17],
							"lerp_mode": "catmullrom"
						},
						"0.8667": {
							"post": [6, 0.975, -2],
							"lerp_mode": "catmullrom"
						},
						"1.0": {
							"post": [6, 1.24, -2],
							"lerp_mode": "catmullrom"
						},
						"1.1": {
							"post": [6, 0.64, -2],
							"lerp_mode": "catmullrom"
						},
						"1.2333": {
							"post": [6, 0.975, -2],
							"lerp_mode": "catmullrom"
						},
						"1.4": {
							"post": [6, 0.975, -2],
							"lerp_mode": "catmullrom"
						},
						"1.7333": {
							"post": [5.99, 1.03, -1.855],
							"lerp_mode": "catmullrom"
						},
						"2.1": {
							"post": [6, 1.095, -2],
							"lerp_mode": "catmullrom"
						},
						"2.1333": {
							"post": [6.205, 1.095, -2],
							"lerp_mode": "catmullrom"
						},
						"2.2667": {
							"post": [5.95, 1.095, -2],
							"lerp_mode": "catmullrom"
						},
						"2.3333": {
							"post": [5.95, 1.095, -2],
							"lerp_mode": "catmullrom"
						},
						"2.4": {
							"post": [6.415, 1.375, -2],
							"lerp_mode": "catmullrom"
						},
						"2.5333": {
							"post": [6, 1.09, -1.675],
							"lerp_mode": "catmullrom"
						},
						"2.6667": {
							"post": [6.01, 1.09, -1.835],
							"lerp_mode": "catmullrom"
						},
						"2.8333": {
							"post": [6.415, 1.375, -2.23],
							"lerp_mode": "catmullrom"
						},
						"3.1": {
							"post": [6.09, 1.13, -1.97],
							"lerp_mode": "catmullrom"
						},
						"3.2667": [6.11, 1.14, -1.255],
						"3.8": [6.29, 1.21, -1.14],
						"3.8333": [6.3, 1.21, -1.95],
						"3.9333": {
							"pre": [6.29, 1.21, -2.14],
							"post": [6.29, 1.21, -2.14],
							"lerp_mode": "catmullrom"
						},
						"4.0333": {
							"post": [6.34, 1.23, -1.68],
							"lerp_mode": "catmullrom"
						},
						"4.2333": {
							"post": [2.22, -0.515, -3.19],
							"lerp_mode": "catmullrom"
						},
						"4.3": {
							"post": [1.44, -1.1, -3.66],
							"lerp_mode": "catmullrom"
						},
						"4.4": {
							"post": [0.74, -0.47, -3.32],
							"lerp_mode": "catmullrom"
						},
						"4.5": {
							"post": [0, 0.075, 0.45],
							"lerp_mode": "catmullrom"
						},
						"4.6": {
							"post": [0, -0.125, -0.26875],
							"lerp_mode": "catmullrom"
						},
						"4.7": {
							"post": [0, 0, 0.03125],
							"lerp_mode": "catmullrom"
						},
						"4.8333": {
							"post": [0, 0, 0],
							"lerp_mode": "catmullrom"
						}
					}
				},
				"bolt": {
					"position": {
						"3.1": [0, 0, 0],
						"3.2": [0, 0, 2],
						"3.6": [0, 0, 2.33],
						"3.8": [0, 0, 2.33],
						"3.8667": [0, 0, 0]
					}
				},
				"mag_and_righthand": {
					"rotation": {
						"0.9333": [0, 0, 0],
						"1.0": [-15, 0, 0],
						"1.1333": [-15, 0, 0],
						"1.2667": [-4.92458, 14.69767, -34.8949],
						"1.4": {
							"pre": [-4.92, 14.7, -50.89],
							"post": [-4.92, 14.7, -50.89],
							"lerp_mode": "catmullrom"
						},
						"1.8667": {
							"post": [-4.92, 14.7, -50.89],
							"lerp_mode": "catmullrom"
						},
						"2.0333": [0, 0, 0],
						"2.1333": [-6.625, 0, 0],
						"2.2667": [-13.125, 0, 0],
						"2.3333": [-21, 0, 0],
						"2.4": [0, 0, 0]
					},
					"position": {
						"0.9": [0, 0, 0],
						"1.0333": [0, 0.685, -0.425],
						"1.1667": [0, -6.995, 0],
						"1.3": [-6, -3, -4],
						"1.9": [-6, -3, -4],
						"2.0667": [0, -3, 0],
						"2.1333": [0, -0.06, -0.69],
						"2.2": [0, 0.885, -0.875],
						"2.2667": [0, 1.185, -0.585],
						"2.3667": [0, 2.515, -0.695],
						"2.4": [0, 0, 0]
					}
				},
				"aug_charge": {
					"position": {
						"3.1": [0, 0, 0],
						"3.2": [0, 0, 3],
						"3.8": [0, 0, 3],
						"3.8667": [0, 0, 0]
					}
				},
				"bolt2": {
					"position": {
						"2.9667": [0, 0, 0],
						"3.1667": [0, 0, 2],
						"3.8": [0, 0, 2],
						"3.8333": [0, 0, 0],
						"3.8667": [0, 0, 0.355],
						"3.9333": [0, 0, 0]
					}
				},
				"camera": {
					"rotation": {
						"0.0": {
							"post": [0, 0, 0],
							"lerp_mode": "catmullrom"
						},
						"0.1333": {
							"post": [-0.08, 0, 0.125],
							"lerp_mode": "catmullrom"
						},
						"0.3667": {
							"post": [2.65, 0.625, 1.225],
							"lerp_mode": "catmullrom"
						},
						"0.4333": {
							"post": [2.775, 0.66, 0.635],
							"lerp_mode": "catmullrom"
						},
						"0.6": {
							"post": [3.05, 0.58, 0.95],
							"lerp_mode": "catmullrom"
						},
						"0.7333": {
							"post": [2.175, 0.53, 0.88],
							"lerp_mode": "catmullrom"
						},
						"0.9": {
							"post": [1.89, 0.51, 0.83],
							"lerp_mode": "catmullrom"
						},
						"1.1": {
							"post": [2.32, 0.48, 0.92],
							"lerp_mode": "catmullrom"
						},
						"1.1333": {
							"post": [2.93, 0.46, 2.16],
							"lerp_mode": "catmullrom"
						},
						"1.2": {
							"post": [2.445, 0.5, 0.25],
							"lerp_mode": "catmullrom"
						},
						"1.2667": {
							"post": [2.175, 0.68, 1.555],
							"lerp_mode": "catmullrom"
						},
						"1.3333": {
							"post": [1.995, 0.9, 1.49],
							"lerp_mode": "catmullrom"
						},
						"1.4": {
							"post": [1.995, 1.1, 1.4],
							"lerp_mode": "catmullrom"
						},
						"1.5667": {
							"post": [2, 2.1, 1.4],
							"lerp_mode": "catmullrom"
						},
						"1.7333": {
							"post": [2, 2.1, 1.4],
							"lerp_mode": "catmullrom"
						},
						"1.9667": {
							"post": [2.34, 1.09, 1.45],
							"lerp_mode": "catmullrom"
						},
						"2.0667": {
							"post": [2.135, 1.11, 0.91],
							"lerp_mode": "catmullrom"
						},
						"2.1333": {
							"post": [2.16, 1.12, 1.62],
							"lerp_mode": "catmullrom"
						},
						"2.2": {
							"post": [1.69, 1, 0.985],
							"lerp_mode": "catmullrom"
						},
						"2.3333": {
							"post": [1.79, 0.625, 1.5],
							"lerp_mode": "catmullrom"
						},
						"2.4": {
							"post": [0.66, 0.62, 1.94],
							"lerp_mode": "catmullrom"
						},
						"2.4333": {
							"post": [1.505, 0.63, 0.8],
							"lerp_mode": "catmullrom"
						},
						"2.5333": {
							"post": [0.915, 0.625, 0.85],
							"lerp_mode": "catmullrom"
						},
						"2.7333": {
							"post": [0.92, 0.63, 0.85],
							"lerp_mode": "catmullrom"
						},
						"2.8333": {
							"post": [0.92, 0.54, 0.85],
							"lerp_mode": "catmullrom"
						},
						"3.0667": {
							"post": [0.92, 0.04, 0.85],
							"lerp_mode": "catmullrom"
						},
						"3.2": {
							"post": [1.17, 0.24, -0.73],
							"lerp_mode": "catmullrom"
						},
						"3.3": {
							"post": [0.76, 0.175, -0.45],
							"lerp_mode": "catmullrom"
						},
						"3.4": {
							"post": [1.585, 0.175, 0.35],
							"lerp_mode": "catmullrom"
						},
						"3.8333": {
							"post": [1.585, 0.175, 0.35],
							"lerp_mode": "catmullrom"
						},
						"3.8667": {
							"post": [0.49, 0.1, -0.725],
							"lerp_mode": "catmullrom"
						},
						"3.9667": {
							"post": [0.94, 0.1, -0.15],
							"lerp_mode": "catmullrom"
						},
						"4.1": {
							"post": [0.27, 0.04, -0.215],
							"lerp_mode": "catmullrom"
						},
						"4.2": {
							"post": [-0.45, -0.075, 0],
							"lerp_mode": "catmullrom"
						},
						"4.3333": {
							"post": [0.915, 0.625, 0.85],
							"lerp_mode": "catmullrom"
						},
						"4.4333": {
							"post": [1.75, 0.2, 0.225],
							"lerp_mode": "catmullrom"
						},
						"4.5667": {
							"post": [0.4, 0, -0.225],
							"lerp_mode": "catmullrom"
						},
						"4.6": {
							"post": [-0.04, -0.01, 0.44],
							"lerp_mode": "catmullrom"
						},
						"4.6333": {
							"post": [-0.175, 0, -0.275],
							"lerp_mode": "catmullrom"
						},
						"4.7": {
							"post": [0.15, 0, 0.3],
							"lerp_mode": "catmullrom"
						},
						"4.8": {
							"post": [0, 0, 0],
							"lerp_mode": "catmullrom"
						}
					}
				}
			},
			"sound_effects": {
				"0.0333": {
					"effect": "lrl:oden/oden_raise"
				},
				"0.8333": {
					"effect": "lrl:oden/oden_reload_magout_01"
				},
				"2.0": {
					"effect": "lrl:oden/oden_reload_magin_v2_01"
				},
				"2.8667": {
					"effect": "tacz:hk_g3/hk_g3_inspect_tilt"
				},
				"3.1": {
					"effect": "tacz:qbz_95/qbz_95_reload_empty_charge_out"
				},
				"3.8": {
					"effect": "tacz:qbz_95/qbz_95_reload_empty_charge_in"
				},
				"4.1": {
					"effect": "lrl:oden/oden_reload_end"
				}
			}
		},
		"static_bolt_caught": {
			"loop": true,
			"bones": {
				"bolt": {
					"position": [0, 0, 3]
				}
			}
		},
		"inspect_empty": {
			"animation_length": 4.9333,
			"bones": {
				"lefthand": {
					"rotation": [89.66901, -22.11238, 210.31809],
					"position": [7, -14.25, -15.5],
					"scale": [1, 1.5, 1]
				},
				"righthand": {
					"rotation": {
						"0.0": [92.5, -355, -180],
						"0.6333": [92.5, -355, -180],
						"0.7667": [92.80736, -332.52344, -178.92193],
						"0.8667": [107.51427, -352.49892, -179.88903],
						"2.6": [107.51, -352.5, -179.89],
						"2.8": [106.93301, -343.12299, -184.93445],
						"2.9667": [106.97, -343.75, -184.6],
						"3.1667": [126.97, -343.75, -184.6],
						"3.8": [126.97, -343.75, -184.6],
						"3.9": [133.00092, -353.84723, -192.12277],
						"3.9667": [133.00092, -353.84723, -192.12277],
						"4.1333": [92.5, -355, -180]
					},
					"position": {
						"0.0": [-6.25, -14, -5],
						"0.6333": [-6.25, -14, -5],
						"0.8": [-9.25, -16, 2],
						"0.9": [-7.105, -16, 2],
						"2.6": [-7.1, -16, 2],
						"2.7333": [-12.1, -16, 2],
						"2.8667": [-8.68, -10, -10.385],
						"3.0": [-8.68, -10, -10.385],
						"3.1667": [-8.68, -10, -8.39],
						"3.8": [-8.68, -10, -8.39],
						"3.8667": [-10.18, -10, -7.39],
						"3.9667": [-10.18, -10, -7.39],
						"4.1667": [-6.25, -14, -5]
					},
					"scale": {
						"0.0": [1, 1.5, 1],
						"2.7333": [1, 1.5, 1],
						"2.8667": [1, 2, 1],
						"3.8667": [1, 2, 1],
						"3.9667": [1, 1.5, 1]
					}
				},
				"constraint": {
					"rotation": [0.2, 0.2, 0.2],
					"position": [0.2, 0.2, 0.2]
				},
				"root": {
					"rotation": {
						"0.0": {
							"post": [0, 0, 0],
							"lerp_mode": "catmullrom"
						},
						"0.1667": {
							"post": [-3.58088, -1.11012, 8.39343],
							"lerp_mode": "catmullrom"
						},
						"0.3667": {
							"post": [-22.41815, 0.06755, 35.8959],
							"lerp_mode": "catmullrom"
						},
						"0.5333": {
							"post": [-22.1545, 5.2071, 41.89713],
							"lerp_mode": "catmullrom"
						},
						"0.7": {
							"post": [-21.97066, 4.10028, 43.16171],
							"lerp_mode": "catmullrom"
						},
						"0.8333": {
							"post": [-25, 0, 40],
							"lerp_mode": "catmullrom"
						},
						"0.9333": {
							"post": [-24.555, -0.24, 39.46],
							"lerp_mode": "catmullrom"
						},
						"1.0667": {
							"post": [-29.28, -0.43, 39.05],
							"lerp_mode": "catmullrom"
						},
						"1.2": {
							"post": [-25, 0, 40],
							"lerp_mode": "catmullrom"
						},
						"1.3667": {
							"post": [-25, 0, 40],
							"lerp_mode": "catmullrom"
						},
						"1.7": {
							"post": [-24.96992, 1.26738, 42.71937],
							"lerp_mode": "catmullrom"
						},
						"2.0667": {
							"post": [-23.31, 1.31, 42.58],
							"lerp_mode": "catmullrom"
						},
						"2.2333": {
							"post": [-27.31, 1.31, 42.58],
							"lerp_mode": "catmullrom"
						},
						"2.3667": {
							"post": [-27.31, 1.31, 42.58],
							"lerp_mode": "catmullrom"
						},
						"2.4": {
							"post": [-22.31, 1.31, 42.58],
							"lerp_mode": "catmullrom"
						},
						"2.5": {
							"post": [-26.305, 1.31, 42.58],
							"lerp_mode": "catmullrom"
						},
						"2.6333": {
							"post": [-27.91, 1.35, 42.11],
							"lerp_mode": "catmullrom"
						},
						"2.8333": {
							"post": [-25.25, 1.39, 42.86],
							"lerp_mode": "catmullrom"
						},
						"2.9667": {
							"post": [-25.08, 1.43, 52],
							"lerp_mode": "catmullrom"
						},
						"3.1": {
							"post": [-24.97, 1.46, 52.46],
							"lerp_mode": "catmullrom"
						},
						"3.3667": {
							"post": [-24.48848, -1.03517, 58.48369],
							"lerp_mode": "catmullrom"
						},
						"3.7667": {
							"post": [-24.48848, -1.03517, 58.48369],
							"lerp_mode": "catmullrom"
						},
						"3.9333": {
							"post": [-24.88, -2.34, 52.54],
							"lerp_mode": "catmullrom"
						},
						"4.3": {
							"post": [-7.84252, -7.87194, 10.69866],
							"lerp_mode": "catmullrom"
						},
						"4.4": {
							"post": [-7.01, -6, 1.11],
							"lerp_mode": "catmullrom"
						},
						"4.5": {
							"post": [-2, 0, 0],
							"lerp_mode": "catmullrom"
						},
						"4.5333": {
							"post": [0.00023, -0.51527, -0.58314],
							"lerp_mode": "catmullrom"
						},
						"4.6": {
							"post": [0.2507, -0.0458, -1.7494],
							"lerp_mode": "catmullrom"
						},
						"4.7": {
							"post": [-0.5, 0, 0],
							"lerp_mode": "catmullrom"
						},
						"4.8333": {
							"post": [0, 0, 0],
							"lerp_mode": "catmullrom"
						}
					},
					"position": {
						"0.0": {
							"post": [0, 0, 0],
							"lerp_mode": "catmullrom"
						},
						"0.1667": {
							"post": [0.5, -0.62, -0.595],
							"lerp_mode": "catmullrom"
						},
						"0.3667": {
							"post": [5.935, 0.225, -2.95],
							"lerp_mode": "catmullrom"
						},
						"0.5333": {
							"post": [6.31, 0.45, -2.365],
							"lerp_mode": "catmullrom"
						},
						"0.7": {
							"post": [6.23, 0.11125, -2.17],
							"lerp_mode": "catmullrom"
						},
						"0.8667": {
							"post": [6, 0.975, -2],
							"lerp_mode": "catmullrom"
						},
						"1.0": {
							"post": [6, 1.24, -2],
							"lerp_mode": "catmullrom"
						},
						"1.1": {
							"post": [6, 0.64, -2],
							"lerp_mode": "catmullrom"
						},
						"1.2333": {
							"post": [6, 0.975, -2],
							"lerp_mode": "catmullrom"
						},
						"1.4": {
							"post": [6, 0.975, -2],
							"lerp_mode": "catmullrom"
						},
						"1.7333": {
							"post": [5.99, 1.03, -1.855],
							"lerp_mode": "catmullrom"
						},
						"2.1": {
							"post": [6, 1.095, -2],
							"lerp_mode": "catmullrom"
						},
						"2.1333": {
							"post": [6.205, 1.095, -2],
							"lerp_mode": "catmullrom"
						},
						"2.2667": {
							"post": [5.95, 1.095, -2],
							"lerp_mode": "catmullrom"
						},
						"2.3333": {
							"post": [5.95, 1.095, -2],
							"lerp_mode": "catmullrom"
						},
						"2.4": {
							"post": [6.415, 1.375, -2],
							"lerp_mode": "catmullrom"
						},
						"2.5333": {
							"post": [6, 1.09, -1.675],
							"lerp_mode": "catmullrom"
						},
						"2.6667": {
							"post": [6.01, 1.09, -1.835],
							"lerp_mode": "catmullrom"
						},
						"2.8333": {
							"post": [6.415, 1.375, -2.23],
							"lerp_mode": "catmullrom"
						},
						"3.1": {
							"post": [6.09, 1.13, -1.97],
							"lerp_mode": "catmullrom"
						},
						"3.2667": [6.11, 1.14, -1.255],
						"3.8": [6.29, 1.21, -1.14],
						"3.8333": [6.3, 1.21, -1.95],
						"3.9333": {
							"pre": [6.29, 1.21, -2.14],
							"post": [6.29, 1.21, -2.14],
							"lerp_mode": "catmullrom"
						},
						"4.0333": {
							"post": [6.34, 1.23, -1.68],
							"lerp_mode": "catmullrom"
						},
						"4.2333": {
							"post": [2.22, -0.515, -3.19],
							"lerp_mode": "catmullrom"
						},
						"4.3": {
							"post": [1.44, -1.1, -3.66],
							"lerp_mode": "catmullrom"
						},
						"4.4": {
							"post": [0.74, -0.47, -3.32],
							"lerp_mode": "catmullrom"
						},
						"4.5": {
							"post": [0, 0.075, 0.45],
							"lerp_mode": "catmullrom"
						},
						"4.6": {
							"post": [0, -0.125, -0.26875],
							"lerp_mode": "catmullrom"
						},
						"4.7": {
							"post": [0, 0, 0.03125],
							"lerp_mode": "catmullrom"
						},
						"4.8333": {
							"post": [0, 0, 0],
							"lerp_mode": "catmullrom"
						}
					}
				},
				"bolt": {
					"position": {
						"3.1": [0, 0, 0],
						"3.2": [0, 0, 2],
						"3.6": [0, 0, 2.33],
						"3.8": [0, 0, 2.33],
						"3.8667": [0, 0, 0]
					}
				},
				"mag_and_righthand": {
					"rotation": {
						"0.9333": [0, 0, 0],
						"1.0": [-15, 0, 0],
						"1.1333": [-15, 0, 0],
						"1.2667": [-4.92458, 14.69767, -34.8949],
						"1.4": {
							"pre": [-4.92, 14.7, -50.89],
							"post": [-4.92, 14.7, -50.89],
							"lerp_mode": "catmullrom"
						},
						"1.8667": {
							"post": [-4.92, 14.7, -50.89],
							"lerp_mode": "catmullrom"
						},
						"2.0333": [0, 0, 0],
						"2.1333": [-6.625, 0, 0],
						"2.2667": [-13.125, 0, 0],
						"2.3333": [-21, 0, 0],
						"2.4": [0, 0, 0]
					},
					"position": {
						"0.9": [0, 0, 0],
						"1.0333": [0, 0.685, -0.425],
						"1.1667": [0, -6.995, 0],
						"1.3": [-6, -3, -4],
						"1.9": [-6, -3, -4],
						"2.0667": [0, -3, 0],
						"2.1333": [0, -0.06, -0.69],
						"2.2": [0, 0.885, -0.875],
						"2.2667": [0, 1.185, -0.585],
						"2.3667": [0, 2.515, -0.695],
						"2.4": [0, 0, 0]
					}
				},
				"aug_charge": {
					"position": {
						"3.1": [0, 0, 0],
						"3.2": [0, 0, 3],
						"3.8": [0, 0, 3],
						"3.8667": [0, 0, 0]
					}
				},
				"bolt2": {
					"position": {
						"2.9667": [0, 0, 0],
						"3.1667": [0, 0, 2],
						"3.8": [0, 0, 2],
						"3.8333": [0, 0, 0],
						"3.8667": [0, 0, 0.355],
						"3.9333": [0, 0, 0]
					}
				},
				"camera": {
					"rotation": {
						"0.0": {
							"post": [0, 0, 0],
							"lerp_mode": "catmullrom"
						},
						"0.1333": {
							"post": [-0.08, 0, 0.125],
							"lerp_mode": "catmullrom"
						},
						"0.3667": {
							"post": [2.65, 0.625, 1.225],
							"lerp_mode": "catmullrom"
						},
						"0.4333": {
							"post": [2.775, 0.66, 0.635],
							"lerp_mode": "catmullrom"
						},
						"0.6": {
							"post": [3.05, 0.58, 0.95],
							"lerp_mode": "catmullrom"
						},
						"0.7333": {
							"post": [2.175, 0.53, 0.88],
							"lerp_mode": "catmullrom"
						},
						"0.9": {
							"post": [1.89, 0.51, 0.83],
							"lerp_mode": "catmullrom"
						},
						"1.1": {
							"post": [2.32, 0.48, 0.92],
							"lerp_mode": "catmullrom"
						},
						"1.1333": {
							"post": [2.93, 0.46, 2.16],
							"lerp_mode": "catmullrom"
						},
						"1.2": {
							"post": [2.445, 0.5, 0.25],
							"lerp_mode": "catmullrom"
						},
						"1.2667": {
							"post": [2.175, 0.68, 1.555],
							"lerp_mode": "catmullrom"
						},
						"1.3333": {
							"post": [1.995, 0.9, 1.49],
							"lerp_mode": "catmullrom"
						},
						"1.4": {
							"post": [1.995, 1.1, 1.4],
							"lerp_mode": "catmullrom"
						},
						"1.5667": {
							"post": [2, 2.1, 1.4],
							"lerp_mode": "catmullrom"
						},
						"1.7333": {
							"post": [2, 2.1, 1.4],
							"lerp_mode": "catmullrom"
						},
						"1.9667": {
							"post": [2.34, 1.09, 1.45],
							"lerp_mode": "catmullrom"
						},
						"2.0667": {
							"post": [2.135, 1.11, 0.91],
							"lerp_mode": "catmullrom"
						},
						"2.1333": {
							"post": [2.16, 1.12, 1.62],
							"lerp_mode": "catmullrom"
						},
						"2.2": {
							"post": [1.69, 1, 0.985],
							"lerp_mode": "catmullrom"
						},
						"2.3333": {
							"post": [1.79, 0.625, 1.5],
							"lerp_mode": "catmullrom"
						},
						"2.4": {
							"post": [0.66, 0.62, 1.94],
							"lerp_mode": "catmullrom"
						},
						"2.4333": {
							"post": [1.505, 0.63, 0.8],
							"lerp_mode": "catmullrom"
						},
						"2.5333": {
							"post": [0.915, 0.625, 0.85],
							"lerp_mode": "catmullrom"
						},
						"2.7333": {
							"post": [0.92, 0.63, 0.85],
							"lerp_mode": "catmullrom"
						},
						"2.8333": {
							"post": [0.92, 0.54, 0.85],
							"lerp_mode": "catmullrom"
						},
						"3.0667": {
							"post": [0.92, 0.04, 0.85],
							"lerp_mode": "catmullrom"
						},
						"3.2": {
							"post": [1.17, 0.24, -0.73],
							"lerp_mode": "catmullrom"
						},
						"3.3": {
							"post": [0.76, 0.175, -0.45],
							"lerp_mode": "catmullrom"
						},
						"3.4": {
							"post": [1.585, 0.175, 0.35],
							"lerp_mode": "catmullrom"
						},
						"3.8333": {
							"post": [1.585, 0.175, 0.35],
							"lerp_mode": "catmullrom"
						},
						"3.8667": {
							"post": [0.49, 0.1, -0.725],
							"lerp_mode": "catmullrom"
						},
						"3.9667": {
							"post": [0.94, 0.1, -0.15],
							"lerp_mode": "catmullrom"
						},
						"4.1": {
							"post": [0.27, 0.04, -0.215],
							"lerp_mode": "catmullrom"
						},
						"4.2": {
							"post": [-0.45, -0.075, 0],
							"lerp_mode": "catmullrom"
						},
						"4.3333": {
							"post": [0.915, 0.625, 0.85],
							"lerp_mode": "catmullrom"
						},
						"4.4333": {
							"post": [1.75, 0.2, 0.225],
							"lerp_mode": "catmullrom"
						},
						"4.5667": {
							"post": [0.4, 0, -0.225],
							"lerp_mode": "catmullrom"
						},
						"4.6": {
							"post": [-0.04, -0.01, 0.44],
							"lerp_mode": "catmullrom"
						},
						"4.6333": {
							"post": [-0.175, 0, -0.275],
							"lerp_mode": "catmullrom"
						},
						"4.7": {
							"post": [0.15, 0, 0.3],
							"lerp_mode": "catmullrom"
						},
						"4.8": {
							"post": [0, 0, 0],
							"lerp_mode": "catmullrom"
						}
					}
				}
			},
			"sound_effects": {
				"0.0333": {
					"effect": "lrl:oden/oden_raise"
				},
				"0.8333": {
					"effect": "lrl:oden/oden_reload_magout_01"
				},
				"2.0": {
					"effect": "lrl:oden/oden_reload_magin_v2_01"
				},
				"2.8667": {
					"effect": "tacz:hk_g3/hk_g3_inspect_tilt"
				},
				"3.1": {
					"effect": "tacz:qbz_95/qbz_95_reload_empty_charge_out"
				},
				"3.8": {
					"effect": "tacz:qbz_95/qbz_95_reload_empty_charge_in"
				},
				"4.1": {
					"effect": "lrl:oden/oden_reload_end"
				}
			}
		},
		"reload_empty": {
			"animation_length": 3.7667,
			"bones": {
				"lefthand": {
					"rotation": [89.66901, -22.11238, 210.31809],
					"position": [7, -14.25, -15.5],
					"scale": [1, 1.5, 1]
				},
				"righthand": {
					"rotation": {
						"0.0": [92.5, -355, -180],
						"0.2333": [92.5, -355, -180],
						"0.4": [92.80736, -332.52344, -178.92193],
						"0.4667": [107.51427, -352.49892, -179.88903],
						"2.0": [107.51, -352.5, -179.89],
						"2.0667": [100.00641, -366.06126, -182.10819],
						"2.2333": [106.93301, -343.12299, -184.93445],
						"2.4": [106.97, -343.75, -184.6],
						"2.6": [153.97, -343.75, -184.6],
						"2.6667": [153.97, -343.75, -184.6],
						"2.7667": [160.00092, -353.84723, -192.12277],
						"2.8333": [160.00092, -353.84723, -192.12277],
						"3.0": [92.5, -355, -180]
					},
					"position": {
						"0.0": [-6.25, -14, -5],
						"0.2333": [-6.25, -14, -5],
						"0.4": [-9.25, -16, 3],
						"0.5": [-7.105, -16, 3],
						"2.0333": [-7.1, -16, 3],
						"2.1333": [-9.1, -16, -4],
						"2.3": [-8.68, -10, -10.385],
						"2.4333": [-8.68, -10, -10.385],
						"2.6": [-8.68, -10, -6.39],
						"2.6667": [-8.68, -10, -6.39],
						"2.7333": [-10.18, -10, -6.015],
						"2.8333": [-10.18, -10, -6.015],
						"3.0333": [-6.25, -14, -5]
					},
					"scale": {
						"0.0": [1, 1.5, 1],
						"2.1667": [1, 1.5, 1],
						"2.3": [1, 2, 1],
						"2.7333": [1, 2, 1],
						"2.8333": [1, 1.5, 1]
					}
				},
				"constraint": {
					"rotation": [0.2, 0.2, 0.2],
					"position": [0.2, 0.2, 0.2]
				},
				"root": {
					"rotation": {
						"0.0": {
							"post": [0, 0, 0],
							"lerp_mode": "catmullrom"
						},
						"0.1": {
							"post": [-3.58088, -1.11012, 8.39343],
							"lerp_mode": "catmullrom"
						},
						"0.2333": {
							"post": [-22.41815, 0.06755, 35.8959],
							"lerp_mode": "catmullrom"
						},
						"0.3333": {
							"post": [-22.1545, 5.2071, 41.89713],
							"lerp_mode": "catmullrom"
						},
						"0.4333": {
							"post": [-21.97066, 4.10028, 43.16171],
							"lerp_mode": "catmullrom"
						},
						"0.6": {
							"post": [-25, 0, 40],
							"lerp_mode": "catmullrom"
						},
						"0.7": {
							"post": [-24.555, -0.24, 39.46],
							"lerp_mode": "catmullrom"
						},
						"0.8": {
							"post": [-29.28, -0.43, 39.05],
							"lerp_mode": "catmullrom"
						},
						"0.9333": {
							"post": [-25, 0, 40],
							"lerp_mode": "catmullrom"
						},
						"1.1667": {
							"post": [-24.80942, 0.53915, 41.13923],
							"lerp_mode": "catmullrom"
						},
						"1.3667": {
							"post": [-23.30696, 9.30727, 60.57639],
							"lerp_mode": "catmullrom"
						},
						"1.5667": {
							"post": [-23.31, 9.31, 60.58],
							"lerp_mode": "catmullrom"
						},
						"1.7333": {
							"post": [-27.31, 9.31, 60.58],
							"lerp_mode": "catmullrom"
						},
						"1.8667": {
							"post": [-27.31, 9.31, 60.58],
							"lerp_mode": "catmullrom"
						},
						"1.9": {
							"post": [-22.31, 9.31, 60.58],
							"lerp_mode": "catmullrom"
						},
						"2.0": {
							"post": [-23.30696, 9.30727, 60.57639],
							"lerp_mode": "catmullrom"
						},
						"2.2333": {
							"post": [-7.84252, 6.12806, 51.79366],
							"lerp_mode": "catmullrom"
						},
						"2.3333": {
							"post": [-1.69759, 4.03223, 55.3743],
							"lerp_mode": "catmullrom"
						},
						"2.5": {
							"post": [-8.61, 5.615, 57.46],
							"lerp_mode": "catmullrom"
						},
						"2.6": {
							"post": [-8.44778, 6.10359, 61.11303],
							"lerp_mode": "catmullrom"
						},
						"2.6667": {
							"post": [-10.70316, 3.65104, 59.21274],
							"lerp_mode": "catmullrom"
						},
						"2.7333": {
							"post": [-8.8364, -0.09288, 66.51901],
							"lerp_mode": "catmullrom"
						},
						"2.8333": {
							"post": [-4.85391, -0.71359, 61.98627],
							"lerp_mode": "catmullrom"
						},
						"3.0": {
							"post": [-1.92838, -2.00642, 0.99896],
							"lerp_mode": "catmullrom"
						},
						"3.1": {
							"post": [-7.01, -6, 1.11],
							"lerp_mode": "catmullrom"
						},
						"3.2": {
							"post": [-2, 0, 0],
							"lerp_mode": "catmullrom"
						},
						"3.2333": {
							"post": [0.00023, -0.51527, -0.58314],
							"lerp_mode": "catmullrom"
						},
						"3.3": {
							"post": [0.2507, -0.0458, -1.7494],
							"lerp_mode": "catmullrom"
						},
						"3.4": {
							"post": [-0.5, 0, 0],
							"lerp_mode": "catmullrom"
						},
						"3.5333": {
							"post": [0, 0, 0],
							"lerp_mode": "catmullrom"
						}
					},
					"position": {
						"0.0": {
							"post": [0, 0, 0],
							"lerp_mode": "catmullrom"
						},
						"0.1": {
							"post": [0.5, -0.62, -0.595],
							"lerp_mode": "catmullrom"
						},
						"0.2333": {
							"post": [5.935, 0.225, -2.95],
							"lerp_mode": "catmullrom"
						},
						"0.3333": {
							"post": [6.31, 0.45, -1.925],
							"lerp_mode": "catmullrom"
						},
						"0.4333": {
							"post": [6.23, 0.11125, -2.17],
							"lerp_mode": "catmullrom"
						},
						"0.6333": {
							"post": [6, 0.975, -2],
							"lerp_mode": "catmullrom"
						},
						"0.7333": {
							"post": [6, 1.24, -2],
							"lerp_mode": "catmullrom"
						},
						"0.8333": {
							"post": [6, 0.64, -2],
							"lerp_mode": "catmullrom"
						},
						"0.9667": {
							"post": [6, 0.975, -2],
							"lerp_mode": "catmullrom"
						},
						"1.2": {
							"post": [6, 0.695, -2],
							"lerp_mode": "catmullrom"
						},
						"1.4": {
							"post": [6, 1.6, -2],
							"lerp_mode": "catmullrom"
						},
						"1.6": {
							"post": [6, 1.605, -2],
							"lerp_mode": "catmullrom"
						},
						"1.6333": {
							"post": [6.205, 1.605, -2],
							"lerp_mode": "catmullrom"
						},
						"1.7667": {
							"post": [5.95, 1.605, -2],
							"lerp_mode": "catmullrom"
						},
						"1.8333": {
							"post": [5.95, 1.605, -2],
							"lerp_mode": "catmullrom"
						},
						"1.9": {
							"post": [6.415, 1.885, -2],
							"lerp_mode": "catmullrom"
						},
						"2.0333": {
							"post": [6, 1.6, -2],
							"lerp_mode": "catmullrom"
						},
						"2.1667": {
							"post": [2.22, -0.515, -2.19],
							"lerp_mode": "catmullrom"
						},
						"2.2333": {
							"post": [1.44, -1.1, -2.66],
							"lerp_mode": "catmullrom"
						},
						"2.4333": {
							"post": [0.74, -0.47, -2.32],
							"lerp_mode": "catmullrom"
						},
						"2.5667": {
							"post": [0.995, -0.355, -2.14],
							"lerp_mode": "catmullrom"
						},
						"2.6667": {
							"post": [1, 0.115, -1.35],
							"lerp_mode": "catmullrom"
						},
						"2.7333": {
							"post": [1, 0.24, -1.625],
							"lerp_mode": "catmullrom"
						},
						"2.8": {
							"post": [1.015, 0.445, -2.165],
							"lerp_mode": "catmullrom"
						},
						"2.9333": {
							"post": [1.035, -0.18, -2.375],
							"lerp_mode": "catmullrom"
						},
						"3.1": {
							"post": [-0.26, -0.47, -2.32],
							"lerp_mode": "catmullrom"
						},
						"3.2": {
							"post": [0, 0.075, 0.45],
							"lerp_mode": "catmullrom"
						},
						"3.3": {
							"post": [0, -0.125, -0.26875],
							"lerp_mode": "catmullrom"
						},
						"3.4": {
							"post": [0, 0, 0.03125],
							"lerp_mode": "catmullrom"
						},
						"3.5333": {
							"post": [0, 0, 0],
							"lerp_mode": "catmullrom"
						}
					}
				},
				"mag_and_righthand": {
					"rotation": {
						"0.5": [0, 0, 0],
						"0.6": [-21.9, 0, 0],
						"0.7": [-21.7, 0, 41.5],
						"0.8": [-22.24143, 2.4407, 77.48847],
						"1.4": [-21.9, 0, 0],
						"1.6": [-21.9, 0, 0],
						"1.8333": [-21.9, 1, 0],
						"1.9": [0, 0, 0]
					},
					"position": {
						"0.5": [0, 0, 0],
						"0.6": [0, 0.4, -2.4],
						"0.7": [0, -3.8, -3.2],
						"0.8333": [-9, -3, -3.2],
						"1.4": [0, -21, 3.62],
						"1.6": [0, 1.755, -0.59],
						"1.6667": [0, 1.585, -0.745],
						"1.7333": [0, 1.355, -0.625],
						"1.8": [0, 1.355, 0.17],
						"1.8333": [0, 1.48, 0.09],
						"1.8667": [0, 0, 0]
					}
				},
				"bolt": {
					"position": {
						"2.4667": [0, 0, 3],
						"2.5667": [0, 0, 4],
						"2.7": [0, 0, 4],
						"2.7333": [0, 0, 0]
					}
				},
				"additional_magazine": {
					"scale": 0
				},
				"magazine": {
					"rotation": {
						"0.8": [0, 0, 0],
						"1.3": [0, 0, 360],
						"1.3333": [0, 0, 0]
					},
					"position": {
						"0.8": [0, 0, 0],
						"1.3": [0, -32, 9],
						"1.3333": [0, 0, 0]
					},
					"scale": {
						"0.8": [1, 1, 1],
						"1.3": [0, 0, 0],
						"1.3333": [1, 1, 1]
					}
				},
				"bolt2": {
					"position": {
						"2.4667": [0, 0, 0],
						"2.5667": [0, 0, 5],
						"2.7": [0, 0, 5],
						"2.7333": [0, 0, 0],
						"2.8": [0, 0, 0.305],
						"2.8667": [0, 0, 0],
						"2.9333": [0, 0, 0.175],
						"3.0": [0, 0, 0]
					}
				},
				"camera": {
					"rotation": {
						"0.0": {
							"post": [0, 0, 0],
							"lerp_mode": "catmullrom"
						},
						"0.1333": {
							"post": [-0.08, 0, 0.125],
							"lerp_mode": "catmullrom"
						},
						"0.3667": {
							"post": [2.65, 0.625, 1.225],
							"lerp_mode": "catmullrom"
						},
						"0.4333": {
							"post": [2.775, 0.66, 0.635],
							"lerp_mode": "catmullrom"
						},
						"0.5333": {
							"post": [3.05, 0.58, 0.95],
							"lerp_mode": "catmullrom"
						},
						"0.6333": {
							"post": [2.175, 0.53, 0.88],
							"lerp_mode": "catmullrom"
						},
						"0.7": {
							"post": [1.89, 0.51, 0.83],
							"lerp_mode": "catmullrom"
						},
						"0.7667": {
							"post": [2.32, 0.48, 0.92],
							"lerp_mode": "catmullrom"
						},
						"0.8": {
							"post": [2.93, 0.46, 2.16],
							"lerp_mode": "catmullrom"
						},
						"0.8667": {
							"post": [2.445, 0.5, 0.25],
							"lerp_mode": "catmullrom"
						},
						"1.2": {
							"post": [2.32, 0.78, 0.72],
							"lerp_mode": "catmullrom"
						},
						"1.5": {
							"post": [4.34, 1.09, 2.45],
							"lerp_mode": "catmullrom"
						},
						"1.6": {
							"post": [4.135, 1.11, 1.91],
							"lerp_mode": "catmullrom"
						},
						"1.6667": {
							"post": [4.16, 1.12, 2.62],
							"lerp_mode": "catmullrom"
						},
						"1.7333": {
							"post": [3.69, 1, 1.985],
							"lerp_mode": "catmullrom"
						},
						"1.8667": {
							"post": [1.79, 0.625, 1.5],
							"lerp_mode": "catmullrom"
						},
						"1.9333": {
							"post": [0.66, 0.62, 1.94],
							"lerp_mode": "catmullrom"
						},
						"1.9667": {
							"post": [1.505, 0.63, 0.8],
							"lerp_mode": "catmullrom"
						},
						"2.3": {
							"post": [1.17, 0.24, -0.73],
							"lerp_mode": "catmullrom"
						},
						"2.4": {
							"post": [0.76, 0.175, -0.45],
							"lerp_mode": "catmullrom"
						},
						"2.5": {
							"post": [1.585, 0.175, 0.35],
							"lerp_mode": "catmullrom"
						},
						"2.6333": {
							"post": [0.49, 0.1, -0.725],
							"lerp_mode": "catmullrom"
						},
						"2.7667": {
							"post": [0.94, 0.1, -0.15],
							"lerp_mode": "catmullrom"
						},
						"2.9": {
							"post": [0.27, 0.04, -0.215],
							"lerp_mode": "catmullrom"
						},
						"3.0": {
							"post": [-0.45, -0.075, 0],
							"lerp_mode": "catmullrom"
						},
						"3.0667": {
							"post": [-0.04, -0.02, 0],
							"lerp_mode": "catmullrom"
						},
						"3.1": {
							"post": [0.175, 0, 0.675],
							"lerp_mode": "catmullrom"
						},
						"3.2": {
							"post": [-0.15, 0, -0.475],
							"lerp_mode": "catmullrom"
						},
						"3.3": {
							"post": [0.075, 0, 0.225],
							"lerp_mode": "catmullrom"
						},
						"3.4": {
							"post": [0, 0, 0],
							"lerp_mode": "catmullrom"
						}
					}
				}
			},
			"sound_effects": {
				"0.0333": {
					"effect": "lrl:oden/oden_raise_quick"
				},
				"0.5333": {
					"effect": "lrl:oden/oden_reload_empty_fast_magout_01"
				},
				"1.1667": {
					"effect": "tacz:mag_drop_sound/mag_drop_ar_poly_dirt"
				},
				"1.6": {
					"effect": "tacz:aug/aug_reload_empty_maghit"
				},
				"1.7667": {
					"effect": "lrl:oden/oden_reload_magin_v2_01"
				},
				"2.4": {
					"effect": "lrl:oden/oden_reload_empty_fast_charge_01"
				},
				"3.0": {
					"effect": "lrl:oden/oden_settle"
				}
			}
		}
	}
}