{
	"format_version": "1.8.0",
	"animations": {
		"static_idle": {
			"animation_length": 0.0417,
			"bones": {
				"lefthand": {
					"rotation": [100.86778, -27.79898, -144.86756],
					"position": [8.1125, -12.975, -2.9625],
					"scale": [1, 1.5, 1]
				},
				"righthand": {
					"rotation": [95.99729, 16.89074, -176.53478],
					"position": [-6.6, -14.4125, 1.50625],
					"scale": [1, 1.5, 1]
				}
			}
		},
		"static_bolt_caught": {
			"animation_length": 0.0417,
			"bones": {
				"lefthand": {
					"rotation": [100.86778, -27.79898, -144.86756],
					"position": [8.1125, -12.975, -2.9625],
					"scale": [1, 1.5, 1]
				},
				"righthand": {
					"rotation": [95.99729, 16.89074, -176.53478],
					"position": [-6.6, -14.4125, 1.50625],
					"scale": [1, 1.5, 1]
				},
				"bolt": {
					"position": [0, 0, 2.5]
				},
				"bullet": {
					"scale": 0
				},
				"bullet_in_barrel": {
					"scale": 0
				}
			}
		},
		"shoot": {
			"animation_length": 1.1333,
			"bones": {
				"root": {
					"rotation": {
						"0.0": [0, 0, 0],
						"0.0333": [-0.586, 0.022, -0.92],
						"0.0667": [-0.504, 0.013, -0.169],
						"0.1": [-0.273, 0.009, 0.812],
						"0.1333": [-0.014, 0.047, 1.048],
						"0.1667": [0.228, 0.118, 0.927],
						"0.2": [0.343, 0.179, 0.353],
						"0.2333": [0.458, 0.242, -0.221],
						"0.2667": [0.339, 0.226, -0.463],
						"0.3": [0.129, 0.177, -0.515],
						"0.3333": [-0.064, 0.105, -0.246],
						"0.3667": [-0.257, 0.034, 0.024],
						"0.4": [-0.21, -0.019, 0.183],
						"0.4333": [-0.162, -0.071, 0.343],
						"0.4667": [-0.098, -0.04, 0.194],
						"0.5": [-0.034, -0.008, 0.045],
						"0.5333": [0.03, 0.024, -0.104],
						"0.5667": [0.094, 0.056, -0.253],
						"0.6": [0.078, 0.045, -0.164],
						"0.6333": [0.062, 0.034, -0.075],
						"0.6667": [0.047, 0.023, 0.015],
						"0.7": [0.031, 0.011, 0.104],
						"0.7333": [0.022, 0.01, 0.058],
						"0.8": [0.013, 0.009, 0.011],
						"0.9": [0.003, 0.005, -0.103],
						"1.0": [0.002, 0.004, -0.077],
						"1.1333": [0, 0, 0]
					},
					"position": {
						"0.0": [0, 0, 0],
						"0.0333": {
							"pre": [0.002, 0.029, 1.2515],
							"post": [0.002, 0.029, 1.2515],
							"lerp_mode": "catmullrom"
						},
						"0.0667": {
							"post": [0.01, 0.05, 1.1175],
							"lerp_mode": "catmullrom"
						},
						"0.1": {
							"post": [0.007, 0.059, 0.539],
							"lerp_mode": "catmullrom"
						},
						"0.1667": {
							"post": [-0.003, -0.014, 0.11],
							"lerp_mode": "catmullrom"
						},
						"0.2": [-0.014, -0.034, 0.084],
						"0.2333": [-0.024, -0.055, 0.058],
						"0.2667": [-0.009, -0.03, 0.051],
						"0.3": [0.001, -0.014, 0.042],
						"0.3333": [0.003, 0.004, 0.034],
						"0.3667": [0.016, -0.009, 0.043],
						"0.4": [0.032, 0.003, 0.056],
						"0.4333": [0.048, 0.015, 0.069],
						"0.4667": [0.039, 0.012, 0.057],
						"0.5": [0.03, 0.01, 0.045],
						"0.5333": [0.022, 0.007, 0.034],
						"0.5667": [0.013, 0.004, 0.022],
						"0.6": [-0.003, -0.006, 0.009],
						"0.6333": [-0.005, -0.007, 0.007],
						"0.6667": [-0.007, -0.007, 0.006],
						"0.7": [-0.01, -0.007, 0.005],
						"0.7333": [-0.008, -0.008, 0.005],
						"0.8": [-0.007, -0.008, 0.004],
						"0.9": [-0.003, -0.009, 0.003],
						"1.0": [-0.003, -0.008, 0.003],
						"1.1333": [0, 0, 0]
					}
				},
				"bolt": {
					"position": {
						"0.0": [0, 0, 0],
						"0.0333": [0, 0, 3],
						"0.0667": [0, 0, 0]
					}
				},
				"constraint": {
					"rotation": {
						"0.0": [0.25, 0.25, 0.55],
						"0.5667": [0, 0, 0]
					},
					"position": {
						"0.0": [0.25, 0.5, 0.75],
						"0.5667": [0, 0, 0]
					}
				},
				"camera": {
					"rotation": {
						"0.0": [0, 0, 0],
						"0.0333": [0, 0, 0.65],
						"0.0667": [0, 0, -0.37],
						"0.1": [0, 0, 0.41],
						"0.1333": [0, 0, -0.185],
						"0.1667": [0, 0, 0.2],
						"0.2": [0, 0, 0]
					}
				}
			}
		},
		"draw": {
			"animation_length": 0.8,
			"bones": {
				"root": {
					"rotation": {
						"0.0": {
							"post": [-9.61009, -56.87057, 63.98187],
							"lerp_mode": "catmullrom"
						},
						"0.2": {
							"post": [-0.50564, -24.85404, 21.72854],
							"lerp_mode": "catmullrom"
						},
						"0.2333": {
							"post": [3.25904, -15.44766, 1.21211],
							"lerp_mode": "catmullrom"
						},
						"0.3333": {
							"post": [0, -2.40625, 0],
							"lerp_mode": "catmullrom"
						},
						"0.4": {
							"post": [0.01893, 0.98758, 1.36002],
							"lerp_mode": "catmullrom"
						},
						"0.5": {
							"post": [0.01346, -0.41108, 0.31188],
							"lerp_mode": "catmullrom"
						},
						"0.6333": {
							"post": [0, 0, 0],
							"lerp_mode": "catmullrom"
						},
						"0.8": {
							"post": [0, 0, 0],
							"lerp_mode": "catmullrom"
						}
					},
					"position": {
						"0.0": {
							"post": [0, -7.1, -0.8],
							"lerp_mode": "catmullrom"
						},
						"0.2333": {
							"post": [0.6, -1.32422, -0.8],
							"lerp_mode": "catmullrom"
						},
						"0.4": {
							"post": [0.125, -0.22031, 0.325],
							"lerp_mode": "catmullrom"
						},
						"0.5": {
							"post": [0, -0.02734, -0.125],
							"lerp_mode": "catmullrom"
						},
						"0.6333": {
							"post": [0, 0, 0],
							"lerp_mode": "catmullrom"
						},
						"0.8": {
							"post": [0, 0, 0],
							"lerp_mode": "catmullrom"
						}
					}
				},
				"lefthand": {
					"rotation": {
						"0.0": [104.41741, -8.06723, -198.01172],
						"0.5": [100.86778, -27.79898, -144.86756]
					},
					"position": {
						"0.0": [7.4, -16.3, -2.3],
						"0.1333": [8.96589, -14.28169, -1.30545],
						"0.3333": [8.07017, -14.3, -3.15908],
						"0.4": [8, -13.3, -3.3],
						"0.5": [8.1125, -12.975, -2.9625]
					},
					"scale": [1, 1.5, 1]
				},
				"righthand": {
					"rotation": [95.99729, 16.89074, -176.53478],
					"position": [-6.6, -14.4125, 1.50625],
					"scale": [1, 1.5, 1]
				},
				"camera": {
					"rotation": {
						"0.0": {
							"post": [0, 0, 0],
							"lerp_mode": "catmullrom"
						},
						"0.1": {
							"post": [0.8, -0.125, 0.2],
							"lerp_mode": "catmullrom"
						},
						"0.2": {
							"post": [1, -0.25, 0.5],
							"lerp_mode": "catmullrom"
						},
						"0.3": {
							"post": [0.15, -0.275, 0.625],
							"lerp_mode": "catmullrom"
						},
						"0.4": {
							"post": [0.25, -0.15, -0.225],
							"lerp_mode": "catmullrom"
						},
						"0.4667": {
							"post": [0.09, -0.08, 0.405],
							"lerp_mode": "catmullrom"
						},
						"0.5333": {
							"post": [-0.075, -0.025, -0.2],
							"lerp_mode": "catmullrom"
						},
						"0.6333": {
							"post": [0, 0, 0],
							"lerp_mode": "catmullrom"
						},
						"0.7": {
							"post": [0, 0, 0],
							"lerp_mode": "catmullrom"
						}
					}
				}
			},
			"sound_effects": {
				"0.0": {
					"effect": "lrl:mp7/vel46_raise_rattle"
				}
			}
		},
		"put_away": {
			"animation_length": 0.2667,
			"bones": {
				"root": {
					"rotation": {
						"0.0": [0, 0, 0],
						"0.0333": [-0.64, -3.24, -2.21],
						"0.0667": [0.03, -8.29, -0.72],
						"0.1": [1.76, -14.38, 2.24],
						"0.1333": [5.34, -19.31, 7.8],
						"0.1667": [9.68, -25.87, 11.77],
						"0.2": [14.42, -38.66, 8.22],
						"0.2333": [18.16, -50.02, 3.48]
					},
					"position": {
						"0.0": [0, 0, 0],
						"0.0333": [-0.45, -1.09, 0.28],
						"0.0667": [-0.67, -1.66, 0.31],
						"0.1": [-0.87, -2.39, 0.34],
						"0.1333": [-1.03, -3.39, 0.36],
						"0.1667": [-1.13, -4.82, 0.56],
						"0.2": [-1.17, -7.36, 1.32],
						"0.2333": [-1.17, -9.6, 2.05]
					}
				},
				"lefthand": {
					"rotation": [100.86778, -27.79898, -144.86756],
					"position": [8.1125, -12.975, -2.9625],
					"scale": [1, 1.5, 1]
				},
				"righthand": {
					"rotation": [95.99729, 16.89074, -176.53478],
					"position": [-6.6, -14.4125, 1.50625],
					"scale": [1, 1.5, 1]
				},
				"camera": {
					"rotation": {
						"0.0": [0, 0, 0],
						"0.0333": [0.13, 0, -0.09],
						"0.0667": [0.3, 0, -0.12],
						"0.1": [0.5, 0, 0.09],
						"0.1333": [0.64, 0, 0.3],
						"0.1667": [0.62, 0, 0.26],
						"0.2": [0.5, 0, 0.15],
						"0.2333": [0.24, 0, 0.07],
						"0.2667": [0, 0, 0]
					}
				}
			},
			"sound_effects": {
				"0.0": {
					"effect": "lrl:mp7/vel46_drop_rattle"
				}
			}
		},
		"reload_tactical": {
			"animation_length": 2.3,
			"bones": {
				"root": {
					"rotation": {
						"0.0": {
							"post": [0, 0, 0],
							"lerp_mode": "catmullrom"
						},
						"0.1": {
							"post": [-1.74162, -2.97415, 10.33348],
							"lerp_mode": "catmullrom"
						},
						"0.2": {
							"post": [-22.21859, -10.84576, -3.2112],
							"lerp_mode": "catmullrom"
						},
						"0.3333": {
							"post": [-30.7672, -29.26028, -19.15902],
							"lerp_mode": "catmullrom"
						},
						"0.4333": {
							"post": [-28.545, -29.54, -25.23],
							"lerp_mode": "catmullrom"
						},
						"0.5": {
							"post": [-28.8, -27.64, -21.335],
							"lerp_mode": "catmullrom"
						},
						"0.5667": {
							"post": [-29.23682, -27.41524, -23.74564],
							"lerp_mode": "catmullrom"
						},
						"0.6667": [-28.54806, -28.14483, -25.23439],
						"0.7": [-28.54806, -28.14483, -25.23439],
						"0.7333": [-28.54806, -28.14483, -25.23439],
						"0.7667": [-33.56222, -19.96337, -24.2426],
						"0.8": [-23.28, -30.585, -33.88],
						"0.8667": [-21.66833, -32.68648, -31.12507],
						"1.0": [-26.69132, -34.09911, -34.42639],
						"1.1": [-24.62435, -34.62113, -35.71892],
						"1.1667": [-24.97125, -34.33083, -35.00326],
						"1.2333": [-25.22531, -32.78513, -33.94744],
						"1.2667": [-20.685, -35.395, -42.84],
						"1.3": [-34.78929, -29.25966, -31.36059],
						"1.3333": [-25.82, -33.36, -35.71],
						"1.3667": [-24.93125, -27.43377, -28.36566],
						"1.55": {
							"pre": [-25.5543, -24.34405, -27.54769],
							"post": [-25.5543, -24.34405, -27.54769],
							"lerp_mode": "catmullrom"
						},
						"1.7333": {
							"post": [-9.72, -6.71, -3.25],
							"lerp_mode": "catmullrom"
						},
						"1.8667": {
							"post": [0, 1.7, 2.8],
							"lerp_mode": "catmullrom"
						},
						"1.9333": {
							"post": [1.225, -0.275, -1.125],
							"lerp_mode": "catmullrom"
						},
						"2.0667": {
							"post": [-0.45, 0.275, 0.275],
							"lerp_mode": "catmullrom"
						},
						"2.2333": {
							"post": [-0.2, 0, -0.445],
							"lerp_mode": "catmullrom"
						},
						"2.3": {
							"post": [0, 0, 0],
							"lerp_mode": "catmullrom"
						}
					},
					"position": {
						"0.0": {
							"post": [0, 0, 0],
							"lerp_mode": "catmullrom"
						},
						"0.1": {
							"post": [0.26683, 0.69567, -0.82297],
							"lerp_mode": "catmullrom"
						},
						"0.2": {
							"post": [-0.19923, 1.76652, -0.68915],
							"lerp_mode": "catmullrom"
						},
						"0.3333": {
							"post": [-0.48525, 1.44195, -1.41415],
							"lerp_mode": "catmullrom"
						},
						"0.4333": {
							"post": [-0.225, 1.375, -1.175],
							"lerp_mode": "catmullrom"
						},
						"0.5667": {
							"post": [-0.34139, 1.59889, -0.75317],
							"lerp_mode": "catmullrom"
						},
						"0.6667": [-0.29662, 1.59261, -0.7816],
						"0.7": [-0.29662, 1.31761, -1.1316],
						"0.7667": [-0.13944, 1.60224, -0.01807],
						"0.8667": [-0.4243, 2.17276, -0.77418],
						"1.0": [-0.496, 1.90969, -0.71826],
						"1.0667": [-0.5, 1.91, -0.65],
						"1.1": [-0.5, 1.91, -0.62],
						"1.1667": [-0.5, 1.86, -0.47],
						"1.2333": [-0.475, 2.16, -0.62],
						"1.2667": [-0.29723, 0.59937, -0.00241],
						"1.3": [0.20462, 1.03885, -0.50336],
						"1.3667": [-0.6, 1.465, -0.795],
						"1.4667": {
							"pre": [-0.55, 1.895, -1.07],
							"post": [-0.55, 1.895, -1.07],
							"lerp_mode": "catmullrom"
						},
						"1.5667": {
							"post": [-0.98, 1.97, -0.67],
							"lerp_mode": "catmullrom"
						},
						"1.7667": {
							"post": [-0.19, 0.385, -2.3],
							"lerp_mode": "catmullrom"
						},
						"1.8667": {
							"post": [0, 0, 0.225],
							"lerp_mode": "catmullrom"
						},
						"1.9333": {
							"post": [0.05, -0.055, -0.42],
							"lerp_mode": "catmullrom"
						},
						"1.9667": {
							"post": [0.04, -0.05, 0.015],
							"lerp_mode": "catmullrom"
						},
						"2.1": {
							"post": [0, 0, -0.05],
							"lerp_mode": "catmullrom"
						},
						"2.2667": {
							"post": [0, 0, 0],
							"lerp_mode": "catmullrom"
						}
					}
				},
				"mag_and_lefthand": {
					"rotation": {
						"0.0": [0, 0, 0],
						"0.1333": [0, 0, 0],
						"0.35": [-11.23115, -1.86385, -8.41398],
						"0.4667": [0, 0, 0],
						"0.5667": [7, 0, 0],
						"0.6333": [5.5, 0, 0],
						"0.7": [5.49813, 0.14375, -1.4931],
						"0.7667": [-29.28249, 0.59786, -6.22145],
						"0.8333": [-22.99267, 1.08789, -3.51516],
						"0.9667": [-3.28249, 0.59786, -6.22145],
						"1.0": [-1.50334, 0.74039, -3.72535],
						"1.1333": [0.24698, 2.99037, -3.71565],
						"1.2333": [0.32524, 2.98288, -2.21363],
						"1.2667": [0, 0, 0],
						"1.3667": [0, 0, 0]
					},
					"position": {
						"0.0": [0, 0, 0],
						"0.1333": [6, -10, 11],
						"0.35": [5.23, -4.4, 5.515],
						"0.4667": [1.05, 0, 0],
						"0.5667": [1.05, -0.01219, -0.09925],
						"0.6333": [1.05, -0.42254, -0.21097],
						"0.7": [1.08272, -1.66382, -0.09023],
						"0.7667": [1.29346, -6.37562, -2.53871],
						"0.8333": [1.03408, -6.71614, -2.59256],
						"0.9667": [0.50448, -5.26597, -0.3605],
						"1.0": [0.42772, -5.27931, -0.18411],
						"1.1333": [0.43158, -5.27936, -0.05501],
						"1.1667": [0.36172, -4.23223, -0.06452],
						"1.2333": [0.18212, -4.18686, -0.05111],
						"1.2667": [0, 0.7, 0],
						"1.3667": [0, 0, 0]
					}
				},
				"mag_and_bullet": {
					"scale": {
						"0.1333": {"pre": [0, 0, 0], "post": [1, 1, 1]}
					}
				},
				"lefthand": {
					"rotation": {
						"0.0": [100.86778, -27.79898, -144.86756],
						"0.1333": [118.49437, -8.71819, -196.89003],
						"1.4": [118.49, -8.72, -196.89],
						"1.5667": [152.70132, 3.91556, -219.39273],
						"1.7333": [152.70132, 3.91556, -219.39273],
						"1.85": [100.86778, -27.79898, -144.86756]
					},
					"position": {
						"0.0": [8.1125, -12.975, -2.9625],
						"0.1333": [7.31508, -17.68937, 3.11551],
						"1.4": [7.32, -17.69, 3.12],
						"1.5667": [10.47137, -22.89436, 9.66759],
						"1.7333": [10.47137, -22.89436, 9.66759],
						"1.85": [8.1125, -12.975, -2.9625]
					},
					"scale": [1, 1.5, 1]
				},
				"righthand": {
					"rotation": {
						"0.0": [95.99729, 16.89074, -176.53478],
						"0.2333": [95.81655, 9.43044, -177.32689],
						"1.7167": [95.82, 9.43, -177.33],
						"1.85": [95.99729, 16.89074, -176.53478]
					},
					"position": {
						"0.0": [-6.6, -14.4125, 1.50625],
						"0.2333": [-8.16266, -14.32016, 1.0822],
						"1.7167": [-8.16, -14.32, 1.08],
						"1.85": [-6.6, -14.4125, 1.50625]
					},
					"scale": [1, 1.5, 1]
				},
				"additional_magazine": {
					"rotation": {
						"0.5667": [0, 0, 0],
						"0.7333": [0, 0, 0],
						"0.7667": [-24.5095, -0.21782, -6.50473],
						"0.8333": [-17.57995, -0.21782, -6.50473],
						"0.9667": [3.92005, -0.21782, -6.50473],
						"1.0": [1.92005, -0.21782, -6.50473],
						"1.0667": [2.17005, -0.21782, -6.50473],
						"1.2667": [2.14458, -0.39673, -1.75804],
						"1.4": [2.14458, -0.39673, -1.75804],
						"1.4333": [2.18022, -0.05644, -10.75168],
						"1.4667": [2.06511, 0.70149, -30.98797],
						"1.5667": [-5.36338, 0.70149, -30.98797]
					},
					"position": {
						"0.5667": [0, 0, 0],
						"0.6333": [0, -0.45, 0],
						"0.7": [0, -1.375, 0],
						"0.7333": [0, -1.795, 0],
						"0.7667": [-0.0058, -6.83649, -3.08604],
						"0.8333": [-0.01718, -6.76859, -3.34095],
						"0.9": [-0.08554, -6.22789, -2.36438],
						"0.9333": [-0.27917, -5.69444, -1.76061],
						"0.9667": [-0.59045, -5.41453, -1.17105],
						"1.0": [-0.59201, -5.39819, -0.99541],
						"1.0667": [-0.59101, -5.39535, -0.87509],
						"1.1333": [-0.61484, -5.40283, -0.8801],
						"1.1667": [-0.72185, -4.42452, -0.71706],
						"1.2": [-0.84419, -4.43416, -0.72048],
						"1.2333": [-0.89816, -4.3612, -0.72303],
						"1.2667": [-1.12137, 0.30574, -0.5702],
						"1.4": [-1.12137, 0.30574, -0.5702],
						"1.4333": [-1.14137, 0.40856, 2.07808],
						"1.4667": [0.37913, -2.2103, 4.06614],
						"1.5667": [2.37475, -5.41276, 9.05881]
					},
					"scale": {
						"1.5667": {"pre": [1, 1, 1], "post": [0, 0, 0]}
					}
				},
				"gun_and_righthand": {
					"rotation": {
						"0.5333": [0, 0, 0],
						"0.6833": [0, 0, -1.75],
						"0.85": [0, 0, 2.5],
						"0.9333": [-2, 0, 2],
						"1.2167": [0, 0, 0]
					},
					"position": {
						"0.5333": [0, 0, 0],
						"0.7333": [0, -0.075, 0],
						"0.8833": [0, 0.4, 0],
						"1.2167": [0, 0, 0]
					}
				},
				"camera": {
					"rotation": {
						"0.0": [0, 0, 0],
						"0.1333": {
							"pre": [0, 0.5125, 0.56],
							"post": [0, 0.5125, 0.56],
							"lerp_mode": "catmullrom"
						},
						"0.4": {
							"post": [0, 0.255, -0.535],
							"lerp_mode": "catmullrom"
						},
						"0.7": {
							"post": [0, 0.26, -0.53],
							"lerp_mode": "catmullrom"
						},
						"0.75": {
							"post": [0, 1.03, 0.19],
							"lerp_mode": "catmullrom"
						},
						"0.8": {
							"post": [0, 0.47, -0.105],
							"lerp_mode": "catmullrom"
						},
						"0.9167": {
							"post": [0, 0.75, 0.225],
							"lerp_mode": "catmullrom"
						},
						"1.1333": {
							"post": [0, -0.135, 0.835],
							"lerp_mode": "catmullrom"
						},
						"1.2": {
							"post": [0, -0.13, 0.84],
							"lerp_mode": "catmullrom"
						},
						"1.2667": {
							"post": [0, -1.04, -0.255],
							"lerp_mode": "catmullrom"
						},
						"1.3333": {
							"post": [0, -0.435, 0.75],
							"lerp_mode": "catmullrom"
						},
						"1.45": {
							"post": [0, -0.78, 0.33],
							"lerp_mode": "catmullrom"
						},
						"1.6333": {
							"post": [0, 0.29, -0.39],
							"lerp_mode": "catmullrom"
						},
						"1.85": {
							"post": [0, -0.13, 0.125],
							"lerp_mode": "catmullrom"
						},
						"1.9833": {
							"post": [0, 0.08, -0.035],
							"lerp_mode": "catmullrom"
						},
						"2.1333": {
							"post": [0, 0, 0],
							"lerp_mode": "catmullrom"
						}
					}
				}
			},
			"sound_effects": {
				"0.0333": {
					"effect": "lrl:mp7/vel46_reload_raise"
				},
				"0.4333": {
					"effect": "lrl:mp7/vel46_reload_magout"
				},
				"0.8667": {
					"effect": "lrl:mp7/vel46_reload_magin"
				},
				"1.35": {
					"effect": "lrl:mp7/vel46_reload_end"
				}
			}
		},
		"reload_empty": {
			"animation_length": 2.3667,
			"bones": {
				"lefthand": {
					"rotation": {
						"0.0": [100.86778, -27.79898, -144.86756],
						"0.1333": [93.85806, -8.71987, -196.89],
						"0.8333": [93.85806, -8.71987, -196.89],
						"0.9333": [134.85806, -8.71987, -196.89],
						"1.0667": [134.85806, -8.71987, -196.89],
						"1.2": [155.18505, -19.62222, -167.16289],
						"1.3": [100.86778, -27.79898, -144.86756]
					},
					"position": {
						"0.0": [8.1125, -12.975, -2.9625],
						"0.1333": [7.32, -18.99, 3.12],
						"0.8333": [7.32, -18.99, 3.12],
						"1.0667": [7.32, -18.99, 3.12],
						"1.2": [8.97, -15.55, -0.36],
						"1.3": [8.1125, -12.975, -2.9625]
					},
					"scale": [1, 1.5, 1]
				},
				"righthand": {
					"rotation": {
						"0.0": [95.99729, 16.89074, -176.53478],
						"0.2": [97.94715, 25.79081, -171.9631],
						"0.3": [95.99729, 16.89074, -176.53478],
						"0.4333": [96, 16.89, -176.53],
						"0.5333": [92.09224, 17.77601, -189.59439],
						"0.6333": [96, 16.89, -176.53],
						"1.0667": [96, 16.89, -176.53],
						"1.3": [106.96215, -1.25946, -182.23154],
						"1.5333": [106.96, -1.26, -182.23],
						"1.5667": [97.14805, 0.54723, -174.96966],
						"1.6": [99.68623, -7.54525, -178.08523],
						"1.7": [106.96215, -1.25946, -182.23154],
						"1.9": [95.99729, 16.89074, -176.53478]
					},
					"position": {
						"0.0": [-6.6, -14.4125, 1.50625],
						"0.2": [-6.1, -14.41, 1.51],
						"0.3": [-6.6, -14.4125, 1.50625],
						"0.4333": [-6.6, -14.41, 1.51],
						"0.5333": [-7.07, -15.51, 1.51],
						"0.6333": [-7.55, -14.41, 1.51],
						"1.0667": [-7.55, -14.41, 1.51],
						"1.3": [-6.6, -13.7875, -0.09375],
						"1.5333": [-6.6, -13.79, -0.09],
						"1.5667": [-6.6, -13.79, -0.29],
						"1.7": [-6.6, -13.7875, -0.09375],
						"1.9": [-6.6, -14.4125, 1.50625]
					},
					"scale": [1, 1.5, 1]
				},
				"root": {
					"rotation": {
						"0.0": {
							"post": [0, 0, 0],
							"lerp_mode": "catmullrom"
						},
						"0.0667": {
							"post": [1.91, -1.96, 2.63],
							"lerp_mode": "catmullrom"
						},
						"0.1333": {
							"post": [0.55407, -3.31679, -6.73367],
							"lerp_mode": "catmullrom"
						},
						"0.2333": {
							"post": [-20.39185, -6.63359, -23.19235],
							"lerp_mode": "catmullrom"
						},
						"0.2667": {
							"post": [-27.83434, -13.63562, -27.58601],
							"lerp_mode": "catmullrom"
						},
						"0.3": {
							"post": [-25.215, -10.28, -21.69],
							"lerp_mode": "catmullrom"
						},
						"0.3667": {
							"post": [-14.76, -7.45, -25.145],
							"lerp_mode": "catmullrom"
						},
						"0.4333": {
							"post": [-20.185, -4.755, -19.565],
							"lerp_mode": "catmullrom"
						},
						"0.5333": {
							"post": [-22.04, -12.105, -29.44],
							"lerp_mode": "catmullrom"
						},
						"0.6": {
							"post": [-28.015, -21.645, -38.32],
							"lerp_mode": "catmullrom"
						},
						"0.7": {
							"post": [-26.46, -28.74, -43.685],
							"lerp_mode": "catmullrom"
						},
						"0.8": {
							"post": [-28.6781, -28.71013, -39.55613],
							"lerp_mode": "catmullrom"
						},
						"0.8333": {
							"post": [-31.1679, -27.19827, -36.66313],
							"lerp_mode": "catmullrom"
						},
						"0.9": {
							"post": [-20.2429, -27.19827, -36.66313],
							"lerp_mode": "catmullrom"
						},
						"0.9333": {
							"post": [-21.74941, -14.44219, -25.87926],
							"lerp_mode": "catmullrom"
						},
						"0.9667": {
							"post": [-20.4584, -23.46063, -39.11253],
							"lerp_mode": "catmullrom"
						},
						"1.0": {
							"post": [-24.63, -25.575, -31.82],
							"lerp_mode": "catmullrom"
						},
						"1.0667": {
							"post": [-26.17594, -24.19501, -26.39878],
							"lerp_mode": "catmullrom"
						},
						"1.1333": {
							"post": [-20.695, -21.72, -23.75],
							"lerp_mode": "catmullrom"
						},
						"1.2": {
							"post": [-18.83543, -2.50609, -4.26551],
							"lerp_mode": "catmullrom"
						},
						"1.3667": {
							"post": [-8.315, 23.75, 53.72],
							"lerp_mode": "catmullrom"
						},
						"1.4667": {
							"post": [-6.16, 17.1, 70.815],
							"lerp_mode": "catmullrom"
						},
						"1.5333": {
							"post": [-6.37, 19.395, 68.46],
							"lerp_mode": "catmullrom"
						},
						"1.5667": {
							"post": [-9.13611, 12.85997, 74.04949],
							"lerp_mode": "catmullrom"
						},
						"1.6": {
							"post": [-8.63, 14.73, 70.505],
							"lerp_mode": "catmullrom"
						},
						"1.7333": {
							"post": [-6.72, 5.07, 44.785],
							"lerp_mode": "catmullrom"
						},
						"1.8667": {
							"post": [-1.72, 5.51, 1.325],
							"lerp_mode": "catmullrom"
						},
						"1.9333": {
							"post": [0.22618, 0.03373, -6.33755],
							"lerp_mode": "catmullrom"
						},
						"2.0": {
							"post": [1.225, -0.275, 1.825],
							"lerp_mode": "catmullrom"
						},
						"2.0333": {
							"post": [0.95779, 0.62545, -1.13606],
							"lerp_mode": "catmullrom"
						},
						"2.1333": {
							"post": [-0.45, 0.275, 0.275],
							"lerp_mode": "catmullrom"
						},
						"2.3": {
							"post": [-0.2, 0, -0.445],
							"lerp_mode": "catmullrom"
						},
						"2.3667": {
							"post": [0, 0, 0],
							"lerp_mode": "catmullrom"
						}
					},
					"position": {
						"0.0": {
							"post": [0, 0, 0],
							"lerp_mode": "catmullrom"
						},
						"0.0667": {
							"post": [-0.32, -0.065, -0.87],
							"lerp_mode": "catmullrom"
						},
						"0.1333": {
							"post": [-0.675, 1.275, -1.74],
							"lerp_mode": "catmullrom"
						},
						"0.2333": {
							"post": [-0.9, 1.7, -1.675],
							"lerp_mode": "catmullrom"
						},
						"0.3": {
							"post": [-0.8, 1, -1.02],
							"lerp_mode": "catmullrom"
						},
						"0.3667": {
							"post": [-0.725, 0.7, -1.02],
							"lerp_mode": "catmullrom"
						},
						"0.5": {
							"post": [-1, 0.865, -0.84],
							"lerp_mode": "catmullrom"
						},
						"0.6333": {
							"post": [-1.395, 1.335, -0.59],
							"lerp_mode": "catmullrom"
						},
						"0.8333": {
							"post": [-1.42, 1.24, -0.845],
							"lerp_mode": "catmullrom"
						},
						"0.9": {
							"post": [-1.42, 1.24, -0.845],
							"lerp_mode": "catmullrom"
						},
						"1.0667": {
							"post": [-1.42, 1.62, -0.995],
							"lerp_mode": "catmullrom"
						},
						"1.2": {
							"post": [-1.12, 1.81, -1.92],
							"lerp_mode": "catmullrom"
						},
						"1.3": {
							"post": [-1.045, 1.845, -1.495],
							"lerp_mode": "catmullrom"
						},
						"1.3667": {
							"post": [-1.12, 1.86, 0.34],
							"lerp_mode": "catmullrom"
						},
						"1.4": {
							"post": [-1.1, 1.86, -0.31],
							"lerp_mode": "catmullrom"
						},
						"1.4667": {
							"post": [-1.09, 1.97, 0.015],
							"lerp_mode": "catmullrom"
						},
						"1.5333": {
							"post": [-1.08, 2.09, -0.12],
							"lerp_mode": "catmullrom"
						},
						"1.5667": {
							"post": [-1.1, 2.22, -0.78],
							"lerp_mode": "catmullrom"
						},
						"1.6": {
							"post": [-1.07, 2.115, -1.13],
							"lerp_mode": "catmullrom"
						},
						"1.6667": {
							"post": [-0.86, 1.485, -0.7],
							"lerp_mode": "catmullrom"
						},
						"1.7333": {
							"post": [-0.58, -0.22, -0.4],
							"lerp_mode": "catmullrom"
						},
						"1.8333": {
							"post": [-0.29, -0.06, -0.89],
							"lerp_mode": "catmullrom"
						},
						"1.9333": {
							"post": [0, 0, -1.475],
							"lerp_mode": "catmullrom"
						},
						"2.0": {
							"post": [0.05, -0.055, 0.38],
							"lerp_mode": "catmullrom"
						},
						"2.0333": {
							"post": [0.04, -0.05, 0.065],
							"lerp_mode": "catmullrom"
						},
						"2.1667": {
							"post": [0, -0.05, 0],
							"lerp_mode": "catmullrom"
						},
						"2.3333": {
							"post": [0, 0, 0],
							"lerp_mode": "catmullrom"
						}
					}
				},
				"mag_and_lefthand": {
					"rotation": {
						"0.0": [0, 0, 0],
						"0.1333": [0, 0, 0],
						"0.3667": [0, 0, 0],
						"0.5333": [0, 0, -25.5],
						"0.7333": [0, 0, -2.5],
						"0.8333": [0.5, 0, -2.5],
						"0.8667": [0.5, 0, -2.5],
						"0.9": [0, 0, 0]
					},
					"position": {
						"0.0": [0, 0, 0],
						"0.1333": [6, -10, 11],
						"0.3667": [6, -10, 11],
						"0.5333": [2.2, -10.03, 3.67],
						"0.7333": [0.21, -4.89, 0],
						"0.8333": [0.21, -4.29, 0],
						"0.8667": [0.21, -4.29, 0],
						"0.9": [0, -0.45, 0],
						"0.9667": [0, 0, 0]
					}
				},
				"mag_and_bullet": {
					"rotation": [0, 0, 0],
					"position": [0, 0, 0],
					"scale": {
						"0.1333": {"pre": [0, 0, 0], "post": [1, 1, 1]}
					}
				},
				"additional_magazine": {
					"rotation": {
						"0.1333": [0, 0, 0],
						"0.2667": [0, 0, 6.5]
					},
					"position": {
						"0.1333": [0, 0, 0],
						"0.1667": [0, -3.7, 0],
						"0.2333": [-1.555, -8.43, 0],
						"0.2667": [-2.915, -10.8, 0],
						"0.3": [-2.085, -13.16, 0],
						"0.3333": [-0.725, -15.53, 0],
						"0.5": [0, -27.36, 0]
					},
					"scale": {
						"0.3333": {"pre": [1, 1, 1], "post": [0, 0, 0]}
					}
				},
				"bolt": {
					"position": {
						"1.5333": [0, 0, 2.2],
						"1.5667": [0, 0, 0]
					}
				},
				"safety": {
					"position": {
						"1.4": [0, 0, 0],
						"1.4667": [0, -0.225, 0],
						"1.5333": [0, 0, 0]
					}
				},
				"gun_and_righthand": {
					"rotation": {
						"0.2667": [0, 0, 0],
						"0.3667": [0, 0, 3],
						"0.4667": [0, 0, -2],
						"0.6": [0, 0, 1.25],
						"0.8": [0, 0, 0]
					},
					"position": {
						"0.2667": [0, 0, 0],
						"0.4": [0, -0.3, 0],
						"0.8": [0, 0, 0]
					}
				},
				"camera": {
					"rotation": {
						"0.0": [0, 0, 0],
						"0.1667": [0, 0, 0.93],
						"0.2667": {
							"pre": [-0.465, 0, 1.305],
							"post": [-0.465, 0, 1.305],
							"lerp_mode": "catmullrom"
						},
						"0.3333": {
							"post": [0.815, 0, 0.47],
							"lerp_mode": "catmullrom"
						},
						"0.4333": {
							"post": [0.325, 0, 1.145],
							"lerp_mode": "catmullrom"
						},
						"0.5667": {
							"post": [0.465, 0, 0.825],
							"lerp_mode": "catmullrom"
						},
						"0.7667": {
							"post": [-0.44, 0, -0.265],
							"lerp_mode": "catmullrom"
						},
						"0.8667": {
							"post": [0, -0.135, 0.835],
							"lerp_mode": "catmullrom"
						},
						"0.9333": {
							"post": [0, -0.13, 0.84],
							"lerp_mode": "catmullrom"
						},
						"1.0": {
							"post": [0, -1.04, -0.255],
							"lerp_mode": "catmullrom"
						},
						"1.0667": {
							"post": [0, -0.435, 0.75],
							"lerp_mode": "catmullrom"
						},
						"1.2": {
							"post": [0, -0.78, 0.33],
							"lerp_mode": "catmullrom"
						},
						"1.3667": {
							"post": [0, -0.69, 0.51],
							"lerp_mode": "catmullrom"
						},
						"1.4667": {
							"post": [0, -0.555, 0.745],
							"lerp_mode": "catmullrom"
						},
						"1.5333": {
							"post": [0, -0.55, 0.75],
							"lerp_mode": "catmullrom"
						},
						"1.6": {
							"post": [0, -1.46, -0.345],
							"lerp_mode": "catmullrom"
						},
						"1.6667": {
							"post": [0, -0.855, 0.66],
							"lerp_mode": "catmullrom"
						},
						"1.8": {
							"post": [0, -1.2, 0.24],
							"lerp_mode": "catmullrom"
						},
						"1.9667": {
							"post": [0, -0.13, 0.125],
							"lerp_mode": "catmullrom"
						},
						"2.1": {
							"post": [0, 0.08, -0.035],
							"lerp_mode": "catmullrom"
						},
						"2.2667": {
							"post": [0, 0, 0],
							"lerp_mode": "catmullrom"
						}
					}
				}
			},
			"sound_effects": {
				"0.0333": {
					"effect": "lrl:mp7/vel46_reload_empty_raise"
				},
				"0.1667": {
					"effect": "lrl:mp7/vel46_reload_empty_magout"
				},
				"0.4": {
					"effect": "lrl:mp7/smg_mag_drop"
				},
				"0.6333": {
					"effect": "lrl:mp7/vel46_reload_empty_magin"
				},
				"1.1": {
					"effect": "lrl:mp7/vel46_reload_empty_rotate"
				},
				"1.4": {
					"effect": "lrl:mp7/vel46_reload_empty_boltcharge"
				},
				"1.5667": {
					"effect": "lrl:mp7/vel46_reload_empty_end"
				}
			}
		},
		"inspect": {
			"loop": "hold_on_last_frame",
			"animation_length": 8.2667,
			"bones": {
				"lefthand": {
					"rotation": {
						"0.0667": [100.86778, -27.79898, -144.86756],
						"0.2": [171.5359, -71.32895, -214.29532],
						"0.3333": [128.13142, -52.63697, -154.37819],
						"1.2667": [128.13, -52.64, -154.38],
						"1.4": [151.24901, -63.69671, -175.04675],
						"1.5": [109.27889, -16.38399, -114.99297],
						"1.5667": [109.88021, -21.33088, -116.85155],
						"1.8667": [109.27889, -16.38399, -114.99297],
						"1.9333": [111.7799, -31.38335, -121.11244],
						"2.6667": [111.78, -31.38, -121.285],
						"2.8667": [117.8055, -67.11656, -123.40432],
						"3.6667": [117.8055, -67.11656, -123.40432],
						"3.8": [109.27889, -16.38399, -114.99297],
						"4.7": [109.28, -16.38, -114.99],
						"4.8333": [114.89427, -7.15491, -145.94497],
						"5.0667": [134.7051, -45.98954, -237.23741],
						"5.2667": [132.8078, -44.00334, -234.55038],
						"5.3667": [131.69896, -42.7046, -232.93171],
						"5.5": [128.04857, -37.51917, -227.27436],
						"5.6": [129.95895, -40.43413, -230.31011],
						"5.6667": [129.42211, -39.6646, -229.47582],
						"6.1": [129.95895, -40.43413, -230.31011],
						"6.2333": [129.55439, -39.85754, -229.68263],
						"6.2667": [128.5222, -49.49097, -239.19281],
						"6.3667": [126.02198, -49.55612, -235.88125],
						"6.4333": [121.38045, -42.8918, -229.46705],
						"6.7": [73.708, -29.27007, -145.19007],
						"7.7": [73.708, -29.27007, -145.19007],
						"7.8333": [100.86778, -27.79898, -144.86756]
					},
					"position": {
						"0.0667": [8.1125, -12.975, -2.9625],
						"0.1667": [8.11, -15.595, -3.37],
						"0.3333": [8.11, -12.97, -3.985],
						"1.2667": [8.11, -12.97, -3.98],
						"1.4": [8.77, -17.1, -0.39],
						"1.5": [7.09, -19.79, 2.3],
						"1.8667": [7.09, -19.79, 2.3],
						"1.9333": [7.09, -16.89, 2.3],
						"2.6667": [7.09, -16.89, 2.125],
						"2.8667": [9.01566, -16.63679, 2.65825],
						"3.6667": [9.01566, -16.63679, 2.65825],
						"3.8": [7.09, -19.79, 2.3],
						"4.7": [7.09, -19.79, 2.3],
						"4.8333": [13.845, -12.82, 6.61],
						"5.1": [6.43209, -7.25099, 10.0623],
						"5.3667": [6.43, -7.25, 10.06],
						"5.5": [6.43, -7.25, 11.16],
						"5.6": [6.43, -7.25, 11.31],
						"6.1": [6.43, -7.25, 11.21],
						"6.2333": [6.43, -7.25, 11.11],
						"6.2667": [6.43, -7.25, 12.16],
						"6.3": [6.43, -7.25, 12.635],
						"6.4333": [9.03, -7.25, 13.09],
						"6.5667": [11.77, -13.065, 7.5],
						"6.7": [7.61, -12.97, -2.96],
						"7.7": [7.61, -12.97, -2.96],
						"7.8333": [8.1125, -12.975, -2.9625]
					},
					"scale": [1, 1.5, 1]
				},
				"righthand": {
					"rotation": {
						"0.0": [95.99729, 16.89074, -176.53478],
						"0.3": [95.76149, 5.20209, -177.75899],
						"4.7667": [95.76149, 5.20209, -177.75899],
						"5.1": [95.99729, 16.89074, -176.53478]
					},
					"position": {
						"0.0": [-6.6, -14.4125, 1.50625],
						"0.3": [-8.65, -14.41, 2.06],
						"4.7667": [-8.65, -14.41, 2.06],
						"5.1": [-6.6, -14.4125, 1.50625]
					},
					"scale": [1, 1.5, 1]
				},
				"root": {
					"rotation": {
						"0.0": {
							"post": [0, 0, 0],
							"lerp_mode": "catmullrom"
						},
						"0.1": {
							"post": [-1.86132, -5.12465, 0.92768],
							"lerp_mode": "catmullrom"
						},
						"0.2333": {
							"post": [1.07054, -33.67892, -7.17807],
							"lerp_mode": "catmullrom"
						},
						"0.4": {
							"post": [-10.15268, -49.26736, -11.04531],
							"lerp_mode": "catmullrom"
						},
						"0.4667": {
							"post": [-13.16, -51.22, -11.01],
							"lerp_mode": "catmullrom"
						},
						"0.5667": {
							"post": [-11.25268, -51.54236, -10.72031],
							"lerp_mode": "catmullrom"
						},
						"0.8": {
							"post": [-8.37547, -51.96334, -14.7016],
							"lerp_mode": "catmullrom"
						},
						"1.1667": {
							"post": [-10.65948, -51.8068, -13.10143],
							"lerp_mode": "catmullrom"
						},
						"1.2667": {
							"post": [-14.375, -47.085, -14.425],
							"lerp_mode": "catmullrom"
						},
						"1.3667": {
							"post": [-24.08, -39.37, -20.19],
							"lerp_mode": "catmullrom"
						},
						"1.4333": {
							"post": [-27.76, -34.555, -16.6],
							"lerp_mode": "catmullrom"
						},
						"1.4667": {
							"post": [-27.2, -33.28, -18.39],
							"lerp_mode": "catmullrom"
						},
						"1.5": {
							"post": [-24.07523, -32.78704, -24.56686],
							"lerp_mode": "catmullrom"
						},
						"1.5667": {
							"post": [-26.88082, -29.94942, -22.42619],
							"lerp_mode": "catmullrom"
						},
						"1.7": {
							"post": [-26.62239, -30.17448, -20.29206],
							"lerp_mode": "catmullrom"
						},
						"1.7667": {
							"post": [-26.09445, -30.61398, -21.32879],
							"lerp_mode": "catmullrom"
						},
						"1.8667": {
							"post": [-25.84445, -30.61398, -21.32879],
							"lerp_mode": "catmullrom"
						},
						"1.9": {
							"post": [-22.08613, -30.87578, -28.55189],
							"lerp_mode": "catmullrom"
						},
						"1.9333": {
							"post": [-25.41008, -32.79189, -23.15913],
							"lerp_mode": "catmullrom"
						},
						"2.0333": {
							"post": [-25.73026, -32.77474, -26.30138],
							"lerp_mode": "catmullrom"
						},
						"2.1333": {
							"post": [-25.76869, -32.55653, -28.41698],
							"lerp_mode": "catmullrom"
						},
						"2.2333": {
							"post": [-23.34689, -32.47668, -27.30108],
							"lerp_mode": "catmullrom"
						},
						"2.3667": {
							"post": [-25.98, -32.38, -25.3],
							"lerp_mode": "catmullrom"
						},
						"2.6333": {
							"post": [-26.19643, -32.22796, -24.96855],
							"lerp_mode": "catmullrom"
						},
						"2.7667": {
							"post": [-25.91205, -32.44757, -25.50019],
							"lerp_mode": "catmullrom"
						},
						"2.9667": {
							"post": [-26.47771, -32.00613, -24.43948],
							"lerp_mode": "catmullrom"
						},
						"3.2667": {
							"post": [-26.75589, -31.78212, -23.91298],
							"lerp_mode": "catmullrom"
						},
						"3.6667": {
							"post": [-26.76, -31.78, -23.91],
							"lerp_mode": "catmullrom"
						},
						"3.9": {
							"post": [-25.19182, -32.98478, -26.83746],
							"lerp_mode": "catmullrom"
						},
						"4.0667": {
							"post": [-30.12702, -35.05446, -29.23162],
							"lerp_mode": "catmullrom"
						},
						"4.1667": {
							"post": [-32.93234, -33.85265, -26.92467],
							"lerp_mode": "catmullrom"
						},
						"4.2333": {
							"post": [-32.11384, -34.83022, -28.62999],
							"lerp_mode": "catmullrom"
						},
						"4.3667": {
							"post": [-33.34797, -33.43999, -26.16562],
							"lerp_mode": "catmullrom"
						},
						"4.4333": {
							"post": [-29.63011, -34.21654, -31.22162],
							"lerp_mode": "catmullrom"
						},
						"4.4667": {
							"post": [-25.86364, -33.32197, -19.07582],
							"lerp_mode": "catmullrom"
						},
						"4.5333": {
							"post": [-24.32626, -31.58887, -27.86978],
							"lerp_mode": "catmullrom"
						},
						"4.6333": {
							"post": [-31.6308, -30.68281, -21.52057],
							"lerp_mode": "catmullrom"
						},
						"4.7333": {
							"post": [-30.32601, -28.06983, -22.05476],
							"lerp_mode": "catmullrom"
						},
						"4.8667": {
							"post": [-27.89, -19.52, 4.565],
							"lerp_mode": "catmullrom"
						},
						"4.9667": {
							"post": [-23.2, -3.595, 26.86],
							"lerp_mode": "catmullrom"
						},
						"5.0667": {
							"post": [-14.385, 18.7, 48.245],
							"lerp_mode": "catmullrom"
						},
						"5.1667": {
							"post": [-9.32944, 31.43429, 67.62382],
							"lerp_mode": "catmullrom"
						},
						"5.2333": {
							"post": [-10.88571, 34.77761, 65.6659],
							"lerp_mode": "catmullrom"
						},
						"5.3333": {
							"post": [-11.49821, 33.06353, 64.53915],
							"lerp_mode": "catmullrom"
						},
						"5.4333": {
							"post": [-10.85719, 33.25739, 65.71103],
							"lerp_mode": "catmullrom"
						},
						"5.5": {
							"post": [-11.18956, 32.61456, 66.47312],
							"lerp_mode": "catmullrom"
						},
						"5.5333": {
							"post": [-11.81421, 32.41516, 65.31104],
							"lerp_mode": "catmullrom"
						},
						"5.6": {
							"post": [-11.22107, 32.2712, 65.9504],
							"lerp_mode": "catmullrom"
						},
						"5.7333": {
							"post": [-11.70304, 33.39694, 65.07161],
							"lerp_mode": "catmullrom"
						},
						"5.9": {
							"post": [-12.30624, 32.9444, 63.96517],
							"lerp_mode": "catmullrom"
						},
						"6.2333": {
							"post": [-12.20826, 32.2071, 64.15897],
							"lerp_mode": "catmullrom"
						},
						"6.3667": {
							"post": [-11.41729, 28.79117, 65.11699],
							"lerp_mode": "catmullrom"
						},
						"6.4333": {
							"post": [-11.25677, 28.59519, 60.97745],
							"lerp_mode": "catmullrom"
						},
						"6.5": {
							"post": [-12.06065, 29.08553, 60.86577],
							"lerp_mode": "catmullrom"
						},
						"6.6667": {
							"post": [-14.7403, 30.85242, 59.53158],
							"lerp_mode": "catmullrom"
						},
						"6.8": {
							"post": [-14.01249, 31.1628, 60.94432],
							"lerp_mode": "catmullrom"
						},
						"7.0333": {
							"post": [-14.45054, 30.97842, 60.09557],
							"lerp_mode": "catmullrom"
						},
						"7.3": {
							"post": [-16.29124, 30.59844, 57.32958],
							"lerp_mode": "catmullrom"
						},
						"7.5333": {
							"post": [-14.8845, 30.78851, 55.72514],
							"lerp_mode": "catmullrom"
						},
						"7.6333": {
							"post": [-12.825, 24.69, 47.455],
							"lerp_mode": "catmullrom"
						},
						"7.8": {
							"post": [-3.695, 7.345, 14.74],
							"lerp_mode": "catmullrom"
						},
						"7.8667": {
							"post": [-1.28, 2.59, 5.11],
							"lerp_mode": "catmullrom"
						},
						"7.9": {
							"post": [-2.62969, 0.99788, 2.8125],
							"lerp_mode": "catmullrom"
						},
						"7.9333": {
							"post": [1.5, 0, 1.5],
							"lerp_mode": "catmullrom"
						},
						"8.0333": {
							"post": [-0.25, -0.00109, -0.25],
							"lerp_mode": "catmullrom"
						},
						"8.2": {
							"post": [0, 0, 0],
							"lerp_mode": "catmullrom"
						}
					},
					"position": {
						"0.0": {
							"post": [0, 0, 0],
							"lerp_mode": "catmullrom"
						},
						"0.1": {
							"post": [0.26, -0.27, -0.22],
							"lerp_mode": "catmullrom"
						},
						"0.2333": {
							"post": [0.65, 1.035, -1.2],
							"lerp_mode": "catmullrom"
						},
						"0.4": {
							"post": [1.025, 2.525, -2.25],
							"lerp_mode": "catmullrom"
						},
						"0.5667": {
							"post": [1.15, 2.95, -2.12],
							"lerp_mode": "catmullrom"
						},
						"0.8": {
							"post": [1.15, 3, -2.12],
							"lerp_mode": "catmullrom"
						},
						"1.1667": {
							"post": [1.15, 2.925, -2.12],
							"lerp_mode": "catmullrom"
						},
						"1.2667": {
							"post": [0.895, 2.985, -1.92],
							"lerp_mode": "catmullrom"
						},
						"1.4333": {
							"post": [-0.5, 2.135, -1.92],
							"lerp_mode": "catmullrom"
						},
						"1.5": {
							"post": [-0.74, 2.065, -2.04],
							"lerp_mode": "catmullrom"
						},
						"1.5667": {
							"post": [-0.775, 2.13, -2.12],
							"lerp_mode": "catmullrom"
						},
						"1.7": {
							"post": [-0.75697, 2.11099, -2.12968],
							"lerp_mode": "catmullrom"
						},
						"1.7667": {
							"post": [-0.76, 2.06, -2.355],
							"lerp_mode": "catmullrom"
						},
						"1.8667": {
							"post": [-0.76, 2.01, -1.855],
							"lerp_mode": "catmullrom"
						},
						"1.9333": {
							"post": [-0.46, 1.585, -2.13],
							"lerp_mode": "catmullrom"
						},
						"2.0333": {
							"post": [-0.76, 1.615, -2.43],
							"lerp_mode": "catmullrom"
						},
						"2.1333": {
							"post": [-0.76, 1.67, -2.13],
							"lerp_mode": "catmullrom"
						},
						"2.6333": {
							"post": [-0.76, 1.62, -2.13],
							"lerp_mode": "catmullrom"
						},
						"2.7667": {
							"post": [-0.76, 1.645, -1.83],
							"lerp_mode": "catmullrom"
						},
						"2.9667": {
							"post": [-0.76, 1.575, -2.13],
							"lerp_mode": "catmullrom"
						},
						"3.2667": {
							"post": [-0.76, 1.555, -2.33],
							"lerp_mode": "catmullrom"
						},
						"3.6667": {
							"post": [-0.76, 1.56, -2.13],
							"lerp_mode": "catmullrom"
						},
						"3.9": {
							"post": [-0.76, 1.485, -2.13],
							"lerp_mode": "catmullrom"
						},
						"4.0": {
							"post": [-0.76, 1.515, -2.005],
							"lerp_mode": "catmullrom"
						},
						"4.1667": {
							"post": [-0.76, 1.495, -2.13],
							"lerp_mode": "catmullrom"
						},
						"4.3667": {
							"post": [-0.76, 1.425, -1.955],
							"lerp_mode": "catmullrom"
						},
						"4.4333": {
							"post": [-0.76, 1.38, -1.68],
							"lerp_mode": "catmullrom"
						},
						"4.4667": {
							"post": [-0.885, 1.205, -2.43],
							"lerp_mode": "catmullrom"
						},
						"4.5333": {
							"post": [-0.76, 1.31, -1.955],
							"lerp_mode": "catmullrom"
						},
						"4.6667": {
							"post": [-0.76, 1.055, -1.38],
							"lerp_mode": "catmullrom"
						},
						"4.7333": {
							"post": [-0.76, 0.985, -2.005],
							"lerp_mode": "catmullrom"
						},
						"4.8667": {
							"post": [-0.235, 0.065, -2.51],
							"lerp_mode": "catmullrom"
						},
						"5.0667": {
							"post": [-0.76, 1.895, -2.81],
							"lerp_mode": "catmullrom"
						},
						"5.1667": {
							"post": [-0.76, 2.64, -1.605],
							"lerp_mode": "catmullrom"
						},
						"5.2333": {
							"post": [-0.76, 2.74, -1.6],
							"lerp_mode": "catmullrom"
						},
						"5.4333": {
							"post": [-0.76, 2.74, -1.275],
							"lerp_mode": "catmullrom"
						},
						"5.5": {
							"post": [-0.76, 2.74, -1.195],
							"lerp_mode": "catmullrom"
						},
						"5.5333": {
							"post": [-0.76, 2.74, -1.44],
							"lerp_mode": "catmullrom"
						},
						"5.6": {
							"post": [-0.76, 2.74, -1.315],
							"lerp_mode": "catmullrom"
						},
						"5.7333": {
							"post": [-0.76, 2.715, -1.31],
							"lerp_mode": "catmullrom"
						},
						"5.9": {
							"post": [-0.76, 2.645, -1.31],
							"lerp_mode": "catmullrom"
						},
						"6.2333": {
							"post": [-0.76, 2.725, -1.31],
							"lerp_mode": "catmullrom"
						},
						"6.2667": {
							"post": [-0.76, 2.73, -2.135],
							"lerp_mode": "catmullrom"
						},
						"6.3": {
							"post": [-0.76, 2.655, -1.11],
							"lerp_mode": "catmullrom"
						},
						"6.3667": {
							"post": [-0.76, 2.635, -1.11],
							"lerp_mode": "catmullrom"
						},
						"6.5333": {
							"post": [-0.86, 2.635, -1.11],
							"lerp_mode": "catmullrom"
						},
						"6.6667": {
							"post": [-0.76, 2.815, -1.11],
							"lerp_mode": "catmullrom"
						},
						"6.8": {
							"post": [-0.735, 2.87, -1.11],
							"lerp_mode": "catmullrom"
						},
						"7.0333": {
							"post": [-0.73, 2.845, -1.11],
							"lerp_mode": "catmullrom"
						},
						"7.5333": {
							"post": [-0.73, 2.8, -1.11],
							"lerp_mode": "catmullrom"
						},
						"7.6": {
							"post": [-0.62, 1.98, -1.215],
							"lerp_mode": "catmullrom"
						},
						"7.7667": {
							"post": [-0.29, -0.305, -2.195],
							"lerp_mode": "catmullrom"
						},
						"7.8333": {
							"post": [-0.13, -0.31, -0.775],
							"lerp_mode": "catmullrom"
						},
						"7.9": {
							"post": [-0.03, -0.09, 0.8],
							"lerp_mode": "catmullrom"
						},
						"7.9333": {
							"post": [0, 0, 0.5],
							"lerp_mode": "catmullrom"
						},
						"8.0333": {
							"post": [0, 0.01, -0.04],
							"lerp_mode": "catmullrom"
						},
						"8.1667": {
							"post": [0, 0, 0],
							"lerp_mode": "catmullrom"
						},
						"8.2667": {
							"post": [0, 0, 0],
							"lerp_mode": "catmullrom"
						}
					}
				},
				"mag_and_lefthand": {
					"rotation": {
						"1.7": {
							"pre": [0, 0, 0],
							"post": [0, 0, 0],
							"lerp_mode": "catmullrom"
						},
						"1.7667": {
							"post": [-2, 0, -0.5],
							"lerp_mode": "catmullrom"
						},
						"1.8667": {
							"post": [-1, 0, -0.5],
							"lerp_mode": "catmullrom"
						},
						"1.9333": {
							"post": [-2.25294, -0.21634, -7.64593],
							"lerp_mode": "catmullrom"
						},
						"2.0667": {
							"post": [-3.26755, -1.93271, -35.25331],
							"lerp_mode": "catmullrom"
						},
						"2.2": {
							"post": [-6.18017, -0.12471, -10.52629],
							"lerp_mode": "catmullrom"
						},
						"2.3": {
							"post": [-6.7926, 0.5948, -3.88537],
							"lerp_mode": "catmullrom"
						},
						"2.5333": {
							"post": [-6.18077, 0.09063, -8.53792],
							"lerp_mode": "catmullrom"
						},
						"2.7667": {
							"post": [7.28, 2.995, 20.115],
							"lerp_mode": "catmullrom"
						},
						"2.8667": {
							"post": [53.75, 17.99, 71.3],
							"lerp_mode": "catmullrom"
						},
						"2.9667": {
							"post": [64.27758, 18.27337, 90.80807],
							"lerp_mode": "catmullrom"
						},
						"3.2": {
							"post": [62.98, 19.645, 90.16],
							"lerp_mode": "catmullrom"
						},
						"3.6667": {
							"post": [60.18, 18.27, 82.61],
							"lerp_mode": "catmullrom"
						},
						"3.7333": {
							"post": [47.485, 13.545, 59.54],
							"lerp_mode": "catmullrom"
						},
						"3.8": {
							"post": [-0.99657, 0.0828, 4.24928],
							"lerp_mode": "catmullrom"
						},
						"3.8667": {
							"post": [-5.55054, -2.24999, -14.92492],
							"lerp_mode": "catmullrom"
						},
						"3.9333": {
							"post": [-1.88118, -2.47096, -16.8834],
							"lerp_mode": "catmullrom"
						},
						"4.0667": {
							"post": [-0.19576, -2.57091, -18.113],
							"lerp_mode": "catmullrom"
						},
						"4.1667": {
							"post": [-5.40343, -2.58415, -18.41204],
							"lerp_mode": "catmullrom"
						},
						"4.2333": {
							"post": [-2.79071, -2.27415, -15.17394],
							"lerp_mode": "catmullrom"
						},
						"4.3": {
							"post": [-0.54071, -2.27415, -15.17394],
							"lerp_mode": "catmullrom"
						},
						"4.4333": {
							"post": [-0.13, -1.14, -7.59],
							"lerp_mode": "catmullrom"
						},
						"4.4667": [0, 0, 0],
						"4.5667": [0, 0, 0]
					},
					"position": {
						"1.7": {
							"pre": [0, 0, 0],
							"post": [0, 0, 0],
							"lerp_mode": "catmullrom"
						},
						"1.7667": {
							"post": [0, -0.475, 0],
							"lerp_mode": "catmullrom"
						},
						"1.8667": {
							"post": [0, -1.52, 0],
							"lerp_mode": "catmullrom"
						},
						"1.9333": {
							"post": [0.67, -8.235, 0.05],
							"lerp_mode": "catmullrom"
						},
						"2.0667": {
							"post": [3.91, -4.89, -0.49],
							"lerp_mode": "catmullrom"
						},
						"2.1333": {
							"post": [5.015, -2.75, -0.685],
							"lerp_mode": "catmullrom"
						},
						"2.2": {
							"post": [6.03, -1.16, -0.9],
							"lerp_mode": "catmullrom"
						},
						"2.3333": {
							"post": [6.11, -0.805, -0.72],
							"lerp_mode": "catmullrom"
						},
						"2.5333": {
							"post": [6.11, -0.975, -0.72],
							"lerp_mode": "catmullrom"
						},
						"2.7667": {
							"post": [6.89, -1.09, -1.62],
							"lerp_mode": "catmullrom"
						},
						"2.8333": {
							"post": [7.36, 1.3, -2.13],
							"lerp_mode": "catmullrom"
						},
						"2.9667": {
							"post": [7.40821, 1.72613, -1.87133],
							"lerp_mode": "catmullrom"
						},
						"3.2": {
							"post": [7.485, 1.905, -1.87],
							"lerp_mode": "catmullrom"
						},
						"3.6333": {
							"post": [7.115, 1.91, -1.87],
							"lerp_mode": "catmullrom"
						},
						"3.7667": {
							"post": [3.275, -1.88, -0.585],
							"lerp_mode": "catmullrom"
						},
						"3.8667": {
							"post": [1.78065, -5.9498, -0.35362],
							"lerp_mode": "catmullrom"
						},
						"3.9333": {
							"post": [1.64, -5.07, -0.33],
							"lerp_mode": "catmullrom"
						},
						"4.0667": {
							"post": [1.59, -5.705, -0.3],
							"lerp_mode": "catmullrom"
						},
						"4.1667": {
							"post": [1.56503, -5.3133, -0.2865],
							"lerp_mode": "catmullrom"
						},
						"4.2333": {
							"post": [1.50417, -5.06913, -0.27784],
							"lerp_mode": "catmullrom"
						},
						"4.3": {
							"post": [1.42552, -4.83362, -0.02785],
							"lerp_mode": "catmullrom"
						},
						"4.4333": {
							"post": [0.71, -4.01, 0],
							"lerp_mode": "catmullrom"
						},
						"4.4667": [0, 0, 0],
						"4.5": [0, -0.55, 0],
						"4.5667": [0, 0, 0]
					}
				},
				"gun_and_righthand": {
					"rotation": {
						"1.7": {
							"pre": [0, 0, 0],
							"post": [0, 0, 0],
							"lerp_mode": "catmullrom"
						},
						"1.7667": {
							"post": [0.25, 0, -2],
							"lerp_mode": "catmullrom"
						},
						"1.8667": {
							"post": [0, 0, -0.75],
							"lerp_mode": "catmullrom"
						},
						"1.9333": {
							"post": [-1.5, 1.24, -0.615],
							"lerp_mode": "catmullrom"
						},
						"2.0": {
							"post": [-6.97124, 3.99492, 1.88702],
							"lerp_mode": "catmullrom"
						},
						"2.0667": {
							"post": [-6.02, -2.13, -1.28],
							"lerp_mode": "catmullrom"
						},
						"2.1": {
							"post": [-5.47636, -0.87715, -0.83876],
							"lerp_mode": "catmullrom"
						},
						"2.5": {
							"post": [-2.98621, 0.28741, -0.50749],
							"lerp_mode": "catmullrom"
						},
						"2.6333": {
							"post": [-2.97265, 0.40437, 3.48951],
							"lerp_mode": "catmullrom"
						},
						"2.8": {
							"post": [-4.97722, 0.40897, 2.73748],
							"lerp_mode": "catmullrom"
						},
						"2.9": {
							"post": [-4.235, 2.85, 0.58],
							"lerp_mode": "catmullrom"
						},
						"2.9667": {
							"post": [-3.33736, 0.98197, 0.14406],
							"lerp_mode": "catmullrom"
						},
						"3.0667": {
							"post": [-3.735, 0.29, 1.905],
							"lerp_mode": "catmullrom"
						},
						"3.1333": {
							"post": [-3.38031, 0.29738, 1.73901],
							"lerp_mode": "catmullrom"
						},
						"3.2333": {
							"post": [-3.37, 0.29, 1.005],
							"lerp_mode": "catmullrom"
						},
						"3.3667": {
							"post": [-3.4, 0.27, -0.04],
							"lerp_mode": "catmullrom"
						},
						"3.5333": {
							"post": [-3.45, 0.24, 0.365],
							"lerp_mode": "catmullrom"
						},
						"3.6667": {
							"post": [-3.48946, 0.22655, 0.49498],
							"lerp_mode": "catmullrom"
						},
						"3.8667": {
							"post": [-3.48093, 0.33294, 2.24176],
							"lerp_mode": "catmullrom"
						},
						"4.0333": {
							"post": [0, 0, 0],
							"lerp_mode": "catmullrom"
						}
					},
					"position": {
						"1.7": {
							"pre": [0, 0, 0],
							"post": [0, 0, 0],
							"lerp_mode": "catmullrom"
						},
						"1.7667": {
							"post": [-0.0825, -0.01901, 0.0144],
							"lerp_mode": "catmullrom"
						},
						"1.8667": {
							"post": [0.0325, -0.03901, 0.0244],
							"lerp_mode": "catmullrom"
						},
						"1.9333": {
							"post": [0.03, -0.13, 0.07],
							"lerp_mode": "catmullrom"
						},
						"2.0": {
							"post": [0.45143, -0.35092, 0.23469],
							"lerp_mode": "catmullrom"
						},
						"2.1": {
							"post": [-0.20997, -0.24406, 0.19642],
							"lerp_mode": "catmullrom"
						},
						"2.1667": {
							"post": [-0.075, -0.17, 0.15],
							"lerp_mode": "catmullrom"
						},
						"2.5": {
							"post": [-0.03804, -0.05294, 0.13771],
							"lerp_mode": "catmullrom"
						},
						"2.6333": {
							"post": [-0.19136, 0.01516, 0.17326],
							"lerp_mode": "catmullrom"
						},
						"2.8": {
							"post": [-0.22444, 0.14786, 0.01946],
							"lerp_mode": "catmullrom"
						},
						"2.9667": {
							"post": [-0.40009, 0.20106, 0.25149],
							"lerp_mode": "catmullrom"
						},
						"3.0667": {
							"post": [-0.41, 0.22, 0.205],
							"lerp_mode": "catmullrom"
						},
						"3.1333": {
							"post": [-0.39733, 0.18404, 0.23011],
							"lerp_mode": "catmullrom"
						},
						"3.2333": {
							"post": [-0.41, 0.17, 0.27],
							"lerp_mode": "catmullrom"
						},
						"3.3667": {
							"post": [-0.43, 0.15, 0.165],
							"lerp_mode": "catmullrom"
						},
						"3.6667": {
							"post": [-0.4425, 0.06901, 0.1456],
							"lerp_mode": "catmullrom"
						},
						"3.8667": {
							"post": [-0.22748, -0.02505, 0.22202],
							"lerp_mode": "catmullrom"
						},
						"4.0333": {
							"post": [0, 0, 0],
							"lerp_mode": "catmullrom"
						}
					}
				},
				"vel46_bolt": {
					"position": {
						"5.3667": [0, 0, 0],
						"5.5": [0, 0, 1.525],
						"5.6": [0, 0, 1.63],
						"6.1": [0, 0, 1.58],
						"6.2333": [0, 0, 1.43],
						"6.2667": [0, 0, 0.055],
						"6.3": [0, 0, -0.14],
						"6.3667": [0, 0, 0]
					}
				},
				"camera": {
					"rotation": {
						"0.0": {
							"post": [0, 0, 0],
							"lerp_mode": "catmullrom"
						},
						"0.3667": {
							"post": [-0.98, 0, -0.795],
							"lerp_mode": "catmullrom"
						},
						"0.5667": {
							"post": [-0.605, 0, -0.305],
							"lerp_mode": "catmullrom"
						},
						"0.8333": [-0.6, 1.095, -0.3],
						"1.2": [-0.6, 1.1, -0.3],
						"1.4667": {
							"pre": [0.68, 0.63, 0.89],
							"post": [0.68, 0.63, 0.89],
							"lerp_mode": "catmullrom"
						},
						"1.6": {
							"post": [0.26, 0.63, 0.445],
							"lerp_mode": "catmullrom"
						},
						"1.9": {
							"post": [0.47, 0.63, 0.775],
							"lerp_mode": "catmullrom"
						},
						"1.9333": {
							"post": [1.33, 0.63, 0.13],
							"lerp_mode": "catmullrom"
						},
						"2.0333": {
							"post": [0.745, 0.63, 0.595],
							"lerp_mode": "catmullrom"
						},
						"2.2": {
							"post": [-0.205, 0.63, 0.275],
							"lerp_mode": "catmullrom"
						},
						"2.5333": {
							"post": [-0.2, 0.725, 0.28],
							"lerp_mode": "catmullrom"
						},
						"3.0333": {
							"post": [-0.2, -0.95, 0.28],
							"lerp_mode": "catmullrom"
						},
						"3.6667": {
							"post": [-0.2, -0.95, 0.28],
							"lerp_mode": "catmullrom"
						},
						"4.0333": {
							"post": [1.035, 0, -0.745],
							"lerp_mode": "catmullrom"
						},
						"4.1": {
							"post": [0.865, 0, -0.455],
							"lerp_mode": "catmullrom"
						},
						"4.2": {
							"post": [0.89, 0, -1.255],
							"lerp_mode": "catmullrom"
						},
						"4.3333": [0.965, 0, -0.74],
						"4.4667": [0.97, 0, -0.74],
						"4.5": {
							"pre": [-0.22, 0, 0.305],
							"post": [-0.22, 0, 0.305],
							"lerp_mode": "catmullrom"
						},
						"4.6667": {
							"post": [0.54, 0, -0.355],
							"lerp_mode": "catmullrom"
						},
						"5.1333": {
							"post": [-1.005, 0, -0.35],
							"lerp_mode": "catmullrom"
						},
						"5.3667": {
							"post": [-1, 0, -0.35],
							"lerp_mode": "catmullrom"
						},
						"5.5667": {
							"post": [-0.395, 0, 0.28],
							"lerp_mode": "catmullrom"
						},
						"5.6667": {
							"post": [-0.39, 0, 0.28],
							"lerp_mode": "catmullrom"
						},
						"6.2333": {
							"post": [-0.39, 0, 0.28],
							"lerp_mode": "catmullrom"
						},
						"6.2667": {
							"post": [-1.135, 0, -0.28],
							"lerp_mode": "catmullrom"
						},
						"6.3667": {
							"post": [-0.2, 0, 0.885],
							"lerp_mode": "catmullrom"
						},
						"6.5667": {
							"post": [-0.645, 0, 0.68],
							"lerp_mode": "catmullrom"
						},
						"7.0": {
							"post": [-0.64, 0, 0.68],
							"lerp_mode": "catmullrom"
						},
						"7.3": {
							"post": [-0.245, 0, 0.425],
							"lerp_mode": "catmullrom"
						},
						"7.7667": {
							"post": [-0.32, -0.07, 0.96],
							"lerp_mode": "catmullrom"
						},
						"7.8333": {
							"post": [0.1, 0, 0.8],
							"lerp_mode": "catmullrom"
						},
						"7.8667": {
							"post": [-0.2, 0.05, 0.25],
							"lerp_mode": "catmullrom"
						},
						"7.9333": {
							"post": [-0.08, 0.03, 0.46],
							"lerp_mode": "catmullrom"
						},
						"7.9667": {
							"post": [0.07, 0, 0.65],
							"lerp_mode": "catmullrom"
						},
						"8.0667": {
							"post": [0, 0, 0],
							"lerp_mode": "catmullrom"
						}
					}
				}
			},
			"sound_effects": {
				"0.0333": {
					"effect": "lrl:mp7/vel46_inspect_raise"
				},
				"1.0": {
					"effect": "lrl:mp7/vel46_inspect_rattle"
				},
				"1.2333": {
					"effect": "lrl:mp7/vel46_inspect_rattle2"
				},
				"1.5667": {
					"effect": "lrl:mp7/vel46_inspect_magout"
				},
				"2.4333": {
					"effect": "lrl:mp7/vel46_inspect_rattle3"
				},
				"3.4": {
					"effect": "lrl:mp7/vel46_inspect_rattle4"
				},
				"3.6667": {
					"effect": "lrl:mp7/vel46_inspect_magin"
				},
				"4.8333": {
					"effect": "lrl:mp7/vel46_inspect_rotate"
				},
				"5.3667": {
					"effect": "lrl:mp7/vel46_inspect_boltback"
				},
				"5.4": {
					"effect": "lrl:mp7/vel46_inspect_grab"
				},
				"6.2333": {
					"effect": "lrl:mp7/vel46_inspect_boltclose"
				},
				"6.6333": {
					"effect": "lrl:mp7/vel46_inspect_rattle5"
				},
				"7.2667": {
					"effect": "lrl:mp7/vel46_inspect_end"
				}
			}
		},
		"inspect_empty": {
			"loop": "hold_on_last_frame",
			"animation_length": 9.3333,
			"bones": {
				"lefthand": {
					"rotation": {
						"0.0667": [100.86778, -27.79898, -144.86756],
						"0.2": [171.5359, -71.32895, -214.29532],
						"0.3333": [128.13142, -52.63697, -154.37819],
						"1.2667": [128.13, -52.64, -154.38],
						"1.4": [151.24901, -63.69671, -175.04675],
						"1.5": [109.27889, -16.38399, -114.99297],
						"1.5667": [109.88021, -21.33088, -116.85155],
						"1.8667": [109.27889, -16.38399, -114.99297],
						"1.9333": [111.7799, -31.38335, -121.11244],
						"3.3": [111.7799, -31.38335, -121.11244],
						"3.5333": [108.6175, -7.15982, -111.76247],
						"5.0667": [108.62, -7.16, -111.76],
						"5.3667": [110.37234, -15.60364, -127.16898],
						"5.5": [111.7799, -31.38335, -121.11244],
						"6.2": [111.7799, -31.38335, -121.11244],
						"6.3667": [114.89427, -7.15491, -145.94497],
						"6.5333": [134.7051, -45.98954, -237.23741],
						"6.7333": [132.8078, -44.00334, -234.55038],
						"6.8333": [131.69896, -42.7046, -232.93171],
						"6.9667": [128.04857, -37.51917, -227.27436],
						"7.0667": [129.95895, -40.43413, -230.31011],
						"7.1333": [129.42211, -39.6646, -229.47582],
						"7.2333": [129.95895, -40.43413, -230.31011],
						"7.3667": [129.55439, -39.85754, -229.68263],
						"7.4": [128.5222, -49.49097, -239.19281],
						"7.5": [126.02198, -49.55612, -235.88125],
						"7.5667": [121.38045, -42.8918, -229.46705],
						"7.8333": [73.708, -29.27007, -145.19007],
						"8.8333": [73.708, -29.27007, -145.19007],
						"8.9667": [100.86778, -27.79898, -144.86756]
					},
					"position": {
						"0.0667": [8.1125, -12.975, -2.9625],
						"0.1667": [8.11, -15.595, -3.37],
						"0.3333": [8.11, -12.97, -3.985],
						"1.2667": [8.11, -12.97, -3.98],
						"1.4": [8.77, -17.1, -0.39],
						"1.5": [7.09, -19.79, 2.3],
						"1.8667": [7.09, -19.79, 2.3],
						"1.9333": [7.09, -16.89, 2.3],
						"3.3": [7.09, -16.89, 2.3],
						"5.0667": [7.09, -16.89, 2.3],
						"5.3667": [8.465, -16.89, 2.3],
						"5.5": [7.09, -18.49, 2.3],
						"6.2": [7.09, -18.49, 2.3],
						"6.3667": [13.845, -12.82, 6.61],
						"6.5667": [6.43209, -7.25099, 10.0623],
						"6.8333": [6.43, -7.25, 10.06],
						"6.9667": [6.43, -7.25, 11.16],
						"7.0667": [6.43, -7.25, 11.31],
						"7.2333": [6.43, -7.25, 11.21],
						"7.3667": [6.43, -7.25, 11.11],
						"7.4": [6.43, -7.25, 12.16],
						"7.4333": [6.43, -7.25, 12.635],
						"7.5667": [9.03, -7.25, 13.09],
						"7.7": [11.77, -13.065, 7.5],
						"7.8333": [7.61, -12.97, -2.96],
						"8.8333": [7.61, -12.97, -2.96],
						"8.9667": [8.1125, -12.975, -2.9625]
					},
					"scale": [1, 1.5, 1]
				},
				"righthand": {
					"rotation": {
						"0.0": [95.99729, 16.89074, -176.53478],
						"0.3": [95.76149, 5.20209, -177.75899],
						"3.2": [95.76149, 5.20209, -177.75899],
						"3.4667": [95.99729, 16.89074, -176.53478],
						"5.0": [95.99729, 16.89074, -176.53478],
						"5.3333": [95.76149, 5.20209, -177.75899],
						"6.3333": [95.76149, 5.20209, -177.75899],
						"6.5667": [95.99729, 16.89074, -176.53478]
					},
					"position": {
						"0.0": [-6.6, -14.4125, 1.50625],
						"0.3": [-8.65, -14.41, 2.06],
						"3.2": [-8.65, -14.41, 2.06],
						"3.4667": [-6.6, -14.4125, 1.50625],
						"5.0": [-6.6, -14.4125, 1.50625],
						"5.3333": [-8.65, -14.41, 2.06],
						"6.3333": [-8.65, -14.41, 2.06],
						"6.5667": [-6.6, -14.4125, 1.50625]
					},
					"scale": [1, 1.5, 1]
				},
				"root": {
					"rotation": {
						"0.0": {
							"post": [0, 0, 0],
							"lerp_mode": "catmullrom"
						},
						"0.1": {
							"post": [-1.86132, -5.12465, 0.92768],
							"lerp_mode": "catmullrom"
						},
						"0.2333": {
							"post": [1.07054, -33.67892, -7.17807],
							"lerp_mode": "catmullrom"
						},
						"0.4": {
							"post": [-10.15268, -49.26736, -11.04531],
							"lerp_mode": "catmullrom"
						},
						"0.4667": {
							"post": [-13.16, -51.22, -11.01],
							"lerp_mode": "catmullrom"
						},
						"0.5667": {
							"post": [-11.25268, -51.54236, -10.72031],
							"lerp_mode": "catmullrom"
						},
						"0.8": {
							"post": [-8.37547, -51.96334, -14.7016],
							"lerp_mode": "catmullrom"
						},
						"1.1667": {
							"post": [-10.65948, -51.8068, -13.10143],
							"lerp_mode": "catmullrom"
						},
						"1.2667": {
							"post": [-14.375, -47.085, -14.425],
							"lerp_mode": "catmullrom"
						},
						"1.3667": {
							"post": [-24.08, -39.37, -20.19],
							"lerp_mode": "catmullrom"
						},
						"1.4333": {
							"post": [-27.76, -34.555, -16.6],
							"lerp_mode": "catmullrom"
						},
						"1.4667": {
							"post": [-27.2, -33.28, -18.39],
							"lerp_mode": "catmullrom"
						},
						"1.5": {
							"post": [-24.07523, -32.78704, -24.56686],
							"lerp_mode": "catmullrom"
						},
						"1.5667": {
							"post": [-26.88082, -29.94942, -22.42619],
							"lerp_mode": "catmullrom"
						},
						"1.7": {
							"post": [-26.62239, -30.17448, -20.29206],
							"lerp_mode": "catmullrom"
						},
						"1.7667": {
							"post": [-26.09445, -30.61398, -21.32879],
							"lerp_mode": "catmullrom"
						},
						"1.8667": {
							"post": [-25.84445, -30.61398, -21.32879],
							"lerp_mode": "catmullrom"
						},
						"1.9": {
							"post": [-22.08613, -30.87578, -28.55189],
							"lerp_mode": "catmullrom"
						},
						"1.9333": {
							"post": [-25.41008, -32.79189, -23.15913],
							"lerp_mode": "catmullrom"
						},
						"2.0333": {
							"post": [-25.73026, -32.77474, -26.30138],
							"lerp_mode": "catmullrom"
						},
						"2.1333": {
							"post": [-25.76869, -32.55653, -28.41698],
							"lerp_mode": "catmullrom"
						},
						"2.2333": {
							"post": [-23.34689, -32.47668, -27.30108],
							"lerp_mode": "catmullrom"
						},
						"2.3667": {
							"post": [-25.98, -32.38, -25.3],
							"lerp_mode": "catmullrom"
						},
						"2.6667": {
							"post": [-25.98, -32.38, -25.3],
							"lerp_mode": "catmullrom"
						},
						"3.0": {
							"post": [-25.98, -32.38, -25.3],
							"lerp_mode": "catmullrom"
						},
						"3.1667": {
							"post": [-30.32601, -28.06983, -22.05476],
							"lerp_mode": "catmullrom"
						},
						"3.3": {
							"post": [-27.89, -19.52, 4.565],
							"lerp_mode": "catmullrom"
						},
						"3.4": {
							"post": [-23.2, -3.595, 26.86],
							"lerp_mode": "catmullrom"
						},
						"3.5": {
							"post": [-14.385, 18.7, 48.245],
							"lerp_mode": "catmullrom"
						},
						"3.6": {
							"post": [-9.32944, 31.43429, 67.62382],
							"lerp_mode": "catmullrom"
						},
						"3.6667": {
							"post": [-10.88571, 34.77761, 65.6659],
							"lerp_mode": "catmullrom"
						},
						"3.7667": {
							"post": [-11.69636, 33.01295, 64.24772],
							"lerp_mode": "catmullrom"
						},
						"3.8667": {
							"post": [-12.57342, 33.35096, 66.29934],
							"lerp_mode": "catmullrom"
						},
						"3.9333": {
							"post": [-11.46262, 33.84803, 64.65414],
							"lerp_mode": "catmullrom"
						},
						"4.0": {
							"post": [-12.2093, 33.10226, 63.31038],
							"lerp_mode": "catmullrom"
						},
						"4.1": {
							"post": [-11.56881, 33.30828, 64.4799],
							"lerp_mode": "catmullrom"
						},
						"4.1667": {
							"post": [-12.92376, 32.3339, 64.74751],
							"lerp_mode": "catmullrom"
						},
						"4.2333": {
							"post": [-12.51217, 31.71237, 65.51751],
							"lerp_mode": "catmullrom"
						},
						"4.3667": {
							"post": [-14.09132, 33.71084, 62.53573],
							"lerp_mode": "catmullrom"
						},
						"4.5": {
							"post": [-13.85913, 32.05258, 62.9633],
							"lerp_mode": "catmullrom"
						},
						"4.5333": {
							"post": [-14.67201, 31.19834, 61.40071],
							"lerp_mode": "catmullrom"
						},
						"4.6333": {
							"post": [-11.69636, 33.01295, 64.24772],
							"lerp_mode": "catmullrom"
						},
						"4.7": {
							"post": [-11.87052, 31.93069, 63.91522],
							"lerp_mode": "catmullrom"
						},
						"4.8": {
							"post": [-12.24628, 30.68941, 62.73216],
							"lerp_mode": "catmullrom"
						},
						"5.0333": {
							"post": [-12.48817, 31.36847, 62.25973],
							"lerp_mode": "catmullrom"
						},
						"5.1333": {
							"post": [-15.72319, 20.99479, 45.24487],
							"lerp_mode": "catmullrom"
						},
						"5.4": {
							"post": [-21.875, -17.345, -12.455],
							"lerp_mode": "catmullrom"
						},
						"5.4667": {
							"post": [-23.83744, -27.66668, -23.5924],
							"lerp_mode": "catmullrom"
						},
						"5.6333": {
							"post": [-29.0469, -32.09084, -23.37724],
							"lerp_mode": "catmullrom"
						},
						"5.7333": {
							"post": [-25.98, -32.38, -24.025],
							"lerp_mode": "catmullrom"
						},
						"5.8": {
							"post": [-26.40375, -32.81355, -25.09462],
							"lerp_mode": "catmullrom"
						},
						"5.8333": {
							"post": [-23.27242, -35.04434, -30.2907],
							"lerp_mode": "catmullrom"
						},
						"5.9": {
							"post": [-23.0545, -34.31292, -28.89044],
							"lerp_mode": "catmullrom"
						},
						"5.9333": {
							"post": [-27.97197, -27.57628, -21.41871],
							"lerp_mode": "catmullrom"
						},
						"5.9667": {
							"post": [-18.79971, -28.86743, -34.30943],
							"lerp_mode": "catmullrom"
						},
						"6.0667": {
							"post": [-25.63711, -30.27087, -20.92281],
							"lerp_mode": "catmullrom"
						},
						"6.3333": {
							"post": [-27.89, -19.52, 4.565],
							"lerp_mode": "catmullrom"
						},
						"6.4333": {
							"post": [-23.2, -3.595, 26.86],
							"lerp_mode": "catmullrom"
						},
						"6.5333": {
							"post": [-14.385, 18.7, 48.245],
							"lerp_mode": "catmullrom"
						},
						"6.6333": {
							"post": [-9.32944, 31.43429, 67.62382],
							"lerp_mode": "catmullrom"
						},
						"6.7": {
							"post": [-10.88571, 34.77761, 65.6659],
							"lerp_mode": "catmullrom"
						},
						"6.8": {
							"post": [-11.49821, 33.06353, 64.53915],
							"lerp_mode": "catmullrom"
						},
						"6.9": {
							"post": [-10.85719, 33.25739, 65.71103],
							"lerp_mode": "catmullrom"
						},
						"6.9667": {
							"post": [-11.18956, 32.61456, 66.47312],
							"lerp_mode": "catmullrom"
						},
						"7.0": {
							"post": [-11.81421, 32.41516, 65.31104],
							"lerp_mode": "catmullrom"
						},
						"7.0667": {
							"post": [-11.22107, 32.2712, 65.9504],
							"lerp_mode": "catmullrom"
						},
						"7.2": {
							"post": [-11.70304, 33.39694, 65.07161],
							"lerp_mode": "catmullrom"
						},
						"7.3667": {
							"post": [-12.20826, 32.2071, 64.15897],
							"lerp_mode": "catmullrom"
						},
						"7.5": {
							"post": [-11.41729, 28.79117, 65.11699],
							"lerp_mode": "catmullrom"
						},
						"7.5667": {
							"post": [-11.25677, 28.59519, 60.97745],
							"lerp_mode": "catmullrom"
						},
						"7.6333": {
							"post": [-12.06065, 29.08553, 60.86577],
							"lerp_mode": "catmullrom"
						},
						"7.8": {
							"post": [-14.7403, 30.85242, 59.53158],
							"lerp_mode": "catmullrom"
						},
						"7.9333": {
							"post": [-14.01249, 31.1628, 60.94432],
							"lerp_mode": "catmullrom"
						},
						"8.1667": {
							"post": [-14.45054, 30.97842, 60.09557],
							"lerp_mode": "catmullrom"
						},
						"8.4333": {
							"post": [-16.29124, 30.59844, 57.32958],
							"lerp_mode": "catmullrom"
						},
						"8.6667": {
							"post": [-14.8845, 30.78851, 55.72514],
							"lerp_mode": "catmullrom"
						},
						"8.7667": {
							"post": [-12.825, 24.69, 47.455],
							"lerp_mode": "catmullrom"
						},
						"8.9333": {
							"post": [-3.695, 7.345, 14.74],
							"lerp_mode": "catmullrom"
						},
						"9.0": {
							"post": [-1.28, 2.59, 5.11],
							"lerp_mode": "catmullrom"
						},
						"9.0333": {
							"post": [-2.62969, 0.99788, 2.8125],
							"lerp_mode": "catmullrom"
						},
						"9.0667": {
							"post": [1.5, 0, 1.5],
							"lerp_mode": "catmullrom"
						},
						"9.1667": {
							"post": [-0.25, -0.00109, -0.25],
							"lerp_mode": "catmullrom"
						},
						"9.3333": {
							"post": [0, 0, 0],
							"lerp_mode": "catmullrom"
						}
					},
					"position": {
						"0.0": {
							"post": [0, 0, 0],
							"lerp_mode": "catmullrom"
						},
						"0.1": {
							"post": [0.26, -0.27, -0.22],
							"lerp_mode": "catmullrom"
						},
						"0.2333": {
							"post": [0.65, 1.035, -1.2],
							"lerp_mode": "catmullrom"
						},
						"0.4": {
							"post": [1.025, 2.525, -2.25],
							"lerp_mode": "catmullrom"
						},
						"0.5667": {
							"post": [1.15, 2.95, -2.12],
							"lerp_mode": "catmullrom"
						},
						"0.8": {
							"post": [1.15, 3, -2.12],
							"lerp_mode": "catmullrom"
						},
						"1.1667": {
							"post": [1.15, 2.925, -2.12],
							"lerp_mode": "catmullrom"
						},
						"1.2667": {
							"post": [0.895, 2.985, -1.92],
							"lerp_mode": "catmullrom"
						},
						"1.4333": {
							"post": [-0.5, 2.135, -1.92],
							"lerp_mode": "catmullrom"
						},
						"1.5": {
							"post": [-0.74, 2.065, -2.04],
							"lerp_mode": "catmullrom"
						},
						"1.5667": {
							"post": [-0.775, 2.13, -2.12],
							"lerp_mode": "catmullrom"
						},
						"1.7": {
							"post": [-0.75697, 2.11099, -2.12968],
							"lerp_mode": "catmullrom"
						},
						"1.7667": {
							"post": [-0.76, 2.06, -2.355],
							"lerp_mode": "catmullrom"
						},
						"1.8667": {
							"post": [-0.76, 2.01, -1.855],
							"lerp_mode": "catmullrom"
						},
						"1.9333": {
							"post": [-0.46, 1.585, -2.13],
							"lerp_mode": "catmullrom"
						},
						"2.0333": {
							"post": [-0.76, 1.615, -2.43],
							"lerp_mode": "catmullrom"
						},
						"2.1333": {
							"post": [-0.76, 1.67, -2.13],
							"lerp_mode": "catmullrom"
						},
						"2.4333": {
							"post": [-0.785, 1.54, -2.11],
							"lerp_mode": "catmullrom"
						},
						"2.6667": {
							"post": [-0.76, 1.62, -2.13],
							"lerp_mode": "catmullrom"
						},
						"3.0": {
							"post": [-0.76, 1.62, -2.13],
							"lerp_mode": "catmullrom"
						},
						"3.1667": {
							"post": [-0.76, 0.985, -2.005],
							"lerp_mode": "catmullrom"
						},
						"3.3": {
							"post": [-0.235, 0.065, -2.51],
							"lerp_mode": "catmullrom"
						},
						"3.5": {
							"post": [-0.76, 1.895, -2.81],
							"lerp_mode": "catmullrom"
						},
						"3.6": {
							"post": [-0.76, 2.64, -1.605],
							"lerp_mode": "catmullrom"
						},
						"3.6667": {
							"post": [-0.76, 2.74, -1.6],
							"lerp_mode": "catmullrom"
						},
						"3.7667": {
							"post": [-0.76, 2.74, -1.4],
							"lerp_mode": "catmullrom"
						},
						"3.8333": {
							"post": [-0.76, 2.74, -0.595],
							"lerp_mode": "catmullrom"
						},
						"3.8667": {
							"post": [-0.76, 2.74, -1.2],
							"lerp_mode": "catmullrom"
						},
						"3.9333": {
							"post": [-0.76, 2.74, -1.6],
							"lerp_mode": "catmullrom"
						},
						"4.0": {
							"post": [-0.76, 2.74, -1.65],
							"lerp_mode": "catmullrom"
						},
						"4.1": {
							"post": [-0.76, 2.74, -1.55],
							"lerp_mode": "catmullrom"
						},
						"4.1667": {
							"post": [-0.76, 2.74, -1.375],
							"lerp_mode": "catmullrom"
						},
						"4.2": {
							"post": [-0.76, 2.74, -0.84],
							"lerp_mode": "catmullrom"
						},
						"4.2333": {
							"post": [-0.76, 2.74, -1.27],
							"lerp_mode": "catmullrom"
						},
						"4.3667": {
							"post": [-0.76, 2.74, -1.545],
							"lerp_mode": "catmullrom"
						},
						"4.5": {
							"post": [-0.76, 2.74, -1.315],
							"lerp_mode": "catmullrom"
						},
						"4.5333": {
							"post": [-0.76, 2.615, -1.31],
							"lerp_mode": "catmullrom"
						},
						"4.5667": {
							"post": [-0.76, 2.63, -0.905],
							"lerp_mode": "catmullrom"
						},
						"4.6667": {
							"post": [-0.76, 2.74, -1.4],
							"lerp_mode": "catmullrom"
						},
						"4.8": {
							"post": [-0.76, 2.79, -1.5],
							"lerp_mode": "catmullrom"
						},
						"4.9": {
							"post": [-0.76, 2.77, -1.385],
							"lerp_mode": "catmullrom"
						},
						"5.0333": {
							"post": [-0.76, 2.74, -1.5],
							"lerp_mode": "catmullrom"
						},
						"5.1333": {
							"post": [-0.76, 2.315, -1.325],
							"lerp_mode": "catmullrom"
						},
						"5.3333": {
							"post": [-0.76, 2.105, -1.71],
							"lerp_mode": "catmullrom"
						},
						"5.4": {
							"post": [-0.76, 1.43, -1.915],
							"lerp_mode": "catmullrom"
						},
						"5.4667": {
							"post": [-0.76, 1.22, -2.03],
							"lerp_mode": "catmullrom"
						},
						"5.5333": {
							"post": [-0.76, 1.62, -2.13],
							"lerp_mode": "catmullrom"
						},
						"5.6333": {
							"post": [-0.76, 1.685, -2.14],
							"lerp_mode": "catmullrom"
						},
						"5.7333": {
							"post": [-0.76, 1.645, -2.13],
							"lerp_mode": "catmullrom"
						},
						"5.8": {
							"post": [-0.76, 1.575, -2.13],
							"lerp_mode": "catmullrom"
						},
						"5.9": {
							"post": [-0.76, 1.455, -2.13],
							"lerp_mode": "catmullrom"
						},
						"5.9667": {
							"post": [-0.885, 1.385, -2.13],
							"lerp_mode": "catmullrom"
						},
						"6.1": {
							"post": [-0.88, 1.415, -2.13],
							"lerp_mode": "catmullrom"
						},
						"6.3333": {
							"post": [-0.235, 0.065, -2.51],
							"lerp_mode": "catmullrom"
						},
						"6.5333": {
							"post": [-0.76, 1.895, -2.81],
							"lerp_mode": "catmullrom"
						},
						"6.6333": {
							"post": [-0.76, 2.64, -1.605],
							"lerp_mode": "catmullrom"
						},
						"6.7": {
							"post": [-0.76, 2.74, -1.6],
							"lerp_mode": "catmullrom"
						},
						"6.9": {
							"post": [-0.76, 2.74, -1.275],
							"lerp_mode": "catmullrom"
						},
						"6.9667": {
							"post": [-0.76, 2.74, -1.195],
							"lerp_mode": "catmullrom"
						},
						"7.0": {
							"post": [-0.76, 2.74, -1.44],
							"lerp_mode": "catmullrom"
						},
						"7.0667": {
							"post": [-0.76, 2.74, -1.315],
							"lerp_mode": "catmullrom"
						},
						"7.2": {
							"post": [-0.76, 2.715, -1.31],
							"lerp_mode": "catmullrom"
						},
						"7.3667": {
							"post": [-0.76, 2.725, -1.31],
							"lerp_mode": "catmullrom"
						},
						"7.4": {
							"post": [-0.76, 2.73, -2.135],
							"lerp_mode": "catmullrom"
						},
						"7.4333": {
							"post": [-0.76, 2.655, -1.11],
							"lerp_mode": "catmullrom"
						},
						"7.5": {
							"post": [-0.76, 2.635, -1.11],
							"lerp_mode": "catmullrom"
						},
						"7.6667": {
							"post": [-0.86, 2.635, -1.11],
							"lerp_mode": "catmullrom"
						},
						"7.8": {
							"post": [-0.76, 2.815, -1.11],
							"lerp_mode": "catmullrom"
						},
						"7.9333": {
							"post": [-0.735, 2.87, -1.11],
							"lerp_mode": "catmullrom"
						},
						"8.1667": {
							"post": [-0.73, 2.845, -1.11],
							"lerp_mode": "catmullrom"
						},
						"8.6667": {
							"post": [-0.73, 2.8, -1.11],
							"lerp_mode": "catmullrom"
						},
						"8.7333": {
							"post": [-0.62, 1.98, -1.215],
							"lerp_mode": "catmullrom"
						},
						"8.9": {
							"post": [-0.29, -0.305, -2.195],
							"lerp_mode": "catmullrom"
						},
						"8.9667": {
							"post": [-0.13, -0.31, -0.775],
							"lerp_mode": "catmullrom"
						},
						"9.0333": {
							"post": [-0.03, -0.09, 0.8],
							"lerp_mode": "catmullrom"
						},
						"9.0667": {
							"post": [0, 0, 0.5],
							"lerp_mode": "catmullrom"
						},
						"9.1667": {
							"post": [0, 0.01, -0.04],
							"lerp_mode": "catmullrom"
						},
						"9.3": {
							"post": [0, 0, 0],
							"lerp_mode": "catmullrom"
						},
						"9.4": {
							"post": [0, 0, 0],
							"lerp_mode": "catmullrom"
						}
					}
				},
				"mag_and_lefthand": {
					"rotation": {
						"1.7": {
							"pre": [0, 0, 0],
							"post": [0, 0, 0],
							"lerp_mode": "catmullrom"
						},
						"1.7667": {
							"post": [-2, 0, -0.5],
							"lerp_mode": "catmullrom"
						},
						"1.8667": {
							"post": [-1, 0, -0.5],
							"lerp_mode": "catmullrom"
						},
						"1.9333": {
							"post": [-2.25294, -0.21634, -7.64593],
							"lerp_mode": "catmullrom"
						},
						"2.0667": {
							"post": [-3.26755, -1.93271, -35.25331],
							"lerp_mode": "catmullrom"
						},
						"2.2": {
							"post": [-6.18017, -0.12471, -10.52629],
							"lerp_mode": "catmullrom"
						},
						"2.3": {
							"post": [-6.7926, 0.5948, -3.88537],
							"lerp_mode": "catmullrom"
						},
						"2.4667": {
							"post": [-6.80576, 0.4172, -5.37488],
							"lerp_mode": "catmullrom"
						},
						"2.6667": {
							"post": [-6.79512, 0.56522, -4.13363],
							"lerp_mode": "catmullrom"
						},
						"3.2": {
							"post": [-6.79512, 0.56522, -4.13363],
							"lerp_mode": "catmullrom"
						},
						"3.5333": {
							"post": [-2.06109, -4.82732, -75.34119],
							"lerp_mode": "catmullrom"
						},
						"3.7333": {
							"post": [2.15104, -6.58065, -112.94536],
							"lerp_mode": "catmullrom"
						},
						"3.8": {
							"post": [2.24, -6.58, -112.78],
							"lerp_mode": "catmullrom"
						},
						"3.8667": {
							"post": [-9.03704, -6.5802, -112.83027],
							"lerp_mode": "catmullrom"
						},
						"3.9667": {
							"post": [12.49042, -6.58057, -112.9235],
							"lerp_mode": "catmullrom"
						},
						"4.1": {
							"post": [2.15104, -6.58065, -112.94536],
							"lerp_mode": "catmullrom"
						},
						"4.2": {
							"post": [4.32828, -7.21992, -105.39445],
							"lerp_mode": "catmullrom"
						},
						"4.2667": {
							"post": [4.12403, -6.73511, -112.07563],
							"lerp_mode": "catmullrom"
						},
						"4.3333": {
							"post": [2.15104, -6.58065, -112.94536],
							"lerp_mode": "catmullrom"
						},
						"4.4667": {
							"post": [5.33338, -6.57946, -112.95205],
							"lerp_mode": "catmullrom"
						},
						"4.5333": {
							"post": [-2.77298, -6.58065, -112.94536],
							"lerp_mode": "catmullrom"
						},
						"4.6": {
							"post": [-11.04904, -6.1073, -110.47544],
							"lerp_mode": "catmullrom"
						},
						"4.7": {
							"post": [2.15104, -6.58065, -112.94536],
							"lerp_mode": "catmullrom"
						},
						"4.7667": {
							"post": [4.96222, -6.59465, -113.01839],
							"lerp_mode": "catmullrom"
						},
						"4.8333": {
							"post": [3.96222, -6.59465, -113.01839],
							"lerp_mode": "catmullrom"
						},
						"5.0": {
							"post": [6.21222, -6.59465, -113.01839],
							"lerp_mode": "catmullrom"
						},
						"5.3333": {
							"post": [-1.29799, -3.55864, -35.54407],
							"lerp_mode": "catmullrom"
						},
						"5.4333": {
							"post": [-1.62928, -3.68618, -44.78274],
							"lerp_mode": "catmullrom"
						},
						"5.5333": {
							"post": [-4.47424, -1.75375, -15.89174],
							"lerp_mode": "catmullrom"
						},
						"5.7": {
							"post": [-4.64475, -1.13029, -8.49479],
							"lerp_mode": "catmullrom"
						},
						"5.7333": {
							"post": [-1.89475, -1.13029, -8.49479],
							"lerp_mode": "catmullrom"
						},
						"5.8333": {
							"post": [0, 0, 0],
							"lerp_mode": "catmullrom"
						},
						"5.9333": {
							"post": [0, 0, 0],
							"lerp_mode": "catmullrom"
						}
					},
					"position": {
						"1.7": {
							"pre": [0, 0, 0],
							"post": [0, 0, 0],
							"lerp_mode": "catmullrom"
						},
						"1.7667": {
							"post": [0, -0.475, 0],
							"lerp_mode": "catmullrom"
						},
						"1.8667": {
							"post": [0, -1.52, 0],
							"lerp_mode": "catmullrom"
						},
						"1.9333": {
							"post": [0.67, -8.235, 0.05],
							"lerp_mode": "catmullrom"
						},
						"2.0667": {
							"post": [3.91, -4.89, -0.49],
							"lerp_mode": "catmullrom"
						},
						"2.1333": {
							"post": [5.015, -2.75, -0.685],
							"lerp_mode": "catmullrom"
						},
						"2.2": {
							"post": [6.03, -1.16, -0.9],
							"lerp_mode": "catmullrom"
						},
						"2.3333": {
							"post": [6.11, -0.805, -0.72],
							"lerp_mode": "catmullrom"
						},
						"2.4667": {
							"post": [6.11, -0.9, -0.72],
							"lerp_mode": "catmullrom"
						},
						"2.6667": {
							"post": [6.11, -1.05, -0.72],
							"lerp_mode": "catmullrom"
						},
						"3.2": {
							"post": [6.11, -1.05, -0.72],
							"lerp_mode": "catmullrom"
						},
						"3.3667": {
							"post": [8.12, 3.37, 2.62],
							"lerp_mode": "catmullrom"
						},
						"3.5": {
							"post": [5.85, 6.96, 5.33],
							"lerp_mode": "catmullrom"
						},
						"3.6": {
							"post": [2.04, 9.005, 6.88],
							"lerp_mode": "catmullrom"
						},
						"3.7333": {
							"post": [2.04, 9.01, 6.88],
							"lerp_mode": "catmullrom"
						},
						"3.8333": {
							"post": [2.04, 9.01, 8.38],
							"lerp_mode": "catmullrom"
						},
						"3.9": {
							"post": [2.04, 9.01, 8.505],
							"lerp_mode": "catmullrom"
						},
						"3.9667": {
							"post": [2.04, 9.01, 6.88],
							"lerp_mode": "catmullrom"
						},
						"4.1": {
							"post": [2.04, 9.01, 6.88],
							"lerp_mode": "catmullrom"
						},
						"4.2": {
							"post": [2.04, 9.01, 8.38],
							"lerp_mode": "catmullrom"
						},
						"4.2667": {
							"post": [2.04, 9.01, 8.505],
							"lerp_mode": "catmullrom"
						},
						"4.3333": {
							"post": [2.04, 9.01, 6.88],
							"lerp_mode": "catmullrom"
						},
						"4.4667": {
							"post": [2.04, 9.01, 6.88],
							"lerp_mode": "catmullrom"
						},
						"4.5667": {
							"post": [2.04, 9.01, 8.38],
							"lerp_mode": "catmullrom"
						},
						"4.6333": {
							"post": [2.04, 9.01, 8.505],
							"lerp_mode": "catmullrom"
						},
						"4.7": {
							"post": [2.04, 9.01, 6.88],
							"lerp_mode": "catmullrom"
						},
						"4.7667": {
							"post": [2.04, 9.01, 6.63],
							"lerp_mode": "catmullrom"
						},
						"5.0": {
							"post": [2.04, 9.01, 6.63],
							"lerp_mode": "catmullrom"
						},
						"5.0667": {
							"post": [6.86, 7.845, 7.52],
							"lerp_mode": "catmullrom"
						},
						"5.1333": {
							"post": [11.035, 4.25, 7.575],
							"lerp_mode": "catmullrom"
						},
						"5.3333": {
							"post": [5.87, -1.135, 0.91],
							"lerp_mode": "catmullrom"
						},
						"5.4333": {
							"post": [4.14, -6.16, 1.15],
							"lerp_mode": "catmullrom"
						},
						"5.5333": {
							"post": [2.29, -6.425, 1.85],
							"lerp_mode": "catmullrom"
						},
						"5.7": {
							"post": [1.115, -5.435, -0.16],
							"lerp_mode": "catmullrom"
						},
						"5.7333": {
							"post": [0.87, -4.93, -0.16],
							"lerp_mode": "catmullrom"
						},
						"5.8333": {
							"post": [0, -4, 0],
							"lerp_mode": "catmullrom"
						},
						"5.9": {
							"post": [0, -3.15, 0],
							"lerp_mode": "catmullrom"
						},
						"5.9333": {
							"post": [0, 0, 0],
							"lerp_mode": "catmullrom"
						}
					}
				},
				"gun_and_righthand": {
					"rotation": {
						"1.7": {
							"pre": [0, 0, 0],
							"post": [0, 0, 0],
							"lerp_mode": "catmullrom"
						},
						"1.7667": {
							"post": [0.25, 0, -2],
							"lerp_mode": "catmullrom"
						},
						"1.8667": {
							"post": [0, 0, -0.75],
							"lerp_mode": "catmullrom"
						},
						"1.9333": {
							"post": [-1.5, 1.24, -0.615],
							"lerp_mode": "catmullrom"
						},
						"2.0": {
							"post": [-6.97124, 3.99492, 1.88702],
							"lerp_mode": "catmullrom"
						},
						"2.0667": {
							"post": [-6.02, -2.13, -1.28],
							"lerp_mode": "catmullrom"
						},
						"2.1": {
							"post": [-5.47636, -0.87715, -0.83876],
							"lerp_mode": "catmullrom"
						},
						"2.3": {
							"post": [0, 0, 0],
							"lerp_mode": "catmullrom"
						},
						"3.1": {
							"post": [0, 0, 0],
							"lerp_mode": "catmullrom"
						},
						"3.7333": {
							"post": [0, 0, 0],
							"lerp_mode": "catmullrom"
						},
						"4.1": {
							"post": [0, 0, 0],
							"lerp_mode": "catmullrom"
						}
					},
					"position": {
						"1.7": {
							"pre": [0, 0, 0],
							"post": [0, 0, 0],
							"lerp_mode": "catmullrom"
						},
						"1.7667": {
							"post": [-0.0825, -0.01901, 0.0144],
							"lerp_mode": "catmullrom"
						},
						"1.8667": {
							"post": [0.0325, -0.03901, 0.0244],
							"lerp_mode": "catmullrom"
						},
						"1.9333": {
							"post": [0.03, -0.13, 0.07],
							"lerp_mode": "catmullrom"
						},
						"2.0": {
							"post": [0.45143, -0.35092, 0.23469],
							"lerp_mode": "catmullrom"
						},
						"2.1": {
							"post": [-0.20997, -0.24406, 0.19642],
							"lerp_mode": "catmullrom"
						},
						"2.1667": {
							"post": [-0.075, -0.17, 0.15],
							"lerp_mode": "catmullrom"
						},
						"2.3": {
							"post": [0, 0, 0],
							"lerp_mode": "catmullrom"
						},
						"3.1": {
							"post": [0, 0, 0],
							"lerp_mode": "catmullrom"
						},
						"3.7333": {
							"post": [0, 0, 0],
							"lerp_mode": "catmullrom"
						},
						"4.1": {
							"post": [0, 0, 0],
							"lerp_mode": "catmullrom"
						}
					}
				},
				"vel46_bolt": {
					"rotation": {
						"3.7333": [0, 0, 0],
						"4.1": [0, 0, 0],
						"4.4667": [0, 0, 0]
					},
					"position": {
						"3.7333": [0, 0, 0],
						"3.8333": [0, 0, 2.275],
						"3.9": [0, 0, 2.38],
						"3.9667": [0, 0, -0.095],
						"4.1": [0, 0, 0],
						"4.2": [0, 0, 2.275],
						"4.2667": [0, 0, 2.38],
						"4.3333": [0, 0, -0.095],
						"4.4667": [0, 0, 0],
						"4.5667": [0, 0, 2.275],
						"4.6333": [0, 0, 2.38],
						"4.7": [0, 0, -0.095],
						"6.8333": [0, 0, 0],
						"6.9667": [0, 0, 2.325],
						"7.2333": [0, 0, 2.325],
						"7.3667": [0, 0, 2.325],
						"7.4": [0, 0, 0.055],
						"7.4333": [0, 0, -0.14],
						"7.5": [0, 0, 0]
					}
				},
				"mag_and_bullet": {
					"rotation": {
						"5.3": [0, 0, 0],
						"5.4333": [0, 0, 10.75],
						"5.5667": [0, 0, 0]
					},
					"position": {
						"5.3": [0, 0, 0],
						"5.5667": [0, 0, 0]
					}
				},
				"bolt": {
					"position": {
						"0.0": [0, 0, 2.5],
						"3.7333": [0, 0, 2.5],
						"3.8": [0, 0, 0.975],
						"4.0667": [0, 0, 0],
						"7.2333": [0, 0, 0],
						"7.3667": [0, 0, 1.015],
						"7.4": [0, 0, 2.425],
						"7.4333": [0, 0, 2.5]
					}
				},
				"camera": {
					"rotation": {
						"0.0": {
							"post": [0, 0, 0],
							"lerp_mode": "catmullrom"
						},
						"0.3667": {
							"post": [-0.98, 0, -0.795],
							"lerp_mode": "catmullrom"
						},
						"0.5667": {
							"post": [-0.605, 0, -0.305],
							"lerp_mode": "catmullrom"
						},
						"0.8333": [-0.6, 1.095, -0.3],
						"1.2": [-0.6, 1.1, -0.3],
						"1.4667": {
							"pre": [0.68, 0.63, 0.89],
							"post": [0.68, 0.63, 0.89],
							"lerp_mode": "catmullrom"
						},
						"1.6": {
							"post": [0.26, 0.63, 0.445],
							"lerp_mode": "catmullrom"
						},
						"1.9": {
							"post": [0.47, 0.63, 0.775],
							"lerp_mode": "catmullrom"
						},
						"1.9333": {
							"post": [1.33, 0.63, 0.13],
							"lerp_mode": "catmullrom"
						},
						"2.0333": {
							"post": [0.745, 0.63, 0.595],
							"lerp_mode": "catmullrom"
						},
						"2.2": {
							"post": [-0.205, 0.63, 0.275],
							"lerp_mode": "catmullrom"
						},
						"2.5333": {
							"post": [-0.2, 0.725, 0.28],
							"lerp_mode": "catmullrom"
						},
						"3.0333": {
							"post": [-0.2, 0.935, 0.28],
							"lerp_mode": "catmullrom"
						},
						"3.6667": {
							"post": [-0.23, 0.785, 0.31],
							"lerp_mode": "catmullrom"
						},
						"3.8333": {
							"post": [-1.23, 0.785, 0.31],
							"lerp_mode": "catmullrom"
						},
						"3.9667": [-0.31, 0.785, 0.31],
						"4.0667": [-0.28, 0.785, 0.31],
						"4.2333": [-1.19, 0.795, 0.31],
						"4.3333": [-0.28, 0.785, 0.31],
						"4.4667": [-0.28, 0.785, 0.31],
						"4.5667": [-1.19, 0.795, 0.31],
						"4.7": [-0.28, 0.785, 0.31],
						"5.0": [-0.25, 0.795, 0.35],
						"5.4": {
							"pre": [-0.2, 0.935, 0.28],
							"post": [-0.2, 0.935, 0.28],
							"lerp_mode": "catmullrom"
						},
						"5.7667": {
							"post": [1.035, 0, -0.745],
							"lerp_mode": "catmullrom"
						},
						"5.8333": {
							"post": [0.865, 0, -0.455],
							"lerp_mode": "catmullrom"
						},
						"5.9667": [0.97, 0, -0.74],
						"6.0": {
							"pre": [-0.22, 0, 0.305],
							"post": [-0.22, 0, 0.305],
							"lerp_mode": "catmullrom"
						},
						"6.1667": {
							"post": [0.54, 0, -0.355],
							"lerp_mode": "catmullrom"
						},
						"6.7667": {
							"post": [-1, 0, -0.35],
							"lerp_mode": "catmullrom"
						},
						"6.9667": {
							"post": [-0.395, 0, 0.28],
							"lerp_mode": "catmullrom"
						},
						"7.0667": {
							"post": [-0.39, 0, 0.28],
							"lerp_mode": "catmullrom"
						},
						"7.3667": {
							"post": [-0.39, 0, 0.28],
							"lerp_mode": "catmullrom"
						},
						"7.4": {
							"post": [-1.135, 0, -0.28],
							"lerp_mode": "catmullrom"
						},
						"7.5": {
							"post": [-0.2, 0, 0.885],
							"lerp_mode": "catmullrom"
						},
						"7.7": {
							"post": [-0.645, 0, 0.68],
							"lerp_mode": "catmullrom"
						},
						"8.0667": {
							"post": [-0.64, 0, 0.68],
							"lerp_mode": "catmullrom"
						},
						"8.3667": {
							"post": [-0.245, 0, 0.425],
							"lerp_mode": "catmullrom"
						},
						"8.8333": {
							"post": [-0.32, -0.07, 0.96],
							"lerp_mode": "catmullrom"
						},
						"8.9": {
							"post": [0.1, 0, 0.8],
							"lerp_mode": "catmullrom"
						},
						"8.9333": {
							"post": [-0.2, 0.05, 0.25],
							"lerp_mode": "catmullrom"
						},
						"9.0": {
							"post": [-0.08, 0.03, 0.46],
							"lerp_mode": "catmullrom"
						},
						"9.0333": {
							"post": [0.07, 0, 0.65],
							"lerp_mode": "catmullrom"
						},
						"9.1333": {
							"post": [0, 0, 0],
							"lerp_mode": "catmullrom"
						}
					}
				},
				"bullet": {
					"scale": 0
				},
				"bullet_in_barrel": {
					"scale": 0
				}
			},
			"sound_effects": {
				"0.0": {
					"effect": "lrl:mp7/vel46_inspect_empty_raise"
				},
				"1.1333": {
					"effect": "lrl:mp7/vel46_inspect_empty_rattle"
				},
				"1.5667": {
					"effect": "lrl:mp7/vel46_inspect_empty_magout"
				},
				"2.1667": {
					"effect": "lrl:mp7/vel46_inspect_empty_rotate"
				},
				"3.3667": {
					"effect": "lrl:mp7/vel46_inspect_empty_boltclear"
				},
				"4.8667": {
					"effect": "lrl:mp7/vel46_inspect_empty_rotate2"
				},
				"5.4333": {
					"effect": "lrl:mp7/vel46_inspect_empty_magin"
				},
				"6.2": {
					"effect": "lrl:mp7/vel46_inspect_empty_rotate3"
				},
				"6.8": {
					"effect": "lrl:mp7/vel46_inspect_empty_boltcharge"
				},
				"7.5333": {
					"effect": "lrl:mp7/vel46_inspect_empty_end"
				}
			}
		}
	}
}