{
    "model": "lradd:gun/sa58_geo",
    "texture": "lradd:gun/uv/sa58",
    "lod": {
        "model": "lradd:gun/lod/sa58_lod",
        "texture": "lradd:gun/lod/sa58_lod"
    },
    "hud": "lradd:gun/hud/sa58",
    "slot": "lradd:gun/slot/sa58",
    "animation": "lradd:sa58",
    "use_default_animation": "rifle",
    "third_person_animation": "default",
    "transform": {
        "scale": {
            "thirdperson": [
                0.6,
                0.6,
                0.6
            ],
            "ground": [
                0.6,
                0.6,
                0.6
            ],
            "fixed": [
                1.2,
                1.2,
                1.2
            ]
        }
    },
    "shell": {
        "initial_velocity": [5, 2, 1],
        "random_velocity": [1, 1, 0.25],
        "acceleration": [0.0, -10, 0.0],
        "angular_velocity": [360, -1200, 90],
        "living_time": 1.0
      },
    "muzzle_flash": {
        "texture": "lradd:misc/common_muzzle_flash",
        "scale": 1
    },
    "sounds": {
        "shoot": "lradd:sa58/sa58_shoot",
        "shoot_3p": "lradd:sa58/sa58_shoot_3p",
        "draw": "lradd:sa58/sa58_draw",
        "dry_fire": "lradd:sa58/sa58_empty",
        "put_away": "lradd:sa58/sa58_put_away",
        "silence": "lradd:sa58/sa58_silence",
        "silence_3p": "lradd:sa58/sa58_silence_3p"
    }
}