{
	"format_version": "1.12.0",
	"minecraft:geometry": [
		{
			"description": {
				"identifier": "geometry.unknown",
				"texture_width": 32,
				"texture_height": 32,
				"visible_bounds_width": 5,
				"visible_bounds_height": 3,
				"visible_bounds_offset": [0, 0.5, 0]
			},
			"bones": [
				{
					"name": "root2",
					"pivot": [0, 0, 0],
					"cubes": [
						{
							"origin": [-0.6, 0, 0.7],
							"size": [1.2, 6.9, 2.7],
							"pivot": [-0.4, 0, 2],
							"rotation": [22.5, 0, 0],
							"uv": {
								"north": {"uv": [10, 5], "uv_size": [1, 7]},
								"east": {"uv": [0, 0], "uv_size": [2.5, 7]},
								"south": {"uv": [11, 5], "uv_size": [1, 7]},
								"west": {"uv": [3, 0], "uv_size": [2.5, 7]},
								"up": {"uv": [14, 16], "uv_size": [1, 2.5]},
								"down": {"uv": [16, 16.5], "uv_size": [1, -2.5]}
							}
						},
						{
							"origin": [-0.75, 4.874, 2.4],
							"size": [1.5, 4.6, 0.7],
							"pivot": [-0.25, 5.474, 3],
							"rotation": [90, 0, 0],
							"uv": {
								"north": {"uv": [8, 11], "uv_size": [1.5, 4.5]},
								"east": {"uv": [15, 16], "uv_size": [0.5, 4.5]},
								"south": {"uv": [0, 12], "uv_size": [1.5, 4.5]},
								"west": {"uv": [0, 17], "uv_size": [0.5, 4.5]},
								"up": {"uv": [10, 19], "uv_size": [1.5, 0.5]},
								"down": {"uv": [19, 10.5], "uv_size": [1.5, -0.5]}
							}
						},
						{
							"origin": [-0.65, 5.124, -0.6],
							"size": [1.3, 4.6, 0.7],
							"pivot": [-0.35, 5.724, 0],
							"rotation": [90, 0, 0],
							"uv": {
								"north": {"uv": [12, 5], "uv_size": [1.5, 4.5]},
								"east": {"uv": [17, 5], "uv_size": [0.5, 4.5]},
								"south": {"uv": [6, 12], "uv_size": [1.5, 4.5]},
								"west": {"uv": [6, 17], "uv_size": [0.5, 4.5]},
								"up": {"uv": [18, 19], "uv_size": [1.5, 0.5]},
								"down": {"uv": [20, 0.5], "uv_size": [1.5, -0.5]}
							}
						},
						{
							"origin": [-0.324, 4.874, -1.6],
							"size": [0.648, 4.3, 0.4],
							"pivot": [-0.476, 5.474, -1],
							"rotation": [90, 0, 0],
							"uv": {
								"north": {"uv": [17, 0], "uv_size": [0.5, 4.5]},
								"east": {"uv": [1, 17], "uv_size": [0.5, 4.5]},
								"south": {"uv": [2, 17], "uv_size": [0.5, 4.5]},
								"west": {"uv": [3, 17], "uv_size": [0.5, 4.5]},
								"up": {"uv": [20, 9], "uv_size": [0.5, 0.5]},
								"down": {"uv": [10, 20.5], "uv_size": [0.5, -0.5]}
							}
						},
						{
							"origin": [-0.324, 2.99218, -3.07543],
							"size": [0.648, 1.6, 0.4],
							"pivot": [-0.476, 3.59218, -2.47543],
							"rotation": [90, 0, 0],
							"uv": {
								"north": {"uv": [19, 11], "uv_size": [0.5, 1.5]},
								"east": {"uv": [12, 19], "uv_size": [0.5, 1.5]},
								"south": {"uv": [13, 19], "uv_size": [0.5, 1.5]},
								"west": {"uv": [19, 13], "uv_size": [0.5, 1.5]},
								"up": {"uv": [11, 20], "uv_size": [0.5, 0.5]},
								"down": {"uv": [20, 11.5], "uv_size": [0.5, -0.5]}
							}
						},
						{
							"origin": [-0.324, 3.17612, -3.75072],
							"size": [0.648, 2.2, 0.4],
							"pivot": [-0.476, 3.77612, -3.15072],
							"rotation": [22.5, 0, 0],
							"uv": {
								"north": {"uv": [7, 19], "uv_size": [0.5, 2]},
								"east": {"uv": [8, 19], "uv_size": [0.5, 2]},
								"south": {"uv": [19, 8], "uv_size": [0.5, 2]},
								"west": {"uv": [9, 19], "uv_size": [0.5, 2]},
								"up": {"uv": [20, 14], "uv_size": [0.5, 0.5]},
								"down": {"uv": [20, 15.5], "uv_size": [0.5, -0.5]}
							}
						},
						{
							"origin": [-0.324, 3.66012, -3.86272],
							"size": [0.648, 1.6, 0.4],
							"pivot": [-0.476, 3.86012, -3.26272],
							"rotation": [-45, 0, 0],
							"uv": {
								"north": {"uv": [14, 19], "uv_size": [0.5, 1.5]},
								"east": {"uv": [19, 15], "uv_size": [0.5, 1.5]},
								"south": {"uv": [16, 19], "uv_size": [0.5, 1.5]},
								"west": {"uv": [19, 17], "uv_size": [0.5, 1.5]},
								"up": {"uv": [20, 16], "uv_size": [0.5, 0.5]},
								"down": {"uv": [17, 20.5], "uv_size": [0.5, -0.5]}
							}
						},
						{
							"origin": [-0.266, 3.66012, -2.40472],
							"size": [0.532, 1.6, 0.4],
							"pivot": [-0.534, 3.86012, -1.80472],
							"rotation": [-22.5, 0, 0],
							"uv": {
								"north": {"uv": [20, 1], "uv_size": [0.5, 1.5]},
								"east": {"uv": [20, 3], "uv_size": [0.5, 1.5]},
								"south": {"uv": [4, 20], "uv_size": [0.5, 1.5]},
								"west": {"uv": [20, 5], "uv_size": [0.5, 1.5]},
								"up": {"uv": [20, 17], "uv_size": [0.5, 0.5]},
								"down": {"uv": [18, 20.5], "uv_size": [0.5, -0.5]}
							}
						},
						{
							"origin": [-0.324, 3.444, -1.504],
							"size": [0.648, 1.9, 0.4],
							"pivot": [-0.476, 4.044, -0.904],
							"rotation": [112.5, 0, 0],
							"uv": {
								"north": {"uv": [17, 18], "uv_size": [0.5, 2]},
								"east": {"uv": [18, 17], "uv_size": [0.5, 2]},
								"south": {"uv": [19, 0], "uv_size": [0.5, 2]},
								"west": {"uv": [19, 2], "uv_size": [0.5, 2]},
								"up": {"uv": [20, 12], "uv_size": [0.5, 0.5]},
								"down": {"uv": [20, 13.5], "uv_size": [0.5, -0.5]}
							}
						},
						{
							"origin": [-0.65, 5.65, 1.5],
							"size": [1.3, 6.1, 1.9],
							"pivot": [-0.15, 6.25, 2],
							"rotation": [90, 0, 0],
							"uv": {
								"north": {"uv": [4, 7], "uv_size": [1.5, 6]},
								"east": {"uv": [6, 0], "uv_size": [2, 6]},
								"south": {"uv": [8, 0], "uv_size": [1.5, 6]},
								"west": {"uv": [6, 6], "uv_size": [2, 6]},
								"up": {"uv": [15, 2], "uv_size": [1.5, 2]},
								"down": {"uv": [15, 6], "uv_size": [1.5, -2]}
							}
						},
						{
							"origin": [-0.65, 5.65, -4.85],
							"size": [1.3, 4.7, 2],
							"pivot": [-0.15, 6.25, -4.25],
							"rotation": [90, 0, 0],
							"uv": {
								"north": {"uv": [12, 0], "uv_size": [1.5, 4.5]},
								"east": {"uv": [0, 7], "uv_size": [2, 4.5]},
								"south": {"uv": [2, 12], "uv_size": [1.5, 4.5]},
								"west": {"uv": [2, 7], "uv_size": [2, 4.5]},
								"up": {"uv": [14, 14], "uv_size": [1.5, 2]},
								"down": {"uv": [15, 2], "uv_size": [1.5, -2]}
							}
						},
						{
							"origin": [-0.918, 8.194, -4.482],
							"size": [1.836, 2.1, 0.888],
							"pivot": [0.118, 6.394, -4.25],
							"rotation": [90, 0, 0],
							"uv": {
								"north": {"uv": [14, 8], "uv_size": [2, 2]},
								"east": {"uv": [18, 2], "uv_size": [1, 2]},
								"south": {"uv": [14, 10], "uv_size": [2, 2]},
								"west": {"uv": [4, 18], "uv_size": [1, 2]},
								"up": {"uv": [18, 4], "uv_size": [2, 1]},
								"down": {"uv": [18, 6], "uv_size": [2, -1]}
							}
						},
						{
							"origin": [-0.5, 5.65, -2.65],
							"size": [1, 4.7, 1.9],
							"pivot": [-0.5, 6.25, -1.95],
							"rotation": [90, 0, 0],
							"uv": {
								"north": {"uv": [4, 13], "uv_size": [1, 4.5]},
								"east": {"uv": [8, 6], "uv_size": [2, 4.5]},
								"south": {"uv": [5, 13], "uv_size": [1, 4.5]},
								"west": {"uv": [10, 0], "uv_size": [2, 4.5]},
								"up": {"uv": [17, 16], "uv_size": [1, 2]},
								"down": {"uv": [18, 2], "uv_size": [1, -2]}
							}
						},
						{
							"origin": [-0.96464, 5.06464, -6.2],
							"size": [1.2, 2, 1.2],
							"pivot": [0.03536, 6.61464, -6],
							"rotation": [90, 0, -45],
							"uv": {
								"north": {"uv": [15, 6], "uv_size": [1, 2]},
								"east": {"uv": [7, 17], "uv_size": [1, 2]},
								"south": {"uv": [17, 10], "uv_size": [1, 2]},
								"west": {"uv": [12, 17], "uv_size": [1, 2]},
								"up": {"uv": [18, 11], "uv_size": [1, 1]},
								"down": {"uv": [18, 13], "uv_size": [1, -1]}
							}
						},
						{
							"origin": [-0.23536, 5.06464, -6.2],
							"size": [1.2, 2, 1.2],
							"pivot": [-0.03536, 6.61464, -6],
							"rotation": [90, 0, 45],
							"uv": {
								"north": {"uv": [17, 12], "uv_size": [1, 2]},
								"east": {"uv": [13, 17], "uv_size": [1, 2]},
								"south": {"uv": [17, 14], "uv_size": [1, 2]},
								"west": {"uv": [16, 17], "uv_size": [1, 2]},
								"up": {"uv": [18, 13], "uv_size": [1, 1]},
								"down": {"uv": [18, 15], "uv_size": [1, -1]}
							}
						},
						{
							"origin": [-0.55, 6.55, -4.85],
							"size": [1.1, 3, 0.8],
							"pivot": [-0.05, 5.55, -4.25],
							"rotation": [90, 0, 0],
							"uv": {
								"north": {"uv": [10, 15], "uv_size": [1, 3]},
								"east": {"uv": [11, 15], "uv_size": [1, 3]},
								"south": {"uv": [16, 6], "uv_size": [1, 3]},
								"west": {"uv": [8, 16], "uv_size": [1, 3]},
								"up": {"uv": [10, 18], "uv_size": [1, 1]},
								"down": {"uv": [11, 19], "uv_size": [1, -1]}
							}
						},
						{
							"origin": [0.33, 7.978, -4.562],
							"size": [1.052, 2.9, 0.512],
							"pivot": [0.994, 6.978, -4.25],
							"rotation": [90, 0, -135],
							"uv": {
								"north": {"uv": [9, 16], "uv_size": [1, 3]},
								"east": {"uv": [5, 18], "uv_size": [0.5, 3]},
								"south": {"uv": [16, 9], "uv_size": [1, 3]},
								"west": {"uv": [18, 8], "uv_size": [0.5, 3]},
								"up": {"uv": [20, 7], "uv_size": [1, 0.5]},
								"down": {"uv": [20, 8.5], "uv_size": [1, -0.5]}
							}
						},
						{
							"origin": [-0.55, 8.8, 1.742],
							"size": [1.1, 3.824, 0.8],
							"pivot": [-0.05, 7.8, 2.342],
							"rotation": [90, 0, 0],
							"uv": {
								"north": {"uv": [12, 13], "uv_size": [1, 4]},
								"east": {"uv": [13, 13], "uv_size": [1, 4]},
								"south": {"uv": [14, 0], "uv_size": [1, 4]},
								"west": {"uv": [14, 4], "uv_size": [1, 4]},
								"up": {"uv": [18, 15], "uv_size": [1, 1]},
								"down": {"uv": [18, 17], "uv_size": [1, -1]}
							}
						},
						{
							"origin": [-0.65, -0.56424, 0.19343],
							"size": [1.3, 1.1, 3.1],
							"uv": {
								"north": {"uv": [18, 6], "uv_size": [1.5, 1]},
								"east": {"uv": [14, 12], "uv_size": [3, 1]},
								"south": {"uv": [18, 7], "uv_size": [1.5, 1]},
								"west": {"uv": [14, 13], "uv_size": [3, 1]},
								"up": {"uv": [10, 12], "uv_size": [1.5, 3]},
								"down": {"uv": [12, 13], "uv_size": [1.5, -3]}
							}
						}
					]
				},
				{
					"name": "positioning",
					"pivot": [0, 0, 0]
				},
				{
					"name": "ground",
					"parent": "positioning",
					"pivot": [0, -0.496, -3.936]
				},
				{
					"name": "thirdperson_hand",
					"parent": "positioning",
					"pivot": [0, 4.324, -1.86]
				},
				{
					"name": "fixed",
					"parent": "positioning",
					"pivot": [0.908, 4.25, -1.928],
					"rotation": [0, 90, 0]
				}
			]
		}
	]
}