{
    "model": "fallout:gun/10mm_pistol_geo",
    "texture": "fallout:gun/uv/10mm_pistol",
    "lod": {
        "model": "fallout:gun/lod/10mm_pistol_lod",
        "texture": "fallout:gun/lod/10mm_pistol_lod"
    },
    "hud": "fallout:gun/hud/10mm_pistol",
    "slot": "fallout:gun/slot/10mm_pistol",
    "animation": "fallout:10mm_pistol",
    "use_default_animation": "pistol",
    "third_person_animation": "default",
    "transform": {
        "scale": {
            "thirdperson": [1, 1, 1],
            "ground": [1, 1, 1],
            "fixed": [1.5, 1.5, 1.5]
        }
    },
    "sounds": {
        "shoot": "fallout:item/10mm_pistol_fire",
        "reload_empty": "fallout:item/10mm_pistol_reload_empty",
        "reload_tactical": "fallout:item/10mm_pistol_reload_tactical",
        "inspect": "fallout:item/10mm_pistol_inspect",
        "inspect_empty": "fallout:item/10mm_pistol_inspect",
        "draw": "fallout:item/10mm_pistol_draw",
        "put_away": "fallout:item/10mm_pistol_put_away",
        "shoot_3p": "fallout:item/10mm_pistol_fire_3p"
    },
    "offhand_show": {
      "pos": [4, 13, -1],
      "rotate": [-90, -35, 90],
      "scale": [0.5, 0.5, 0.5]
    },
    "hotbar_show": {
      "0": {
        "pos": [4, 13, -1],
        "rotate": [-90, -35, 90],
        "scale": [0.5, 0.5, 0.5]
      },
      "1": {
        "pos": [4, 13, -1],
        "rotate": [-90, -35, 90],
        "scale": [0.5, 0.5, 0.5]
      },
      "2": {
        "pos": [4, 13, -1],
        "rotate": [-90, -35, 90],
        "scale": [0.5, 0.5, 0.5]
      },
      "3": {
        "pos": [4, 13, -1],
        "rotate": [-90, -35, 90],
        "scale": [0.5, 0.5, 0.5]
      }
    }
}