{
	"format_version": "1.12.0",
	"minecraft:geometry": [
		{
			"description": {
				"identifier": "geometry.unknown",
				"texture_width": 64,
				"texture_height": 64,
				"visible_bounds_width": 2,
				"visible_bounds_height": 1.5,
				"visible_bounds_offset": [0, 0.25, 0]
			},
			"bones": [
				{
					"name": "root",
					"pivot": [0, 0, 0],
					"cubes": [
						{
							"origin": [-8, 0, -4],
							"size": [16, 0.5, 8],
							"uv": {
								"north": {"uv": [17, 0], "uv_size": [16, 1]},
								"east": {"uv": [17, 4], "uv_size": [8, 1]},
								"south": {"uv": [17, 2], "uv_size": [16, 1]},
								"west": {"uv": [17, 6], "uv_size": [8, 1]},
								"up": {"uv": [0, 0], "uv_size": [16, 8]},
								"down": {"uv": [0, 17], "uv_size": [16, -8]}
							}
						}
					]
				},
				{
					"name": "WG_illuminated",
					"parent": "root",
					"pivot": [-3.68494, 0.45, 0.41699],
					"cubes": [
						{
							"origin": [-3.83446, 0.4, 0.475],
							"size": [2, 0.1, 3],
							"inflate": 0.001,
							"pivot": [-3.68494, 0.45, -0.01603],
							"rotation": [0, 30, 0],
							"uv": {
								"up": {"uv": [17, 12], "uv_size": [2, 3]}
							}
						},
						{
							"origin": [-6.83446, 0.4, -1.25705],
							"size": [2, 0.1, 3],
							"inflate": 0.001,
							"pivot": [-3.68494, 0.45, -0.01603],
							"rotation": [0, 30, 0],
							"uv": {
								"up": {"uv": [17, 8], "uv_size": [2, 3]}
							}
						},
						{
							"origin": [-5.33446, 0.4, -2.64103],
							"size": [2, 0.1, 3],
							"inflate": 0.001,
							"pivot": [-3.68494, 0.45, -0.01603],
							"rotation": [0, -30, 0],
							"uv": {
								"up": {"uv": [17, 16], "uv_size": [2, 3]}
							}
						}
					]
				},
				{
					"name": "50_illuminated",
					"parent": "root",
					"pivot": [3.33333, 0.45, 0],
					"cubes": [
						{
							"origin": [1, 0.4, -0.25],
							"size": [0.5, 0.1, 2.25],
							"inflate": 0.001,
							"uv": {
								"up": {"uv": [4, 18], "uv_size": [1, 2]}
							}
						},
						{
							"origin": [1.75, 0.4, 0.75],
							"size": [0.5, 0.1, 1.5],
							"inflate": 0.001,
							"pivot": [2, 0.45, 1.75],
							"rotation": [0, -90, 0],
							"uv": {
								"up": {"uv": [6, 18], "uv_size": [1, 2]}
							}
						},
						{
							"origin": [1.75, 0.4, -2.25],
							"size": [0.5, 0.1, 1.5],
							"inflate": 0.001,
							"pivot": [2, 0.45, -1.75],
							"rotation": [0, -90, 0],
							"uv": {
								"up": {"uv": [8, 18], "uv_size": [1, 2]}
							}
						},
						{
							"origin": [1.75, 0.4, -0.5],
							"size": [0.5, 0.1, 1],
							"inflate": 0.001,
							"pivot": [2, 0.45, 0],
							"rotation": [0, -90, 0],
							"uv": {
								"up": {"uv": [20, 8], "uv_size": [1, 1]}
							}
						},
						{
							"origin": [2.5, 0.4, -2],
							"size": [0.5, 0.1, 2.25],
							"inflate": 0.001,
							"uv": {
								"up": {"uv": [10, 18], "uv_size": [1, 2]}
							}
						},
						{
							"origin": [4.75, 0.4, -2.25],
							"size": [0.5, 0.1, 1],
							"inflate": 0.001,
							"pivot": [5, 0.45, -1.75],
							"rotation": [0, -90, 0],
							"uv": {
								"up": {"uv": [12, 18], "uv_size": [1, 1]}
							}
						},
						{
							"origin": [5.5, 0.4, -2],
							"size": [0.5, 0.1, 4],
							"inflate": 0.001,
							"uv": {
								"up": {"uv": [0, 18], "uv_size": [1, 4]}
							}
						},
						{
							"origin": [4.75, 0.4, 1.25],
							"size": [0.5, 0.1, 1],
							"inflate": 0.001,
							"pivot": [5, 0.45, 1.75],
							"rotation": [0, -90, 0],
							"uv": {
								"up": {"uv": [14, 18], "uv_size": [1, 1]}
							}
						},
						{
							"origin": [4, 0.4, -2],
							"size": [0.5, 0.1, 4],
							"inflate": 0.001,
							"uv": {
								"up": {"uv": [2, 18], "uv_size": [1, 4]}
							}
						}
					]
				}
			]
		}
	]
}