{
	"format_version": "1.12.0",
	"minecraft:geometry": [
		{
			"description": {
				"identifier": "geometry.unknown",
				"texture_width": 128,
				"texture_height": 128,
				"visible_bounds_width": 4,
				"visible_bounds_height": 2.5,
				"visible_bounds_offset": [0, 0.75, 0]
			},
			"bones": [
				{
					"name": "base",
					"pivot": [0, 0, 0],
					"cubes": [
						{
							"origin": [-0.625, 0.7, -2.3],
							"size": [1.25, 4.7, 3.8],
							"uv": {
								"north": {"uv": [43, 12], "uv_size": [1.5, 4.5]},
								"east": {"uv": [24, 9], "uv_size": [4, 4.5]},
								"south": {"uv": [44, 18], "uv_size": [1.5, 4.5]},
								"west": {"uv": [4, 25], "uv_size": [4, 4.5]},
								"up": {"uv": [4, 46], "uv_size": [1.5, 4]},
								"down": {"uv": [42, 50], "uv_size": [1.5, -4]}
							}
						},
						{
							"origin": [-0.8, 4.65064, -2.43479],
							"size": [1.6, 0.3, 4.15],
							"pivot": [0, 4.92564, -0.40979],
							"rotation": [-10, 0, 0],
							"uv": {
								"north": {"uv": [38, 61], "uv_size": [1.5, 0.5]},
								"east": {"uv": [56, 46], "uv_size": [4, 0.5]},
								"south": {"uv": [61, 39], "uv_size": [1.5, 0.5]},
								"west": {"uv": [56, 48], "uv_size": [4, 0.5]},
								"up": {"uv": [45, 46], "uv_size": [1.5, 4]},
								"down": {"uv": [0, 51], "uv_size": [1.5, -4]}
							}
						},
						{
							"origin": [-0.8, 4.64386, 1.5776],
							"size": [1.6, 0.3, 0.875],
							"pivot": [0, 4.79386, 3.6526],
							"rotation": [10, 0, 0],
							"uv": {
								"north": {"uv": [4, 2], "uv_size": [1.5, 0.5]},
								"east": {"uv": [2, 5], "uv_size": [1, 0.5]},
								"south": {"uv": [0, 5], "uv_size": [1.5, 0.5]},
								"west": {"uv": [3, 5], "uv_size": [1, 0.5]},
								"up": {"uv": [0, 2], "uv_size": [1.5, 1]},
								"down": {"uv": [2, 3], "uv_size": [1.5, -1]}
							}
						},
						{
							"origin": [-0.7, 4.95064, -2.43479],
							"size": [1.4, 1.95, 4.85],
							"pivot": [0, 4.92564, -0.40979],
							"rotation": [-10, 0, 0],
							"uv": {
								"north": {"uv": [24, 55], "uv_size": [1.5, 1.5]},
								"east": {"uv": [39, 26], "uv_size": [5, 1.5]},
								"south": {"uv": [55, 30], "uv_size": [1.5, 1.5]},
								"west": {"uv": [40, 9], "uv_size": [5, 1.5]},
								"up": {"uv": [14, 42], "uv_size": [1.5, 5]},
								"down": {"uv": [42, 39], "uv_size": [1.5, -5]}
							}
						},
						{
							"origin": [-0.4, 4.87564, 1.61521],
							"size": [0.8, 0.4, 2.35],
							"pivot": [0, 4.92564, -0.40979],
							"rotation": [-10, 0, 0],
							"uv": {
								"north": {"uv": [62, 35], "uv_size": [1, 0.5]},
								"east": {"uv": [59, 23], "uv_size": [2.5, 0.5]},
								"south": {"uv": [62, 37], "uv_size": [1, 0.5]},
								"west": {"uv": [60, 25], "uv_size": [2.5, 0.5]},
								"up": {"uv": [54, 54], "uv_size": [1, 2.5]},
								"down": {"uv": [0, 57.5], "uv_size": [1, -2.5]}
							}
						},
						{
							"origin": [-0.4, 4.59453, 3.69545],
							"size": [0.8, 0.4, 1.55],
							"pivot": [0, 4.79453, 4.87045],
							"rotation": [25, 0, 0],
							"uv": {
								"north": {"uv": [41, 62], "uv_size": [1, 0.5]},
								"east": {"uv": [61, 41], "uv_size": [1.5, 0.5]},
								"south": {"uv": [43, 62], "uv_size": [1, 0.5]},
								"west": {"uv": [61, 43], "uv_size": [1.5, 0.5]},
								"up": {"uv": [59, 4], "uv_size": [1, 1.5]},
								"down": {"uv": [16, 60.5], "uv_size": [1, -1.5]}
							}
						},
						{
							"origin": [-0.5, 4.35383, 4.56722],
							"size": [1, 3.1, 2.4],
							"pivot": [0, 6.55383, 5.56722],
							"rotation": [57.5, 0, 0],
							"uv": {
								"north": {"uv": [54, 4], "uv_size": [1, 3]},
								"east": {"uv": [42, 40], "uv_size": [2.5, 3]},
								"south": {"uv": [38, 54], "uv_size": [1, 3]},
								"west": {"uv": [43, 4], "uv_size": [2.5, 3]},
								"up": {"uv": [14, 55], "uv_size": [1, 2.5]},
								"down": {"uv": [16, 57.5], "uv_size": [1, -2.5]}
							}
						},
						{
							"origin": [-0.5, 0.59453, 5.24545],
							"size": [1, 5.25, 2],
							"inflate": 0.001,
							"pivot": [0, 4.79453, 4.87045],
							"rotation": [25, 0, 0],
							"uv": {
								"north": {"uv": [14, 48], "uv_size": [1, 5.5]},
								"east": {"uv": [31, 0], "uv_size": [2, 5.5]},
								"south": {"uv": [16, 48], "uv_size": [1, 5.5]},
								"west": {"uv": [34, 0], "uv_size": [2, 5.5]},
								"up": {"uv": [56, 50], "uv_size": [1, 2]},
								"down": {"uv": [56, 55], "uv_size": [1, -2]}
							}
						},
						{
							"origin": [-0.5, 0.04453, 4.84545],
							"size": [1, 0.55, 2.95],
							"pivot": [0, 4.79453, 4.87045],
							"rotation": [25, 0, 0],
							"uv": {
								"north": {"uv": [62, 56], "uv_size": [1, 0.5]},
								"east": {"uv": [57, 44], "uv_size": [3, 0.5]},
								"south": {"uv": [62, 58], "uv_size": [1, 0.5]},
								"west": {"uv": [59, 18], "uv_size": [3, 0.5]},
								"up": {"uv": [40, 54], "uv_size": [1, 3]},
								"down": {"uv": [54, 49], "uv_size": [1, -3]}
							}
						},
						{
							"origin": [-0.5, 3.02413, 5.35824],
							"size": [1, 0.55, 4.4],
							"inflate": -0.001,
							"pivot": [0, 3.29913, 8.35824],
							"rotation": [-60, 0, 0],
							"uv": {
								"north": {"uv": [62, 60], "uv_size": [1, 0.5]},
								"east": {"uv": [55, 40], "uv_size": [4.5, 0.5]},
								"south": {"uv": [62, 62], "uv_size": [1, 0.5]},
								"west": {"uv": [55, 42], "uv_size": [4.5, 0.5]},
								"up": {"uv": [44, 51], "uv_size": [1, 4.5]},
								"down": {"uv": [46, 55.5], "uv_size": [1, -4.5]}
							}
						},
						{
							"origin": [-0.2077, 6.16793, -2.58685],
							"size": [1, 2.55, 8.55],
							"pivot": [-0.1077, 7.44293, 1.68815],
							"rotation": [0, 0, 5],
							"uv": {
								"north": {"uv": [48, 46], "uv_size": [2, 2.5]},
								"east": {"uv": [21, 0], "uv_size": [8.5, 2.5]},
								"south": {"uv": [7, 49], "uv_size": [2, 2.5]},
								"west": {"uv": [4, 21], "uv_size": [8.5, 2.5]},
								"up": {"uv": [18, 26], "uv_size": [2, 8.5]},
								"down": {"uv": [21, 34.5], "uv_size": [2, -8.5]}
							}
						},
						{
							"origin": [-0.7923, 6.16793, -2.58685],
							"size": [1, 2.55, 8.55],
							"pivot": [0.1077, 7.44293, 1.68815],
							"rotation": [0, 0, -5],
							"uv": {
								"north": {"uv": [50, 46], "uv_size": [-2, 2.5]},
								"east": {"uv": [12.5, 21], "uv_size": [-8.5, 2.5]},
								"south": {"uv": [9, 49], "uv_size": [-2, 2.5]},
								"west": {"uv": [29.5, 0], "uv_size": [-8.5, 2.5]},
								"up": {"uv": [20, 26], "uv_size": [-2, 8.5]},
								"down": {"uv": [23, 34.5], "uv_size": [-2, -8.5]}
							}
						},
						{
							"origin": [-1.00532, 7.0576, -1.53685],
							"size": [0.2, 1.6, 3.6],
							"pivot": [-0.90532, 7.9576, 0.26315],
							"rotation": [0, 0, 30],
							"uv": {
								"north": {"uv": [26, 61], "uv_size": [0.5, 1.5]},
								"east": {"uv": [46, 40], "uv_size": [3.5, 1.5]},
								"south": {"uv": [61, 45], "uv_size": [0.5, 1.5]},
								"west": {"uv": [47, 18], "uv_size": [3.5, 1.5]},
								"up": {"uv": [54, 58], "uv_size": [0.5, 3.5]},
								"down": {"uv": [58, 59.5], "uv_size": [0.5, -3.5]}
							}
						},
						{
							"origin": [-0.95532, 7.971, -1.53685],
							"size": [0.2, 1.3, 3.6],
							"pivot": [-0.85532, 8.771, 0.26315],
							"rotation": [0, 0, 5],
							"uv": {
								"north": {"uv": [48, 61], "uv_size": [0.5, 1.5]},
								"east": {"uv": [47, 21], "uv_size": [3.5, 1.5]},
								"south": {"uv": [50, 61], "uv_size": [0.5, 1.5]},
								"west": {"uv": [47, 30], "uv_size": [3.5, 1.5]},
								"up": {"uv": [0, 59], "uv_size": [0.5, 3.5]},
								"down": {"uv": [14, 62.5], "uv_size": [0.5, -3.5]}
							}
						},
						{
							"origin": [-1.2, 7.75964, -12.78685],
							"size": [2.4, 1, 10.2],
							"inflate": 0.001,
							"uv": {
								"north": {"uv": [52, 21], "uv_size": [2.5, 1]},
								"east": {"uv": [30, 18], "uv_size": [10, 1]},
								"south": {"uv": [55, 18], "uv_size": [2.5, 1]},
								"west": {"uv": [31, 7], "uv_size": [10, 1]},
								"up": {"uv": [20, 6], "uv_size": [2.5, 10]},
								"down": {"uv": [0, 31], "uv_size": [2.5, -10]}
							}
						},
						{
							"origin": [-0.5, 7.95964, -13.58685],
							"size": [1, 1, 0.8],
							"pivot": [0, 8.45964, -13.38685],
							"rotation": [0, 0, 45],
							"uv": {
								"north": {"uv": [21, 4], "uv_size": [1, 1]},
								"east": {"uv": [41, 18], "uv_size": [1, 1]},
								"south": {"uv": [61, 4], "uv_size": [1, 1]},
								"west": {"uv": [61, 6], "uv_size": [1, 1]},
								"up": {"uv": [61, 8], "uv_size": [1, 1]},
								"down": {"uv": [9, 62], "uv_size": [1, -1]}
							}
						},
						{
							"origin": [-0.7, 7.75964, -24.98685],
							"size": [1.4, 1.4, 11.4],
							"pivot": [0, 8.45964, -14.58685],
							"rotation": [0, 0, 45],
							"uv": {
								"north": {"uv": [56, 4], "uv_size": [1.5, 1.5]},
								"east": {"uv": [24, 15], "uv_size": [11.5, 1.5]},
								"south": {"uv": [56, 20], "uv_size": [1.5, 1.5]},
								"west": {"uv": [25, 21], "uv_size": [11.5, 1.5]},
								"up": {"uv": [9, 25], "uv_size": [1.5, 11.5]},
								"down": {"uv": [25, 35.5], "uv_size": [1.5, -11.5]}
							}
						},
						{
							"origin": [-0.81291, 8.47316, -12.78685],
							"size": [0.4, 1.35, 10.2],
							"pivot": [-0.61291, 9.14816, -7.68685],
							"rotation": [0, 0, 40],
							"uv": {
								"north": {"uv": [52, 61], "uv_size": [0.5, 1.5]},
								"east": {"uv": [28, 24], "uv_size": [10, 1.5]},
								"south": {"uv": [58, 61], "uv_size": [0.5, 1.5]},
								"west": {"uv": [28, 27], "uv_size": [10, 1.5]},
								"up": {"uv": [48, 50], "uv_size": [0.5, 10]},
								"down": {"uv": [50, 60], "uv_size": [0.5, -10]}
							}
						},
						{
							"origin": [0.41291, 8.47316, -12.78685],
							"size": [0.4, 1.35, 10.2],
							"pivot": [0.61291, 9.14816, -7.68685],
							"rotation": [0, 0, -40],
							"uv": {
								"north": {"uv": [2, 62], "uv_size": [0.5, 1.5]},
								"east": {"uv": [29, 9], "uv_size": [10, 1.5]},
								"south": {"uv": [4, 62], "uv_size": [0.5, 1.5]},
								"west": {"uv": [29, 12], "uv_size": [10, 1.5]},
								"up": {"uv": [3, 51], "uv_size": [0.5, 10]},
								"down": {"uv": [5, 61], "uv_size": [0.5, -10]}
							}
						},
						{
							"origin": [-0.66952, 6.30215, -12.78685],
							"size": [0.9, 1, 10.2],
							"pivot": [0, 7.37112, -7.68685],
							"rotation": [0, 0, -140],
							"uv": {
								"north": {"uv": [61, 10], "uv_size": [1, 1]},
								"east": {"uv": [36, 30], "uv_size": [10, 1]},
								"south": {"uv": [61, 12], "uv_size": [1, 1]},
								"west": {"uv": [36, 32], "uv_size": [10, 1]},
								"up": {"uv": [20, 36], "uv_size": [1, 10]},
								"down": {"uv": [22, 46], "uv_size": [1, -10]}
							}
						},
						{
							"origin": [-0.55779, 6.99359, -12.78685],
							"size": [1.115, 0.5, 10.2],
							"uv": {
								"north": {"uv": [63, 4], "uv_size": [1, 0.5]},
								"east": {"uv": [50, 0], "uv_size": [10, 0.5]},
								"south": {"uv": [63, 6], "uv_size": [1, 0.5]},
								"west": {"uv": [50, 2], "uv_size": [10, 0.5]},
								"up": {"uv": [36, 34], "uv_size": [1, 10]},
								"down": {"uv": [24, 47], "uv_size": [1, -10]}
							}
						},
						{
							"origin": [-0.23048, 6.30215, -12.78685],
							"size": [0.9, 1, 10.2],
							"pivot": [0, 7.37112, -7.68685],
							"rotation": [0, 0, 140],
							"uv": {
								"north": {"uv": [61, 14], "uv_size": [1, 1]},
								"east": {"uv": [37, 0], "uv_size": [10, 1]},
								"south": {"uv": [61, 16], "uv_size": [1, 1]},
								"west": {"uv": [37, 2], "uv_size": [10, 1]},
								"up": {"uv": [26, 37], "uv_size": [1, 10]},
								"down": {"uv": [8, 48], "uv_size": [1, -10]}
							}
						},
						{
							"origin": [-0.5, 6.26252, -4.31086],
							"size": [1.1, 1.25, 2.85],
							"pivot": [0, 7.53752, -2.18586],
							"rotation": [-37.5, 0, 0],
							"uv": {
								"north": {"uv": [20, 59], "uv_size": [1, 1.5]},
								"east": {"uv": [50, 4], "uv_size": [3, 1.5]},
								"south": {"uv": [59, 20], "uv_size": [1, 1.5]},
								"west": {"uv": [51, 40], "uv_size": [3, 1.5]},
								"up": {"uv": [54, 50], "uv_size": [1, 3]},
								"down": {"uv": [52, 57], "uv_size": [1, -3]}
							}
						},
						{
							"origin": [0.44982, 8.57537, -12.78685],
							"size": [0.3, 1.6, 18.75],
							"pivot": [0.59982, 9.17537, -3.41185],
							"rotation": [0, 0, -15],
							"uv": {
								"north": {"uv": [16, 62], "uv_size": [0.5, 1.5]},
								"east": {"uv": [0, 6], "uv_size": [19, 1.5]},
								"south": {"uv": [20, 62], "uv_size": [0.5, 1.5]},
								"west": {"uv": [0, 9], "uv_size": [19, 1.5]},
								"up": {"uv": [10, 38], "uv_size": [0.5, 19]},
								"down": {"uv": [38, 53], "uv_size": [0.5, -19]}
							}
						},
						{
							"origin": [-0.74982, 8.57537, -12.78685],
							"size": [0.3, 1.6, 18.75],
							"pivot": [-0.59982, 9.17537, -3.41185],
							"rotation": [0, 0, 15],
							"uv": {
								"north": {"uv": [28, 62], "uv_size": [0.5, 1.5]},
								"east": {"uv": [0, 12], "uv_size": [19, 1.5]},
								"south": {"uv": [30, 62], "uv_size": [0.5, 1.5]},
								"west": {"uv": [0, 15], "uv_size": [19, 1.5]},
								"up": {"uv": [12, 40], "uv_size": [0.5, 19]},
								"down": {"uv": [40, 53], "uv_size": [0.5, -19]}
							}
						},
						{
							"origin": [-0.5, 8.58464, -12.78685],
							"size": [1, 2, 19.25],
							"uv": {
								"north": {"uv": [56, 56], "uv_size": [1, 2]},
								"east": {"uv": [0, 0], "uv_size": [19.5, 2]},
								"south": {"uv": [7, 57], "uv_size": [1, 2]},
								"west": {"uv": [0, 3], "uv_size": [19.5, 2]},
								"up": {"uv": [14, 21], "uv_size": [1, 19.5]},
								"down": {"uv": [16, 40.5], "uv_size": [1, -19.5]}
							}
						},
						{
							"origin": [-0.5, 10.38464, -12.48685],
							"size": [0.2, 0.6, 2.45],
							"inflate": -0.001,
							"pivot": [0, 10.88464, -11.26185],
							"rotation": [7.5, 0, 0],
							"uv": {
								"north": {"uv": [63, 45], "uv_size": [0.5, 0.5]},
								"east": {"uv": [60, 27], "uv_size": [2.5, 0.5]},
								"south": {"uv": [54, 63], "uv_size": [0.5, 0.5]},
								"west": {"uv": [28, 60], "uv_size": [2.5, 0.5]},
								"up": {"uv": [22, 59], "uv_size": [0.5, 2.5]},
								"down": {"uv": [56, 61.5], "uv_size": [0.5, -2.5]}
							}
						},
						{
							"origin": [0.3, 10.38464, -12.48685],
							"size": [0.2, 0.6, 2.45],
							"inflate": -0.001,
							"pivot": [0, 10.88464, -11.26185],
							"rotation": [7.5, 0, 0],
							"uv": {
								"north": {"uv": [56, 63], "uv_size": [0.5, 0.5]},
								"east": {"uv": [60, 29], "uv_size": [2.5, 0.5]},
								"south": {"uv": [0, 64], "uv_size": [0.5, 0.5]},
								"west": {"uv": [60, 31], "uv_size": [2.5, 0.5]},
								"up": {"uv": [7, 60], "uv_size": [0.5, 2.5]},
								"down": {"uv": [11, 62.5], "uv_size": [0.5, -2.5]}
							}
						},
						{
							"origin": [-0.075, 10.38635, -12.36074],
							"size": [0.15, 0.4, 2.25],
							"uv": {
								"north": {"uv": [6, 64], "uv_size": [0.5, 0.5]},
								"east": {"uv": [32, 60], "uv_size": [2.5, 0.5]},
								"south": {"uv": [11, 64], "uv_size": [0.5, 0.5]},
								"west": {"uv": [60, 33], "uv_size": [2.5, 0.5]},
								"up": {"uv": [18, 60], "uv_size": [0.5, 2.5]},
								"down": {"uv": [60, 37.5], "uv_size": [0.5, -2.5]}
							}
						},
						{
							"origin": [0.3, 10.58635, 2.53926],
							"size": [0.2, 0.6, 2.45],
							"uv": {
								"north": {"uv": [13, 64], "uv_size": [0.5, 0.5]},
								"east": {"uv": [42, 60], "uv_size": [2.5, 0.5]},
								"south": {"uv": [18, 64], "uv_size": [0.5, 0.5]},
								"west": {"uv": [60, 50], "uv_size": [2.5, 0.5]},
								"up": {"uv": [36, 60], "uv_size": [0.5, 2.5]},
								"down": {"uv": [46, 62.5], "uv_size": [0.5, -2.5]}
							}
						},
						{
							"origin": [-0.5, 10.58635, 2.53926],
							"size": [0.2, 0.6, 2.45],
							"uv": {
								"north": {"uv": [64, 24], "uv_size": [0.5, 0.5]},
								"east": {"uv": [60, 52], "uv_size": [2.5, 0.5]},
								"south": {"uv": [26, 64], "uv_size": [0.5, 0.5]},
								"west": {"uv": [60, 54], "uv_size": [2.5, 0.5]},
								"up": {"uv": [60, 56], "uv_size": [0.5, 2.5]},
								"down": {"uv": [60, 62.5], "uv_size": [0.5, -2.5]}
							}
						},
						{
							"origin": [-0.15, 11.06135, 4.03926],
							"size": [0.3, 0.1, 0.45],
							"uv": {
								"north": {"uv": [64, 26], "uv_size": [0.5, 0.5]},
								"east": {"uv": [64, 28], "uv_size": [0.5, 0.5]},
								"south": {"uv": [64, 30], "uv_size": [0.5, 0.5]},
								"west": {"uv": [32, 64], "uv_size": [0.5, 0.5]},
								"up": {"uv": [64, 32], "uv_size": [0.5, 0.5]},
								"down": {"uv": [34, 64.5], "uv_size": [0.5, -0.5]}
							}
						},
						{
							"origin": [-0.37071, 10.96993, 4.03926],
							"size": [0.3, 0.1, 0.45],
							"pivot": [-0.22071, 11.01993, 4.26426],
							"rotation": [0, 0, -45],
							"uv": {
								"north": {"uv": [64, 34], "uv_size": [0.5, 0.5]},
								"east": {"uv": [36, 64], "uv_size": [0.5, 0.5]},
								"south": {"uv": [64, 36], "uv_size": [0.5, 0.5]},
								"west": {"uv": [64, 38], "uv_size": [0.5, 0.5]},
								"up": {"uv": [40, 64], "uv_size": [0.5, 0.5]},
								"down": {"uv": [64, 40.5], "uv_size": [0.5, -0.5]}
							}
						},
						{
							"origin": [0.07071, 10.96993, 4.03926],
							"size": [0.3, 0.1, 0.45],
							"pivot": [0.22071, 11.01993, 4.26426],
							"rotation": [0, 0, 45],
							"uv": {
								"north": {"uv": [42, 64], "uv_size": [0.5, 0.5]},
								"east": {"uv": [64, 42], "uv_size": [0.5, 0.5]},
								"south": {"uv": [44, 64], "uv_size": [0.5, 0.5]},
								"west": {"uv": [46, 64], "uv_size": [0.5, 0.5]},
								"up": {"uv": [64, 47], "uv_size": [0.5, 0.5]},
								"down": {"uv": [48, 64.5], "uv_size": [0.5, -0.5]}
							}
						},
						{
							"origin": [0.03839, 10.66438, 4.03926],
							"size": [0.3, 0.1, 0.45],
							"pivot": [0, 10.59064, 4.26426],
							"rotation": [0, 0, -135],
							"uv": {
								"north": {"uv": [64, 49], "uv_size": [0.5, 0.5]},
								"east": {"uv": [50, 64], "uv_size": [0.5, 0.5]},
								"south": {"uv": [64, 51], "uv_size": [0.5, 0.5]},
								"west": {"uv": [52, 64], "uv_size": [0.5, 0.5]},
								"up": {"uv": [64, 53], "uv_size": [0.5, 0.5]},
								"down": {"uv": [64, 55.5], "uv_size": [0.5, -0.5]}
							}
						},
						{
							"origin": [-0.33839, 10.66438, 4.03926],
							"size": [0.3, 0.1, 0.45],
							"pivot": [0, 10.59064, 4.26426],
							"rotation": [0, 0, 135],
							"uv": {
								"north": {"uv": [64, 57], "uv_size": [0.5, 0.5]},
								"east": {"uv": [58, 64], "uv_size": [0.5, 0.5]},
								"south": {"uv": [64, 59], "uv_size": [0.5, 0.5]},
								"west": {"uv": [60, 64], "uv_size": [0.5, 0.5]},
								"up": {"uv": [64, 61], "uv_size": [0.5, 0.5]},
								"down": {"uv": [62, 64.5], "uv_size": [0.5, -0.5]}
							}
						},
						{
							"origin": [0.21213, 10.67422, 4.03926],
							"size": [0.15, 0.3, 0.45],
							"uv": {
								"north": {"uv": [64, 57], "uv_size": [0.5, 0.5]},
								"east": {"uv": [58, 64], "uv_size": [0.5, 0.5]},
								"south": {"uv": [64, 59], "uv_size": [0.5, 0.5]},
								"west": {"uv": [60, 64], "uv_size": [0.5, 0.5]},
								"up": {"uv": [64, 61], "uv_size": [0.5, 0.5]},
								"down": {"uv": [62, 64.5], "uv_size": [0.5, -0.5]}
							}
						},
						{
							"origin": [-0.36213, 10.67422, 4.03926],
							"size": [0.15, 0.3, 0.45],
							"uv": {
								"north": {"uv": [64, 63], "uv_size": [0.5, 0.5]},
								"east": {"uv": [65, 0], "uv_size": [0.5, 0.5]},
								"south": {"uv": [2, 65], "uv_size": [0.5, 0.5]},
								"west": {"uv": [65, 2], "uv_size": [0.5, 0.5]},
								"up": {"uv": [4, 65], "uv_size": [0.5, 0.5]},
								"down": {"uv": [65, 4.5], "uv_size": [0.5, -0.5]}
							}
						},
						{
							"origin": [-0.15, 10.58635, 4.03926],
							"size": [0.3, 0.1, 0.45],
							"pivot": [0, 10.59064, 4.26426],
							"rotation": [0, 0, 180],
							"uv": {
								"north": {"uv": [65, 6], "uv_size": [0.5, 0.5]},
								"east": {"uv": [8, 65], "uv_size": [0.5, 0.5]},
								"south": {"uv": [65, 8], "uv_size": [0.5, 0.5]},
								"west": {"uv": [65, 10], "uv_size": [0.5, 0.5]},
								"up": {"uv": [65, 12], "uv_size": [0.5, 0.5]},
								"down": {"uv": [65, 14.5], "uv_size": [0.5, -0.5]}
							}
						},
						{
							"origin": [-0.5, 8.3024, -13.45195],
							"size": [1, 2, 2.05],
							"pivot": [0, 9.3024, -12.32695],
							"rotation": [62.5, 0, 0],
							"uv": {
								"north": {"uv": [18, 57], "uv_size": [1, 2]},
								"east": {"uv": [40, 12], "uv_size": [2, 2]},
								"south": {"uv": [36, 57], "uv_size": [1, 2]},
								"west": {"uv": [51, 46], "uv_size": [2, 2]},
								"up": {"uv": [42, 57], "uv_size": [1, 2]},
								"down": {"uv": [44, 59], "uv_size": [1, -2]}
							}
						},
						{
							"origin": [-0.6, 7.15597, -13.3075],
							"size": [1.2, 1.8, 2.05],
							"pivot": [0, 8.05597, -12.2825],
							"rotation": [110, 0, 0],
							"uv": {
								"north": {"uv": [46, 57], "uv_size": [1, 2]},
								"east": {"uv": [0, 52], "uv_size": [2, 2]},
								"south": {"uv": [9, 58], "uv_size": [1, 2]},
								"west": {"uv": [52, 18], "uv_size": [2, 2]},
								"up": {"uv": [24, 58], "uv_size": [1, 2]},
								"down": {"uv": [26, 60], "uv_size": [1, -2]}
							}
						},
						{
							"origin": [-0.5, 5.20752, 5.51502],
							"size": [1, 2.15, 5.1],
							"inflate": -0.001,
							"pivot": [0, 6.28252, 15.14002],
							"rotation": [-20, 0, 0],
							"uv": {
								"north": {"uv": [58, 30], "uv_size": [1, 2]},
								"east": {"uv": [37, 4], "uv_size": [5, 2]},
								"south": {"uv": [38, 58], "uv_size": [1, 2]},
								"west": {"uv": [37, 15], "uv_size": [5, 2]},
								"up": {"uv": [18, 51], "uv_size": [1, 5]},
								"down": {"uv": [42, 56], "uv_size": [1, -5]}
							}
						},
						{
							"origin": [-0.6, 6.83464, 5.91315],
							"size": [1.2, 1.75, 13.45],
							"uv": {
								"north": {"uv": [40, 58], "uv_size": [1, 2]},
								"east": {"uv": [0, 18], "uv_size": [13.5, 2]},
								"south": {"uv": [58, 50], "uv_size": [1, 2]},
								"west": {"uv": [15, 18], "uv_size": [13.5, 2]},
								"up": {"uv": [12, 25], "uv_size": [1, 13.5]},
								"down": {"uv": [28, 43.5], "uv_size": [1, -13.5]}
							}
						},
						{
							"origin": [-0.5, 3.26448, 13.81625],
							"size": [1, 3.7, 5.4],
							"pivot": [0, 6.30198, 19.61625],
							"rotation": [-2.5, 0, 0],
							"uv": {
								"north": {"uv": [20, 54], "uv_size": [1, 3.5]},
								"east": {"uv": [18, 21], "uv_size": [5.5, 3.5]},
								"south": {"uv": [22, 54], "uv_size": [1, 3.5]},
								"west": {"uv": [24, 4], "uv_size": [5.5, 3.5]},
								"up": {"uv": [24, 48], "uv_size": [1, 5.5]},
								"down": {"uv": [26, 53.5], "uv_size": [1, -5.5]}
							}
						},
						{
							"origin": [-0.5, 4.91402, 11.5754],
							"size": [1, 1.85, 3.9],
							"inflate": 0.001,
							"pivot": [0, 5.76402, 13.3754],
							"rotation": [-60, 0, 0],
							"uv": {
								"north": {"uv": [52, 58], "uv_size": [1, 2]},
								"east": {"uv": [38, 20], "uv_size": [4, 2]},
								"south": {"uv": [58, 53], "uv_size": [1, 2]},
								"west": {"uv": [39, 23], "uv_size": [4, 2]},
								"up": {"uv": [36, 52], "uv_size": [1, 4]},
								"down": {"uv": [52, 53], "uv_size": [1, -4]}
							}
						},
						{
							"origin": [-0.6, 3.20964, 19.28815],
							"size": [1.2, 6.15, 0.8],
							"inflate": 0.001,
							"pivot": [0, 7.94714, 19.76315],
							"rotation": [-2.5, 0, 0],
							"uv": {
								"north": {"uv": [36, 45], "uv_size": [1, 6]},
								"east": {"uv": [20, 47], "uv_size": [1, 6]},
								"south": {"uv": [22, 47], "uv_size": [1, 6]},
								"west": {"uv": [48, 0], "uv_size": [1, 6]},
								"up": {"uv": [61, 20], "uv_size": [1, 1]},
								"down": {"uv": [24, 62], "uv_size": [1, -1]}
							}
						},
						{
							"origin": [-0.01938, 8.85242, 5.91315],
							"size": [0.8, 0.15, 13.45],
							"pivot": [0.38062, 8.92742, 12.63815],
							"rotation": [0, 0, 68],
							"uv": {
								"north": {"uv": [63, 8], "uv_size": [1, 0.5]},
								"east": {"uv": [44, 24], "uv_size": [13.5, 0.5]},
								"south": {"uv": [9, 63], "uv_size": [1, 0.5]},
								"west": {"uv": [42, 44], "uv_size": [13.5, 0.5]},
								"up": {"uv": [30, 30], "uv_size": [1, 13.5]},
								"down": {"uv": [4, 44.5], "uv_size": [1, -13.5]}
							}
						},
						{
							"origin": [-0.78062, 8.85242, 5.91315],
							"size": [0.8, 0.15, 13.45],
							"pivot": [-0.38062, 8.92742, 12.63815],
							"rotation": [0, 0, -68],
							"uv": {
								"north": {"uv": [63, 10], "uv_size": [1, 0.5]},
								"east": {"uv": [45, 26], "uv_size": [13.5, 0.5]},
								"south": {"uv": [63, 12], "uv_size": [1, 0.5]},
								"west": {"uv": [45, 28], "uv_size": [13.5, 0.5]},
								"up": {"uv": [6, 31], "uv_size": [1, 13.5]},
								"down": {"uv": [0, 45.5], "uv_size": [1, -13.5]}
							}
						},
						{
							"origin": [-0.30031, 9.17639, 5.91315],
							"size": [0.6, 0.15, 13.45],
							"uv": {
								"north": {"uv": [15, 65], "uv_size": [0.5, 0.5]},
								"east": {"uv": [45, 34], "uv_size": [13.5, 0.5]},
								"south": {"uv": [65, 16], "uv_size": [0.5, 0.5]},
								"west": {"uv": [45, 36], "uv_size": [13.5, 0.5]},
								"up": {"uv": [28, 45], "uv_size": [0.5, 13.5]},
								"down": {"uv": [30, 58.5], "uv_size": [0.5, -13.5]}
							}
						},
						{
							"origin": [-0.30031, 6.41686, 5.91315],
							"size": [0.6, 0.15, 13.45],
							"pivot": [0, 6.32988, 12.63815],
							"rotation": [0, 0, -180],
							"uv": {
								"north": {"uv": [65, 18], "uv_size": [0.5, 0.5]},
								"east": {"uv": [45, 38], "uv_size": [13.5, 0.5]},
								"south": {"uv": [20, 65], "uv_size": [0.5, 0.5]},
								"west": {"uv": [46, 8], "uv_size": [13.5, 0.5]},
								"up": {"uv": [32, 45], "uv_size": [0.5, 13.5]},
								"down": {"uv": [34, 58.5], "uv_size": [0.5, -13.5]}
							}
						},
						{
							"origin": [-0.69277, 6.5471, 5.91315],
							"size": [0.8, 0.15, 13.45],
							"pivot": [0, 6.32988, 12.63815],
							"rotation": [0, 0, 112],
							"uv": {
								"north": {"uv": [63, 14], "uv_size": [1, 0.5]},
								"east": {"uv": [46, 10], "uv_size": [13.5, 0.5]},
								"south": {"uv": [63, 16], "uv_size": [1, 0.5]},
								"west": {"uv": [46, 12], "uv_size": [13.5, 0.5]},
								"up": {"uv": [2, 32], "uv_size": [1, 13.5]},
								"down": {"uv": [32, 43.5], "uv_size": [1, -13.5]}
							}
						},
						{
							"origin": [-0.10723, 6.5471, 5.91315],
							"size": [0.8, 0.15, 13.45],
							"pivot": [0, 6.32988, 12.63815],
							"rotation": [0, 0, -112],
							"uv": {
								"north": {"uv": [63, 18], "uv_size": [1, 0.5]},
								"east": {"uv": [46, 14], "uv_size": [13.5, 0.5]},
								"south": {"uv": [63, 20], "uv_size": [1, 0.5]},
								"west": {"uv": [46, 16], "uv_size": [13.5, 0.5]},
								"up": {"uv": [34, 30], "uv_size": [1, 13.5]},
								"down": {"uv": [18, 49.5], "uv_size": [1, -13.5]}
							}
						},
						{
							"origin": [-0.8, 6.07016, -3.78461],
							"size": [1.6, 0.4, 2.45],
							"inflate": -0.001,
							"pivot": [0, 6.22016, -2.50961],
							"rotation": [-75, 0, 0],
							"uv": {
								"north": {"uv": [61, 48], "uv_size": [1.5, 0.5]},
								"east": {"uv": [61, 0], "uv_size": [2.5, 0.5]},
								"south": {"uv": [32, 62], "uv_size": [1.5, 0.5]},
								"west": {"uv": [61, 2], "uv_size": [2.5, 0.5]},
								"up": {"uv": [52, 30], "uv_size": [1.5, 2.5]},
								"down": {"uv": [7, 55.5], "uv_size": [1.5, -2.5]}
							}
						}
					]
				},
				{
					"name": "banji",
					"parent": "base",
					"pivot": [0, 6.14454, 3.74102],
					"rotation": [15, 0, 0],
					"cubes": [
						{
							"origin": [-0.17, 5.7022, 3.5809],
							"size": [0.34, 0.75, 0.175],
							"pivot": [0, 6.0772, 3.6559],
							"rotation": [29.5, 0, 0],
							"uv": {
								"north": {"uv": [22, 63], "uv_size": [0.5, 1]},
								"east": {"uv": [63, 22], "uv_size": [0.5, 1]},
								"south": {"uv": [24, 63], "uv_size": [0.5, 1]},
								"west": {"uv": [38, 63], "uv_size": [0.5, 1]},
								"up": {"uv": [65, 20], "uv_size": [0.5, 0.5]},
								"down": {"uv": [22, 65.5], "uv_size": [0.5, -0.5]}
							}
						},
						{
							"origin": [-0.17, 5.37994, 3.72671],
							"size": [0.34, 0.79, 0.2],
							"uv": {
								"north": {"uv": [65, 22], "uv_size": [0.5, 0.5]},
								"east": {"uv": [24, 65], "uv_size": [0.5, 0.5]},
								"south": {"uv": [28, 65], "uv_size": [0.5, 0.5]},
								"west": {"uv": [30, 65], "uv_size": [0.5, 0.5]},
								"up": {"uv": [38, 65], "uv_size": [0.5, 0.5]},
								"down": {"uv": [65, 44.5], "uv_size": [0.5, -0.5]}
							}
						},
						{
							"origin": [-0.17, 4.99566, 3.65038],
							"size": [0.34, 0.44, 0.2],
							"pivot": [0, 5.23566, 3.76288],
							"rotation": [-25, 0, 0],
							"uv": {
								"north": {"uv": [54, 65], "uv_size": [0.5, 0.5]},
								"east": {"uv": [56, 65], "uv_size": [0.5, 0.5]},
								"south": {"uv": [64, 65], "uv_size": [0.5, 0.5]},
								"west": {"uv": [0, 66], "uv_size": [0.5, 0.5]},
								"up": {"uv": [6, 66], "uv_size": [0.5, 0.5]},
								"down": {"uv": [10, 66.5], "uv_size": [0.5, -0.5]}
							}
						}
					]
				},
				{
					"name": "positioning",
					"pivot": [0, 0, 0]
				},
				{
					"name": "thirdperson_hand",
					"parent": "positioning",
					"pivot": [0, 5.775, 4.45]
				},
				{
					"name": "ground",
					"parent": "positioning",
					"pivot": [0, 0, -1]
				},
				{
					"name": "fixed",
					"parent": "positioning",
					"pivot": [1.5, 9, -1],
					"rotation": [0, 90, 0]
				},
				{
					"name": "shell",
					"parent": "positioning",
					"pivot": [-0.25, 8.8, 0.275]
				},
				{
					"name": "muzzle_flash",
					"parent": "positioning",
					"pivot": [0, 8.4, -25.1]
				}
			]
		}
	]
}