{
	"format_version": "1.12.0",
	"minecraft:geometry": [
		{
			"description": {
				"identifier": "geometry.unknown",
				"texture_width": 128,
				"texture_height": 128,
				"visible_bounds_width": 3,
				"visible_bounds_height": 2.5,
				"visible_bounds_offset": [0, 0.75, 0]
			},
			"bones": [
				{
					"name": "base",
					"pivot": [0, 0, 0],
					"cubes": [
						{
							"origin": [0.35, 10.4, -13.9],
							"size": [0.65, 1.4, 14],
							"uv": {
								"north": {"uv": [59, 47], "uv_size": [0.5, 1.5]},
								"east": {"uv": [7, 0], "uv_size": [14, 1.5]},
								"south": {"uv": [49, 59], "uv_size": [0.5, 1.5]},
								"west": {"uv": [7, 3], "uv_size": [14, 1.5]},
								"up": {"uv": [37, 30], "uv_size": [0.5, 14]},
								"down": {"uv": [11, 53], "uv_size": [0.5, -14]}
							}
						},
						{
							"origin": [-1, 10.4, -13.9],
							"size": [0.65, 1.4, 14],
							"uv": {
								"north": {"uv": [59, 50], "uv_size": [0.5, 1.5]},
								"east": {"uv": [7, 6], "uv_size": [14, 1.5]},
								"south": {"uv": [55, 59], "uv_size": [0.5, 1.5]},
								"west": {"uv": [7, 9], "uv_size": [14, 1.5]},
								"up": {"uv": [13, 39], "uv_size": [0.5, 14]},
								"down": {"uv": [30, 53], "uv_size": [0.5, -14]}
							}
						},
						{
							"origin": [-0.58787, 10.78787, -13.9],
							"size": [0.4, 0.4, 14],
							"pivot": [-0.38787, 10.98787, -6.9],
							"rotation": [0, 0, 55],
							"uv": {
								"north": {"uv": [37, 64], "uv_size": [0.5, 0.5]},
								"east": {"uv": [39, 4], "uv_size": [14, 0.5]},
								"south": {"uv": [39, 64], "uv_size": [0.5, 0.5]},
								"west": {"uv": [39, 6], "uv_size": [14, 0.5]},
								"up": {"uv": [39, 30], "uv_size": [0.5, 14]},
								"down": {"uv": [32, 53], "uv_size": [0.5, -14]}
							}
						},
						{
							"origin": [0.18787, 10.78787, -13.9],
							"size": [0.4, 0.4, 14],
							"pivot": [0.38787, 10.98787, -6.9],
							"rotation": [0, 0, -55],
							"uv": {
								"north": {"uv": [41, 64], "uv_size": [0.5, 0.5]},
								"east": {"uv": [39, 8], "uv_size": [14, 0.5]},
								"south": {"uv": [46, 64], "uv_size": [0.5, 0.5]},
								"west": {"uv": [39, 21], "uv_size": [14, 0.5]},
								"up": {"uv": [34, 39], "uv_size": [0.5, 14]},
								"down": {"uv": [15, 54], "uv_size": [0.5, -14]}
							}
						},
						{
							"origin": [-0.82358, 12.31915, -13.9],
							"size": [0.875, 0.85, 14],
							"pivot": [-0.47358, 12.26915, -6.9],
							"rotation": [0, 0, 90],
							"uv": {
								"north": {"uv": [58, 6], "uv_size": [1, 1]},
								"east": {"uv": [24, 21], "uv_size": [14, 1]},
								"south": {"uv": [58, 37], "uv_size": [1, 1]},
								"west": {"uv": [24, 23], "uv_size": [14, 1]},
								"up": {"uv": [11, 24], "uv_size": [1, 14]},
								"down": {"uv": [13, 38], "uv_size": [1, -14]}
							}
						},
						{
							"origin": [-1.03349, 9.84199, -13.9],
							"size": [1, 0.5, 14],
							"pivot": [-0.53349, 10.09199, -6.9],
							"rotation": [0, 0, 60],
							"uv": {
								"north": {"uv": [61, 35], "uv_size": [1, 0.5]},
								"east": {"uv": [39, 23], "uv_size": [14, 0.5]},
								"south": {"uv": [61, 48], "uv_size": [1, 0.5]},
								"west": {"uv": [40, 10], "uv_size": [14, 0.5]},
								"up": {"uv": [24, 25], "uv_size": [1, 14]},
								"down": {"uv": [26, 39], "uv_size": [1, -14]}
							}
						},
						{
							"origin": [-1.00842, 11.61618, -13.9],
							"size": [1, 0.7, 14],
							"pivot": [-0.50842, 12.06618, -6.9],
							"rotation": [0, 0, -55],
							"uv": {
								"north": {"uv": [61, 50], "uv_size": [1, 0.5]},
								"east": {"uv": [40, 12], "uv_size": [14, 0.5]},
								"south": {"uv": [51, 61], "uv_size": [1, 0.5]},
								"west": {"uv": [40, 14], "uv_size": [14, 0.5]},
								"up": {"uv": [19, 28], "uv_size": [1, 14]},
								"down": {"uv": [21, 42], "uv_size": [1, -14]}
							}
						},
						{
							"origin": [0.00842, 11.61618, -13.9],
							"size": [1, 0.7, 14],
							"pivot": [0.50842, 12.06618, -6.9],
							"rotation": [0, 0, 55],
							"uv": {
								"north": {"uv": [61, 55], "uv_size": [1, 0.5]},
								"east": {"uv": [40, 16], "uv_size": [14, 0.5]},
								"south": {"uv": [61, 57], "uv_size": [1, 0.5]},
								"west": {"uv": [40, 18], "uv_size": [14, 0.5]},
								"up": {"uv": [28, 25], "uv_size": [1, 14]},
								"down": {"uv": [5, 43], "uv_size": [1, -14]}
							}
						},
						{
							"origin": [0.03349, 9.84199, -13.9],
							"size": [1, 0.5, 14],
							"pivot": [0.53349, 10.09199, -6.9],
							"rotation": [0, 0, -60],
							"uv": {
								"north": {"uv": [61, 59], "uv_size": [1, 0.5]},
								"east": {"uv": [40, 25], "uv_size": [14, 0.5]},
								"south": {"uv": [61, 61], "uv_size": [1, 0.5]},
								"west": {"uv": [40, 27], "uv_size": [14, 0.5]},
								"up": {"uv": [7, 29], "uv_size": [1, 14]},
								"down": {"uv": [9, 43], "uv_size": [1, -14]}
							}
						},
						{
							"origin": [-0.5, 9.53397, -13.9],
							"size": [1, 1.475, 14],
							"uv": {
								"north": {"uv": [57, 12], "uv_size": [1, 1.5]},
								"east": {"uv": [0, 12], "uv_size": [14, 1.5]},
								"south": {"uv": [16, 57], "uv_size": [1, 1.5]},
								"west": {"uv": [0, 15], "uv_size": [14, 1.5]},
								"up": {"uv": [0, 30], "uv_size": [1, 14]},
								"down": {"uv": [2, 44], "uv_size": [1, -14]}
							}
						},
						{
							"origin": [-0.55, 7.3, 0.1],
							"size": [1.1, 1.1, 4.7],
							"inflate": 0.001,
							"uv": {
								"north": {"uv": [53, 58], "uv_size": [1, 1]},
								"east": {"uv": [0, 10], "uv_size": [4.5, 1]},
								"south": {"uv": [58, 53], "uv_size": [1, 1]},
								"west": {"uv": [53, 29], "uv_size": [4.5, 1]},
								"up": {"uv": [9, 44], "uv_size": [1, 4.5]},
								"down": {"uv": [27, 52.5], "uv_size": [1, -4.5]}
							}
						},
						{
							"origin": [-0.55, 6.6, -0.1],
							"size": [1.1, 0.625, 1.9],
							"pivot": [0, 7.15, 2.4],
							"rotation": [-7.5, 0, 0],
							"uv": {
								"north": {"uv": [62, 3], "uv_size": [1, 0.5]},
								"east": {"uv": [58, 55], "uv_size": [2, 0.5]},
								"south": {"uv": [8, 62], "uv_size": [1, 0.5]},
								"west": {"uv": [58, 57], "uv_size": [2, 0.5]},
								"up": {"uv": [17, 40], "uv_size": [1, 2]},
								"down": {"uv": [3, 58], "uv_size": [1, -2]}
							}
						},
						{
							"origin": [-0.55, 7.26324, 1.83256],
							"size": [1.1, 0.875, 0.4],
							"pivot": [0, 7.57574, 1.28256],
							"rotation": [-45, 0, 0],
							"uv": {
								"north": {"uv": [0, 59], "uv_size": [1, 1]},
								"east": {"uv": [62, 8], "uv_size": [0.5, 1]},
								"south": {"uv": [59, 0], "uv_size": [1, 1]},
								"west": {"uv": [62, 10], "uv_size": [0.5, 1]},
								"up": {"uv": [62, 16], "uv_size": [1, 0.5]},
								"down": {"uv": [62, 18.5], "uv_size": [1, -0.5]}
							}
						},
						{
							"origin": [-0.55, 5.86287, 1.27795],
							"size": [1.1, 0.85, 0.4],
							"pivot": [0, 6.27537, 1.47795],
							"rotation": [-7.5, 0, 0],
							"uv": {
								"north": {"uv": [2, 59], "uv_size": [1, 1]},
								"east": {"uv": [34, 62], "uv_size": [0.5, 1]},
								"south": {"uv": [59, 2], "uv_size": [1, 1]},
								"west": {"uv": [48, 62], "uv_size": [0.5, 1]},
								"up": {"uv": [55, 62], "uv_size": [1, 0.5]},
								"down": {"uv": [57, 62.5], "uv_size": [1, -0.5]}
							}
						},
						{
							"origin": [-0.55, 6.21508, 0.93137],
							"size": [1.1, 0.55, 0.35],
							"pivot": [0, 6.32758, 1.08137],
							"rotation": [-7.5, 0, 0],
							"uv": {
								"north": {"uv": [59, 62], "uv_size": [1, 0.5]},
								"east": {"uv": [48, 64], "uv_size": [0.5, 0.5]},
								"south": {"uv": [63, 0], "uv_size": [1, 0.5]},
								"west": {"uv": [54, 64], "uv_size": [0.5, 0.5]},
								"up": {"uv": [4, 63], "uv_size": [1, 0.5]},
								"down": {"uv": [63, 5.5], "uv_size": [1, -0.5]}
							}
						},
						{
							"origin": [-0.55, 5.8374, -0.00171],
							"size": [1.1, 0.425, 2.5],
							"pivot": [0, 6.0499, 1.24829],
							"rotation": [-56, 0, 0],
							"uv": {
								"north": {"uv": [6, 63], "uv_size": [1, 0.5]},
								"east": {"uv": [57, 15], "uv_size": [2.5, 0.5]},
								"south": {"uv": [10, 63], "uv_size": [1, 0.5]},
								"west": {"uv": [47, 57], "uv_size": [2.5, 0.5]},
								"up": {"uv": [14, 55], "uv_size": [1, 2.5]},
								"down": {"uv": [55, 27.5], "uv_size": [1, -2.5]}
							}
						},
						{
							"origin": [-0.55, 4.82776, 1.78048],
							"size": [1.1, 0.275, 2.225],
							"pivot": [0, 5.04026, 3.05548],
							"rotation": [-3, 0, 0],
							"uv": {
								"north": {"uv": [12, 63], "uv_size": [1, 0.5]},
								"east": {"uv": [59, 4], "uv_size": [2, 0.5]},
								"south": {"uv": [16, 63], "uv_size": [1, 0.5]},
								"west": {"uv": [59, 8], "uv_size": [2, 0.5]},
								"up": {"uv": [56, 53], "uv_size": [1, 2]},
								"down": {"uv": [56, 58], "uv_size": [1, -2]}
							}
						},
						{
							"origin": [-0.55, 5.17191, 3.86613],
							"size": [1.1, 0.275, 1.8],
							"pivot": [0, 5.30941, 4.96613],
							"rotation": [21.5, 0, 0],
							"uv": {
								"north": {"uv": [18, 63], "uv_size": [1, 0.5]},
								"east": {"uv": [59, 10], "uv_size": [2, 0.5]},
								"south": {"uv": [63, 20], "uv_size": [1, 0.5]},
								"west": {"uv": [11, 59], "uv_size": [2, 0.5]},
								"up": {"uv": [57, 0], "uv_size": [1, 2]},
								"down": {"uv": [57, 5], "uv_size": [1, -2]}
							}
						},
						{
							"origin": [-0.5, 12.3, -12.975],
							"size": [1, 0.9, 17.775],
							"inflate": 0.001,
							"uv": {
								"north": {"uv": [59, 12], "uv_size": [1, 1]},
								"east": {"uv": [15, 12], "uv_size": [18, 1]},
								"south": {"uv": [14, 59], "uv_size": [1, 1]},
								"west": {"uv": [15, 14], "uv_size": [18, 1]},
								"up": {"uv": [15, 16], "uv_size": [1, 18]},
								"down": {"uv": [17, 34], "uv_size": [1, -18]}
							}
						},
						{
							"origin": [0.21154, 12.3, 2.16611],
							"size": [0.5, 0.9, 2.775],
							"pivot": [0.21154, 12.75, 3.55361],
							"rotation": [0, 12.5, 0],
							"uv": {
								"north": {"uv": [63, 22], "uv_size": [0.5, 1]},
								"east": {"uv": [0, 45], "uv_size": [3, 1]},
								"south": {"uv": [25, 63], "uv_size": [0.5, 1]},
								"west": {"uv": [36, 45], "uv_size": [3, 1]},
								"up": {"uv": [18, 57], "uv_size": [0.5, 3]},
								"down": {"uv": [57, 28], "uv_size": [0.5, -3]}
							}
						},
						{
							"origin": [-0.71154, 12.3, 2.16611],
							"size": [0.5, 0.9, 2.775],
							"pivot": [-0.21154, 12.75, 3.55361],
							"rotation": [0, -12.5, 0],
							"uv": {
								"north": {"uv": [63, 26], "uv_size": [0.5, 1]},
								"east": {"uv": [54, 23], "uv_size": [3, 1]},
								"south": {"uv": [63, 28], "uv_size": [0.5, 1]},
								"west": {"uv": [27, 54], "uv_size": [3, 1]},
								"up": {"uv": [30, 57], "uv_size": [0.5, 3]},
								"down": {"uv": [32, 60], "uv_size": [0.5, -3]}
							}
						},
						{
							"origin": [-1, 7.3, 4.8],
							"size": [2, 5.9, 1.975],
							"inflate": 0.001,
							"uv": {
								"north": {"uv": [27, 4], "uv_size": [2, 6]},
								"east": {"uv": [30, 4], "uv_size": [2, 6]},
								"south": {"uv": [33, 4], "uv_size": [2, 6]},
								"west": {"uv": [34, 11], "uv_size": [2, 6]},
								"up": {"uv": [34, 18], "uv_size": [2, 2]},
								"down": {"uv": [53, 33], "uv_size": [2, -2]}
							}
						},
						{
							"origin": [-1, 9.19582, 5.71027],
							"size": [2, 3.7, 2.075],
							"pivot": [0, 11.44582, 6.79777],
							"rotation": [35, 0, 0],
							"uv": {
								"north": {"uv": [23, 40], "uv_size": [2, 3.5]},
								"east": {"uv": [26, 40], "uv_size": [2, 3.5]},
								"south": {"uv": [41, 29], "uv_size": [2, 3.5]},
								"west": {"uv": [41, 34], "uv_size": [2, 3.5]},
								"up": {"uv": [53, 34], "uv_size": [2, 2]},
								"down": {"uv": [36, 55], "uv_size": [2, -2]}
							}
						},
						{
							"origin": [-1, 4.87353, 5.11589],
							"size": [2, 4, 5.575],
							"pivot": [0, 6.62353, 8.25339],
							"rotation": [122.5, 0, 0],
							"uv": {
								"north": {"uv": [37, 16], "uv_size": [2, 4]},
								"east": {"uv": [0, 0], "uv_size": [5.5, 4]},
								"south": {"uv": [37, 25], "uv_size": [2, 4]},
								"west": {"uv": [0, 5], "uv_size": [5.5, 4]},
								"up": {"uv": [34, 25], "uv_size": [2, 5.5]},
								"down": {"uv": [34, 37.5], "uv_size": [2, -5.5]}
							}
						},
						{
							"origin": [-1, 5.48788, 4.56194],
							"size": [2, 1.5, 1.775],
							"inflate": -0.001,
							"pivot": [0, 6.53788, 5.69944],
							"rotation": [82.5, 0, 0],
							"uv": {
								"north": {"uv": [31, 54], "uv_size": [2, 1.5]},
								"east": {"uv": [45, 54], "uv_size": [2, 1.5]},
								"south": {"uv": [48, 54], "uv_size": [2, 1.5]},
								"west": {"uv": [51, 54], "uv_size": [2, 1.5]},
								"up": {"uv": [39, 53], "uv_size": [2, 2]},
								"down": {"uv": [42, 55], "uv_size": [2, -2]}
							}
						},
						{
							"origin": [-1, 1.49587, 8.04984],
							"size": [2, 3.4, 4.975],
							"inflate": 0.001,
							"pivot": [0, 3.19587, 10.53734],
							"rotation": [112.5, 0, 0],
							"uv": {
								"north": {"uv": [41, 39], "uv_size": [2, 3.5]},
								"east": {"uv": [5, 24], "uv_size": [5, 3.5]},
								"south": {"uv": [17, 43], "uv_size": [2, 3.5]},
								"west": {"uv": [24, 16], "uv_size": [5, 3.5]},
								"up": {"uv": [36, 4], "uv_size": [2, 5]},
								"down": {"uv": [37, 15], "uv_size": [2, -5]}
							}
						},
						{
							"origin": [-1, 1.05686, 7.52731],
							"size": [2, 2.1, 3.275],
							"pivot": [0, 1.95686, 9.16481],
							"rotation": [85, 0, 0],
							"uv": {
								"north": {"uv": [54, 3], "uv_size": [2, 2]},
								"east": {"uv": [41, 0], "uv_size": [3.5, 2]},
								"south": {"uv": [5, 54], "uv_size": [2, 2]},
								"west": {"uv": [4, 44], "uv_size": [3.5, 2]},
								"up": {"uv": [20, 43], "uv_size": [2, 3.5]},
								"down": {"uv": [44, 32.5], "uv_size": [2, -3.5]}
							}
						},
						{
							"origin": [-1, 6.92516, 6.88299],
							"size": [2, 3.325, 3.075],
							"inflate": -0.001,
							"pivot": [0, 8.57516, 8.12049],
							"rotation": [55, 0, 0],
							"uv": {
								"north": {"uv": [44, 34], "uv_size": [2, 3.5]},
								"east": {"uv": [30, 16], "uv_size": [3, 3.5]},
								"south": {"uv": [44, 39], "uv_size": [2, 3.5]},
								"west": {"uv": [15, 35], "uv_size": [3, 3.5]},
								"up": {"uv": [6, 47], "uv_size": [2, 3]},
								"down": {"uv": [47, 41], "uv_size": [2, -3]}
							}
						},
						{
							"origin": [-0.25, 9.84074, 9.08842],
							"size": [0.5, 1.7, 0.9],
							"pivot": [0, 10.16293, 9.25618],
							"rotation": [130, 0, 0],
							"uv": {
								"north": {"uv": [57, 59], "uv_size": [0.5, 1.5]},
								"east": {"uv": [57, 40], "uv_size": [1, 1.5]},
								"south": {"uv": [59, 59], "uv_size": [0.5, 1.5]},
								"west": {"uv": [57, 43], "uv_size": [1, 1.5]},
								"up": {"uv": [63, 30], "uv_size": [0.5, 1]},
								"down": {"uv": [63, 33], "uv_size": [0.5, -1]}
							}
						},
						{
							"origin": [-0.25, 8.78513, 9.18842],
							"size": [0.5, 1.7, 0.8],
							"pivot": [0, 10.16293, 9.25618],
							"rotation": [82.5, 0, 0],
							"uv": {
								"north": {"uv": [4, 60], "uv_size": [0.5, 1.5]},
								"east": {"uv": [45, 57], "uv_size": [1, 1.5]},
								"south": {"uv": [6, 60], "uv_size": [0.5, 1.5]},
								"west": {"uv": [57, 46], "uv_size": [1, 1.5]},
								"up": {"uv": [63, 34], "uv_size": [0.5, 1]},
								"down": {"uv": [63, 37], "uv_size": [0.5, -1]}
							}
						},
						{
							"origin": [0.2, 13.2, -12.8],
							"size": [0.3, 0.15, 1.3],
							"uv": {
								"north": {"uv": [56, 64], "uv_size": [0.5, 0.5]},
								"east": {"uv": [60, 6], "uv_size": [1.5, 0.5]},
								"south": {"uv": [58, 64], "uv_size": [0.5, 0.5]},
								"west": {"uv": [8, 60], "uv_size": [1.5, 0.5]},
								"up": {"uv": [16, 60], "uv_size": [0.5, 1.5]},
								"down": {"uv": [60, 18.5], "uv_size": [0.5, -1.5]}
							}
						},
						{
							"origin": [0.2, 13.1409, -12.92803],
							"size": [0.3, 0.125, 0.225],
							"pivot": [0.45, 13.1909, -12.85303],
							"rotation": [45, 0, 0],
							"uv": {
								"north": {"uv": [63, 64], "uv_size": [0.5, 0.5]},
								"east": {"uv": [65, 0], "uv_size": [0.5, 0.5]},
								"south": {"uv": [4, 65], "uv_size": [0.5, 0.5]},
								"west": {"uv": [65, 4], "uv_size": [0.5, 0.5]},
								"up": {"uv": [6, 65], "uv_size": [0.5, 0.5]},
								"down": {"uv": [10, 65.5], "uv_size": [0.5, -0.5]}
							}
						},
						{
							"origin": [0.2, 13.16376, -11.57714],
							"size": [0.3, 0.125, 0.225],
							"pivot": [0.45, 13.22626, -11.46464],
							"rotation": [-45, 0, 0],
							"uv": {
								"north": {"uv": [12, 65], "uv_size": [0.5, 0.5]},
								"east": {"uv": [16, 65], "uv_size": [0.5, 0.5]},
								"south": {"uv": [18, 65], "uv_size": [0.5, 0.5]},
								"west": {"uv": [65, 19], "uv_size": [0.5, 0.5]},
								"up": {"uv": [65, 21], "uv_size": [0.5, 0.5]},
								"down": {"uv": [24, 65.5], "uv_size": [0.5, -0.5]}
							}
						},
						{
							"origin": [-0.5, 13.2, -12.8],
							"size": [0.3, 0.15, 1.3],
							"uv": {
								"north": {"uv": [65, 26], "uv_size": [0.5, 0.5]},
								"east": {"uv": [60, 20], "uv_size": [1.5, 0.5]},
								"south": {"uv": [65, 28], "uv_size": [0.5, 0.5]},
								"west": {"uv": [60, 22], "uv_size": [1.5, 0.5]},
								"up": {"uv": [44, 60], "uv_size": [0.5, 1.5]},
								"down": {"uv": [53, 61.5], "uv_size": [0.5, -1.5]}
							}
						},
						{
							"origin": [0.4, 13.2, 5.5],
							"size": [0.6, 0.15, 1.25],
							"uv": {
								"north": {"uv": [65, 30], "uv_size": [0.5, 0.5]},
								"east": {"uv": [60, 37], "uv_size": [1.5, 0.5]},
								"south": {"uv": [65, 32], "uv_size": [0.5, 0.5]},
								"west": {"uv": [60, 53], "uv_size": [1.5, 0.5]},
								"up": {"uv": [0, 61], "uv_size": [0.5, 1.5]},
								"down": {"uv": [61, 1.5], "uv_size": [0.5, -1.5]}
							}
						},
						{
							"origin": [-0.05626, 13.10192, 5.5],
							"size": [0.5, 0.15, 1.25],
							"pivot": [0.14374, 13.17692, 6.125],
							"rotation": [0, 0, -20],
							"uv": {
								"north": {"uv": [65, 34], "uv_size": [0.5, 0.5]},
								"east": {"uv": [11, 61], "uv_size": [1.5, 0.5]},
								"south": {"uv": [65, 36], "uv_size": [0.5, 0.5]},
								"west": {"uv": [61, 12], "uv_size": [1.5, 0.5]},
								"up": {"uv": [2, 61], "uv_size": [0.5, 1.5]},
								"down": {"uv": [14, 62.5], "uv_size": [0.5, -1.5]}
							}
						},
						{
							"origin": [-0.44374, 13.10192, 5.5],
							"size": [0.5, 0.15, 1.25],
							"pivot": [-0.14374, 13.17692, 6.125],
							"rotation": [0, 0, 20],
							"uv": {
								"north": {"uv": [65, 38], "uv_size": [0.5, 0.5]},
								"east": {"uv": [61, 14], "uv_size": [1.5, 0.5]},
								"south": {"uv": [65, 40], "uv_size": [0.5, 0.5]},
								"west": {"uv": [18, 61], "uv_size": [1.5, 0.5]},
								"up": {"uv": [21, 61], "uv_size": [0.5, 1.5]},
								"down": {"uv": [23, 62.5], "uv_size": [0.5, -1.5]}
							}
						},
						{
							"origin": [0.4, 13.35, 5.8],
							"size": [0.6, 0.25, 0.75],
							"uv": {
								"north": {"uv": [65, 42], "uv_size": [0.5, 0.5]},
								"east": {"uv": [63, 38], "uv_size": [1, 0.5]},
								"south": {"uv": [43, 65], "uv_size": [0.5, 0.5]},
								"west": {"uv": [63, 40], "uv_size": [1, 0.5]},
								"up": {"uv": [63, 42], "uv_size": [0.5, 1]},
								"down": {"uv": [44, 64], "uv_size": [0.5, -1]}
							}
						},
						{
							"origin": [0.4, 13.36998, 6.38726],
							"size": [0.6, 0.15, 0.325],
							"pivot": [0.85, 13.39498, 6.54976],
							"rotation": [-52.5, 0, 0],
							"uv": {
								"north": {"uv": [65, 44], "uv_size": [0.5, 0.5]},
								"east": {"uv": [65, 46], "uv_size": [0.5, 0.5]},
								"south": {"uv": [65, 48], "uv_size": [0.5, 0.5]},
								"west": {"uv": [50, 65], "uv_size": [0.5, 0.5]},
								"up": {"uv": [65, 50], "uv_size": [0.5, 0.5]},
								"down": {"uv": [52, 65.5], "uv_size": [0.5, -0.5]}
							}
						},
						{
							"origin": [0.4, 13.1821, 4.94265],
							"size": [0.6, 0.25, 0.95],
							"pivot": [0.85, 13.3071, 5.46765],
							"rotation": [25, 0, 0],
							"uv": {
								"north": {"uv": [65, 52], "uv_size": [0.5, 0.5]},
								"east": {"uv": [63, 44], "uv_size": [1, 0.5]},
								"south": {"uv": [65, 54], "uv_size": [0.5, 0.5]},
								"west": {"uv": [63, 46], "uv_size": [1, 0.5]},
								"up": {"uv": [63, 48], "uv_size": [0.5, 1]},
								"down": {"uv": [50, 64], "uv_size": [0.5, -1]}
							}
						},
						{
							"origin": [-1, 13.1821, 4.94265],
							"size": [0.6, 0.25, 0.95],
							"pivot": [-0.85, 13.3071, 5.46765],
							"rotation": [25, 0, 0],
							"uv": {
								"north": {"uv": [65, 56], "uv_size": [0.5, 0.5]},
								"east": {"uv": [63, 50], "uv_size": [1, 0.5]},
								"south": {"uv": [65, 58], "uv_size": [0.5, 0.5]},
								"west": {"uv": [52, 63], "uv_size": [1, 0.5]},
								"up": {"uv": [63, 52], "uv_size": [0.5, 1]},
								"down": {"uv": [63, 55], "uv_size": [0.5, -1]}
							}
						},
						{
							"origin": [-1, 13.35, 5.8],
							"size": [0.6, 0.25, 0.75],
							"uv": {
								"north": {"uv": [60, 65], "uv_size": [0.5, 0.5]},
								"east": {"uv": [63, 56], "uv_size": [1, 0.5]},
								"south": {"uv": [65, 60], "uv_size": [0.5, 0.5]},
								"west": {"uv": [63, 58], "uv_size": [1, 0.5]},
								"up": {"uv": [63, 60], "uv_size": [0.5, 1]},
								"down": {"uv": [61, 64], "uv_size": [0.5, -1]}
							}
						},
						{
							"origin": [-1, 13.2, 5.5],
							"size": [0.6, 0.15, 1.25],
							"uv": {
								"north": {"uv": [65, 62], "uv_size": [0.5, 0.5]},
								"east": {"uv": [61, 24], "uv_size": [1.5, 0.5]},
								"south": {"uv": [65, 64], "uv_size": [0.5, 0.5]},
								"west": {"uv": [25, 61], "uv_size": [1.5, 0.5]},
								"up": {"uv": [61, 26], "uv_size": [0.5, 1.5]},
								"down": {"uv": [28, 62.5], "uv_size": [0.5, -1.5]}
							}
						},
						{
							"origin": [-1, 13.36998, 6.38726],
							"size": [0.6, 0.15, 0.325],
							"pivot": [-0.85, 13.39498, 6.54976],
							"rotation": [-52.5, 0, 0],
							"uv": {
								"north": {"uv": [0, 66], "uv_size": [0.5, 0.5]},
								"east": {"uv": [2, 66], "uv_size": [0.5, 0.5]},
								"south": {"uv": [66, 2], "uv_size": [0.5, 0.5]},
								"west": {"uv": [66, 6], "uv_size": [0.5, 0.5]},
								"up": {"uv": [8, 66], "uv_size": [0.5, 0.5]},
								"down": {"uv": [66, 8.5], "uv_size": [0.5, -0.5]}
							}
						},
						{
							"origin": [-0.05, 13.2, -12.7],
							"size": [0.1, 0.1, 1.1],
							"uv": {
								"north": {"uv": [66, 10], "uv_size": [0.5, 0.5]},
								"east": {"uv": [63, 62], "uv_size": [1, 0.5]},
								"south": {"uv": [66, 12], "uv_size": [0.5, 0.5]},
								"west": {"uv": [0, 64], "uv_size": [1, 0.5]},
								"up": {"uv": [2, 64], "uv_size": [0.5, 1]},
								"down": {"uv": [64, 3], "uv_size": [0.5, -1]}
							}
						},
						{
							"origin": [-0.5, 13.1409, -12.92803],
							"size": [0.3, 0.125, 0.225],
							"pivot": [-0.45, 13.1909, -12.85303],
							"rotation": [45, 0, 0],
							"uv": {
								"north": {"uv": [14, 66], "uv_size": [0.5, 0.5]},
								"east": {"uv": [66, 14], "uv_size": [0.5, 0.5]},
								"south": {"uv": [66, 16], "uv_size": [0.5, 0.5]},
								"west": {"uv": [20, 66], "uv_size": [0.5, 0.5]},
								"up": {"uv": [22, 66], "uv_size": [0.5, 0.5]},
								"down": {"uv": [66, 23.5], "uv_size": [0.5, -0.5]}
							}
						},
						{
							"origin": [-0.5, 13.16376, -11.57714],
							"size": [0.3, 0.125, 0.225],
							"pivot": [-0.45, 13.22626, -11.46464],
							"rotation": [-45, 0, 0],
							"uv": {
								"north": {"uv": [26, 66], "uv_size": [0.5, 0.5]},
								"east": {"uv": [28, 66], "uv_size": [0.5, 0.5]},
								"south": {"uv": [30, 66], "uv_size": [0.5, 0.5]},
								"west": {"uv": [32, 66], "uv_size": [0.5, 0.5]},
								"up": {"uv": [34, 66], "uv_size": [0.5, 0.5]},
								"down": {"uv": [36, 66.5], "uv_size": [0.5, -0.5]}
							}
						},
						{
							"origin": [-0.5, 11.83379, -13.4091],
							"size": [1, 1, 1],
							"pivot": [0, 12.33379, -13.1341],
							"rotation": [45, 0, 0],
							"uv": {
								"north": {"uv": [20, 59], "uv_size": [1, 1]},
								"east": {"uv": [22, 59], "uv_size": [1, 1]},
								"south": {"uv": [24, 59], "uv_size": [1, 1]},
								"west": {"uv": [59, 25], "uv_size": [1, 1]},
								"up": {"uv": [26, 59], "uv_size": [1, 1]},
								"down": {"uv": [59, 28], "uv_size": [1, -1]}
							}
						},
						{
							"origin": [-0.5, 8.8, -13],
							"size": [1, 1, 12.4],
							"uv": {
								"north": {"uv": [28, 59], "uv_size": [1, 1]},
								"east": {"uv": [27, 0], "uv_size": [12.5, 1]},
								"south": {"uv": [59, 29], "uv_size": [1, 1]},
								"west": {"uv": [27, 2], "uv_size": [12.5, 1]},
								"up": {"uv": [30, 25], "uv_size": [1, 12.5]},
								"down": {"uv": [32, 37.5], "uv_size": [1, -12.5]}
							}
						},
						{
							"origin": [-0.6, 6.925, -0.8],
							"size": [1.2, 2.875, 0.9],
							"inflate": -0.001,
							"uv": {
								"north": {"uv": [34, 54], "uv_size": [1, 3]},
								"east": {"uv": [54, 54], "uv_size": [1, 3]},
								"south": {"uv": [55, 9], "uv_size": [1, 3]},
								"west": {"uv": [55, 13], "uv_size": [1, 3]},
								"up": {"uv": [59, 31], "uv_size": [1, 1]},
								"down": {"uv": [59, 34], "uv_size": [1, -1]}
							}
						},
						{
							"origin": [-0.6, 6.97155, -1.47209],
							"size": [1.2, 3.7, 1.1],
							"pivot": [0, 7.87155, -1.07209],
							"rotation": [40, 0, 0],
							"uv": {
								"north": {"uv": [12, 54], "uv_size": [1, 3.5]},
								"east": {"uv": [21, 54], "uv_size": [1, 3.5]},
								"south": {"uv": [23, 54], "uv_size": [1, 3.5]},
								"west": {"uv": [25, 54], "uv_size": [1, 3.5]},
								"up": {"uv": [59, 35], "uv_size": [1, 1]},
								"down": {"uv": [36, 60], "uv_size": [1, -1]}
							}
						},
						{
							"origin": [-0.6, 7.97155, -0.37209],
							"size": [1.2, 1.8, 0.8],
							"pivot": [0, 7.87155, -1.07209],
							"rotation": [40, 0, 0],
							"uv": {
								"north": {"uv": [5, 57], "uv_size": [1, 2]},
								"east": {"uv": [7, 57], "uv_size": [1, 2]},
								"south": {"uv": [9, 57], "uv_size": [1, 2]},
								"west": {"uv": [57, 9], "uv_size": [1, 2]},
								"up": {"uv": [38, 59], "uv_size": [1, 1]},
								"down": {"uv": [59, 40], "uv_size": [1, -1]}
							}
						},
						{
							"origin": [-0.5, 9.16621, -13.6341],
							"size": [1, 1, 1.2],
							"inflate": -0.001,
							"pivot": [0, 9.66621, -13.1591],
							"rotation": [-45, 0, 0],
							"uv": {
								"north": {"uv": [40, 59], "uv_size": [1, 1]},
								"east": {"uv": [59, 41], "uv_size": [1, 1]},
								"south": {"uv": [42, 59], "uv_size": [1, 1]},
								"west": {"uv": [59, 43], "uv_size": [1, 1]},
								"up": {"uv": [59, 45], "uv_size": [1, 1]},
								"down": {"uv": [47, 60], "uv_size": [1, -1]}
							}
						}
					]
				},
				{
					"name": "Trigger2",
					"parent": "base",
					"pivot": [-0.02404, 6.79315, 4.21059],
					"cubes": [
						{
							"origin": [-0.27716, 5.45625, 3.99531],
							"size": [0.50625, 0.85781, 0.43594],
							"pivot": [-0.02404, 6.32813, 3.86875],
							"rotation": [-38.5, 0, 0],
							"uv": {
								"north": {"uv": [64, 7], "uv_size": [0.5, 1]},
								"east": {"uv": [8, 64], "uv_size": [0.5, 1]},
								"south": {"uv": [64, 9], "uv_size": [0.5, 1]},
								"west": {"uv": [64, 11], "uv_size": [0.5, 1]},
								"up": {"uv": [38, 66], "uv_size": [0.5, 0.5]},
								"down": {"uv": [40, 66.5], "uv_size": [0.5, -0.5]}
							}
						},
						{
							"origin": [-0.27773, 6.15937, 3.95312],
							"size": [0.50738, 1.18126, 0.45001],
							"pivot": [-0.02404, 6.32813, 3.86875],
							"rotation": [-22.5, 0, 0],
							"uv": {
								"north": {"uv": [64, 13], "uv_size": [0.5, 1]},
								"east": {"uv": [14, 64], "uv_size": [0.5, 1]},
								"south": {"uv": [64, 15], "uv_size": [0.5, 1]},
								"west": {"uv": [64, 17], "uv_size": [0.5, 1]},
								"up": {"uv": [45, 66], "uv_size": [0.5, 0.5]},
								"down": {"uv": [47, 66.5], "uv_size": [0.5, -0.5]}
							}
						},
						{
							"origin": [-0.27716, 6.4125, 4.0375],
							"size": [0.50625, 0.9, 0.57656],
							"pivot": [-0.02404, 6.32813, 3.86875],
							"rotation": [15, 0, 0],
							"uv": {
								"north": {"uv": [20, 64], "uv_size": [0.5, 1]},
								"east": {"uv": [22, 64], "uv_size": [0.5, 1]},
								"south": {"uv": [64, 24], "uv_size": [0.5, 1]},
								"west": {"uv": [27, 64], "uv_size": [0.5, 1]},
								"up": {"uv": [54, 66], "uv_size": [0.5, 0.5]},
								"down": {"uv": [56, 66.5], "uv_size": [0.5, -0.5]}
							}
						},
						{
							"origin": [-0.27885, 7.03743, 4.28023],
							"size": [0.50962, 0.2897, 0.47786],
							"pivot": [-0.02404, 7.19915, 4.55529],
							"rotation": [-68, 0, 0],
							"uv": {
								"north": {"uv": [58, 66], "uv_size": [0.5, 0.5]},
								"east": {"uv": [62, 66], "uv_size": [0.5, 0.5]},
								"south": {"uv": [64, 66], "uv_size": [0.5, 0.5]},
								"west": {"uv": [66, 66], "uv_size": [0.5, 0.5]},
								"up": {"uv": [67, 0], "uv_size": [0.5, 0.5]},
								"down": {"uv": [4, 67.5], "uv_size": [0.5, -0.5]}
							}
						},
						{
							"origin": [-0.27941, 7.31896, 3.78254],
							"size": [0.51075, 0.18281, 0.7875],
							"uv": {
								"north": {"uv": [67, 4], "uv_size": [0.5, 0.5]},
								"east": {"uv": [29, 64], "uv_size": [1, 0.5]},
								"south": {"uv": [6, 67], "uv_size": [0.5, 0.5]},
								"west": {"uv": [31, 64], "uv_size": [1, 0.5]},
								"up": {"uv": [33, 64], "uv_size": [0.5, 1]},
								"down": {"uv": [35, 65], "uv_size": [0.5, -1]}
							}
						}
					]
				},
				{
					"name": "bone2",
					"parent": "base",
					"pivot": [0, 10.225, 2.45],
					"cubes": [
						{
							"origin": [-2, 9.375, 0.2],
							"size": [4, 1.7, 4.5],
							"inflate": 0.001,
							"uv": {
								"north": {"uv": [42, 47], "uv_size": [4, 1.5]},
								"east": {"uv": [41, 44], "uv_size": [4.5, 1.5]},
								"south": {"uv": [47, 42], "uv_size": [4, 1.5]},
								"west": {"uv": [23, 45], "uv_size": [4.5, 1.5]},
								"up": {"uv": [0, 18], "uv_size": [4, 4.5]},
								"down": {"uv": [5, 22.5], "uv_size": [4, -4.5]}
							}
						},
						{
							"origin": [-2.01103, 9.41492, 0.2],
							"size": [4.025, 1.625, 4.5],
							"pivot": [0.00147, 10.22742, 2.45],
							"rotation": [0, 0, -135],
							"uv": {
								"north": {"uv": [22, 48], "uv_size": [4, 1.5]},
								"east": {"uv": [47, 29], "uv_size": [4.5, 1.5]},
								"south": {"uv": [47, 48], "uv_size": [4, 1.5]},
								"west": {"uv": [47, 32], "uv_size": [4.5, 1.5]},
								"up": {"uv": [22, 0], "uv_size": [4, 4.5]},
								"down": {"uv": [22, 10.5], "uv_size": [4, -4.5]}
							}
						},
						{
							"origin": [-2.02353, 9.4201, 0.2],
							"size": [4.025, 1.625, 4.5],
							"pivot": [0.00147, 10.2451, 2.45],
							"rotation": [0, 0, -45],
							"uv": {
								"north": {"uv": [0, 50], "uv_size": [4, 1.5]},
								"east": {"uv": [47, 35], "uv_size": [4.5, 1.5]},
								"south": {"uv": [36, 50], "uv_size": [4, 1.5]},
								"west": {"uv": [36, 47], "uv_size": [4.5, 1.5]},
								"up": {"uv": [19, 22], "uv_size": [4, 4.5]},
								"down": {"uv": [0, 28.5], "uv_size": [4, -4.5]}
							}
						},
						{
							"origin": [-2, 9.375, 0.2],
							"size": [4, 1.7, 4.5],
							"inflate": 0.001,
							"pivot": [0, 10.225, 2.45],
							"rotation": [0, 0, -90],
							"uv": {
								"north": {"uv": [47, 45], "uv_size": [4, 1.5]},
								"east": {"uv": [46, 0], "uv_size": [4.5, 1.5]},
								"south": {"uv": [17, 48], "uv_size": [4, 1.5]},
								"west": {"uv": [0, 47], "uv_size": [4.5, 1.5]},
								"up": {"uv": [10, 18], "uv_size": [4, 4.5]},
								"down": {"uv": [19, 20.5], "uv_size": [4, -4.5]}
							}
						}
					]
				},
				{
					"name": "bone",
					"parent": "base",
					"pivot": [0.00042, 10.01627, 6.42156],
					"cubes": [
						{
							"origin": [-1.9031, 9.45757, 4.84165],
							"size": [3.78551, 1.52831, 1.59885],
							"pivot": [0.00141, 10.23348, 2.53743],
							"rotation": [0, 0, -45],
							"uv": {
								"north": {"uv": [50, 38], "uv_size": [4, 1.5]},
								"east": {"uv": [55, 17], "uv_size": [1.5, 1.5]},
								"south": {"uv": [41, 50], "uv_size": [4, 1.5]},
								"west": {"uv": [55, 37], "uv_size": [1.5, 1.5]},
								"up": {"uv": [5, 51], "uv_size": [4, 1.5]},
								"down": {"uv": [17, 52.5], "uv_size": [4, -1.5]}
							}
						},
						{
							"origin": [-1.88097, 9.41515, 4.84165],
							"size": [3.762, 1.59885, 1.59885],
							"uv": {
								"north": {"uv": [22, 51], "uv_size": [4, 1.5]},
								"east": {"uv": [0, 56], "uv_size": [1.5, 1.5]},
								"south": {"uv": [46, 51], "uv_size": [4, 1.5]},
								"west": {"uv": [27, 56], "uv_size": [1.5, 1.5]},
								"up": {"uv": [51, 51], "uv_size": [4, 1.5]},
								"down": {"uv": [52, 1.5], "uv_size": [4, -1.5]}
							}
						},
						{
							"origin": [1.20169, 9.41515, 4.87629],
							"size": [0.665, 1.59885, 1.59885],
							"pivot": [-0.01431, 10.21457, 5.67571],
							"rotation": [0, -45, 0],
							"uv": {
								"north": {"uv": [61, 29], "uv_size": [0.5, 1.5]},
								"east": {"uv": [56, 31], "uv_size": [1.5, 1.5]},
								"south": {"uv": [30, 61], "uv_size": [0.5, 1.5]},
								"west": {"uv": [56, 34], "uv_size": [1.5, 1.5]},
								"up": {"uv": [32, 61], "uv_size": [0.5, 1.5]},
								"down": {"uv": [61, 33.5], "uv_size": [0.5, -1.5]}
							}
						},
						{
							"origin": [-1.86664, 9.41515, 4.87629],
							"size": [0.665, 1.59885, 1.59885],
							"pivot": [0.01436, 10.21457, 5.67571],
							"rotation": [0, 45, 0],
							"uv": {
								"north": {"uv": [36, 61], "uv_size": [0.5, 1.5]},
								"east": {"uv": [36, 56], "uv_size": [1.5, 1.5]},
								"south": {"uv": [38, 61], "uv_size": [0.5, 1.5]},
								"west": {"uv": [39, 56], "uv_size": [1.5, 1.5]},
								"up": {"uv": [61, 39], "uv_size": [0.5, 1.5]},
								"down": {"uv": [40, 62.5], "uv_size": [0.5, -1.5]}
							}
						},
						{
							"origin": [-1.89134, 9.4527, 4.84165],
							"size": [3.78551, 1.52831, 1.59885],
							"pivot": [0.00141, 10.21685, 2.53743],
							"rotation": [0, 0, -135],
							"uv": {
								"north": {"uv": [52, 41], "uv_size": [4, 1.5]},
								"east": {"uv": [42, 56], "uv_size": [1.5, 1.5]},
								"south": {"uv": [52, 44], "uv_size": [4, 1.5]},
								"west": {"uv": [56, 50], "uv_size": [1.5, 1.5]},
								"up": {"uv": [52, 47], "uv_size": [4, 1.5]},
								"down": {"uv": [0, 54.5], "uv_size": [4, -1.5]}
							}
						},
						{
							"origin": [-1.97264, 9.53122, 5.21029],
							"size": [0.57, 1.52831, 2.35885],
							"pivot": [-0.07988, 10.29538, 6.00972],
							"rotation": [0, 35, -135],
							"uv": {
								"north": {"uv": [42, 61], "uv_size": [0.5, 1.5]},
								"east": {"uv": [54, 6], "uv_size": [2.5, 1.5]},
								"south": {"uv": [61, 42], "uv_size": [0.5, 1.5]},
								"west": {"uv": [8, 54], "uv_size": [2.5, 1.5]},
								"up": {"uv": [51, 57], "uv_size": [0.5, 2.5]},
								"down": {"uv": [58, 19.5], "uv_size": [0.5, -2.5]}
							}
						},
						{
							"origin": [1.40268, 9.53122, 5.21029],
							"size": [0.57, 1.52831, 2.35885],
							"pivot": [0.07993, 10.29538, 6.00972],
							"rotation": [0, -35, 135],
							"uv": {
								"north": {"uv": [61, 45], "uv_size": [0.5, 1.5]},
								"east": {"uv": [17, 54], "uv_size": [2.5, 1.5]},
								"south": {"uv": [46, 61], "uv_size": [0.5, 1.5]},
								"west": {"uv": [54, 20], "uv_size": [2.5, 1.5]},
								"up": {"uv": [58, 21], "uv_size": [0.5, 2.5]},
								"down": {"uv": [34, 60.5], "uv_size": [0.5, -2.5]}
							}
						}
					]
				},
				{
					"name": "positioning",
					"pivot": [0, 0, 0]
				},
				{
					"name": "ground",
					"parent": "positioning",
					"pivot": [0, 0, 0]
				},
				{
					"name": "fixed",
					"parent": "positioning",
					"pivot": [1.1, 10.425, -0.825],
					"rotation": [0, 90, 0]
				},
				{
					"name": "thirdperson_hand",
					"parent": "positioning",
					"pivot": [0.025, 6.875, 4.95]
				},
				{
					"name": "muzzle_flash",
					"parent": "positioning",
					"pivot": [0, 11.4, -13.9]
				}
			]
		}
	]
}