{
	"format_version": "1.12.0",
	"minecraft:geometry": [
		{
			"description": {
				"identifier": "geometry.ak47",
				"texture_width": 64,
				"texture_height": 64,
				"visible_bounds_width": 5,
				"visible_bounds_height": 2.5,
				"visible_bounds_offset": [0, 0.75, 0]
			},
			"bones": [
				{
					"name": "base",
					"pivot": [0, 5, 0]
				},
				{
					"name": "bone2",
					"parent": "base",
					"pivot": [0, 9, 2]
				},
				{
					"name": "Vandal",
					"parent": "bone2",
					"pivot": [0, 1, 0]
				},
				{
					"name": "mag_extended",
					"parent": "Vandal",
					"pivot": [0, 8, 2]
				},
				{
					"name": "extd_mag",
					"parent": "mag_extended",
					"pivot": [0, 8, 2],
					"cubes": [
						{
							"origin": [-0.5625, 6.76088, 0.8125],
							"size": [1.125, 2.54074, 3.3],
							"uv": {
								"north": {"uv": [21, 39], "uv_size": [1, 2.5]},
								"east": {"uv": [27, 0], "uv_size": [3.5, 2.5]},
								"south": {"uv": [22, 39], "uv_size": [1, 2.5]},
								"west": {"uv": [29, 18], "uv_size": [3.5, 2.5]},
								"up": {"uv": [9, 36], "uv_size": [1, 3.5]},
								"down": {"uv": [0, 40.5], "uv_size": [1, -3.5]}
							}
						},
						{
							"origin": [-0.575, 4.22897, -0.15464],
							"size": [1.15, 3.97824, 3.3],
							"pivot": [-0.0125, 5.05298, -0.00666],
							"rotation": [-22.5, 0, 0],
							"uv": {
								"north": {"uv": [3, 26], "uv_size": [1, 4]},
								"east": {"uv": [17, 12], "uv_size": [3.5, 4]},
								"south": {"uv": [34, 26], "uv_size": [1, 4]},
								"west": {"uv": [19, 0], "uv_size": [3.5, 4]},
								"up": {"uv": [1, 37], "uv_size": [1, 3.5]},
								"down": {"uv": [4, 40.5], "uv_size": [1, -3.5]}
							}
						},
						{
							"origin": [-0.5625, 1.50511, -0.00601],
							"size": [1.125, 3.97824, 3.3],
							"pivot": [0, 5.13409, 0.04754],
							"rotation": [-45, 0, 0],
							"uv": {
								"north": {"uv": [28, 34], "uv_size": [1, 4]},
								"east": {"uv": [19, 4], "uv_size": [3.5, 4]},
								"south": {"uv": [29, 34], "uv_size": [1, 4]},
								"west": {"uv": [20, 18], "uv_size": [3.5, 4]},
								"up": {"uv": [37, 4], "uv_size": [1, 3.5]},
								"down": {"uv": [5, 40.5], "uv_size": [1, -3.5]}
							}
						},
						{
							"origin": [-0.6875, 1.11237, -3.56645],
							"size": [1.375, 0.75, 3.8],
							"pivot": [0, 1.36237, -1.66645],
							"rotation": [-50, 0, 0],
							"uv": {
								"north": {"uv": [42, 8], "uv_size": [1.5, 1]},
								"east": {"uv": [32, 7], "uv_size": [4, 1]},
								"south": {"uv": [42, 9], "uv_size": [1.5, 1]},
								"west": {"uv": [20, 35], "uv_size": [4, 1]},
								"up": {"uv": [32, 24], "uv_size": [1.5, 4]},
								"down": {"uv": [32, 32], "uv_size": [1.5, -4]}
							}
						},
						{
							"origin": [0, 0.91237, -3.26645],
							"size": [0, 1, 0.8],
							"pivot": [-0.6875, 1.41237, -2.36645],
							"rotation": [-50, 0, 0],
							"uv": {
								"north": {"uv": [0, 0], "uv_size": [0, 1]},
								"east": {"uv": [13, 43], "uv_size": [1, 1]},
								"south": {"uv": [0, 0], "uv_size": [0, 1]},
								"west": {"uv": [14, 43], "uv_size": [1, 1]},
								"up": {"uv": [0, 0], "uv_size": [0, 1]},
								"down": {"uv": [0, 1], "uv_size": [0, -1]}
							}
						},
						{
							"origin": [-0.3125, 7.80162, 3.8625],
							"size": [0.625, 1.5, 0.1875],
							"uv": {
								"east": {"uv": [21, 43], "uv_size": [0.5, 1.5]},
								"south": {"uv": [43, 27], "uv_size": [0.5, 1.5]},
								"west": {"uv": [29, 43], "uv_size": [0.5, 1.5]},
								"up": {"uv": [45, 10], "uv_size": [0.5, 0.5]}
							}
						},
						{
							"origin": [-0.3125, 8.41657, 2.46378],
							"size": [0.625, 0.72824, 0.1875],
							"pivot": [0, 4.9573, -0.02569],
							"rotation": [-22.5, 0, 0],
							"uv": {
								"east": {"uv": [11, 45], "uv_size": [0.5, 0.5]},
								"south": {"uv": [45, 11], "uv_size": [0.5, 0.5]},
								"west": {"uv": [12, 45], "uv_size": [0.5, 0.5]}
							}
						}
					]
				},
				{
					"name": "vandal_default",
					"parent": "Vandal",
					"pivot": [0, 9, 0]
				},
				{
					"name": "handguard2",
					"parent": "vandal_default",
					"pivot": [0, 9.15625, -5.64331]
				},
				{
					"name": "wood4",
					"parent": "handguard2",
					"pivot": [0.73483, 9.4875, -6],
					"cubes": [
						{
							"origin": [-0.24368, 8.48465, -10.05],
							"size": [1.23, 1.7, 8.6],
							"pivot": [0.24632, 9.45965, -6.5],
							"rotation": [0, 0, 30],
							"uv": {
								"north": {"uv": [27, 41], "uv_size": [1, 1.5]},
								"east": {"uv": [23, 4], "uv_size": [8.5, 1.5]},
								"south": {"uv": [41, 30], "uv_size": [1, 1.5]},
								"west": {"uv": [23, 6], "uv_size": [8.5, 1.5]},
								"up": {"uv": [10, 30], "uv_size": [1, 8.5]},
								"down": {"uv": [11, 38.5], "uv_size": [1, -8.5]}
							}
						},
						{
							"origin": [0.21068, 8.06409, -1.87424],
							"size": [0.48, 1.7, 2.6],
							"pivot": [0.07568, 8.91409, -0.57424],
							"rotation": [-22.5, 0, 30],
							"uv": {
								"north": {"uv": [43, 34], "uv_size": [0.5, 1.5]},
								"east": {"uv": [36, 12], "uv_size": [2.5, 1.5]},
								"south": {"uv": [35, 43], "uv_size": [0.5, 1.5]},
								"west": {"uv": [36, 14], "uv_size": [2.5, 1.5]},
								"up": {"uv": [23, 42], "uv_size": [0.5, 2.5]},
								"down": {"uv": [24, 44.5], "uv_size": [0.5, -2.5]}
							}
						},
						{
							"origin": [-0.69068, 8.06409, -1.87424],
							"size": [0.48, 1.7, 2.6],
							"pivot": [-0.07568, 8.91409, -0.57424],
							"rotation": [-22.5, 0, -30],
							"uv": {
								"north": {"uv": [36, 43], "uv_size": [0.5, 1.5]},
								"east": {"uv": [36, 16], "uv_size": [2.5, 1.5]},
								"south": {"uv": [43, 36], "uv_size": [0.5, 1.5]},
								"west": {"uv": [36, 18], "uv_size": [2.5, 1.5]},
								"up": {"uv": [25, 42], "uv_size": [0.5, 2.5]},
								"down": {"uv": [28, 44.5], "uv_size": [0.5, -2.5]}
							}
						},
						{
							"origin": [0.09587, 8.29826, -10.59284],
							"size": [0.73, 1.7, 1.1],
							"pivot": [0.21087, 9.14826, -10.04284],
							"rotation": [-32.5, 0, 30],
							"uv": {
								"north": {"uv": [43, 30], "uv_size": [0.5, 1.5]},
								"east": {"uv": [37, 41], "uv_size": [1, 1.5]},
								"south": {"uv": [32, 43], "uv_size": [0.5, 1.5]},
								"west": {"uv": [38, 41], "uv_size": [1, 1.5]},
								"up": {"uv": [17, 44], "uv_size": [0.5, 1]},
								"down": {"uv": [44, 18], "uv_size": [0.5, -1]}
							}
						},
						{
							"origin": [-0.82587, 8.29826, -10.59284],
							"size": [0.73, 1.7, 1.1],
							"pivot": [-0.21087, 9.14826, -10.04284],
							"rotation": [-32.5, 0, -30],
							"uv": {
								"north": {"uv": [43.5, 30], "uv_size": [-0.5, 1.5]},
								"east": {"uv": [39, 41], "uv_size": [-1, 1.5]},
								"south": {"uv": [32.5, 43], "uv_size": [-0.5, 1.5]},
								"west": {"uv": [38, 41], "uv_size": [-1, 1.5]},
								"up": {"uv": [17.5, 44], "uv_size": [-0.5, 1]},
								"down": {"uv": [44.5, 18], "uv_size": [-0.5, -1]}
							}
						},
						{
							"origin": [-0.98632, 8.48465, -10.05],
							"size": [1.23, 1.7, 8.6],
							"pivot": [-0.24632, 9.45965, -6.5],
							"rotation": [0, 0, -30],
							"uv": {
								"north": {"uv": [41, 35], "uv_size": [1, 1.5]},
								"east": {"uv": [25, 12], "uv_size": [8.5, 1.5]},
								"south": {"uv": [36, 41], "uv_size": [1, 1.5]},
								"west": {"uv": [25, 14], "uv_size": [8.5, 1.5]},
								"up": {"uv": [12, 30], "uv_size": [1, 8.5]},
								"down": {"uv": [13, 38.5], "uv_size": [1, -8.5]}
							}
						}
					]
				},
				{
					"name": "steel4",
					"parent": "handguard2",
					"pivot": [-0.29419, 11.22725, -7.25]
				},
				{
					"name": "group26",
					"parent": "steel4",
					"pivot": [0, 11.46875, -5.64331]
				},
				{
					"name": "barrel3",
					"parent": "vandal_default",
					"pivot": [0, 9, 1]
				},
				{
					"name": "gastube",
					"parent": "barrel3",
					"pivot": [0, 9, 1.05],
					"cubes": [
						{
							"origin": [-0.25, 9.3, -12.45],
							"size": [0.5, 2.1, 0.75],
							"pivot": [0, 10.3, -11.95],
							"rotation": [-42.5, 0, 0],
							"uv": {
								"north": {"uv": [42, 41], "uv_size": [0.5, 2]},
								"east": {"uv": [29, 40], "uv_size": [1, 2]},
								"south": {"uv": [0, 43], "uv_size": [0.5, 2]},
								"west": {"uv": [40, 30], "uv_size": [1, 2]},
								"up": {"uv": [27, 44], "uv_size": [0.5, 1]},
								"down": {"uv": [44, 28], "uv_size": [0.5, -1]}
							}
						}
					]
				},
				{
					"name": "barrel4",
					"parent": "barrel3",
					"pivot": [0, 8.95, 0.3],
					"cubes": [
						{
							"origin": [-0.475, 8.95, -14.1],
							"size": [0.95, 1, 17.4],
							"uv": {
								"north": {"uv": [42, 38], "uv_size": [1, 1]},
								"east": {"uv": [8, 16], "uv_size": [17.5, 1]},
								"south": {"uv": [42, 39], "uv_size": [1, 1]},
								"west": {"uv": [8, 17], "uv_size": [17.5, 1]},
								"up": {"uv": [8, 18], "uv_size": [1, 17.5]},
								"down": {"uv": [9, 35.5], "uv_size": [1, -17.5]}
							}
						}
					]
				},
				{
					"name": "Brake",
					"parent": "barrel4",
					"pivot": [-0.02929, 9.11679, -15.675],
					"cubes": [
						{
							"origin": [-1.375, 8.91146, -17.45],
							"size": [1.35, 1.11066, 3.6],
							"pivot": [-0.35, 9.11679, -15.675],
							"rotation": [0, 0, 90],
							"uv": {
								"north": {"uv": [41, 23], "uv_size": [1.5, 1]},
								"east": {"uv": [30, 36], "uv_size": [3.5, 1]},
								"south": {"uv": [24, 41], "uv_size": [1.5, 1]},
								"west": {"uv": [36, 32], "uv_size": [3.5, 1]},
								"up": {"uv": [16, 33], "uv_size": [1.5, 3.5]},
								"down": {"uv": [33, 19.5], "uv_size": [1.5, -3.5]}
							}
						}
					]
				},
				{
					"name": "Brake2",
					"parent": "Brake",
					"pivot": [-0.02929, 9.11679, -19.775],
					"cubes": [
						{
							"origin": [-0.65429, 8.76146, -18.9],
							"size": [0.9, 0.91066, 1.7],
							"pivot": [0.02071, 9.21679, -18.95],
							"rotation": [0, 0, 90],
							"uv": {
								"north": {"uv": [29, 21], "uv_size": [1, 1]},
								"east": {"uv": [41, 24], "uv_size": [1.5, 1]},
								"south": {"uv": [33, 20], "uv_size": [1, 1]},
								"west": {"uv": [41, 25], "uv_size": [1.5, 1]},
								"up": {"uv": [12, 41], "uv_size": [1, 1.5]},
								"down": {"uv": [26, 42.5], "uv_size": [1, -1.5]}
							}
						}
					]
				},
				{
					"name": "lower2",
					"parent": "vandal_default",
					"pivot": [0, 9.04626, 9.13216]
				},
				{
					"name": "trigger_guard2",
					"parent": "lower2",
					"pivot": [0, 5.61517, 3.5],
					"cubes": [
						{
							"origin": [-0.6125, 6.56892, 3.763],
							"size": [1.225, 0.925, 1.95],
							"pivot": [0.125, 7.03142, 4.388],
							"rotation": [-75, 0, 0],
							"uv": {
								"east": {"uv": [39, 39], "uv_size": [2, 1]},
								"south": {"uv": [42, 37], "uv_size": [1, 1]},
								"west": {"uv": [40, 3], "uv_size": [2, 1]},
								"up": {"uv": [32, 16], "uv_size": [1, 2]},
								"down": {"uv": [40, 8], "uv_size": [1, -2]}
							}
						},
						{
							"origin": [-0.3625, 6.56892, 4.163],
							"size": [0.725, 0.925, 1.45],
							"pivot": [0.125, 7.03142, 4.788],
							"rotation": [-102.5, 0, 0],
							"uv": {
								"east": {"uv": [42, 7], "uv_size": [1.5, 1]},
								"south": {"uv": [44, 35], "uv_size": [0.5, 1]},
								"west": {"uv": [8, 42], "uv_size": [1.5, 1]},
								"up": {"uv": [39, 43], "uv_size": [0.5, 1.5]},
								"down": {"uv": [43, 41.5], "uv_size": [0.5, -1.5]}
							}
						}
					]
				},
				{
					"name": "magrelease",
					"parent": "trigger_guard2",
					"pivot": [0.5, 5.8, 3.3]
				},
				{
					"name": "group6",
					"parent": "lower2",
					"pivot": [-4, 9.04626, 8.88216],
					"cubes": [
						{
							"origin": [-0.75, 9.7, 3.45],
							"size": [1.5, 0.65, 5.8],
							"uv": {
								"north": {"uv": [43, 29], "uv_size": [1.5, 0.5]},
								"east": {"uv": [38, 4], "uv_size": [6, 0.5]},
								"south": {"uv": [30, 43], "uv_size": [1.5, 0.5]},
								"west": {"uv": [38, 5], "uv_size": [6, 0.5]},
								"up": {"uv": [26, 25], "uv_size": [1.5, 6]},
								"down": {"uv": [28, 31], "uv_size": [1.5, -6]}
							}
						},
						{
							"origin": [-0.75, 9.6, 9.25],
							"size": [1.5, 0.75, 11.7],
							"uv": {
								"north": {"uv": [41, 26], "uv_size": [1.5, 1]},
								"east": {"uv": [26, 8], "uv_size": [11.5, 1]},
								"south": {"uv": [41, 27], "uv_size": [1.5, 1]},
								"west": {"uv": [26, 9], "uv_size": [11.5, 1]},
								"up": {"uv": [10, 18], "uv_size": [1.5, 11.5]},
								"down": {"uv": [12, 29.5], "uv_size": [1.5, -11.5]}
							}
						},
						{
							"origin": [-0.75, 7.49626, 0.08216],
							"size": [1.5, 1.9, 8.8],
							"uv": {
								"north": {"uv": [38, 20], "uv_size": [1.5, 2]},
								"east": {"uv": [8, 12], "uv_size": [9, 2]},
								"south": {"uv": [38, 22], "uv_size": [1.5, 2]},
								"west": {"uv": [8, 14], "uv_size": [9, 2]},
								"up": {"uv": [14, 24], "uv_size": [1.5, 9]},
								"down": {"uv": [16, 33], "uv_size": [1.5, -9]}
							}
						},
						{
							"origin": [-0.775, 7.49626, 8.38216],
							"size": [1.55, 2.65, 1],
							"pivot": [-0.025, 8.44626, 8.88216],
							"rotation": [-22.5, 0, 0],
							"uv": {
								"north": {"uv": [20, 36], "uv_size": [1.5, 2.5]},
								"east": {"uv": [39, 27], "uv_size": [1, 2.5]},
								"south": {"uv": [36, 20], "uv_size": [1.5, 2.5]},
								"west": {"uv": [30, 39], "uv_size": [1, 2.5]},
								"up": {"uv": [40, 41], "uv_size": [1.5, 1]},
								"down": {"uv": [41, 41], "uv_size": [1.5, -1]}
							}
						},
						{
							"origin": [-0.65, 6.71771, 9.02567],
							"size": [1.3, 2.4, 2],
							"pivot": [0, 8.79271, 9.02567],
							"rotation": [-60, 0, 0],
							"uv": {
								"north": {"uv": [22, 36], "uv_size": [1.5, 2.5]},
								"east": {"uv": [30, 33], "uv_size": [2, 2.5]},
								"south": {"uv": [36, 23], "uv_size": [1.5, 2.5]},
								"west": {"uv": [34, 4], "uv_size": [2, 2.5]},
								"up": {"uv": [38, 34], "uv_size": [1.5, 2]},
								"down": {"uv": [38, 38], "uv_size": [1.5, -2]}
							}
						},
						{
							"origin": [-0.4, 5.03967, 7.59289],
							"size": [0.8, 1.8, 0.2],
							"pivot": [0, 6.23967, 7.54289],
							"rotation": [-80, 0, 0],
							"uv": {
								"north": {"uv": [33, 40], "uv_size": [1, 2]},
								"east": {"uv": [1, 43], "uv_size": [0.5, 2]},
								"south": {"uv": [40, 35], "uv_size": [1, 2]},
								"west": {"uv": [12, 43], "uv_size": [0.5, 2]},
								"up": {"uv": [44, 36], "uv_size": [1, 0.5]},
								"down": {"uv": [37, 44.5], "uv_size": [1, -0.5]}
							}
						},
						{
							"origin": [0.05, 8.94626, -9.11784],
							"size": [1, 2, 18.3],
							"pivot": [0.05, 9.94626, -1.11784],
							"rotation": [0, 0, 45],
							"uv": {
								"north": {"uv": [40, 20], "uv_size": [1, 2]},
								"east": {"uv": [0, 0], "uv_size": [18.5, 2]},
								"south": {"uv": [40, 22], "uv_size": [1, 2]},
								"west": {"uv": [0, 2], "uv_size": [18.5, 2]},
								"up": {"uv": [4, 12], "uv_size": [1, 18.5]},
								"down": {"uv": [5, 30.5], "uv_size": [1, -18.5]}
							}
						},
						{
							"origin": [-1.05, 8.94626, -9.11784],
							"size": [1, 2, 18.3],
							"pivot": [-0.05, 9.94626, -1.11784],
							"rotation": [0, 0, -45],
							"uv": {
								"north": {"uv": [28, 40], "uv_size": [1, 2]},
								"east": {"uv": [0, 4], "uv_size": [18.5, 2]},
								"south": {"uv": [40, 28], "uv_size": [1, 2]},
								"west": {"uv": [0, 6], "uv_size": [18.5, 2]},
								"up": {"uv": [6, 12], "uv_size": [1, 18.5]},
								"down": {"uv": [7, 30.5], "uv_size": [1, -18.5]}
							}
						},
						{
							"origin": [-0.15827, 8.53088, -9.03307],
							"size": [1, 2, 0.675],
							"pivot": [0.34173, 9.53088, -8.85807],
							"rotation": [40, 0, 45],
							"uv": {
								"north": {"uv": [40, 24], "uv_size": [1, 2]},
								"east": {"uv": [40, 42], "uv_size": [0.5, 2]},
								"south": {"uv": [40, 26], "uv_size": [1, 2]},
								"west": {"uv": [41, 42], "uv_size": [0.5, 2]},
								"up": {"uv": [20, 44], "uv_size": [1, 0.5]},
								"down": {"uv": [26, 44.5], "uv_size": [1, -0.5]}
							}
						},
						{
							"origin": [0.55, 9.34626, 7.88216],
							"size": [1, 0.65, 12.85],
							"pivot": [0.65, 9.07126, 8.88216],
							"rotation": [0, 0, -40],
							"uv": {
								"north": {"uv": [44, 28], "uv_size": [1, 0.5]},
								"east": {"uv": [27, 3], "uv_size": [13, 0.5]},
								"south": {"uv": [30, 44], "uv_size": [1, 0.5]},
								"west": {"uv": [31, 0], "uv_size": [13, 0.5]},
								"up": {"uv": [18, 24], "uv_size": [1, 13]},
								"down": {"uv": [24, 31], "uv_size": [1, -13]}
							}
						},
						{
							"origin": [-0.39034, 9.31227, 12.88216],
							"size": [1.5, 0.65, 5.6],
							"pivot": [0.60966, 9.63727, 15.68216],
							"rotation": [0, 0, -55],
							"uv": {
								"north": {"uv": [43, 32], "uv_size": [1.5, 0.5]},
								"east": {"uv": [39, 12], "uv_size": [5.5, 0.5]},
								"south": {"uv": [37, 43], "uv_size": [1.5, 0.5]},
								"west": {"uv": [39, 13], "uv_size": [5.5, 0.5]},
								"up": {"uv": [30, 21], "uv_size": [1.5, 5.5]},
								"down": {"uv": [30, 32.5], "uv_size": [1.5, -5.5]}
							}
						},
						{
							"origin": [-1.55, 9.34626, 7.88216],
							"size": [1, 0.65, 12.85],
							"pivot": [-0.65, 9.07126, 8.88216],
							"rotation": [0, 0, 40],
							"uv": {
								"north": {"uv": [44, 30], "uv_size": [1, 0.5]},
								"east": {"uv": [31, 1], "uv_size": [13, 0.5]},
								"south": {"uv": [31, 44], "uv_size": [1, 0.5]},
								"west": {"uv": [31, 2], "uv_size": [13, 0.5]},
								"up": {"uv": [19, 24], "uv_size": [1, 13]},
								"down": {"uv": [25, 31], "uv_size": [1, -13]}
							}
						},
						{
							"origin": [-1.10966, 9.31227, 12.88216],
							"size": [1.5, 0.65, 5.6],
							"pivot": [-0.60966, 9.63727, 15.68216],
							"rotation": [0, 0, 55],
							"uv": {
								"north": {"uv": [43, 38], "uv_size": [1.5, 0.5]},
								"east": {"uv": [39, 14], "uv_size": [5.5, 0.5]},
								"south": {"uv": [43, 39], "uv_size": [1.5, 0.5]},
								"west": {"uv": [39, 15], "uv_size": [5.5, 0.5]},
								"up": {"uv": [4, 31], "uv_size": [1.5, 5.5]},
								"down": {"uv": [6, 36.5], "uv_size": [1.5, -5.5]}
							}
						}
					]
				},
				{
					"name": "group13",
					"parent": "group6",
					"pivot": [0.46923, 10.81829, 4.85]
				},
				{
					"name": "group15",
					"parent": "group13",
					"pivot": [1.01184, 10.47548, -0.85]
				},
				{
					"name": "jixiagai",
					"parent": "group6",
					"pivot": [0.0153, 9.92143, 9.15398],
					"cubes": [
						{
							"origin": [-0.875, 9.88728, -9.05],
							"size": [1.75, 1.4, 17.3],
							"uv": {
								"north": {"uv": [36, 34], "uv_size": [2, 1.5]},
								"east": {"uv": [4, 8], "uv_size": [17.5, 1.5]},
								"south": {"uv": [30, 37], "uv_size": [2, 1.5]},
								"west": {"uv": [4, 10], "uv_size": [17.5, 1.5]},
								"up": {"uv": [0, 8], "uv_size": [2, 17.5]},
								"down": {"uv": [2, 25.5], "uv_size": [2, -17.5]}
							}
						},
						{
							"origin": [-0.875, 10.09439, 8.33889],
							"size": [1.75, 1.1, 0.7],
							"pivot": [0, 10.34439, 8.53889],
							"rotation": [47.5, 0, 0],
							"uv": {
								"north": {"uv": [40, 11], "uv_size": [2, 1]},
								"east": {"uv": [44, 31], "uv_size": [0.5, 1]},
								"south": {"uv": [40, 34], "uv_size": [2, 1]},
								"west": {"uv": [44, 34], "uv_size": [0.5, 1]},
								"up": {"uv": [4, 43], "uv_size": [2, 0.5]},
								"down": {"uv": [8, 43.5], "uv_size": [2, -0.5]}
							}
						},
						{
							"origin": [-0.875, 9.22132, -9.65217],
							"size": [1.75, 1.95, 1],
							"pivot": [0, 10.19632, -9.15217],
							"rotation": [-32.5, 0, 0],
							"uv": {
								"north": {"uv": [32, 10], "uv_size": [2, 2]},
								"east": {"uv": [9, 40], "uv_size": [1, 2]},
								"south": {"uv": [34, 30], "uv_size": [2, 2]},
								"west": {"uv": [10, 40], "uv_size": [1, 2]},
								"up": {"uv": [40, 10], "uv_size": [2, 1]},
								"down": {"uv": [11, 41], "uv_size": [2, -1]}
							}
						},
						{
							"origin": [-0.25, 10.67143, -11.54602],
							"size": [0.5, 0.5, 3.7],
							"pivot": [0, 10.92143, -8.84602],
							"rotation": [0, 0, 45],
							"uv": {
								"north": {"uv": [45, 14], "uv_size": [0.5, 0.5]},
								"east": {"uv": [41, 21], "uv_size": [3.5, 0.5]},
								"south": {"uv": [15, 45], "uv_size": [0.5, 0.5]},
								"west": {"uv": [41, 22], "uv_size": [3.5, 0.5]},
								"up": {"uv": [7, 41], "uv_size": [0.5, 3.5]},
								"down": {"uv": [11, 44.5], "uv_size": [0.5, -3.5]}
							}
						}
					]
				},
				{
					"name": "paokechuang",
					"parent": "jixiagai",
					"pivot": [-1.03114, 10.24693, 1.7],
					"cubes": [
						{
							"origin": [-0.98567, 10.04874, -0.05],
							"size": [0.25, 0.75, 3.5],
							"pivot": [-0.86067, 10.47374, 1.7],
							"rotation": [0, 0, 15],
							"uv": {
								"north": {"uv": [5, 44], "uv_size": [0.5, 1]},
								"east": {"uv": [36, 33], "uv_size": [3.5, 1]},
								"south": {"uv": [44, 5], "uv_size": [0.5, 1]},
								"west": {"uv": [34, 36], "uv_size": [3.5, 1]},
								"up": {"uv": [6, 41], "uv_size": [0.5, 3.5]},
								"down": {"uv": [41, 9.5], "uv_size": [0.5, -3.5]}
							}
						}
					]
				},
				{
					"name": "jimiao",
					"parent": "jixiagai",
					"pivot": [-0.01588, 11.68864, -1.52195],
					"cubes": [
						{
							"origin": [-0.7625, 11.29398, -1.4375],
							"size": [1.525, 0.4, 1.35],
							"uv": {
								"north": {"uv": [43, 24], "uv_size": [1.5, 0.5]},
								"east": {"uv": [43, 25], "uv_size": [1.5, 0.5]},
								"south": {"uv": [26, 43], "uv_size": [1.5, 0.5]},
								"west": {"uv": [43, 26], "uv_size": [1.5, 0.5]},
								"up": {"uv": [35, 39], "uv_size": [1.5, 1.5]},
								"down": {"uv": [37, 40.5], "uv_size": [1.5, -1.5]}
							}
						},
						{
							"origin": [0.2375, 11.29398, -2.0375],
							"size": [0.525, 0.4, 0.75],
							"pivot": [0, 11.49398, -1.3625],
							"rotation": [-32.5, 0, 0],
							"uv": {
								"north": {"uv": [45, 15], "uv_size": [0.5, 0.5]},
								"east": {"uv": [44, 37], "uv_size": [1, 0.5]},
								"south": {"uv": [16, 45], "uv_size": [0.5, 0.5]},
								"west": {"uv": [38, 44], "uv_size": [1, 0.5]},
								"up": {"uv": [40, 44], "uv_size": [0.5, 1]},
								"down": {"uv": [44, 41], "uv_size": [0.5, -1]}
							}
						},
						{
							"origin": [-0.7625, 11.29398, -2.0375],
							"size": [0.525, 0.4, 0.75],
							"pivot": [0, 11.49398, -1.3625],
							"rotation": [-32.5, 0, 0],
							"uv": {
								"north": {"uv": [45, 16], "uv_size": [0.5, 0.5]},
								"east": {"uv": [41, 44], "uv_size": [1, 0.5]},
								"south": {"uv": [17, 45], "uv_size": [0.5, 0.5]},
								"west": {"uv": [44, 41], "uv_size": [1, 0.5]},
								"up": {"uv": [44, 42], "uv_size": [0.5, 1]},
								"down": {"uv": [43, 45], "uv_size": [0.5, -1]}
							}
						}
					]
				},
				{
					"name": "daogui",
					"parent": "jixiagai",
					"pivot": [0.0153, 11.66419, 1.65],
					"cubes": [
						{
							"origin": [-0.5347, 11.18752, -0.3],
							"size": [1.1, 0.275, 3.65],
							"uv": {
								"north": {"uv": [16, 44], "uv_size": [1, 0.5]},
								"east": {"uv": [16, 41], "uv_size": [3.5, 0.5]},
								"south": {"uv": [44, 16], "uv_size": [1, 0.5]},
								"west": {"uv": [41, 20], "uv_size": [3.5, 0.5]},
								"up": {"uv": [6, 37], "uv_size": [1, 3.5]},
								"down": {"uv": [7, 40.5], "uv_size": [1, -3.5]}
							}
						}
					]
				},
				{
					"name": "pull",
					"parent": "jixiagai",
					"pivot": [1.14441, 10.60695, -0.225],
					"rotation": [0, 0, 15],
					"cubes": [
						{
							"origin": [0.74508, 10.42476, -0.95],
							"size": [0.05, 0.3, 5.2],
							"pivot": [0.69508, 10.94976, 4.85],
							"rotation": [0, 0, -15],
							"uv": {
								"north": {"uv": [5, 45], "uv_size": [0.5, 0.5]},
								"east": {"uv": [39, 16], "uv_size": [5, 0.5]},
								"south": {"uv": [45, 5], "uv_size": [0.5, 0.5]},
								"west": {"uv": [39, 17], "uv_size": [5, 0.5]},
								"up": {"uv": [2, 39], "uv_size": [0.5, 5]},
								"down": {"uv": [3, 44], "uv_size": [0.5, -5]}
							}
						},
						{
							"origin": [0.83679, 10.48157, -0.9843],
							"size": [0.8, 0.3, 0.3],
							"pivot": [1.2411, 10.60695, -0.98486],
							"rotation": [0.43688, -4.98093, -5.019],
							"uv": {
								"north": {"uv": [44, 6], "uv_size": [1, 0.5]},
								"east": {"uv": [6, 45], "uv_size": [0.5, 0.5]},
								"south": {"uv": [44, 7], "uv_size": [1, 0.5]},
								"west": {"uv": [45, 6], "uv_size": [0.5, 0.5]},
								"up": {"uv": [8, 44], "uv_size": [1, 0.5]},
								"down": {"uv": [44, 8.5], "uv_size": [1, -0.5]}
							}
						}
					]
				},
				{
					"name": "upper2",
					"parent": "vandal_default",
					"pivot": [0, 10.23483, 9.625]
				},
				{
					"name": "group29",
					"parent": "upper2",
					"pivot": [0, 10.23483, 9.625]
				},
				{
					"name": "ribs",
					"parent": "group29",
					"pivot": [0, 9, 0]
				},
				{
					"name": "iron_sight4",
					"parent": "vandal_default",
					"pivot": [0, 11.4875, -11.7],
					"rotation": [0, 180, 0],
					"cubes": [
						{
							"origin": [-0.25, 11.0375, -12.325],
							"size": [0.5, 0.7625, 0.475],
							"uv": {
								"north": {"uv": [9, 44], "uv_size": [0.5, 1]},
								"east": {"uv": [44, 9], "uv_size": [0.5, 1]},
								"south": {"uv": [44, 10], "uv_size": [0.5, 1]},
								"west": {"uv": [44, 11], "uv_size": [0.5, 1]},
								"up": {"uv": [7, 45], "uv_size": [0.5, 0.5]},
								"down": {"uv": [45, 7.5], "uv_size": [0.5, -0.5]}
							}
						}
					]
				},
				{
					"name": "sight_illuminated",
					"parent": "iron_sight4",
					"pivot": [0.0221, 12.1125, -11.98125]
				},
				{
					"name": "grip2",
					"parent": "vandal_default",
					"pivot": [0, 7.875, 8.8125],
					"cubes": [
						{
							"origin": [-0.55, 5.52886, 8.36353],
							"size": [1.1, 1.3375, 2.075],
							"inflate": -0.001,
							"pivot": [0, 6.58252, 9.49139],
							"rotation": [30, 0, 0],
							"uv": {
								"north": {"uv": [41, 32], "uv_size": [1, 1.5]},
								"east": {"uv": [38, 6], "uv_size": [2, 1.5]},
								"south": {"uv": [35, 41], "uv_size": [1, 1.5]},
								"west": {"uv": [38, 8], "uv_size": [2, 1.5]},
								"up": {"uv": [8, 40], "uv_size": [1, 2]},
								"down": {"uv": [40, 10], "uv_size": [1, -2]}
							}
						},
						{
							"origin": [-0.55, 3.49017, 8.92207],
							"size": [1.1, 2.5375, 2.375],
							"inflate": -0.001,
							"pivot": [0, 5.55892, 10.20957],
							"rotation": [22.5, 0, 0],
							"uv": {
								"north": {"uv": [13, 39], "uv_size": [1, 2.5]},
								"east": {"uv": [24, 31], "uv_size": [2.5, 2.5]},
								"south": {"uv": [14, 39], "uv_size": [1, 2.5]},
								"west": {"uv": [27, 31], "uv_size": [2.5, 2.5]},
								"up": {"uv": [15, 39], "uv_size": [1, 2.5]},
								"down": {"uv": [20, 41.5], "uv_size": [1, -2.5]}
							}
						},
						{
							"origin": [-0.65, 3.14017, 8.27207],
							"size": [1.3, 0.75, 2.975],
							"inflate": -0.001,
							"pivot": [0, 5.55892, 10.20957],
							"rotation": [30, 0, 0],
							"uv": {
								"north": {"uv": [0, 42], "uv_size": [1.5, 1]},
								"east": {"uv": [38, 38], "uv_size": [3, 1]},
								"south": {"uv": [42, 3], "uv_size": [1.5, 1]},
								"west": {"uv": [10, 39], "uv_size": [3, 1]},
								"up": {"uv": [24, 34], "uv_size": [1.5, 3]},
								"down": {"uv": [26, 37], "uv_size": [1.5, -3]}
							}
						},
						{
							"origin": [-0.65, 5.34017, 8.52207],
							"size": [1.3, 0.75, 2.725],
							"inflate": -0.001,
							"pivot": [0, 5.55892, 10.20957],
							"rotation": [30, 0, 0],
							"uv": {
								"north": {"uv": [4, 42], "uv_size": [1.5, 1]},
								"east": {"uv": [39, 18], "uv_size": [2.5, 1]},
								"south": {"uv": [42, 6], "uv_size": [1.5, 1]},
								"west": {"uv": [39, 19], "uv_size": [2.5, 1]},
								"up": {"uv": [36, 26], "uv_size": [1.5, 2.5]},
								"down": {"uv": [36, 31.5], "uv_size": [1.5, -2.5]}
							}
						}
					]
				},
				{
					"name": "trigger2",
					"parent": "vandal_default",
					"pivot": [0, 6.66297, 6.68846],
					"rotation": [-7.5, 0, 0],
					"cubes": [
						{
							"origin": [-0.2125, 6.60047, 6.47926],
							"size": [0.425, 0.6625, 0.1875],
							"uv": {
								"north": {"uv": [8, 45], "uv_size": [0.5, 0.5]},
								"east": {"uv": [45, 8], "uv_size": [0.5, 0.5]},
								"south": {"uv": [9, 45], "uv_size": [0.5, 0.5]},
								"west": {"uv": [45, 9], "uv_size": [0.5, 0.5]}
							}
						},
						{
							"origin": [-0.2125, 2.59906, 4.32685],
							"size": [0.425, 1, 0.6],
							"pivot": [-0.2309, 7.60719, 0.24428],
							"rotation": [45, 0, 0],
							"uv": {
								"north": {"uv": [13, 44], "uv_size": [0.5, 1]},
								"east": {"uv": [14, 44], "uv_size": [0.5, 1]},
								"west": {"uv": [15, 44], "uv_size": [0.5, 1]},
								"down": {"uv": [10, 45.5], "uv_size": [0.5, -0.5]}
							}
						}
					]
				},
				{
					"name": "oem_stock_heavy",
					"parent": "vandal_default",
					"pivot": [-0.125, 6.10636, 16.39399],
					"rotation": [-5, 0, 0],
					"cubes": [
						{
							"origin": [-0.45, 4.76951, 17.48798],
							"size": [0.9, 5.4, 3.19864],
							"pivot": [0, 5.86951, 19.0873],
							"rotation": [2.5, 0, 0],
							"uv": {
								"north": {"uv": [2, 33], "uv_size": [1, 5.5]},
								"east": {"uv": [14, 18], "uv_size": [3, 5.5]},
								"south": {"uv": [3, 33], "uv_size": [1, 5.5]},
								"west": {"uv": [17, 18], "uv_size": [3, 5.5]},
								"up": {"uv": [32, 37], "uv_size": [1, 3]},
								"down": {"uv": [33, 40], "uv_size": [1, -3]}
							}
						},
						{
							"origin": [-0.4625, 5.16872, 16.80298],
							"size": [0.925, 3.4, 3.19864],
							"pivot": [-0.0125, 6.86872, 18.4023],
							"rotation": [-65, 0, 0],
							"uv": {
								"north": {"uv": [16, 37], "uv_size": [1, 3.5]},
								"east": {"uv": [0, 26], "uv_size": [3, 3.5]},
								"south": {"uv": [17, 37], "uv_size": [1, 3.5]},
								"west": {"uv": [26, 18], "uv_size": [3, 3.5]},
								"up": {"uv": [38, 24], "uv_size": [1, 3]},
								"down": {"uv": [38, 30], "uv_size": [1, -3]}
							}
						},
						{
							"origin": [-0.4375, 7.46896, 14.22262],
							"size": [0.875, 2.6, 4.19864],
							"pivot": [0.0125, 9.16896, 14.82194],
							"rotation": [-7.5, 0, 0],
							"uv": {
								"north": {"uv": [23, 39], "uv_size": [1, 2.5]},
								"east": {"uv": [20, 26], "uv_size": [4, 2.5]},
								"south": {"uv": [39, 24], "uv_size": [1, 2.5]},
								"west": {"uv": [26, 22], "uv_size": [4, 2.5]},
								"up": {"uv": [34, 32], "uv_size": [1, 4]},
								"down": {"uv": [35, 20], "uv_size": [1, -4]}
							}
						},
						{
							"origin": [-0.45, 7.53948, 8.64658],
							"size": [0.9, 2, 5.69864],
							"uv": {
								"north": {"uv": [32, 40], "uv_size": [1, 2]},
								"east": {"uv": [26, 10], "uv_size": [5.5, 2]},
								"south": {"uv": [40, 32], "uv_size": [1, 2]},
								"west": {"uv": [26, 16], "uv_size": [5.5, 2]},
								"up": {"uv": [14, 33], "uv_size": [1, 5.5]},
								"down": {"uv": [15, 38.5], "uv_size": [1, -5.5]}
							}
						},
						{
							"origin": [-1.125, 8.1333, 17.99888],
							"size": [2, 0.75, 0.75],
							"pivot": [-0.125, 8.82142, 19.30767],
							"rotation": [-37.5, 0, 0],
							"uv": {
								"north": {"uv": [40, 37], "uv_size": [2, 1]},
								"east": {"uv": [15, 43], "uv_size": [1, 1]},
								"south": {"uv": [39, 40], "uv_size": [2, 1]},
								"west": {"uv": [16, 43], "uv_size": [1, 1]},
								"up": {"uv": [0, 41], "uv_size": [2, 1]},
								"down": {"uv": [4, 42], "uv_size": [2, -1]}
							}
						}
					]
				},
				{
					"name": "group14",
					"parent": "oem_stock_heavy",
					"pivot": [0, 4.84405, 21.0046],
					"rotation": [10, 0, 0],
					"cubes": [
						{
							"origin": [-0.875, 7.45019, 20.86984],
							"size": [1.75, 3.175, 1.6],
							"pivot": [-0.125, 7.61269, 21.66984],
							"rotation": [-10, 0, 0],
							"uv": {
								"north": {"uv": [32, 4], "uv_size": [2, 3]},
								"east": {"uv": [34, 10], "uv_size": [1.5, 3]},
								"south": {"uv": [20, 32], "uv_size": [2, 3]},
								"west": {"uv": [34, 13], "uv_size": [1.5, 3]},
								"up": {"uv": [34, 37], "uv_size": [2, 1.5]},
								"down": {"uv": [36, 38.5], "uv_size": [2, -1.5]}
							}
						},
						{
							"origin": [-0.875, 4.63455, 20.72161],
							"size": [1.75, 2.925, 1.6],
							"pivot": [-0.125, 4.54705, 21.52161],
							"rotation": [-2.5, 0, 0],
							"uv": {
								"north": {"uv": [32, 21], "uv_size": [2, 3]},
								"east": {"uv": [34, 20], "uv_size": [1.5, 3]},
								"south": {"uv": [22, 32], "uv_size": [2, 3]},
								"west": {"uv": [34, 23], "uv_size": [1.5, 3]},
								"up": {"uv": [28, 38], "uv_size": [2, 1.5]},
								"down": {"uv": [38, 31.5], "uv_size": [2, -1.5]}
							}
						}
					]
				},
				{
					"name": "positioning",
					"pivot": [0, 0, 0]
				},
				{
					"name": "ground",
					"parent": "positioning",
					"pivot": [0, 0, 1]
				},
				{
					"name": "fixed",
					"parent": "positioning",
					"pivot": [1.1, 10.425, 2.175],
					"rotation": [0, 90, 0]
				},
				{
					"name": "thirdperson_hand",
					"parent": "positioning",
					"pivot": [0.025, 6.975, 7.15]
				},
				{
					"name": "shell",
					"parent": "positioning",
					"pivot": [-0.525, 10.575, 1.775]
				},
				{
					"name": "muzzle_flash",
					"parent": "positioning",
					"pivot": [0, 9.4, -18.9]
				}
			]
		}
	]
}