{
	"format_version": "1.12.0",
	"minecraft:geometry": [
		{
			"description": {
				"identifier": "geometry.unknown",
				"texture_width": 64,
				"texture_height": 64,
				"visible_bounds_width": 10,
				"visible_bounds_height": 5,
				"visible_bounds_offset": [0, 0.5, 0]
			},
			"bones": [
				{
					"name": "root",
					"pivot": [-86, 20, 0],
					"cubes": [
						{
							"origin": [-7, -11.3, -4],
							"size": [15, 1, 12],
							"uv": {
								"north": {"uv": [34, 41], "uv_size": [15, 1]},
								"east": {"uv": [42, 26], "uv_size": [12, 1]},
								"south": {"uv": [0, 42], "uv_size": [15, 1]},
								"west": {"uv": [42, 27], "uv_size": [12, 1]},
								"up": {"uv": [0, 0], "uv_size": [15, 12]},
								"down": {"uv": [0, 24], "uv_size": [15, -12]}
							}
						},
						{
							"origin": [-6, -1.8, -4],
							"size": [14, 1, 12],
							"uv": {
								"north": {"uv": [42, 18], "uv_size": [14, 1]},
								"east": {"uv": [42, 28], "uv_size": [12, 1]},
								"south": {"uv": [42, 19], "uv_size": [14, 1]},
								"west": {"uv": [42, 29], "uv_size": [12, 1]},
								"up": {"uv": [15, 0], "uv_size": [14, 12]},
								"down": {"uv": [15, 24], "uv_size": [14, -12]}
							}
						},
						{
							"origin": [-6.44142, -1.73431, -4],
							"size": [0.6, 0.7, 12],
							"pivot": [-6.14142, -1.23431, 2],
							"rotation": [0, 0, -45],
							"uv": {
								"north": {"uv": [6, 44], "uv_size": [0.5, 0.5]},
								"east": {"uv": [42, 34], "uv_size": [12, 0.5]},
								"south": {"uv": [44, 6], "uv_size": [0.5, 0.5]},
								"west": {"uv": [42, 35], "uv_size": [12, 0.5]},
								"up": {"uv": [40, 42], "uv_size": [0.5, 12]},
								"down": {"uv": [41, 54], "uv_size": [0.5, -12]}
							}
						},
						{
							"origin": [-7, -1.5, -4],
							"size": [1, 0.7, 12],
							"uv": {
								"north": {"uv": [44, 4], "uv_size": [1, 0.5]},
								"east": {"uv": [42, 42], "uv_size": [12, 0.5]},
								"south": {"uv": [44, 5], "uv_size": [1, 0.5]},
								"west": {"uv": [0, 43], "uv_size": [12, 0.5]},
								"up": {"uv": [36, 42], "uv_size": [1, 12]},
								"down": {"uv": [37, 54], "uv_size": [1, -12]}
							}
						},
						{
							"origin": [7, -10.3, -4],
							"size": [1, 8.5, 12],
							"uv": {
								"north": {"uv": [38, 42], "uv_size": [1, 8.5]},
								"east": {"uv": [0, 33], "uv_size": [12, 8.5]},
								"south": {"uv": [39, 42], "uv_size": [1, 8.5]},
								"west": {"uv": [12, 33], "uv_size": [12, 8.5]},
								"up": {"uv": [34, 42], "uv_size": [1, 12]},
								"down": {"uv": [35, 54], "uv_size": [1, -12]}
							}
						},
						{
							"origin": [-2, -10.3, -4],
							"size": [9, 1.5, 1],
							"uv": {
								"north": {"uv": [15, 42], "uv_size": [9, 1.5]},
								"east": {"uv": [29, 18], "uv_size": [1, 1.5]},
								"south": {"uv": [42, 20], "uv_size": [9, 1.5]},
								"west": {"uv": [29, 20], "uv_size": [1, 1.5]},
								"up": {"uv": [42, 30], "uv_size": [9, 1]},
								"down": {"uv": [42, 32], "uv_size": [9, -1]}
							}
						},
						{
							"origin": [-2, -10.3, 7],
							"size": [9, 1.5, 1],
							"uv": {
								"north": {"uv": [42, 22], "uv_size": [9, 1.5]},
								"east": {"uv": [29, 22], "uv_size": [1, 1.5]},
								"south": {"uv": [42, 24], "uv_size": [9, 1.5]},
								"west": {"uv": [29, 33], "uv_size": [1, 1.5]},
								"up": {"uv": [42, 32], "uv_size": [9, 1]},
								"down": {"uv": [42, 34], "uv_size": [9, -1]}
							}
						},
						{
							"origin": [-3.33033, -10.74099, 7],
							"size": [2.3, 1.1, 1],
							"inflate": -0.0001,
							"pivot": [-2.53033, -10.39099, 2],
							"rotation": [0, 0, -45],
							"uv": {
								"north": {"uv": [44, 0], "uv_size": [2.5, 1]},
								"east": {"uv": [28, 43], "uv_size": [1, 1]},
								"south": {"uv": [44, 1], "uv_size": [2.5, 1]},
								"west": {"uv": [44, 3], "uv_size": [1, 1]},
								"up": {"uv": [44, 2], "uv_size": [2.5, 1]},
								"down": {"uv": [3, 45], "uv_size": [2.5, -1]}
							}
						},
						{
							"origin": [-3.33033, -10.74099, -4],
							"size": [2.3, 1.1, 1],
							"inflate": -0.0001,
							"pivot": [-2.53033, -10.39099, 2],
							"rotation": [0, 0, -45],
							"uv": {
								"north": {"uv": [12, 43], "uv_size": [2.5, 1]},
								"east": {"uv": [29, 35], "uv_size": [1, 1]},
								"south": {"uv": [24, 43], "uv_size": [2.5, 1]},
								"west": {"uv": [27, 43], "uv_size": [1, 1]},
								"up": {"uv": [42, 43], "uv_size": [2.5, 1]},
								"down": {"uv": [0, 45], "uv_size": [2.5, -1]}
							}
						}
					]
				},
				{
					"name": "glass",
					"parent": "root",
					"pivot": [-33, 3.6, 3],
					"cubes": [
						{
							"origin": [-6.8, -10.3, -3.8],
							"size": [0, 8.8, 11.6],
							"uv": {
								"north": {"uv": [0, 0], "uv_size": [0, 9]},
								"east": {"uv": [0, 55], "uv_size": [11.5, 9]},
								"south": {"uv": [0, 0], "uv_size": [0, 9]},
								"west": {"uv": [52.5, 55], "uv_size": [11.5, 9]},
								"up": {"uv": [0, 0], "uv_size": [0, 11.5]},
								"down": {"uv": [0, 11.5], "uv_size": [0, -11.5]}
							}
						},
						{
							"origin": [-6.8, -10.3, -3.8],
							"size": [14.8, 8.8, 0],
							"uv": {
								"north": {"uv": [0, 55], "uv_size": [15, 9]},
								"east": {"uv": [0, 0], "uv_size": [0, 9]},
								"south": {"uv": [49, 55], "uv_size": [15, 9]},
								"west": {"uv": [0, 0], "uv_size": [0, 9]},
								"up": {"uv": [0, 0], "uv_size": [15, 0]},
								"down": {"uv": [0, 0], "uv_size": [15, 0]}
							}
						},
						{
							"origin": [-6.8, -10.3, 7.8],
							"size": [14.8, 8.8, 0],
							"uv": {
								"north": {"uv": [49, 55], "uv_size": [15, 9]},
								"east": {"uv": [0, 0], "uv_size": [0, 9]},
								"south": {"uv": [0, 55], "uv_size": [15, 9]},
								"west": {"uv": [0, 0], "uv_size": [0, 9]},
								"up": {"uv": [0, 0], "uv_size": [15, 0]},
								"down": {"uv": [0, 0], "uv_size": [15, 0]}
							}
						}
					]
				},
				{
					"name": "ball_illuminated",
					"parent": "root",
					"pivot": [0.99909, -5.70091, 1.7],
					"rotation": [0, -62.5, -37.5],
					"cubes": [
						{
							"origin": [-1.00091, -8.40091, -0.3],
							"size": [5, 5, 5],
							"uv": {
								"north": {"uv": [24, 33], "uv_size": [5, 5]},
								"east": {"uv": [29, 36], "uv_size": [5, 5]},
								"south": {"uv": [34, 36], "uv_size": [5, 5]},
								"west": {"uv": [24, 38], "uv_size": [5, 5]},
								"up": {"uv": [39, 36], "uv_size": [5, 5]},
								"down": {"uv": [29, 46], "uv_size": [5, -5]}
							}
						}
					]
				},
				{
					"name": "positioning",
					"pivot": [-3.025, -8.95, -11.225]
				},
				{
					"name": "ground",
					"parent": "positioning",
					"pivot": [0, -13, 0]
				},
				{
					"name": "fixed",
					"parent": "positioning",
					"pivot": [0, -6, 2]
				},
				{
					"name": "thirdperson_hand",
					"parent": "positioning",
					"pivot": [5.975, -11.45, -0.225],
					"rotation": [0, -90, 0]
				}
			]
		}
	]
}