{
  "materials": [
    {
      "item": {
        "tag": "forge:gems/diamond"
      },
      "count": 2
    },
    {
      "item": {
        "tag": "forge:gems/amethyst"
      },
      "count": 4
    },
    {
      "item": {
        "tag": "forge:ingots/gold"
      },
      "count": 6
    },
    {
      "item": {
        "tag": "forge:ingots/iron"
      },
      "count": 30
    },
    {
      "item": {
        "tag": "forge:gems/quartz"
      },
      "count": 10
    }
  ],
  "result": {
    "type": "gun",
    "id": "rainbow:rb40"
  },
  "type": "tacz:gun_smith_table_crafting"
}