{
  "materials": [
    {
      "item": {
        "tag": "forge:gems/diamond"
      },
      "count": 16
    },
    {
      "item": {
        "item": "minecraft:end_crystal"
      },
      "count": 8
    },
    {
      "item": {
        "tag": "forge:gems/amethyst"
      },
      "count": 48
    },
    {
      "item": {
        "tag": "forge:ingots/gold"
      },
      "count": 40
    },
    {
      "item": {
        "tag": "forge:ingots/iron"
      },
      "count": 40
    },
    {
      "item": {
        "tag": "forge:ingots/netherite"
      },
      "count": 4
    },
    {
      "item": {
        "tag": "forge:gems/quartz"
      },
      "count": 15
    }
  ],
  "result": {
    "type": "gun",
    "id": "rainbow:rb60_gs"
  },
  "type": "tacz:gun_smith_table_crafting"
}