{
  "model": "doom:gun/combat_shotgun_grenade_geo",
  "texture": "doom:gun/uv/combat_shotgun_grenade",
  "lod": {
    "model": "doom:gun/lod/combat_shotgun_grenade_lod",
    "texture": "doom:gun/lod/combat_shotgun_grenade"
  },
  "hud": "doom:gun/hud/combat_shotgun_grenade_hud",
  "slot": "doom:gun/slot/combat_shotgun_grenade_slot",
  "animation": "doom:combat_shotgun_grenade",
  //"state_machine": "doom:combat_shotgun_grenade_state_machine",
  "use_default_animation": "rifle",
  "third_person_animation": "default",
  "ammo_count_style": "normal",
  "show_crosshair": true,
  "transform": {
    "scale": {
      "thirdperson": [0.6, 0.6, 0.6],
      "ground": [0.7, 0.7, 0.7],
      "fixed": [1, 1, 1]
    }
  },
 
  "sounds": {
    "shoot_3p": "doom:combat_shotgun_grenade/combat_shotgun_gre_shoot_3p",
    "reload_3p": "doom:combat_shotgun_grenade/combat_shotgun_gre_reload_3p",
    "bolt_3p": "doom:combat_shotgun_grenade/combat_shotgun_bolt",
    "inspect_3p": "doom:combat_shotgun_grenade/combat_shotgun_gre_inspect"
  },
  "offhand_show": {
    "pos": [1, 19, 4],
    "rotate": [0, 0, 50],
    "scale": [0.5, 0.5, 0.5]
  
  },
  "muzzle_flash": {
    "texture": "tacz:flash/common_muzzle_flash",
    "scale": 0.75
  },

  "iron_zoom": 1.5,
  "zoom_model_fov": 50,

  "hotbar_show": {
    "0": {
      "pos": [-4, 24, 3],
      "rotate": [-90, -5, -90],
      "scale": [0.5, 0.5, 0.5]
    }
  }
}