{
  "model": "doom:gun/Crucible_geo",
  "texture": "doom:gun/uv/crucible",
  "lod": {
    "model": "doom:gun/lod/crucible_lod",
    "texture": "doom:gun/lod/crucible_lod"
  },
  "hud": "doom:gun/hud/crucible_hud",
  "slot": "doom:gun/slot/crucible_slot",
  "animation": "doom:Crucible",
  "state_machine": "doom:crucible_state_machine",
  "show_crosshair": true,
  "use_default_animation": "rifle",
  "third_person_animation": "default",
  "ammo_count_style": "percent",
  "transform": {
    "scale": {
      "thirdperson": [0.5, 0.5, 0.5],
      "ground": [0.5, 0.5, 0.5],
      "fixed": [1, 1, 1]
    }
  },
 
  "sounds": {
    "shoot": "doom:crucible/crucible_fire_v3",
    "shoot_3p": "doom:crucible/crucible_fire_v3",
    "draw": "doom:crucible/crucible_draw",
    "draw_3p": "doom:crucible/crucible_draw",
    "kill": "doom:crucible/kill"
  },
  "offhand_show": {
    "pos": [1, 19, 4],
    "rotate": [0, 0, 60],
    "scale": [0.5, 0.5, 0.5]
  
  },
  "hotbar_show": {
    "0": {
      "pos": [-4, 24, 3],
      "rotate": [-90, -5, -90],
      "scale": [0.5, 0.5, 0.5]
    }
  }
}