{
	"format_version": "1.12.0",
	"minecraft:geometry": [
		{
			"description": {
				"identifier": "geometry.unknown",
				"texture_width": 128,
				"texture_height": 128,
				"visible_bounds_width": 3,
				"visible_bounds_height": 2.5,
				"visible_bounds_offset": [0, 0.75, 0]
			},
			"bones": [
				{
					"name": "root",
					"pivot": [0, 0, 0]
				},
				{
					"name": "can",
					"parent": "root",
					"pivot": [0.658, 0.00762, 0.96126],
					"rotation": [0, -22.5, 0]
				},
				{
					"name": "box",
					"parent": "can",
					"pivot": [7.658, 1.75762, 3.96126],
					"cubes": [
						{
							"origin": [7.35411, 2.98104, 5.46126],
							"size": [0.25, 0.25, 3],
							"pivot": [7.35411, 3.48104, 3.96126],
							"rotation": [180, 0, 170],
							"uv": {
								"north": {"uv": [30, 65], "uv_size": [0.5, 0.5]},
								"east": {"uv": [53, 55], "uv_size": [6, 0.5]},
								"south": {"uv": [65, 31], "uv_size": [0.5, 0.5]},
								"west": {"uv": [57, 3], "uv_size": [6, 0.5]},
								"up": {"uv": [34, 55], "uv_size": [0.5, 6]},
								"down": {"uv": [42, 61], "uv_size": [0.5, -6]}
							}
						},
						{
							"origin": [-5.842, 0.00762, -1.53874],
							"size": [13, 7.5, 5],
							"pivot": [0.658, 5.94512, 0.96126],
							"rotation": [0, 180, 0],
							"uv": {
								"north": {"uv": [0, 0], "uv_size": [26, 15]},
								"east": {"uv": [27, 35], "uv_size": [10, 15]},
								"south": {"uv": [0, 16], "uv_size": [26, 15]},
								"west": {"uv": [38, 35], "uv_size": [10, 15]},
								"up": {"uv": [27, 24], "uv_size": [26, 10]},
								"down": {"uv": [0, 42], "uv_size": [26, -10]}
							}
						},
						{
							"origin": [-6.092, 5.75762, -0.78874],
							"size": [0.25, 0.5, 3.5],
							"pivot": [0.658, 5.94512, 0.96126],
							"rotation": [0, 180, 0],
							"uv": {
								"north": {"uv": [64, 29], "uv_size": [0.5, 1]},
								"east": {"uv": [54, 27], "uv_size": [7, 1]},
								"south": {"uv": [38, 64], "uv_size": [0.5, 1]},
								"up": {"uv": [55, 3], "uv_size": [0.5, 7]},
								"down": {"uv": [10, 62], "uv_size": [0.5, -7]}
							}
						},
						{
							"origin": [7.30444, 5.86118, -0.78874],
							"size": [0.35356, 0.35355, 3.5],
							"pivot": [7.408, 6.11118, 0.96126],
							"rotation": [180, 0, 135],
							"uv": {
								"north": {"uv": [32, 65], "uv_size": [0.5, 0.5]},
								"east": {"uv": [55, 11], "uv_size": [7, 0.5]},
								"south": {"uv": [65, 33], "uv_size": [0.5, 0.5]},
								"west": {"uv": [12, 55], "uv_size": [7, 0.5]},
								"up": {"uv": [55, 13], "uv_size": [0.5, 7]},
								"down": {"uv": [20, 62], "uv_size": [0.5, -7]}
							}
						},
						{
							"origin": [-6.1545, 2.88262, -0.53874],
							"size": [0.25, 0.5, 3],
							"pivot": [0.5955, 3.07012, 0.96126],
							"rotation": [0, 180, 0],
							"uv": {
								"north": {"uv": [40, 64], "uv_size": [0.5, 1]},
								"east": {"uv": [54, 29], "uv_size": [6, 1]},
								"south": {"uv": [64, 41], "uv_size": [0.5, 1]},
								"up": {"uv": [44, 55], "uv_size": [0.5, 6]},
								"down": {"uv": [12, 63], "uv_size": [0.5, -6]}
							}
						},
						{
							"origin": [7.24194, 2.98618, -0.53874],
							"size": [0.35356, 0.35355, 3],
							"pivot": [7.3455, 3.23618, 0.96126],
							"rotation": [180, 0, 135],
							"uv": {
								"north": {"uv": [34, 65], "uv_size": [0.5, 0.5]},
								"east": {"uv": [57, 5], "uv_size": [6, 0.5]},
								"south": {"uv": [52, 65], "uv_size": [0.5, 0.5]},
								"west": {"uv": [57, 7], "uv_size": [6, 0.5]},
								"up": {"uv": [57, 13], "uv_size": [0.5, 6]},
								"down": {"uv": [14, 63], "uv_size": [0.5, -6]}
							}
						},
						{
							"origin": [7.24826, 1.22177, 2.46126],
							"size": [0.25, 2, 0.25],
							"pivot": [7.44807, 1.79746, 0.96126],
							"rotation": [180, 0, 170],
							"uv": {
								"north": {"uv": [24, 59], "uv_size": [0.5, 4]},
								"east": {"uv": [26, 59], "uv_size": [0.5, 4]},
								"south": {"uv": [28, 59], "uv_size": [0.5, 4]},
								"west": {"uv": [59, 57], "uv_size": [0.5, 4]},
								"up": {"uv": [54, 65], "uv_size": [0.5, 0.5]},
								"down": {"uv": [65, 54.5], "uv_size": [0.5, -0.5]}
							}
						},
						{
							"origin": [7.24826, 1.22177, -0.78874],
							"size": [0.25, 2, 0.25],
							"pivot": [7.44807, 1.79746, 0.96126],
							"rotation": [180, 0, 170],
							"uv": {
								"north": {"uv": [0, 60], "uv_size": [0.5, 4]},
								"east": {"uv": [2, 60], "uv_size": [0.5, 4]},
								"south": {"uv": [4, 60], "uv_size": [0.5, 4]},
								"west": {"uv": [36, 61], "uv_size": [0.5, 4]},
								"up": {"uv": [56, 65], "uv_size": [0.5, 0.5]},
								"down": {"uv": [58, 65.5], "uv_size": [0.5, -0.5]}
							}
						},
						{
							"origin": [7.24826, 1.22177, -0.53874],
							"size": [0.25, 0.25, 3],
							"pivot": [7.44807, 1.79746, 0.96126],
							"rotation": [180, 0, 170],
							"uv": {
								"north": {"uv": [65, 64], "uv_size": [0.5, 0.5]},
								"east": {"uv": [57, 9], "uv_size": [6, 0.5]},
								"south": {"uv": [6, 66], "uv_size": [0.5, 0.5]},
								"west": {"uv": [22, 57], "uv_size": [6, 0.5]},
								"up": {"uv": [16, 57], "uv_size": [0.5, 6]},
								"down": {"uv": [18, 63], "uv_size": [0.5, -6]}
							}
						}
					]
				},
				{
					"name": "cap",
					"parent": "can",
					"pivot": [-5.38075, 6.99762, 0.96126],
					"cubes": [
						{
							"origin": [-5.3153, 7.00762, -1.78874],
							"size": [13.5, 1, 5.5],
							"pivot": [1.04635, 8.51077, 0.96126],
							"rotation": [0, 180, 0],
							"uv": {
								"north": {"uv": [49, 35], "uv_size": [27, 2]},
								"east": {"uv": [49, 41], "uv_size": [11, 2]},
								"south": {"uv": [49, 38], "uv_size": [27, 2]},
								"west": {"uv": [49, 44], "uv_size": [11, 2]},
								"up": {"uv": [27, 0], "uv_size": [27, 11]},
								"down": {"uv": [27, 23], "uv_size": [27, -11]}
							}
						},
						{
							"origin": [-5.88075, 6.49762, -1.28874],
							"size": [1, 1, 4.5],
							"pivot": [-5.38075, 6.99762, 0.96126],
							"rotation": [180, 0, -135],
							"uv": {
								"north": {"uv": [54, 52], "uv_size": [2, 2]},
								"east": {"uv": [49, 47], "uv_size": [9, 2]},
								"south": {"uv": [55, 0], "uv_size": [2, 2]},
								"up": {"uv": [0, 50], "uv_size": [2, 9]},
								"down": {"uv": [3, 59], "uv_size": [2, -9]}
							}
						},
						{
							"origin": [1.658, 8.00762, 0.33626],
							"size": [2, 0.25, 1.25],
							"pivot": [-0.092, 5.94512, 0.96126],
							"rotation": [0, 180, 0],
							"uv": {
								"north": {"uv": [59, 17], "uv_size": [4, 0.5]},
								"east": {"uv": [63, 60], "uv_size": [2.5, 0.5]},
								"south": {"uv": [59, 19], "uv_size": [4, 0.5]},
								"west": {"uv": [64, 0], "uv_size": [2.5, 0.5]},
								"up": {"uv": [21, 51], "uv_size": [4, 2.5]}
							}
						},
						{
							"origin": [-1.0653, 9.50762, 0.21126],
							"size": [5, 0.25, 1.5],
							"pivot": [1.04635, 8.51077, 0.96126],
							"rotation": [0, -180, 0],
							"uv": {
								"north": {"uv": [54, 31], "uv_size": [10, 0.5]},
								"east": {"uv": [30, 63], "uv_size": [3, 0.5]},
								"south": {"uv": [54, 33], "uv_size": [10, 0.5]},
								"west": {"uv": [63, 45], "uv_size": [3, 0.5]},
								"up": {"uv": [14, 43], "uv_size": [10, 3]},
								"down": {"uv": [14, 50], "uv_size": [10, -3]}
							}
						},
						{
							"origin": [-3.0653, 8.00762, 0.33626],
							"size": [2, 0.25, 1.25],
							"pivot": [1.04635, 8.51077, 0.96126],
							"rotation": [0, -180, 0],
							"uv": {
								"north": {"uv": [59, 47], "uv_size": [4, 0.5]},
								"east": {"uv": [64, 2], "uv_size": [2.5, 0.5]},
								"south": {"uv": [60, 54], "uv_size": [4, 0.5]},
								"west": {"uv": [64, 4], "uv_size": [2.5, 0.5]},
								"up": {"uv": [26, 51], "uv_size": [4, 2.5]},
								"down": {"uv": [31, 53.5], "uv_size": [4, -2.5]}
							}
						},
						{
							"origin": [0.99973, 11.4064, 0.21126],
							"size": [1.75, 0.25, 1.5],
							"pivot": [1.04635, 8.51077, 0.96126],
							"rotation": [180, 0, 112.5],
							"uv": {
								"north": {"uv": [61, 62], "uv_size": [3.5, 0.5]},
								"east": {"uv": [63, 52], "uv_size": [3, 0.5]},
								"south": {"uv": [63, 11], "uv_size": [3.5, 0.5]},
								"west": {"uv": [53, 63], "uv_size": [3, 0.5]},
								"up": {"uv": [6, 50], "uv_size": [3.5, 3]},
								"down": {"uv": [49, 53], "uv_size": [3.5, -3]}
							}
						},
						{
							"origin": [7.408, 6.75762, 3.21126],
							"size": [0.25, 0.25, 2.25],
							"pivot": [7.408, 6.75762, 3.21126],
							"rotation": [105, 0, 180],
							"uv": {
								"north": {"uv": [66, 6], "uv_size": [0.5, 0.5]},
								"east": {"uv": [57, 52], "uv_size": [4.5, 0.5]},
								"south": {"uv": [8, 66], "uv_size": [0.5, 0.5]},
								"west": {"uv": [58, 0], "uv_size": [4.5, 0.5]},
								"up": {"uv": [6, 58], "uv_size": [0.5, 4.5]},
								"down": {"uv": [8, 62.5], "uv_size": [0.5, -4.5]}
							}
						},
						{
							"origin": [-6.092, 6.75762, -1.28874],
							"size": [0.25, 0.25, 4.5],
							"pivot": [0.658, 7.69512, 0.96126],
							"rotation": [0, 180, 0],
							"uv": {
								"north": {"uv": [66, 8], "uv_size": [0.5, 0.5]},
								"east": {"uv": [54, 50], "uv_size": [9, 0.5]},
								"south": {"uv": [10, 66], "uv_size": [0.5, 0.5]},
								"down": {"uv": [51, 63], "uv_size": [0.5, -9]}
							}
						},
						{
							"origin": [7.158, 4.25016, -0.27095],
							"size": [0.25, 0.25, 2.25],
							"pivot": [7.283, 4.37516, -0.52095],
							"rotation": [-105, 0, 180],
							"uv": {
								"east": {"uv": [59, 13], "uv_size": [4.5, 0.5]},
								"south": {"uv": [12, 66], "uv_size": [0.5, 0.5]},
								"west": {"uv": [59, 15], "uv_size": [4.5, 0.5]},
								"up": {"uv": [46, 58], "uv_size": [0.5, 4.5]},
								"down": {"uv": [22, 63.5], "uv_size": [0.5, -4.5]}
							}
						},
						{
							"origin": [6.77886, 5.14188, -0.53874],
							"size": [0.5, 0.75, 3],
							"pivot": [7.283, 4.70929, 0.96126],
							"rotation": [180, 0, -175],
							"uv": {
								"north": {"uv": [10, 63], "uv_size": [1, 1.5]},
								"east": {"uv": [36, 51], "uv_size": [6, 1.5]},
								"south": {"uv": [20, 63], "uv_size": [1, 1.5]},
								"west": {"uv": [54, 24], "uv_size": [6, 1.5]},
								"up": {"uv": [25, 43], "uv_size": [1, 6]},
								"down": {"uv": [47, 57], "uv_size": [1, -6]}
							}
						},
						{
							"origin": [6.908, 2.25762, -0.53874],
							"size": [0.5, 3, 3],
							"pivot": [7.283, 4.70929, 0.96126],
							"rotation": [180, 0, -160],
							"uv": {
								"north": {"uv": [36, 54], "uv_size": [1, 6]},
								"east": {"uv": [0, 43], "uv_size": [6, 6]},
								"south": {"uv": [38, 54], "uv_size": [1, 6]},
								"west": {"uv": [7, 43], "uv_size": [6, 6]},
								"up": {"uv": [40, 54], "uv_size": [1, 6]},
								"down": {"uv": [49, 60], "uv_size": [1, -6]}
							}
						},
						{
							"origin": [6.908, 3.28636, -0.46167],
							"size": [0.5, 1.5, 1.5],
							"inflate": 0.01,
							"pivot": [7.283, 4.70929, 0.96126],
							"rotation": [-135, 0, -160],
							"uv": {
								"north": {"uv": [53, 57], "uv_size": [1, 3]},
								"east": {"uv": [43, 51], "uv_size": [3, 3]},
								"west": {"uv": [6, 54], "uv_size": [3, 3]},
								"up": {"uv": [55, 57], "uv_size": [1, 3]},
								"down": {"uv": [57, 60], "uv_size": [1, -3]}
							}
						},
						{
							"origin": [7.158, 4.58429, -0.7064],
							"size": [0.25, 0.25, 3.33531],
							"pivot": [7.283, 4.70929, 0.96126],
							"rotation": [0, 180, 0],
							"uv": {
								"north": {"uv": [14, 66], "uv_size": [0.5, 0.5]},
								"east": {"uv": [55, 21], "uv_size": [6.5, 0.5]},
								"south": {"uv": [16, 66], "uv_size": [0.5, 0.5]},
								"west": {"uv": [22, 55], "uv_size": [6.5, 0.5]},
								"up": {"uv": [30, 55], "uv_size": [0.5, 6.5]},
								"down": {"uv": [32, 61.5], "uv_size": [0.5, -6.5]}
							}
						},
						{
							"origin": [-0.3598, 10.68883, 0.21126],
							"size": [1.75, 0.25, 1.5],
							"pivot": [1.04635, 8.51077, 0.96126],
							"rotation": [180, 0, -112.5],
							"uv": {
								"north": {"uv": [63, 21], "uv_size": [3.5, 0.5]},
								"east": {"uv": [63, 56], "uv_size": [3, 0.5]},
								"south": {"uv": [63, 43], "uv_size": [3.5, 0.5]},
								"west": {"uv": [63, 58], "uv_size": [3, 0.5]},
								"up": {"uv": [11, 51], "uv_size": [3.5, 3]},
								"down": {"uv": [16, 54], "uv_size": [3.5, -3]}
							}
						}
					]
				},
				{
					"name": "ammo",
					"parent": "root",
					"pivot": [-2, 0, 3]
				},
				{
					"name": "46x30",
					"parent": "ammo",
					"pivot": [8.99999, 2.39602, -0.83332],
					"rotation": [-90, 0, 0],
					"cubes": [
						{
							"origin": [8.48977, 2.03469, -0.91256],
							"size": [0.2539, 0.72265, 0.38085],
							"pivot": [9, 2.39601, -0.62499],
							"rotation": [0, -22.5, 0],
							"uv": {
								"north": {"uv": [66, 17], "uv_size": [0.5, 0.5]},
								"east": {"uv": [18, 66], "uv_size": [0.5, 0.5]},
								"south": {"uv": [66, 19], "uv_size": [0.5, 0.5]},
								"west": {"uv": [20, 66], "uv_size": [0.5, 0.5]},
								"up": {"uv": [66, 23], "uv_size": [0.5, 0.5]},
								"down": {"uv": [24, 66.5], "uv_size": [0.5, -0.5]}
							}
						},
						{
							"origin": [8.63867, 2.65231, -0.91256],
							"size": [0.72265, 0.2539, 0.38085],
							"pivot": [9, 2.39601, -0.62499],
							"rotation": [22.5, 0, 0],
							"uv": {
								"north": {"uv": [66, 25], "uv_size": [0.5, 0.5]},
								"east": {"uv": [26, 66], "uv_size": [0.5, 0.5]},
								"south": {"uv": [28, 66], "uv_size": [0.5, 0.5]},
								"west": {"uv": [66, 29], "uv_size": [0.5, 0.5]},
								"up": {"uv": [36, 66], "uv_size": [0.5, 0.5]},
								"down": {"uv": [38, 66.5], "uv_size": [0.5, -0.5]}
							}
						},
						{
							"origin": [8.63867, 1.88579, -0.91254],
							"size": [0.72265, 0.2539, 0.38085],
							"pivot": [9, 2.39601, -0.62499],
							"rotation": [-22.5, 0, 0],
							"uv": {
								"north": {"uv": [40, 66], "uv_size": [0.5, 0.5]},
								"east": {"uv": [66, 41], "uv_size": [0.5, 0.5]},
								"south": {"uv": [42, 66], "uv_size": [0.5, 0.5]},
								"west": {"uv": [44, 66], "uv_size": [0.5, 0.5]},
								"up": {"uv": [46, 66], "uv_size": [0.5, 0.5]},
								"down": {"uv": [66, 47.5], "uv_size": [0.5, -0.5]}
							}
						},
						{
							"origin": [9.25632, 2.03469, -0.91254],
							"size": [0.2539, 0.72265, 0.38085],
							"pivot": [9, 2.39601, -0.62499],
							"rotation": [0, 22.5, 0],
							"uv": {
								"north": {"uv": [48, 66], "uv_size": [0.5, 0.5]},
								"east": {"uv": [66, 49], "uv_size": [0.5, 0.5]},
								"south": {"uv": [50, 66], "uv_size": [0.5, 0.5]},
								"west": {"uv": [60, 66], "uv_size": [0.5, 0.5]},
								"up": {"uv": [62, 66], "uv_size": [0.5, 0.5]},
								"down": {"uv": [66, 62.5], "uv_size": [0.5, -0.5]}
							}
						},
						{
							"origin": [8.49217, 1.88821, -0.73824],
							"size": [1.01563, 1.01563, 1.85938],
							"uv": {
								"north": {"uv": [57, 63], "uv_size": [1, 1]},
								"east": {"uv": [61, 23], "uv_size": [2, 1]},
								"south": {"uv": [6, 64], "uv_size": [1, 1]},
								"west": {"uv": [61, 25], "uv_size": [2, 1]},
								"up": {"uv": [38, 61], "uv_size": [1, 2]},
								"down": {"uv": [40, 63], "uv_size": [1, -2]}
							}
						},
						{
							"origin": [8.63867, 2.03469, -1.08591],
							"size": [0.72265, 0.72265, 0.38085],
							"uv": {
								"north": {"uv": [64, 66], "uv_size": [0.5, 0.5]},
								"east": {"uv": [66, 66], "uv_size": [0.5, 0.5]},
								"south": {"uv": [0, 67], "uv_size": [0.5, 0.5]},
								"west": {"uv": [2, 67], "uv_size": [0.5, 0.5]},
								"up": {"uv": [4, 67], "uv_size": [0.5, 0.5]},
								"down": {"uv": [67, 13.5], "uv_size": [0.5, -0.5]}
							}
						},
						{
							"origin": [8.67285, 2.06889, -1.80856],
							"size": [0.65428, 0.65428, 0.72265],
							"uv": {
								"north": {"uv": [67, 15], "uv_size": [0.5, 0.5]},
								"east": {"uv": [22, 67], "uv_size": [0.5, 0.5]},
								"south": {"uv": [67, 27], "uv_size": [0.5, 0.5]},
								"west": {"uv": [30, 67], "uv_size": [0.5, 0.5]},
								"up": {"uv": [67, 31], "uv_size": [0.5, 0.5]},
								"down": {"uv": [32, 67.5], "uv_size": [0.5, -0.5]}
							}
						},
						{
							"origin": [8.74607, 2.14211, -2.30661],
							"size": [0.50782, 0.50782, 0.57618],
							"uv": {
								"north": {"uv": [67, 33], "uv_size": [0.5, 0.5]},
								"east": {"uv": [34, 67], "uv_size": [0.5, 0.5]},
								"south": {"uv": [67, 45], "uv_size": [0.5, 0.5]},
								"west": {"uv": [67, 51], "uv_size": [0.5, 0.5]},
								"up": {"uv": [52, 67], "uv_size": [0.5, 0.5]},
								"down": {"uv": [67, 53.5], "uv_size": [0.5, -0.5]}
							}
						},
						{
							"origin": [8.81932, 2.21536, -2.63619],
							"size": [0.36132, 0.36132, 0.48582],
							"uv": {
								"north": {"uv": [54, 67], "uv_size": [0.5, 0.5]},
								"east": {"uv": [67, 55], "uv_size": [0.5, 0.5]},
								"south": {"uv": [56, 67], "uv_size": [0.5, 0.5]},
								"west": {"uv": [67, 57], "uv_size": [0.5, 0.5]},
								"up": {"uv": [58, 67], "uv_size": [0.5, 0.5]},
								"down": {"uv": [67, 59.5], "uv_size": [0.5, -0.5]}
							}
						},
						{
							"origin": [8.92917, 2.32524, -2.81931],
							"size": [0.1416, 0.1416, 0.21972],
							"uv": {
								"north": {"uv": [67, 64], "uv_size": [0.5, 0.5]},
								"east": {"uv": [68, 0], "uv_size": [0.5, 0.5]},
								"south": {"uv": [68, 2], "uv_size": [0.5, 0.5]},
								"west": {"uv": [68, 4], "uv_size": [0.5, 0.5]},
								"up": {"uv": [6, 68], "uv_size": [0.5, 0.5]},
								"down": {"uv": [68, 6.5], "uv_size": [0.5, -0.5]}
							}
						},
						{
							"origin": [8.49217, 1.88821, 1.34086],
							"size": [1.01563, 1.01563, 0.2197],
							"uv": {
								"north": {"uv": [64, 6], "uv_size": [1, 1]},
								"east": {"uv": [42, 64], "uv_size": [0.5, 1]},
								"south": {"uv": [8, 64], "uv_size": [1, 1]},
								"west": {"uv": [44, 64], "uv_size": [0.5, 1]},
								"up": {"uv": [46, 64], "uv_size": [1, 0.5]},
								"down": {"uv": [64, 47.5], "uv_size": [1, -0.5]}
							}
						},
						{
							"origin": [8.63867, 2.03469, 1.12111],
							"size": [0.72265, 0.72265, 0.29297],
							"uv": {
								"north": {"uv": [8, 68], "uv_size": [0.5, 0.5]},
								"east": {"uv": [68, 8], "uv_size": [0.5, 0.5]},
								"south": {"uv": [10, 68], "uv_size": [0.5, 0.5]},
								"west": {"uv": [68, 10], "uv_size": [0.5, 0.5]},
								"up": {"uv": [12, 68], "uv_size": [0.5, 0.5]},
								"down": {"uv": [14, 68.5], "uv_size": [0.5, -0.5]}
							}
						}
					]
				},
				{
					"name": "46x4",
					"parent": "ammo",
					"pivot": [4.99999, 0.52102, -3.83332],
					"rotation": [-117.5, 0, -90],
					"cubes": [
						{
							"origin": [4.48977, 0.15969, -3.91256],
							"size": [0.2539, 0.72265, 0.38085],
							"pivot": [5, 0.52101, -3.62499],
							"rotation": [0, -22.5, 0],
							"uv": {
								"north": {"uv": [71, 63], "uv_size": [0.5, 0.5]},
								"east": {"uv": [70, 71], "uv_size": [0.5, 0.5]},
								"south": {"uv": [72, 0], "uv_size": [0.5, 0.5]},
								"west": {"uv": [72, 2], "uv_size": [0.5, 0.5]},
								"up": {"uv": [72, 4], "uv_size": [0.5, 0.5]},
								"down": {"uv": [6, 72.5], "uv_size": [0.5, -0.5]}
							}
						},
						{
							"origin": [4.63867, 0.77731, -3.91256],
							"size": [0.72265, 0.2539, 0.38085],
							"pivot": [5, 0.52101, -3.62499],
							"rotation": [22.5, 0, 0],
							"uv": {
								"north": {"uv": [72, 6], "uv_size": [0.5, 0.5]},
								"east": {"uv": [8, 72], "uv_size": [0.5, 0.5]},
								"south": {"uv": [72, 8], "uv_size": [0.5, 0.5]},
								"west": {"uv": [10, 72], "uv_size": [0.5, 0.5]},
								"up": {"uv": [72, 10], "uv_size": [0.5, 0.5]},
								"down": {"uv": [12, 72.5], "uv_size": [0.5, -0.5]}
							}
						},
						{
							"origin": [4.63867, 0.01079, -3.91254],
							"size": [0.72265, 0.2539, 0.38085],
							"pivot": [5, 0.52101, -3.62499],
							"rotation": [-22.5, 0, 0],
							"uv": {
								"north": {"uv": [14, 72], "uv_size": [0.5, 0.5]},
								"east": {"uv": [16, 72], "uv_size": [0.5, 0.5]},
								"south": {"uv": [72, 16], "uv_size": [0.5, 0.5]},
								"west": {"uv": [18, 72], "uv_size": [0.5, 0.5]},
								"up": {"uv": [72, 18], "uv_size": [0.5, 0.5]},
								"down": {"uv": [20, 72.5], "uv_size": [0.5, -0.5]}
							}
						},
						{
							"origin": [5.25632, 0.15969, -3.91254],
							"size": [0.2539, 0.72265, 0.38085],
							"pivot": [5, 0.52101, -3.62499],
							"rotation": [0, 22.5, 0],
							"uv": {
								"north": {"uv": [72, 20], "uv_size": [0.5, 0.5]},
								"east": {"uv": [72, 22], "uv_size": [0.5, 0.5]},
								"south": {"uv": [24, 72], "uv_size": [0.5, 0.5]},
								"west": {"uv": [72, 24], "uv_size": [0.5, 0.5]},
								"up": {"uv": [26, 72], "uv_size": [0.5, 0.5]},
								"down": {"uv": [28, 72.5], "uv_size": [0.5, -0.5]}
							}
						},
						{
							"origin": [4.49217, 0.01321, -3.73824],
							"size": [1.01563, 1.01563, 1.85938],
							"uv": {
								"north": {"uv": [24, 64], "uv_size": [1, 1]},
								"east": {"uv": [62, 27], "uv_size": [2, 1]},
								"south": {"uv": [64, 25], "uv_size": [1, 1]},
								"west": {"uv": [42, 62], "uv_size": [2, 1]},
								"up": {"uv": [34, 62], "uv_size": [1, 2]},
								"down": {"uv": [59, 64], "uv_size": [1, -2]}
							}
						},
						{
							"origin": [4.63867, 0.15969, -4.08591],
							"size": [0.72265, 0.72265, 0.38085],
							"uv": {
								"north": {"uv": [72, 28], "uv_size": [0.5, 0.5]},
								"east": {"uv": [36, 72], "uv_size": [0.5, 0.5]},
								"south": {"uv": [38, 72], "uv_size": [0.5, 0.5]},
								"west": {"uv": [40, 72], "uv_size": [0.5, 0.5]},
								"up": {"uv": [72, 41], "uv_size": [0.5, 0.5]},
								"down": {"uv": [42, 72.5], "uv_size": [0.5, -0.5]}
							}
						},
						{
							"origin": [4.67285, 0.19389, -4.80856],
							"size": [0.65428, 0.65428, 0.72265],
							"uv": {
								"north": {"uv": [72, 43], "uv_size": [0.5, 0.5]},
								"east": {"uv": [44, 72], "uv_size": [0.5, 0.5]},
								"south": {"uv": [46, 72], "uv_size": [0.5, 0.5]},
								"west": {"uv": [72, 47], "uv_size": [0.5, 0.5]},
								"up": {"uv": [48, 72], "uv_size": [0.5, 0.5]},
								"down": {"uv": [72, 49.5], "uv_size": [0.5, -0.5]}
							}
						},
						{
							"origin": [4.74607, 0.26711, -5.30661],
							"size": [0.50782, 0.50782, 0.57618],
							"uv": {
								"north": {"uv": [50, 72], "uv_size": [0.5, 0.5]},
								"east": {"uv": [60, 72], "uv_size": [0.5, 0.5]},
								"south": {"uv": [72, 61], "uv_size": [0.5, 0.5]},
								"west": {"uv": [62, 72], "uv_size": [0.5, 0.5]},
								"up": {"uv": [64, 72], "uv_size": [0.5, 0.5]},
								"down": {"uv": [72, 65.5], "uv_size": [0.5, -0.5]}
							}
						},
						{
							"origin": [4.81932, 0.34036, -5.63619],
							"size": [0.36132, 0.36132, 0.48582],
							"uv": {
								"north": {"uv": [66, 72], "uv_size": [0.5, 0.5]},
								"east": {"uv": [72, 67], "uv_size": [0.5, 0.5]},
								"south": {"uv": [68, 72], "uv_size": [0.5, 0.5]},
								"west": {"uv": [72, 69], "uv_size": [0.5, 0.5]},
								"up": {"uv": [72, 71], "uv_size": [0.5, 0.5]},
								"down": {"uv": [0, 73.5], "uv_size": [0.5, -0.5]}
							}
						},
						{
							"origin": [4.92917, 0.45024, -5.81931],
							"size": [0.1416, 0.1416, 0.21972],
							"uv": {
								"north": {"uv": [2, 73], "uv_size": [0.5, 0.5]},
								"east": {"uv": [4, 73], "uv_size": [0.5, 0.5]},
								"south": {"uv": [73, 12], "uv_size": [0.5, 0.5]},
								"west": {"uv": [73, 14], "uv_size": [0.5, 0.5]},
								"up": {"uv": [22, 73], "uv_size": [0.5, 0.5]},
								"down": {"uv": [73, 26.5], "uv_size": [0.5, -0.5]}
							}
						},
						{
							"origin": [4.49217, 0.01321, -1.65914],
							"size": [1.01563, 1.01563, 0.2197],
							"uv": {
								"north": {"uv": [26, 64], "uv_size": [1, 1]},
								"east": {"uv": [65, 13], "uv_size": [0.5, 1]},
								"south": {"uv": [28, 64], "uv_size": [1, 1]},
								"west": {"uv": [65, 15], "uv_size": [0.5, 1]},
								"up": {"uv": [22, 65], "uv_size": [1, 0.5]},
								"down": {"uv": [65, 27.5], "uv_size": [1, -0.5]}
							}
						},
						{
							"origin": [4.63867, 0.15969, -1.87889],
							"size": [0.72265, 0.72265, 0.29297],
							"uv": {
								"north": {"uv": [30, 73], "uv_size": [0.5, 0.5]},
								"east": {"uv": [73, 30], "uv_size": [0.5, 0.5]},
								"south": {"uv": [32, 73], "uv_size": [0.5, 0.5]},
								"west": {"uv": [73, 32], "uv_size": [0.5, 0.5]},
								"up": {"uv": [34, 73], "uv_size": [0.5, 0.5]},
								"down": {"uv": [73, 45.5], "uv_size": [0.5, -0.5]}
							}
						}
					]
				},
				{
					"name": "46x2",
					"parent": "ammo",
					"pivot": [6.99999, 2.39602, -1.83332],
					"rotation": [-90, 47.5, 0],
					"cubes": [
						{
							"origin": [6.48977, 2.03469, -1.91256],
							"size": [0.2539, 0.72265, 0.38085],
							"pivot": [7, 2.39601, -1.62499],
							"rotation": [0, -22.5, 0],
							"uv": {
								"north": {"uv": [16, 68], "uv_size": [0.5, 0.5]},
								"east": {"uv": [68, 17], "uv_size": [0.5, 0.5]},
								"south": {"uv": [18, 68], "uv_size": [0.5, 0.5]},
								"west": {"uv": [68, 19], "uv_size": [0.5, 0.5]},
								"up": {"uv": [20, 68], "uv_size": [0.5, 0.5]},
								"down": {"uv": [68, 21.5], "uv_size": [0.5, -0.5]}
							}
						},
						{
							"origin": [6.63867, 2.65231, -1.91256],
							"size": [0.72265, 0.2539, 0.38085],
							"pivot": [7, 2.39601, -1.62499],
							"rotation": [22.5, 0, 0],
							"uv": {
								"north": {"uv": [68, 23], "uv_size": [0.5, 0.5]},
								"east": {"uv": [24, 68], "uv_size": [0.5, 0.5]},
								"south": {"uv": [68, 25], "uv_size": [0.5, 0.5]},
								"west": {"uv": [26, 68], "uv_size": [0.5, 0.5]},
								"up": {"uv": [28, 68], "uv_size": [0.5, 0.5]},
								"down": {"uv": [68, 29.5], "uv_size": [0.5, -0.5]}
							}
						},
						{
							"origin": [6.63867, 1.88579, -1.91254],
							"size": [0.72265, 0.2539, 0.38085],
							"pivot": [7, 2.39601, -1.62499],
							"rotation": [-22.5, 0, 0],
							"uv": {
								"north": {"uv": [36, 68], "uv_size": [0.5, 0.5]},
								"east": {"uv": [38, 68], "uv_size": [0.5, 0.5]},
								"south": {"uv": [40, 68], "uv_size": [0.5, 0.5]},
								"west": {"uv": [68, 41], "uv_size": [0.5, 0.5]},
								"up": {"uv": [42, 68], "uv_size": [0.5, 0.5]},
								"down": {"uv": [68, 43.5], "uv_size": [0.5, -0.5]}
							}
						},
						{
							"origin": [7.25632, 2.03469, -1.91254],
							"size": [0.2539, 0.72265, 0.38085],
							"pivot": [7, 2.39601, -1.62499],
							"rotation": [0, 22.5, 0],
							"uv": {
								"north": {"uv": [44, 68], "uv_size": [0.5, 0.5]},
								"east": {"uv": [46, 68], "uv_size": [0.5, 0.5]},
								"south": {"uv": [68, 47], "uv_size": [0.5, 0.5]},
								"west": {"uv": [48, 68], "uv_size": [0.5, 0.5]},
								"up": {"uv": [68, 49], "uv_size": [0.5, 0.5]},
								"down": {"uv": [50, 68.5], "uv_size": [0.5, -0.5]}
							}
						},
						{
							"origin": [6.49217, 1.88821, -1.73824],
							"size": [1.01563, 1.01563, 1.85938],
							"uv": {
								"north": {"uv": [64, 8], "uv_size": [1, 1]},
								"east": {"uv": [61, 29], "uv_size": [2, 1]},
								"south": {"uv": [12, 64], "uv_size": [1, 1]},
								"west": {"uv": [61, 41], "uv_size": [2, 1]},
								"up": {"uv": [61, 43], "uv_size": [1, 2]},
								"down": {"uv": [48, 63], "uv_size": [1, -2]}
							}
						},
						{
							"origin": [6.63867, 2.03469, -2.08591],
							"size": [0.72265, 0.72265, 0.38085],
							"uv": {
								"north": {"uv": [60, 68], "uv_size": [0.5, 0.5]},
								"east": {"uv": [68, 61], "uv_size": [0.5, 0.5]},
								"south": {"uv": [62, 68], "uv_size": [0.5, 0.5]},
								"west": {"uv": [64, 68], "uv_size": [0.5, 0.5]},
								"up": {"uv": [66, 68], "uv_size": [0.5, 0.5]},
								"down": {"uv": [68, 66.5], "uv_size": [0.5, -0.5]}
							}
						},
						{
							"origin": [6.67285, 2.06889, -2.80856],
							"size": [0.65428, 0.65428, 0.72265],
							"uv": {
								"north": {"uv": [68, 68], "uv_size": [0.5, 0.5]},
								"east": {"uv": [0, 69], "uv_size": [0.5, 0.5]},
								"south": {"uv": [2, 69], "uv_size": [0.5, 0.5]},
								"west": {"uv": [4, 69], "uv_size": [0.5, 0.5]},
								"up": {"uv": [69, 12], "uv_size": [0.5, 0.5]},
								"down": {"uv": [69, 14.5], "uv_size": [0.5, -0.5]}
							}
						},
						{
							"origin": [6.74607, 2.14211, -3.30661],
							"size": [0.50782, 0.50782, 0.57618],
							"uv": {
								"north": {"uv": [22, 69], "uv_size": [0.5, 0.5]},
								"east": {"uv": [69, 27], "uv_size": [0.5, 0.5]},
								"south": {"uv": [30, 69], "uv_size": [0.5, 0.5]},
								"west": {"uv": [69, 31], "uv_size": [0.5, 0.5]},
								"up": {"uv": [32, 69], "uv_size": [0.5, 0.5]},
								"down": {"uv": [69, 33.5], "uv_size": [0.5, -0.5]}
							}
						},
						{
							"origin": [6.81932, 2.21536, -3.63619],
							"size": [0.36132, 0.36132, 0.48582],
							"uv": {
								"north": {"uv": [34, 69], "uv_size": [0.5, 0.5]},
								"east": {"uv": [69, 45], "uv_size": [0.5, 0.5]},
								"south": {"uv": [69, 51], "uv_size": [0.5, 0.5]},
								"west": {"uv": [52, 69], "uv_size": [0.5, 0.5]},
								"up": {"uv": [69, 53], "uv_size": [0.5, 0.5]},
								"down": {"uv": [54, 69.5], "uv_size": [0.5, -0.5]}
							}
						},
						{
							"origin": [6.92917, 2.32524, -3.81931],
							"size": [0.1416, 0.1416, 0.21972],
							"uv": {
								"north": {"uv": [69, 55], "uv_size": [0.5, 0.5]},
								"east": {"uv": [56, 69], "uv_size": [0.5, 0.5]},
								"south": {"uv": [69, 57], "uv_size": [0.5, 0.5]},
								"west": {"uv": [58, 69], "uv_size": [0.5, 0.5]},
								"up": {"uv": [69, 59], "uv_size": [0.5, 0.5]},
								"down": {"uv": [69, 63.5], "uv_size": [0.5, -0.5]}
							}
						},
						{
							"origin": [6.49217, 1.88821, 0.34086],
							"size": [1.01563, 1.01563, 0.2197],
							"uv": {
								"north": {"uv": [14, 64], "uv_size": [1, 1]},
								"east": {"uv": [48, 64], "uv_size": [0.5, 1]},
								"south": {"uv": [16, 64], "uv_size": [1, 1]},
								"west": {"uv": [64, 49], "uv_size": [0.5, 1]},
								"up": {"uv": [50, 64], "uv_size": [1, 0.5]},
								"down": {"uv": [61, 64.5], "uv_size": [1, -0.5]}
							}
						},
						{
							"origin": [6.63867, 2.03469, 0.12111],
							"size": [0.72265, 0.72265, 0.29297],
							"uv": {
								"north": {"uv": [70, 0], "uv_size": [0.5, 0.5]},
								"east": {"uv": [70, 2], "uv_size": [0.5, 0.5]},
								"south": {"uv": [70, 4], "uv_size": [0.5, 0.5]},
								"west": {"uv": [6, 70], "uv_size": [0.5, 0.5]},
								"up": {"uv": [70, 6], "uv_size": [0.5, 0.5]},
								"down": {"uv": [8, 70.5], "uv_size": [0.5, -0.5]}
							}
						}
					]
				},
				{
					"name": "46x3",
					"parent": "ammo",
					"pivot": [9.99999, 2.39602, -2.83332],
					"rotation": [-90, -77.5, 0],
					"cubes": [
						{
							"origin": [9.48977, 2.03469, -2.91256],
							"size": [0.2539, 0.72265, 0.38085],
							"pivot": [10, 2.39601, -2.62499],
							"rotation": [0, -22.5, 0],
							"uv": {
								"north": {"uv": [70, 8], "uv_size": [0.5, 0.5]},
								"east": {"uv": [10, 70], "uv_size": [0.5, 0.5]},
								"south": {"uv": [70, 10], "uv_size": [0.5, 0.5]},
								"west": {"uv": [12, 70], "uv_size": [0.5, 0.5]},
								"up": {"uv": [14, 70], "uv_size": [0.5, 0.5]},
								"down": {"uv": [16, 70.5], "uv_size": [0.5, -0.5]}
							}
						},
						{
							"origin": [9.63867, 2.65231, -2.91256],
							"size": [0.72265, 0.2539, 0.38085],
							"pivot": [10, 2.39601, -2.62499],
							"rotation": [22.5, 0, 0],
							"uv": {
								"north": {"uv": [70, 16], "uv_size": [0.5, 0.5]},
								"east": {"uv": [18, 70], "uv_size": [0.5, 0.5]},
								"south": {"uv": [70, 18], "uv_size": [0.5, 0.5]},
								"west": {"uv": [20, 70], "uv_size": [0.5, 0.5]},
								"up": {"uv": [70, 20], "uv_size": [0.5, 0.5]},
								"down": {"uv": [70, 22.5], "uv_size": [0.5, -0.5]}
							}
						},
						{
							"origin": [9.63867, 1.88579, -2.91254],
							"size": [0.72265, 0.2539, 0.38085],
							"pivot": [10, 2.39601, -2.62499],
							"rotation": [-22.5, 0, 0],
							"uv": {
								"north": {"uv": [24, 70], "uv_size": [0.5, 0.5]},
								"east": {"uv": [70, 24], "uv_size": [0.5, 0.5]},
								"south": {"uv": [26, 70], "uv_size": [0.5, 0.5]},
								"west": {"uv": [28, 70], "uv_size": [0.5, 0.5]},
								"up": {"uv": [70, 29], "uv_size": [0.5, 0.5]},
								"down": {"uv": [36, 70.5], "uv_size": [0.5, -0.5]}
							}
						},
						{
							"origin": [10.25632, 2.03469, -2.91254],
							"size": [0.2539, 0.72265, 0.38085],
							"pivot": [10, 2.39601, -2.62499],
							"rotation": [0, 22.5, 0],
							"uv": {
								"north": {"uv": [38, 70], "uv_size": [0.5, 0.5]},
								"east": {"uv": [40, 70], "uv_size": [0.5, 0.5]},
								"south": {"uv": [70, 41], "uv_size": [0.5, 0.5]},
								"west": {"uv": [42, 70], "uv_size": [0.5, 0.5]},
								"up": {"uv": [70, 43], "uv_size": [0.5, 0.5]},
								"down": {"uv": [44, 70.5], "uv_size": [0.5, -0.5]}
							}
						},
						{
							"origin": [9.49217, 1.88821, -2.73824],
							"size": [1.01563, 1.01563, 1.85938],
							"uv": {
								"north": {"uv": [64, 17], "uv_size": [1, 1]},
								"east": {"uv": [53, 61], "uv_size": [2, 1]},
								"south": {"uv": [18, 64], "uv_size": [1, 1]},
								"west": {"uv": [56, 61], "uv_size": [2, 1]},
								"up": {"uv": [61, 56], "uv_size": [1, 2]},
								"down": {"uv": [61, 61], "uv_size": [1, -2]}
							}
						},
						{
							"origin": [9.63867, 2.03469, -3.08591],
							"size": [0.72265, 0.72265, 0.38085],
							"uv": {
								"north": {"uv": [46, 70], "uv_size": [0.5, 0.5]},
								"east": {"uv": [70, 47], "uv_size": [0.5, 0.5]},
								"south": {"uv": [48, 70], "uv_size": [0.5, 0.5]},
								"west": {"uv": [70, 49], "uv_size": [0.5, 0.5]},
								"up": {"uv": [50, 70], "uv_size": [0.5, 0.5]},
								"down": {"uv": [60, 70.5], "uv_size": [0.5, -0.5]}
							}
						},
						{
							"origin": [9.67285, 2.06889, -3.80856],
							"size": [0.65428, 0.65428, 0.72265],
							"uv": {
								"north": {"uv": [70, 61], "uv_size": [0.5, 0.5]},
								"east": {"uv": [62, 70], "uv_size": [0.5, 0.5]},
								"south": {"uv": [64, 70], "uv_size": [0.5, 0.5]},
								"west": {"uv": [70, 65], "uv_size": [0.5, 0.5]},
								"up": {"uv": [66, 70], "uv_size": [0.5, 0.5]},
								"down": {"uv": [70, 67.5], "uv_size": [0.5, -0.5]}
							}
						},
						{
							"origin": [9.74607, 2.14211, -4.30661],
							"size": [0.50782, 0.50782, 0.57618],
							"uv": {
								"north": {"uv": [68, 70], "uv_size": [0.5, 0.5]},
								"east": {"uv": [70, 69], "uv_size": [0.5, 0.5]},
								"south": {"uv": [0, 71], "uv_size": [0.5, 0.5]},
								"west": {"uv": [2, 71], "uv_size": [0.5, 0.5]},
								"up": {"uv": [4, 71], "uv_size": [0.5, 0.5]},
								"down": {"uv": [71, 12.5], "uv_size": [0.5, -0.5]}
							}
						},
						{
							"origin": [9.81932, 2.21536, -4.63619],
							"size": [0.36132, 0.36132, 0.48582],
							"uv": {
								"north": {"uv": [71, 14], "uv_size": [0.5, 0.5]},
								"east": {"uv": [22, 71], "uv_size": [0.5, 0.5]},
								"south": {"uv": [71, 26], "uv_size": [0.5, 0.5]},
								"west": {"uv": [30, 71], "uv_size": [0.5, 0.5]},
								"up": {"uv": [71, 31], "uv_size": [0.5, 0.5]},
								"down": {"uv": [32, 71.5], "uv_size": [0.5, -0.5]}
							}
						},
						{
							"origin": [9.92917, 2.32524, -4.81931],
							"size": [0.1416, 0.1416, 0.21972],
							"uv": {
								"north": {"uv": [71, 33], "uv_size": [0.5, 0.5]},
								"east": {"uv": [34, 71], "uv_size": [0.5, 0.5]},
								"south": {"uv": [71, 45], "uv_size": [0.5, 0.5]},
								"west": {"uv": [71, 51], "uv_size": [0.5, 0.5]},
								"up": {"uv": [52, 71], "uv_size": [0.5, 0.5]},
								"down": {"uv": [71, 53.5], "uv_size": [0.5, -0.5]}
							}
						},
						{
							"origin": [9.49217, 1.88821, -0.65914],
							"size": [1.01563, 1.01563, 0.2197],
							"uv": {
								"north": {"uv": [64, 19], "uv_size": [1, 1]},
								"east": {"uv": [63, 64], "uv_size": [0.5, 1]},
								"south": {"uv": [64, 23], "uv_size": [1, 1]},
								"west": {"uv": [0, 65], "uv_size": [0.5, 1]},
								"up": {"uv": [2, 65], "uv_size": [1, 0.5]},
								"down": {"uv": [4, 65.5], "uv_size": [1, -0.5]}
							}
						},
						{
							"origin": [9.63867, 2.03469, -0.87889],
							"size": [0.72265, 0.72265, 0.29297],
							"uv": {
								"north": {"uv": [54, 71], "uv_size": [0.5, 0.5]},
								"east": {"uv": [71, 55], "uv_size": [0.5, 0.5]},
								"south": {"uv": [56, 71], "uv_size": [0.5, 0.5]},
								"west": {"uv": [71, 57], "uv_size": [0.5, 0.5]},
								"up": {"uv": [58, 71], "uv_size": [0.5, 0.5]},
								"down": {"uv": [71, 59.5], "uv_size": [0.5, -0.5]}
							}
						}
					]
				},
				{
					"name": "positioning",
					"pivot": [-3.025, -8.95, -11.225]
				},
				{
					"name": "ground",
					"parent": "positioning",
					"pivot": [0, 0, 2]
				},
				{
					"name": "fixed",
					"parent": "positioning",
					"pivot": [-1.25, 11, 1.5],
					"rotation": [0.89803, -22.43537, -1.73977]
				},
				{
					"name": "thirdperson_hand",
					"parent": "positioning",
					"pivot": [-0.025, 2.05, 2.025],
					"rotation": [0, 90, 0]
				}
			]
		}
	]
}