{
	"format_version": "1.12.0",
	"minecraft:geometry": [
		{
			"description": {
				"identifier": "geometry.unknown",
				"texture_width": 64,
				"texture_height": 64,
				"visible_bounds_width": 2,
				"visible_bounds_height": 1.5,
				"visible_bounds_offset": [0, 0.25, 0]
			},
			"bones": [
				{
					"name": "root",
					"pivot": [0, 0, 0]
				},
				{
					"name": "box",
					"parent": "root",
					"pivot": [0, 1, -2]
				},
				{
					"name": "base",
					"parent": "box",
					"pivot": [0, 3, -2],
					"cubes": [
						{
							"origin": [-3.5, 0, -2],
							"size": [0.5, 5, 8.5],
							"inflate": -0.001,
							"pivot": [0, 3, 2.25],
							"rotation": [0, -90, 0],
							"uv": {
								"north": {"uv": [26, 34], "uv_size": [0.5, 5]},
								"east": {"uv": [0, 0], "uv_size": [8.5, 5]},
								"south": {"uv": [28, 34], "uv_size": [0.5, 5]},
								"west": {"uv": [0, 6], "uv_size": [8.5, 5]},
								"up": {"uv": [5, 29], "uv_size": [0.5, 8.5]},
								"down": {"uv": [7, 37.5], "uv_size": [0.5, -8.5]}
							}
						},
						{
							"origin": [-4, 0, -2],
							"size": [8, 5, 4],
							"uv": {
								"north": {"uv": [0, 12], "uv_size": [8, 5]},
								"east": {"uv": [27, 28], "uv_size": [4, 5]},
								"south": {"uv": [9, 12], "uv_size": [8, 5]},
								"west": {"uv": [0, 29], "uv_size": [4, 5]},
								"up": {"uv": [20, 6], "uv_size": [8, 4]},
								"down": {"uv": [20, 22], "uv_size": [8, -4]}
							}
						},
						{
							"origin": [-4.25, 5, -2.25],
							"size": [8.5, 0.5, 4.5],
							"uv": {
								"north": {"uv": [29, 6], "uv_size": [8.5, 0.5]},
								"east": {"uv": [36, 27], "uv_size": [4.5, 0.5]},
								"south": {"uv": [29, 8], "uv_size": [8.5, 0.5]},
								"west": {"uv": [36, 29], "uv_size": [4.5, 0.5]},
								"up": {"uv": [0, 18], "uv_size": [8.5, 4.5]},
								"down": {"uv": [10, 22.5], "uv_size": [8.5, -4.5]}
							}
						},
						{
							"origin": [-3.25, 0, -2.25],
							"size": [0.5, 5, 4.5],
							"inflate": -0.001,
							"uv": {
								"north": {"uv": [34, 28], "uv_size": [0.5, 5]},
								"east": {"uv": [9, 24], "uv_size": [4.5, 5]},
								"south": {"uv": [30, 34], "uv_size": [0.5, 5]},
								"west": {"uv": [28, 11], "uv_size": [4.5, 5]},
								"up": {"uv": [21, 36], "uv_size": [0.5, 4.5]},
								"down": {"uv": [36, 35.5], "uv_size": [0.5, -4.5]}
							}
						},
						{
							"origin": [2.75, 0, -2.25],
							"size": [0.5, 5, 4.5],
							"inflate": -0.001,
							"uv": {
								"north": {"uv": [34, 34], "uv_size": [0.5, 5]},
								"east": {"uv": [15, 28], "uv_size": [4.5, 5]},
								"south": {"uv": [0, 35], "uv_size": [0.5, 5]},
								"west": {"uv": [21, 28], "uv_size": [4.5, 5]},
								"up": {"uv": [36, 37], "uv_size": [0.5, 4.5]},
								"down": {"uv": [38, 35.5], "uv_size": [0.5, -4.5]}
							}
						},
						{
							"origin": [2.75, 0, -6.25],
							"size": [0.5, 5, 8.5],
							"inflate": -0.001,
							"pivot": [0, 3, -2],
							"rotation": [0, -90, 0],
							"uv": {
								"north": {"uv": [2, 35], "uv_size": [0.5, 5]},
								"east": {"uv": [10, 0], "uv_size": [8.5, 5]},
								"south": {"uv": [19, 36], "uv_size": [0.5, 5]},
								"west": {"uv": [10, 6], "uv_size": [8.5, 5]},
								"up": {"uv": [29, 17], "uv_size": [0.5, 8.5]},
								"down": {"uv": [9, 38.5], "uv_size": [0.5, -8.5]}
							}
						}
					]
				},
				{
					"name": "cap",
					"parent": "box",
					"pivot": [-4.25, 5.5, 2.25],
					"cubes": [
						{
							"origin": [-4.25, 5.5, -2.25],
							"size": [8.5, 0.5, 4.5],
							"uv": {
								"north": {"uv": [30, 0], "uv_size": [8.5, 0.5]},
								"east": {"uv": [38, 37], "uv_size": [4.5, 0.5]},
								"south": {"uv": [30, 2], "uv_size": [8.5, 0.5]},
								"west": {"uv": [39, 6], "uv_size": [4.5, 0.5]},
								"up": {"uv": [18, 12], "uv_size": [8.5, 4.5]},
								"down": {"uv": [20, 4.5], "uv_size": [8.5, -4.5]}
							}
						},
						{
							"origin": [-1.25, 5, -2.5],
							"size": [2.5, 1, 0.25],
							"uv": {
								"north": {"uv": [36, 23], "uv_size": [2.5, 1]},
								"east": {"uv": [40, 35], "uv_size": [0.5, 1]},
								"south": {"uv": [36, 25], "uv_size": [2.5, 1]},
								"west": {"uv": [0, 41], "uv_size": [0.5, 1]},
								"up": {"uv": [8, 40], "uv_size": [2.5, 0.5]},
								"down": {"uv": [23, 40.5], "uv_size": [2.5, -0.5]}
							}
						},
						{
							"origin": [-4, 6, -2],
							"size": [8, 0.4375, 4],
							"uv": {
								"north": {"uv": [34, 10], "uv_size": [8, 0.5]},
								"east": {"uv": [40, 2], "uv_size": [4, 0.5]},
								"south": {"uv": [34, 12], "uv_size": [8, 0.5]},
								"west": {"uv": [40, 4], "uv_size": [4, 0.5]},
								"up": {"uv": [20, 23], "uv_size": [8, 4]},
								"down": {"uv": [0, 28], "uv_size": [8, -4]}
							}
						},
						{
							"origin": [2.75, 6, -2.25],
							"size": [0.5, 0.5, 4.5],
							"uv": {
								"north": {"uv": [27, 42], "uv_size": [0.5, 0.5]},
								"east": {"uv": [39, 8], "uv_size": [4.5, 0.5]},
								"south": {"uv": [42, 28], "uv_size": [0.5, 0.5]},
								"west": {"uv": [39, 14], "uv_size": [4.5, 0.5]},
								"up": {"uv": [4, 39], "uv_size": [0.5, 4.5]},
								"down": {"uv": [6, 43.5], "uv_size": [0.5, -4.5]}
							}
						},
						{
							"origin": [1.01795, 6, -4.51795],
							"size": [0.5, 0.5, 8.5],
							"inflate": 0.001,
							"pivot": [0, 6, -0.26795],
							"rotation": [0, -90, 0],
							"uv": {
								"north": {"uv": [29, 42], "uv_size": [0.5, 0.5]},
								"east": {"uv": [30, 4], "uv_size": [8.5, 0.5]},
								"south": {"uv": [42, 30], "uv_size": [0.5, 0.5]},
								"west": {"uv": [31, 17], "uv_size": [8.5, 0.5]},
								"up": {"uv": [11, 30], "uv_size": [0.5, 8.5]},
								"down": {"uv": [13, 38.5], "uv_size": [0.5, -8.5]}
							}
						},
						{
							"origin": [-5.23205, 6, -0.26795],
							"size": [0.5, 0.5, 8.5],
							"inflate": 0.001,
							"pivot": [0, 6, 3.98205],
							"rotation": [0, -90, 0],
							"uv": {
								"north": {"uv": [42, 32], "uv_size": [0.5, 0.5]},
								"east": {"uv": [31, 19], "uv_size": [8.5, 0.5]},
								"south": {"uv": [34, 42], "uv_size": [0.5, 0.5]},
								"west": {"uv": [31, 21], "uv_size": [8.5, 0.5]},
								"up": {"uv": [32, 23], "uv_size": [0.5, 8.5]},
								"down": {"uv": [32, 41.5], "uv_size": [0.5, -8.5]}
							}
						},
						{
							"origin": [-3.25, 6, -2.25],
							"size": [0.5, 0.5, 4.5],
							"uv": {
								"north": {"uv": [42, 34], "uv_size": [0.5, 0.5]},
								"east": {"uv": [38, 39], "uv_size": [4.5, 0.5]},
								"south": {"uv": [42, 41], "uv_size": [0.5, 0.5]},
								"west": {"uv": [40, 0], "uv_size": [4.5, 0.5]},
								"up": {"uv": [15, 39], "uv_size": [0.5, 4.5]},
								"down": {"uv": [17, 43.5], "uv_size": [0.5, -4.5]}
							}
						}
					]
				},
				{
					"name": "bullet",
					"parent": "root",
					"pivot": [0, 0, 0]
				},
				{
					"name": "127x55",
					"parent": "bullet",
					"pivot": [4, 4.10177, -3.30208],
					"rotation": [-90, 0, 0],
					"cubes": [
						{
							"origin": [3.59374, 3.69553, -3.60102],
							"size": [0.8125, 0.8125, 4.05],
							"uv": {
								"north": {"uv": [12, 40], "uv_size": [1, 1]},
								"east": {"uv": [15, 24], "uv_size": [4, 1]},
								"south": {"uv": [40, 23], "uv_size": [1, 1]},
								"west": {"uv": [15, 26], "uv_size": [4, 1]},
								"up": {"uv": [15, 34], "uv_size": [1, 4]},
								"down": {"uv": [17, 38], "uv_size": [1, -4]}
							}
						},
						{
							"origin": [3.71094, 3.81271, -4.37916],
							"size": [0.57812, 0.57812, 0.80468],
							"uv": {
								"north": {"uv": [0, 43], "uv_size": [0.5, 0.5]},
								"east": {"uv": [2, 41], "uv_size": [1, 0.5]},
								"south": {"uv": [2, 43], "uv_size": [0.5, 0.5]},
								"west": {"uv": [41, 16], "uv_size": [1, 0.5]},
								"up": {"uv": [41, 18], "uv_size": [0.5, 1]},
								"down": {"uv": [41, 21], "uv_size": [0.5, -1]}
							}
						},
						{
							"origin": [3.73828, 3.84007, -4.89478],
							"size": [0.52342, 0.52342, 0.64062],
							"uv": {
								"north": {"uv": [43, 10], "uv_size": [0.5, 0.5]},
								"east": {"uv": [43, 12], "uv_size": [0.5, 0.5]},
								"south": {"uv": [43, 16], "uv_size": [0.5, 0.5]},
								"west": {"uv": [43, 18], "uv_size": [0.5, 0.5]},
								"up": {"uv": [43, 20], "uv_size": [0.5, 0.5]},
								"down": {"uv": [31, 43.5], "uv_size": [0.5, -0.5]}
							}
						},
						{
							"origin": [3.79686, 3.89865, -5.29322],
							"size": [0.40626, 0.40626, 0.58594],
							"uv": {
								"north": {"uv": [36, 43], "uv_size": [0.5, 0.5]},
								"east": {"uv": [38, 43], "uv_size": [0.5, 0.5]},
								"south": {"uv": [40, 43], "uv_size": [0.5, 0.5]},
								"west": {"uv": [42, 43], "uv_size": [0.5, 0.5]},
								"up": {"uv": [8, 44], "uv_size": [0.5, 0.5]},
								"down": {"uv": [10, 44.5], "uv_size": [0.5, -0.5]}
							}
						},
						{
							"origin": [3.85546, 3.95725, -5.55688],
							"size": [0.28906, 0.28906, 0.38866],
							"uv": {
								"north": {"uv": [12, 44], "uv_size": [0.5, 0.5]},
								"east": {"uv": [19, 44], "uv_size": [0.5, 0.5]},
								"south": {"uv": [21, 44], "uv_size": [0.5, 0.5]},
								"west": {"uv": [44, 22], "uv_size": [0.5, 0.5]},
								"up": {"uv": [23, 44], "uv_size": [0.5, 0.5]},
								"down": {"uv": [44, 24.5], "uv_size": [0.5, -0.5]}
							}
						},
						{
							"origin": [3.94334, 4.04515, -5.70338],
							"size": [0.11328, 0.11328, 0.17578],
							"uv": {
								"north": {"uv": [25, 44], "uv_size": [0.5, 0.5]},
								"east": {"uv": [44, 26], "uv_size": [0.5, 0.5]},
								"south": {"uv": [27, 44], "uv_size": [0.5, 0.5]},
								"west": {"uv": [44, 28], "uv_size": [0.5, 0.5]},
								"up": {"uv": [29, 44], "uv_size": [0.5, 0.5]},
								"down": {"uv": [44, 30.5], "uv_size": [0.5, -0.5]}
							}
						},
						{
							"origin": [3.59374, 3.69553, 0.62476],
							"size": [0.8125, 0.8125, 0.17576],
							"uv": {
								"north": {"uv": [40, 25], "uv_size": [1, 1]},
								"east": {"uv": [38, 41], "uv_size": [0.5, 1]},
								"south": {"uv": [27, 40], "uv_size": [1, 1]},
								"west": {"uv": [40, 41], "uv_size": [0.5, 1]},
								"up": {"uv": [8, 42], "uv_size": [1, 0.5]},
								"down": {"uv": [10, 42.5], "uv_size": [1, -0.5]}
							}
						},
						{
							"origin": [3.71094, 3.81271, 0.44896],
							"size": [0.57812, 0.57812, 0.23438],
							"uv": {
								"north": {"uv": [44, 32], "uv_size": [0.5, 0.5]},
								"east": {"uv": [33, 44], "uv_size": [0.5, 0.5]},
								"south": {"uv": [44, 34], "uv_size": [0.5, 0.5]},
								"west": {"uv": [44, 36], "uv_size": [0.5, 0.5]},
								"up": {"uv": [44, 38], "uv_size": [0.5, 0.5]},
								"down": {"uv": [44, 40.5], "uv_size": [0.5, -0.5]}
							}
						},
						{
							"origin": [6.45058, 3.81271, -4.35904],
							"size": [0.20312, 0.57812, 0.30468],
							"pivot": [3.87452, 0.66869, -11.00566],
							"rotation": [0, -22.5, 0],
							"uv": {
								"north": {"uv": [44, 42], "uv_size": [0.5, 0.5]},
								"east": {"uv": [44, 44], "uv_size": [0.5, 0.5]},
								"south": {"uv": [0, 45], "uv_size": [0.5, 0.5]},
								"west": {"uv": [2, 45], "uv_size": [0.5, 0.5]},
								"up": {"uv": [45, 2], "uv_size": [0.5, 0.5]},
								"down": {"uv": [4, 45.5], "uv_size": [0.5, -0.5]}
							}
						},
						{
							"origin": [3.71094, 1.17717, -2.99724],
							"size": [0.57812, 0.20312, 0.30468],
							"pivot": [3.87452, 0.66869, -11.00566],
							"rotation": [22.5, 0, 0],
							"uv": {
								"north": {"uv": [45, 4], "uv_size": [0.5, 0.5]},
								"east": {"uv": [6, 45], "uv_size": [0.5, 0.5]},
								"south": {"uv": [45, 6], "uv_size": [0.5, 0.5]},
								"west": {"uv": [45, 8], "uv_size": [0.5, 0.5]},
								"up": {"uv": [45, 10], "uv_size": [0.5, 0.5]},
								"down": {"uv": [45, 12.5], "uv_size": [0.5, -0.5]}
							}
						},
						{
							"origin": [3.71094, 6.30057, -5.62478],
							"size": [0.57812, 0.20312, 0.30468],
							"pivot": [3.87452, 0.66869, -11.00566],
							"rotation": [-22.5, 0, 0],
							"uv": {
								"north": {"uv": [14, 45], "uv_size": [0.5, 0.5]},
								"east": {"uv": [45, 14], "uv_size": [0.5, 0.5]},
								"south": {"uv": [16, 45], "uv_size": [0.5, 0.5]},
								"west": {"uv": [45, 16], "uv_size": [0.5, 0.5]},
								"up": {"uv": [45, 18], "uv_size": [0.5, 0.5]},
								"down": {"uv": [45, 20.5], "uv_size": [0.5, -0.5]}
							}
						},
						{
							"origin": [1.3272, 3.81271, -4.26298],
							"size": [0.20312, 0.57812, 0.30468],
							"pivot": [3.87452, 0.66869, -11.00566],
							"rotation": [0, 22.5, 0],
							"uv": {
								"north": {"uv": [31, 45], "uv_size": [0.5, 0.5]},
								"east": {"uv": [35, 45], "uv_size": [0.5, 0.5]},
								"south": {"uv": [37, 45], "uv_size": [0.5, 0.5]},
								"west": {"uv": [39, 45], "uv_size": [0.5, 0.5]},
								"up": {"uv": [41, 45], "uv_size": [0.5, 0.5]},
								"down": {"uv": [46, 0.5], "uv_size": [0.5, -0.5]}
							}
						}
					]
				},
				{
					"name": "127x55_2",
					"parent": "bullet",
					"pivot": [1, 0.41427, -3.80208],
					"rotation": [-115, 0, -90],
					"cubes": [
						{
							"origin": [0.59374, 0.00803, -4.10102],
							"size": [0.8125, 0.8125, 4.05],
							"uv": {
								"north": {"uv": [29, 40], "uv_size": [1, 1]},
								"east": {"uv": [34, 14], "uv_size": [4, 1]},
								"south": {"uv": [40, 31], "uv_size": [1, 1]},
								"west": {"uv": [19, 34], "uv_size": [4, 1]},
								"up": {"uv": [34, 23], "uv_size": [1, 4]},
								"down": {"uv": [24, 38], "uv_size": [1, -4]}
							}
						},
						{
							"origin": [0.71094, 0.12521, -4.87916],
							"size": [0.57812, 0.57812, 0.80468],
							"uv": {
								"north": {"uv": [8, 46], "uv_size": [0.5, 0.5]},
								"east": {"uv": [12, 42], "uv_size": [1, 0.5]},
								"south": {"uv": [10, 46], "uv_size": [0.5, 0.5]},
								"west": {"uv": [19, 42], "uv_size": [1, 0.5]},
								"up": {"uv": [21, 42], "uv_size": [0.5, 1]},
								"down": {"uv": [42, 23], "uv_size": [0.5, -1]}
							}
						},
						{
							"origin": [0.73828, 0.15257, -5.39478],
							"size": [0.52342, 0.52342, 0.64062],
							"uv": {
								"north": {"uv": [12, 46], "uv_size": [0.5, 0.5]},
								"east": {"uv": [18, 46], "uv_size": [0.5, 0.5]},
								"south": {"uv": [20, 46], "uv_size": [0.5, 0.5]},
								"west": {"uv": [22, 46], "uv_size": [0.5, 0.5]},
								"up": {"uv": [46, 22], "uv_size": [0.5, 0.5]},
								"down": {"uv": [24, 46.5], "uv_size": [0.5, -0.5]}
							}
						},
						{
							"origin": [0.79686, 0.21115, -5.79322],
							"size": [0.40626, 0.40626, 0.58594],
							"uv": {
								"north": {"uv": [46, 24], "uv_size": [0.5, 0.5]},
								"east": {"uv": [26, 46], "uv_size": [0.5, 0.5]},
								"south": {"uv": [46, 26], "uv_size": [0.5, 0.5]},
								"west": {"uv": [28, 46], "uv_size": [0.5, 0.5]},
								"up": {"uv": [46, 28], "uv_size": [0.5, 0.5]},
								"down": {"uv": [46, 30.5], "uv_size": [0.5, -0.5]}
							}
						},
						{
							"origin": [0.85546, 0.26975, -6.05688],
							"size": [0.28906, 0.28906, 0.38866],
							"uv": {
								"north": {"uv": [46, 32], "uv_size": [0.5, 0.5]},
								"east": {"uv": [33, 46], "uv_size": [0.5, 0.5]},
								"south": {"uv": [46, 34], "uv_size": [0.5, 0.5]},
								"west": {"uv": [46, 36], "uv_size": [0.5, 0.5]},
								"up": {"uv": [46, 38], "uv_size": [0.5, 0.5]},
								"down": {"uv": [46, 40.5], "uv_size": [0.5, -0.5]}
							}
						},
						{
							"origin": [0.94334, 0.35765, -6.20338],
							"size": [0.11328, 0.11328, 0.17578],
							"uv": {
								"north": {"uv": [46, 42], "uv_size": [0.5, 0.5]},
								"east": {"uv": [43, 46], "uv_size": [0.5, 0.5]},
								"south": {"uv": [46, 44], "uv_size": [0.5, 0.5]},
								"west": {"uv": [45, 46], "uv_size": [0.5, 0.5]},
								"up": {"uv": [0, 47], "uv_size": [0.5, 0.5]},
								"down": {"uv": [2, 47.5], "uv_size": [0.5, -0.5]}
							}
						},
						{
							"origin": [0.59374, 0.00803, 0.12476],
							"size": [0.8125, 0.8125, 0.17576],
							"uv": {
								"north": {"uv": [40, 33], "uv_size": [1, 1]},
								"east": {"uv": [23, 42], "uv_size": [0.5, 1]},
								"south": {"uv": [34, 40], "uv_size": [1, 1]},
								"west": {"uv": [42, 24], "uv_size": [0.5, 1]},
								"up": {"uv": [25, 42], "uv_size": [1, 0.5]},
								"down": {"uv": [42, 26.5], "uv_size": [1, -0.5]}
							}
						},
						{
							"origin": [0.71094, 0.12521, -0.05104],
							"size": [0.57812, 0.57812, 0.23438],
							"uv": {
								"north": {"uv": [47, 2], "uv_size": [0.5, 0.5]},
								"east": {"uv": [4, 47], "uv_size": [0.5, 0.5]},
								"south": {"uv": [47, 4], "uv_size": [0.5, 0.5]},
								"west": {"uv": [6, 47], "uv_size": [0.5, 0.5]},
								"up": {"uv": [47, 6], "uv_size": [0.5, 0.5]},
								"down": {"uv": [47, 8.5], "uv_size": [0.5, -0.5]}
							}
						},
						{
							"origin": [3.45058, 0.12521, -4.85904],
							"size": [0.20312, 0.57812, 0.30468],
							"pivot": [0.87452, -3.01881, -11.50566],
							"rotation": [0, -22.5, 0],
							"uv": {
								"north": {"uv": [47, 10], "uv_size": [0.5, 0.5]},
								"east": {"uv": [47, 12], "uv_size": [0.5, 0.5]},
								"south": {"uv": [14, 47], "uv_size": [0.5, 0.5]},
								"west": {"uv": [47, 14], "uv_size": [0.5, 0.5]},
								"up": {"uv": [16, 47], "uv_size": [0.5, 0.5]},
								"down": {"uv": [47, 16.5], "uv_size": [0.5, -0.5]}
							}
						},
						{
							"origin": [0.71094, -2.51033, -3.49724],
							"size": [0.57812, 0.20312, 0.30468],
							"pivot": [0.87452, -3.01881, -11.50566],
							"rotation": [22.5, 0, 0],
							"uv": {
								"north": {"uv": [47, 18], "uv_size": [0.5, 0.5]},
								"east": {"uv": [47, 20], "uv_size": [0.5, 0.5]},
								"south": {"uv": [30, 47], "uv_size": [0.5, 0.5]},
								"west": {"uv": [35, 47], "uv_size": [0.5, 0.5]},
								"up": {"uv": [37, 47], "uv_size": [0.5, 0.5]},
								"down": {"uv": [39, 47.5], "uv_size": [0.5, -0.5]}
							}
						},
						{
							"origin": [0.71094, 2.61307, -6.12478],
							"size": [0.57812, 0.20312, 0.30468],
							"pivot": [0.87452, -3.01881, -11.50566],
							"rotation": [-22.5, 0, 0],
							"uv": {
								"north": {"uv": [41, 47], "uv_size": [0.5, 0.5]},
								"east": {"uv": [47, 46], "uv_size": [0.5, 0.5]},
								"south": {"uv": [48, 0], "uv_size": [0.5, 0.5]},
								"west": {"uv": [8, 48], "uv_size": [0.5, 0.5]},
								"up": {"uv": [10, 48], "uv_size": [0.5, 0.5]},
								"down": {"uv": [12, 48.5], "uv_size": [0.5, -0.5]}
							}
						},
						{
							"origin": [-1.6728, 0.12521, -4.76298],
							"size": [0.20312, 0.57812, 0.30468],
							"pivot": [0.87452, -3.01881, -11.50566],
							"rotation": [0, 22.5, 0],
							"uv": {
								"north": {"uv": [18, 48], "uv_size": [0.5, 0.5]},
								"east": {"uv": [20, 48], "uv_size": [0.5, 0.5]},
								"south": {"uv": [22, 48], "uv_size": [0.5, 0.5]},
								"west": {"uv": [48, 22], "uv_size": [0.5, 0.5]},
								"up": {"uv": [24, 48], "uv_size": [0.5, 0.5]},
								"down": {"uv": [48, 24.5], "uv_size": [0.5, -0.5]}
							}
						}
					]
				},
				{
					"name": "positioning",
					"pivot": [-3.025, -8.95, -11.225]
				},
				{
					"name": "ground",
					"parent": "positioning",
					"pivot": [0, 0, 0]
				},
				{
					"name": "fixed",
					"parent": "positioning",
					"pivot": [0, 3.5, 0]
				},
				{
					"name": "thirdperson_hand",
					"parent": "positioning",
					"pivot": [-0.025, 2.05, -0.225],
					"rotation": [0, 90, 0]
				}
			]
		}
	]
}