{
	"format_version": "1.12.0",
	"minecraft:geometry": [
		{
			"description": {
				"identifier": "geometry.unknown",
				"texture_width": 32,
				"texture_height": 32,
				"visible_bounds_width": 2,
				"visible_bounds_height": 1.5,
				"visible_bounds_offset": [0, 0.25, 0]
			},
			"bones": [
				{
					"name": "root",
					"pivot": [0, 0, 0]
				},
				{
					"name": "bullet",
					"parent": "root",
					"pivot": [0, 1.93071, -0.49836],
					"rotation": [-90, 22.5, 0],
					"cubes": [
						{
							"origin": [-0.63438, 1.55824, -0.39892],
							"size": [0.4875, 0.4875, 1.64532],
							"pivot": [-0.51562, 2.8645, -0.51562],
							"rotation": [0, 0, -22.5],
							"uv": {
								"north": {"uv": [0, 6], "uv_size": [0.5, 0.5]},
								"east": {"uv": [0, 0], "uv_size": [1.5, 0.5]},
								"south": {"uv": [2, 6], "uv_size": [0.5, 0.5]},
								"west": {"uv": [0, 2], "uv_size": [1.5, 0.5]},
								"up": {"uv": [3, 0], "uv_size": [0.5, 1.5]},
								"down": {"uv": [3, 4.5], "uv_size": [0.5, -1.5]}
							}
						},
						{
							"origin": [-0.57343, 1.61919, -1.06921],
							"size": [0.36563, 0.36563, 0.54843],
							"pivot": [-0.51562, 2.8645, -0.51562],
							"rotation": [0, 0, -22.5],
							"uv": {
								"north": {"uv": [7, 2], "uv_size": [0.5, 0.5]},
								"east": {"uv": [7, 4], "uv_size": [0.5, 0.5]},
								"south": {"uv": [7, 6], "uv_size": [0.5, 0.5]},
								"west": {"uv": [0, 8], "uv_size": [0.5, 0.5]},
								"up": {"uv": [8, 0], "uv_size": [0.5, 0.5]},
								"down": {"uv": [2, 8.5], "uv_size": [0.5, -0.5]}
							}
						},
						{
							"origin": [-0.57114, 1.61919, -0.55826],
							"size": [0.12187, 0.36563, 0.24375],
							"pivot": [-0.51562, 2.8645, -0.51562],
							"rotation": [0, 0, -22.5],
							"uv": {
								"east": {"uv": [4, 8], "uv_size": [0.5, 0.5]},
								"west": {"uv": [6, 8], "uv_size": [0.5, 0.5]},
								"up": {"uv": [8, 8], "uv_size": [0.5, 0.5]},
								"down": {"uv": [9, 2.5], "uv_size": [0.5, -0.5]}
							}
						},
						{
							"origin": [-0.54296, 1.64965, -1.43485],
							"size": [0.30468, 0.30468, 0.36563],
							"pivot": [-0.51562, 2.8645, -0.51562],
							"rotation": [0, 0, -22.5],
							"uv": {
								"north": {"uv": [9, 4], "uv_size": [0.5, 0.5]},
								"east": {"uv": [9, 6], "uv_size": [0.5, 0.5]},
								"west": {"uv": [0, 10], "uv_size": [0.5, 0.5]},
								"up": {"uv": [10, 0], "uv_size": [0.5, 0.5]},
								"down": {"uv": [2, 10.5], "uv_size": [0.5, -0.5]}
							}
						},
						{
							"origin": [-0.33197, 1.61919, -0.55826],
							"size": [0.12187, 0.36563, 0.24375],
							"pivot": [-0.51562, 2.8645, -0.51562],
							"rotation": [0, 0, -22.5],
							"uv": {
								"east": {"uv": [4, 10], "uv_size": [0.5, 0.5]},
								"west": {"uv": [6, 10], "uv_size": [0.5, 0.5]},
								"up": {"uv": [8, 10], "uv_size": [0.5, 0.5]},
								"down": {"uv": [10, 8.5], "uv_size": [0.5, -0.5]}
							}
						},
						{
							"origin": [-0.51249, 1.68012, -1.73953],
							"size": [0.24374, 0.24375, 0.30469],
							"pivot": [-0.51562, 2.8645, -0.51562],
							"rotation": [0, 0, -22.5],
							"uv": {
								"north": {"uv": [10, 10], "uv_size": [0.5, 0.5]},
								"east": {"uv": [11, 2], "uv_size": [0.5, 0.5]},
								"west": {"uv": [11, 4], "uv_size": [0.5, 0.5]},
								"up": {"uv": [11, 6], "uv_size": [0.5, 0.5]},
								"down": {"uv": [0, 12.5], "uv_size": [0.5, -0.5]}
							}
						},
						{
							"origin": [-0.48203, 1.71059, -1.87663],
							"size": [0.18282, 0.18282, 0.1371],
							"pivot": [-0.51562, 2.8645, -0.51562],
							"rotation": [0, 0, -22.5],
							"uv": {
								"north": {"uv": [12, 0], "uv_size": [0.5, 0.5]},
								"east": {"uv": [2, 12], "uv_size": [0.5, 0.5]},
								"west": {"uv": [4, 12], "uv_size": [0.5, 0.5]},
								"up": {"uv": [6, 12], "uv_size": [0.5, 0.5]},
								"down": {"uv": [8, 12.5], "uv_size": [0.5, -0.5]}
							}
						},
						{
							"origin": [-0.43633, 1.75629, -1.95282],
							"size": [0.09141, 0.09141, 0.0914],
							"pivot": [-0.51562, 2.8645, -0.51562],
							"rotation": [0, 0, -22.5],
							"uv": {
								"north": {"uv": [12, 8], "uv_size": [0.5, 0.5]},
								"east": {"uv": [10, 12], "uv_size": [0.5, 0.5]},
								"west": {"uv": [12, 10], "uv_size": [0.5, 0.5]},
								"up": {"uv": [12, 12], "uv_size": [0.5, 0.5]},
								"down": {"uv": [13, 2.5], "uv_size": [0.5, -0.5]}
							}
						},
						{
							"origin": [-0.57343, 1.86065, -0.55826],
							"size": [0.36563, 0.12187, 0.24375],
							"pivot": [-0.51562, 2.8645, -0.51562],
							"rotation": [0, 0, -22.5],
							"uv": {
								"east": {"uv": [13, 4], "uv_size": [0.5, 0.5]},
								"west": {"uv": [13, 6], "uv_size": [0.5, 0.5]},
								"up": {"uv": [0, 14], "uv_size": [0.5, 0.5]},
								"down": {"uv": [14, 0.5], "uv_size": [0.5, -0.5]}
							}
						},
						{
							"origin": [-0.57343, 1.62148, -0.55826],
							"size": [0.36563, 0.12187, 0.24375],
							"pivot": [-0.51562, 2.8645, -0.51562],
							"rotation": [0, 0, -22.5],
							"uv": {
								"east": {"uv": [2, 14], "uv_size": [0.5, 0.5]},
								"west": {"uv": [4, 14], "uv_size": [0.5, 0.5]},
								"up": {"uv": [6, 14], "uv_size": [0.5, 0.5]},
								"down": {"uv": [8, 14.5], "uv_size": [0.5, -0.5]}
							}
						},
						{
							"origin": [-0.63438, 1.55824, 1.33782],
							"size": [0.4875, 0.4875, 0.0914],
							"pivot": [-0.51562, 2.8645, -0.51562],
							"rotation": [0, 0, -22.5],
							"uv": {
								"north": {"uv": [14, 8], "uv_size": [0.5, 0.5]},
								"east": {"uv": [10, 14], "uv_size": [0.5, 0.5]},
								"south": {"uv": [14, 10], "uv_size": [0.5, 0.5]},
								"west": {"uv": [12, 14], "uv_size": [0.5, 0.5]},
								"up": {"uv": [14, 12], "uv_size": [0.5, 0.5]},
								"down": {"uv": [14, 14.5], "uv_size": [0.5, -0.5]}
							}
						},
						{
							"origin": [-0.57343, 1.61919, 1.24641],
							"size": [0.36563, 0.36563, 0.12188],
							"pivot": [-0.51562, 2.8645, -0.51562],
							"rotation": [0, 0, -22.5],
							"uv": {
								"east": {"uv": [15, 2], "uv_size": [0.5, 0.5]},
								"west": {"uv": [15, 4], "uv_size": [0.5, 0.5]},
								"up": {"uv": [15, 6], "uv_size": [0.5, 0.5]},
								"down": {"uv": [0, 16.5], "uv_size": [0.5, -0.5]}
							}
						}
					]
				},
				{
					"name": "bullet2",
					"parent": "root",
					"pivot": [0.24253, 0.25664, 0.49916],
					"rotation": [-90, 0, 0],
					"cubes": [
						{
							"origin": [-0.21977, -0.07764, 0.36205],
							"size": [0.4875, 0.4875, 1.64532],
							"pivot": [0.02398, 0.16611, 0.49916],
							"rotation": [0, -90, -22.5],
							"uv": {
								"north": {"uv": [16, 0], "uv_size": [0.5, 0.5]},
								"east": {"uv": [0, 4], "uv_size": [1.5, 0.5]},
								"south": {"uv": [2, 16], "uv_size": [0.5, 0.5]},
								"west": {"uv": [5, 0], "uv_size": [1.5, 0.5]},
								"up": {"uv": [5, 2], "uv_size": [0.5, 1.5]},
								"down": {"uv": [5, 6.5], "uv_size": [0.5, -1.5]}
							}
						},
						{
							"origin": [-0.15883, -0.0167, -0.30825],
							"size": [0.36563, 0.36563, 0.54843],
							"pivot": [0.02398, 0.16611, 0.49916],
							"rotation": [0, -90, -22.5],
							"uv": {
								"north": {"uv": [4, 16], "uv_size": [0.5, 0.5]},
								"east": {"uv": [6, 16], "uv_size": [0.5, 0.5]},
								"south": {"uv": [8, 16], "uv_size": [0.5, 0.5]},
								"west": {"uv": [16, 8], "uv_size": [0.5, 0.5]},
								"up": {"uv": [10, 16], "uv_size": [0.5, 0.5]},
								"down": {"uv": [16, 10.5], "uv_size": [0.5, -0.5]}
							}
						},
						{
							"origin": [-0.15654, -0.0167, 0.2027],
							"size": [0.12187, 0.36563, 0.24375],
							"pivot": [0.02398, 0.16611, 0.49916],
							"rotation": [0, -90, -22.5],
							"uv": {
								"east": {"uv": [12, 16], "uv_size": [0.5, 0.5]},
								"west": {"uv": [16, 12], "uv_size": [0.5, 0.5]},
								"up": {"uv": [14, 16], "uv_size": [0.5, 0.5]},
								"down": {"uv": [16, 14.5], "uv_size": [0.5, -0.5]}
							}
						},
						{
							"origin": [-0.12836, 0.01377, -0.67388],
							"size": [0.30468, 0.30468, 0.36563],
							"pivot": [0.02398, 0.16611, 0.49916],
							"rotation": [0, -90, -22.5],
							"uv": {
								"north": {"uv": [16, 16], "uv_size": [0.5, 0.5]},
								"east": {"uv": [17, 2], "uv_size": [0.5, 0.5]},
								"west": {"uv": [17, 4], "uv_size": [0.5, 0.5]},
								"up": {"uv": [17, 6], "uv_size": [0.5, 0.5]},
								"down": {"uv": [0, 18.5], "uv_size": [0.5, -0.5]}
							}
						},
						{
							"origin": [0.08263, -0.0167, 0.2027],
							"size": [0.12187, 0.36563, 0.24375],
							"pivot": [0.02398, 0.16611, 0.49916],
							"rotation": [0, -90, -22.5],
							"uv": {
								"east": {"uv": [18, 0], "uv_size": [0.5, 0.5]},
								"west": {"uv": [2, 18], "uv_size": [0.5, 0.5]},
								"up": {"uv": [4, 18], "uv_size": [0.5, 0.5]},
								"down": {"uv": [6, 18.5], "uv_size": [0.5, -0.5]}
							}
						},
						{
							"origin": [-0.09789, 0.04423, -0.97857],
							"size": [0.24374, 0.24375, 0.30469],
							"pivot": [0.02398, 0.16611, 0.49916],
							"rotation": [0, -90, -22.5],
							"uv": {
								"north": {"uv": [8, 18], "uv_size": [0.5, 0.5]},
								"east": {"uv": [18, 8], "uv_size": [0.5, 0.5]},
								"west": {"uv": [10, 18], "uv_size": [0.5, 0.5]},
								"up": {"uv": [18, 10], "uv_size": [0.5, 0.5]},
								"down": {"uv": [12, 18.5], "uv_size": [0.5, -0.5]}
							}
						},
						{
							"origin": [-0.06743, 0.0747, -1.11567],
							"size": [0.18282, 0.18282, 0.1371],
							"pivot": [0.02398, 0.16611, 0.49916],
							"rotation": [0, -90, -22.5],
							"uv": {
								"north": {"uv": [18, 12], "uv_size": [0.5, 0.5]},
								"east": {"uv": [14, 18], "uv_size": [0.5, 0.5]},
								"west": {"uv": [18, 14], "uv_size": [0.5, 0.5]},
								"up": {"uv": [16, 18], "uv_size": [0.5, 0.5]},
								"down": {"uv": [18, 16.5], "uv_size": [0.5, -0.5]}
							}
						},
						{
							"origin": [-0.02172, 0.12041, -1.19185],
							"size": [0.09141, 0.09141, 0.0914],
							"pivot": [0.02398, 0.16611, 0.49916],
							"rotation": [0, -90, -22.5],
							"uv": {
								"north": {"uv": [18, 18], "uv_size": [0.5, 0.5]},
								"east": {"uv": [19, 2], "uv_size": [0.5, 0.5]},
								"west": {"uv": [19, 4], "uv_size": [0.5, 0.5]},
								"up": {"uv": [19, 6], "uv_size": [0.5, 0.5]},
								"down": {"uv": [0, 20.5], "uv_size": [0.5, -0.5]}
							}
						},
						{
							"origin": [-0.15883, 0.22476, 0.2027],
							"size": [0.36563, 0.12187, 0.24375],
							"pivot": [0.02398, 0.16611, 0.49916],
							"rotation": [0, -90, -22.5],
							"uv": {
								"east": {"uv": [20, 0], "uv_size": [0.5, 0.5]},
								"west": {"uv": [2, 20], "uv_size": [0.5, 0.5]},
								"up": {"uv": [4, 20], "uv_size": [0.5, 0.5]},
								"down": {"uv": [6, 20.5], "uv_size": [0.5, -0.5]}
							}
						},
						{
							"origin": [-0.15883, -0.01441, 0.2027],
							"size": [0.36563, 0.12187, 0.24375],
							"pivot": [0.02398, 0.16611, 0.49916],
							"rotation": [0, -90, -22.5],
							"uv": {
								"east": {"uv": [8, 20], "uv_size": [0.5, 0.5]},
								"west": {"uv": [20, 8], "uv_size": [0.5, 0.5]},
								"up": {"uv": [10, 20], "uv_size": [0.5, 0.5]},
								"down": {"uv": [20, 10.5], "uv_size": [0.5, -0.5]}
							}
						},
						{
							"origin": [-0.21977, -0.07764, 2.09878],
							"size": [0.4875, 0.4875, 0.0914],
							"pivot": [0.02398, 0.16611, 0.49916],
							"rotation": [0, -90, -22.5],
							"uv": {
								"north": {"uv": [12, 20], "uv_size": [0.5, 0.5]},
								"east": {"uv": [20, 12], "uv_size": [0.5, 0.5]},
								"south": {"uv": [14, 20], "uv_size": [0.5, 0.5]},
								"west": {"uv": [20, 14], "uv_size": [0.5, 0.5]},
								"up": {"uv": [16, 20], "uv_size": [0.5, 0.5]},
								"down": {"uv": [20, 16.5], "uv_size": [0.5, -0.5]}
							}
						},
						{
							"origin": [-0.15883, -0.0167, 2.00737],
							"size": [0.36563, 0.36563, 0.12188],
							"pivot": [0.02398, 0.16611, 0.49916],
							"rotation": [0, -90, -22.5],
							"uv": {
								"east": {"uv": [18, 20], "uv_size": [0.5, 0.5]},
								"west": {"uv": [20, 18], "uv_size": [0.5, 0.5]},
								"up": {"uv": [20, 20], "uv_size": [0.5, 0.5]},
								"down": {"uv": [21, 2.5], "uv_size": [0.5, -0.5]}
							}
						}
					]
				},
				{
					"name": "pos",
					"pivot": [0, 0, 0]
				},
				{
					"name": "ground",
					"parent": "pos",
					"pivot": [0, 0, 0]
				},
				{
					"name": "thirdperson_hand",
					"parent": "pos",
					"pivot": [0, 0, 0]
				},
				{
					"name": "fixed",
					"parent": "pos",
					"pivot": [0, 1, 0]
				}
			]
		}
	]
}