{
	"format_version": "1.12.0",
	"minecraft:geometry": [
		{
			"description": {
				"identifier": "geometry.unknown",
				"texture_width": 32,
				"texture_height": 32,
				"visible_bounds_width": 2,
				"visible_bounds_height": 1.5,
				"visible_bounds_offset": [0, 0.25, 0]
			},
			"bones": [
				{
					"name": "bipod",
					"pivot": [0, 0, 0]
				},
				{
					"name": "base",
					"parent": "bipod",
					"pivot": [0, 0, 0.125],
					"cubes": [
						{
							"origin": [-0.6, -0.62187, -0.875],
							"size": [1.2, 0.75, 1.75],
							"uv": {
								"north": {"uv": [10, 4], "uv_size": [1, 1]},
								"east": {"uv": [8, 0], "uv_size": [2, 1]},
								"south": {"uv": [10, 6], "uv_size": [1, 1]},
								"west": {"uv": [8, 2], "uv_size": [2, 1]},
								"up": {"uv": [8, 4], "uv_size": [1, 2]},
								"down": {"uv": [8, 9], "uv_size": [1, -2]}
							}
						},
						{
							"origin": [0.29822, 0.00313, -0.876],
							"size": [0.25, 0.25, 1.75],
							"pivot": [0.42322, 0.12813, -0.125],
							"rotation": [0, 0, -45],
							"uv": {
								"north": {"uv": [21, 8], "uv_size": [0.5, 0.5]},
								"south": {"uv": [10, 21], "uv_size": [0.5, 0.5]},
								"west": {"uv": [8, 10], "uv_size": [2, 0.5]},
								"up": {"uv": [11, 0], "uv_size": [0.5, 2]}
							}
						},
						{
							"origin": [-0.54822, 0.00313, -0.876],
							"size": [0.25, 0.25, 1.75],
							"pivot": [-0.42322, 0.12813, -0.125],
							"rotation": [0, 0, 45],
							"uv": {
								"north": {"uv": [21, 10], "uv_size": [0.5, 0.5]},
								"east": {"uv": [10, 8], "uv_size": [2, 0.5]},
								"south": {"uv": [12, 21], "uv_size": [0.5, 0.5]},
								"up": {"uv": [11, 10], "uv_size": [0.5, 2]}
							}
						}
					]
				},
				{
					"name": "rotate",
					"parent": "bipod",
					"pivot": [0, -0.625, 0],
					"cubes": [
						{
							"origin": [-0.59375, -0.72446, -0.5],
							"size": [0.25, 0.19891, 1],
							"pivot": [0, -0.625, 0],
							"rotation": [45, 0, 0],
							"uv": {
								"north": {"uv": [14, 21], "uv_size": [0.5, 0.5]},
								"east": {"uv": [0, 12], "uv_size": [1, 0.5]},
								"south": {"uv": [0, 22], "uv_size": [0.5, 0.5]},
								"west": {"uv": [2, 12], "uv_size": [1, 0.5]},
								"up": {"uv": [12, 3], "uv_size": [0.5, 1]},
								"down": {"uv": [4, 13], "uv_size": [0.5, -1]}
							}
						},
						{
							"origin": [-0.59375, -0.72446, -0.5],
							"size": [0.25, 0.19891, 1],
							"pivot": [0, -0.625, 0],
							"rotation": [22.5, 0, 0],
							"uv": {
								"north": {"uv": [2, 22], "uv_size": [0.5, 0.5]},
								"east": {"uv": [12, 5], "uv_size": [1, 0.5]},
								"south": {"uv": [22, 2], "uv_size": [0.5, 0.5]},
								"west": {"uv": [6, 12], "uv_size": [1, 0.5]},
								"up": {"uv": [8, 12], "uv_size": [0.5, 1]},
								"down": {"uv": [13, 1], "uv_size": [0.5, -1]}
							}
						},
						{
							"origin": [-0.59375, -0.72446, -0.5],
							"size": [0.25, 0.19891, 1],
							"uv": {
								"north": {"uv": [4, 22], "uv_size": [0.5, 0.5]},
								"east": {"uv": [13, 7], "uv_size": [1, 0.5]},
								"south": {"uv": [22, 4], "uv_size": [0.5, 0.5]},
								"west": {"uv": [13, 9], "uv_size": [1, 0.5]},
								"up": {"uv": [10, 13], "uv_size": [0.5, 1]},
								"down": {"uv": [13, 12], "uv_size": [0.5, -1]}
							}
						},
						{
							"origin": [-0.59375, -0.72446, -0.5],
							"size": [0.25, 0.19891, 1],
							"pivot": [0, -0.625, 0],
							"rotation": [-22.5, 0, 0],
							"uv": {
								"north": {"uv": [6, 22], "uv_size": [0.5, 0.5]},
								"east": {"uv": [12, 13], "uv_size": [1, 0.5]},
								"south": {"uv": [8, 22], "uv_size": [0.5, 0.5]},
								"west": {"uv": [0, 14], "uv_size": [1, 0.5]},
								"up": {"uv": [2, 14], "uv_size": [0.5, 1]},
								"down": {"uv": [14, 3], "uv_size": [0.5, -1]}
							}
						},
						{
							"origin": [-0.59375, -0.72446, -0.5],
							"size": [0.25, 0.19891, 1],
							"pivot": [0, -0.625, 0],
							"rotation": [-45, 0, 0],
							"uv": {
								"north": {"uv": [22, 12], "uv_size": [0.5, 0.5]},
								"east": {"uv": [4, 14], "uv_size": [1, 0.5]},
								"south": {"uv": [22, 14], "uv_size": [0.5, 0.5]},
								"west": {"uv": [14, 4], "uv_size": [1, 0.5]},
								"up": {"uv": [6, 14], "uv_size": [0.5, 1]},
								"down": {"uv": [8, 15], "uv_size": [0.5, -1]}
							}
						},
						{
							"origin": [-0.59375, -1.125, -0.09946],
							"size": [0.25, 1, 0.19891],
							"pivot": [0, -0.625, 0],
							"rotation": [22.5, 0, 0],
							"uv": {
								"north": {"uv": [14, 13], "uv_size": [0.5, 1]},
								"east": {"uv": [15, 0], "uv_size": [0.5, 1]},
								"south": {"uv": [15, 6], "uv_size": [0.5, 1]},
								"west": {"uv": [15, 8], "uv_size": [0.5, 1]},
								"up": {"uv": [16, 22], "uv_size": [0.5, 0.5]},
								"down": {"uv": [22, 16.5], "uv_size": [0.5, -0.5]}
							}
						},
						{
							"origin": [-0.59375, -1.125, -0.09946],
							"size": [0.25, 1, 0.19891],
							"uv": {
								"north": {"uv": [10, 15], "uv_size": [0.5, 1]},
								"east": {"uv": [15, 10], "uv_size": [0.5, 1]},
								"south": {"uv": [12, 15], "uv_size": [0.5, 1]},
								"west": {"uv": [14, 15], "uv_size": [0.5, 1]},
								"up": {"uv": [18, 22], "uv_size": [0.5, 0.5]},
								"down": {"uv": [22, 18.5], "uv_size": [0.5, -0.5]}
							}
						},
						{
							"origin": [-0.59375, -1.125, -0.09946],
							"size": [0.25, 1, 0.19891],
							"pivot": [0, -0.625, 0],
							"rotation": [-22.5, 0, 0],
							"uv": {
								"north": {"uv": [0, 16], "uv_size": [0.5, 1]},
								"east": {"uv": [2, 16], "uv_size": [0.5, 1]},
								"south": {"uv": [16, 2], "uv_size": [0.5, 1]},
								"west": {"uv": [4, 16], "uv_size": [0.5, 1]},
								"up": {"uv": [20, 22], "uv_size": [0.5, 0.5]},
								"down": {"uv": [22, 20.5], "uv_size": [0.5, -0.5]}
							}
						},
						{
							"origin": [0.34375, -0.72446, -0.5],
							"size": [0.25, 0.19891, 1],
							"pivot": [0.9375, -0.625, 0],
							"rotation": [45, 0, 0],
							"uv": {
								"north": {"uv": [22, 22], "uv_size": [0.5, 0.5]},
								"east": {"uv": [16, 4], "uv_size": [1, 0.5]},
								"south": {"uv": [23, 0], "uv_size": [0.5, 0.5]},
								"west": {"uv": [6, 16], "uv_size": [1, 0.5]},
								"up": {"uv": [8, 16], "uv_size": [0.5, 1]},
								"down": {"uv": [16, 13], "uv_size": [0.5, -1]}
							}
						},
						{
							"origin": [0.34375, -0.72446, -0.5],
							"size": [0.25, 0.19891, 1],
							"pivot": [0.9375, -0.625, 0],
							"rotation": [22.5, 0, 0],
							"uv": {
								"north": {"uv": [23, 6], "uv_size": [0.5, 0.5]},
								"east": {"uv": [16, 14], "uv_size": [1, 0.5]},
								"south": {"uv": [23, 8], "uv_size": [0.5, 0.5]},
								"west": {"uv": [16, 16], "uv_size": [1, 0.5]},
								"up": {"uv": [17, 0], "uv_size": [0.5, 1]},
								"down": {"uv": [17, 7], "uv_size": [0.5, -1]}
							}
						},
						{
							"origin": [0.34375, -0.72446, -0.5],
							"size": [0.25, 0.19891, 1],
							"uv": {
								"north": {"uv": [10, 23], "uv_size": [0.5, 0.5]},
								"east": {"uv": [17, 8], "uv_size": [1, 0.5]},
								"south": {"uv": [23, 10], "uv_size": [0.5, 0.5]},
								"west": {"uv": [10, 17], "uv_size": [1, 0.5]},
								"up": {"uv": [17, 10], "uv_size": [0.5, 1]},
								"down": {"uv": [12, 18], "uv_size": [0.5, -1]}
							}
						},
						{
							"origin": [0.34375, -0.72446, -0.5],
							"size": [0.25, 0.19891, 1],
							"pivot": [0.9375, -0.625, 0],
							"rotation": [-22.5, 0, 0],
							"uv": {
								"north": {"uv": [12, 23], "uv_size": [0.5, 0.5]},
								"east": {"uv": [14, 17], "uv_size": [1, 0.5]},
								"south": {"uv": [14, 23], "uv_size": [0.5, 0.5]},
								"west": {"uv": [0, 18], "uv_size": [1, 0.5]},
								"up": {"uv": [2, 18], "uv_size": [0.5, 1]},
								"down": {"uv": [18, 3], "uv_size": [0.5, -1]}
							}
						},
						{
							"origin": [0.34375, -0.72446, -0.5],
							"size": [0.25, 0.19891, 1],
							"pivot": [0.9375, -0.625, 0],
							"rotation": [-45, 0, 0],
							"uv": {
								"north": {"uv": [0, 24], "uv_size": [0.5, 0.5]},
								"east": {"uv": [4, 18], "uv_size": [1, 0.5]},
								"south": {"uv": [2, 24], "uv_size": [0.5, 0.5]},
								"west": {"uv": [18, 4], "uv_size": [1, 0.5]},
								"up": {"uv": [6, 18], "uv_size": [0.5, 1]},
								"down": {"uv": [8, 19], "uv_size": [0.5, -1]}
							}
						},
						{
							"origin": [0.34375, -1.125, -0.09946],
							"size": [0.25, 1, 0.19891],
							"pivot": [0.9375, -0.625, 0],
							"rotation": [22.5, 0, 0],
							"uv": {
								"north": {"uv": [18, 12], "uv_size": [0.5, 1]},
								"east": {"uv": [18, 14], "uv_size": [0.5, 1]},
								"south": {"uv": [16, 18], "uv_size": [0.5, 1]},
								"west": {"uv": [18, 16], "uv_size": [0.5, 1]},
								"up": {"uv": [24, 2], "uv_size": [0.5, 0.5]},
								"down": {"uv": [4, 24.5], "uv_size": [0.5, -0.5]}
							}
						},
						{
							"origin": [0.34375, -1.125, -0.09946],
							"size": [0.25, 1, 0.19891],
							"uv": {
								"north": {"uv": [18, 18], "uv_size": [0.5, 1]},
								"east": {"uv": [19, 0], "uv_size": [0.5, 1]},
								"south": {"uv": [19, 6], "uv_size": [0.5, 1]},
								"west": {"uv": [19, 8], "uv_size": [0.5, 1]},
								"up": {"uv": [24, 4], "uv_size": [0.5, 0.5]},
								"down": {"uv": [6, 24.5], "uv_size": [0.5, -0.5]}
							}
						},
						{
							"origin": [0.34375, -1.125, -0.09946],
							"size": [0.25, 1, 0.19891],
							"pivot": [0.9375, -0.625, 0],
							"rotation": [-22.5, 0, 0],
							"uv": {
								"north": {"uv": [10, 19], "uv_size": [0.5, 1]},
								"east": {"uv": [19, 10], "uv_size": [0.5, 1]},
								"south": {"uv": [12, 19], "uv_size": [0.5, 1]},
								"west": {"uv": [14, 19], "uv_size": [0.5, 1]},
								"up": {"uv": [8, 24], "uv_size": [0.5, 0.5]},
								"down": {"uv": [24, 12.5], "uv_size": [0.5, -0.5]}
							}
						}
					]
				},
				{
					"name": "bipod_base",
					"parent": "bipod",
					"pivot": [0, 0, 0],
					"cubes": [
						{
							"origin": [-0.34375, -1, -0.125],
							"size": [0.6875, 0.25, 0.25],
							"uv": {
								"north": {"uv": [24, 14], "uv_size": [0.5, 0.5]},
								"east": {"uv": [16, 24], "uv_size": [0.5, 0.5]},
								"south": {"uv": [24, 16], "uv_size": [0.5, 0.5]},
								"west": {"uv": [18, 24], "uv_size": [0.5, 0.5]},
								"up": {"uv": [24, 18], "uv_size": [0.5, 0.5]},
								"down": {"uv": [20, 24.5], "uv_size": [0.5, -0.5]}
							}
						},
						{
							"origin": [-0.125, -1.25, -0.125],
							"size": [0.25, 0.25, 0.25],
							"inflate": -0.001,
							"uv": {
								"north": {"uv": [24, 20], "uv_size": [0.5, 0.5]},
								"east": {"uv": [22, 24], "uv_size": [0.5, 0.5]},
								"south": {"uv": [24, 22], "uv_size": [0.5, 0.5]},
								"west": {"uv": [24, 24], "uv_size": [0.5, 0.5]},
								"up": {"uv": [25, 0], "uv_size": [0.5, 0.5]},
								"down": {"uv": [25, 6.5], "uv_size": [0.5, -0.5]}
							}
						}
					]
				},
				{
					"name": "legs",
					"parent": "bipod",
					"pivot": [0, 0, 0],
					"cubes": [
						{
							"origin": [-0.8941, -6.03796, -0.125],
							"size": [0.26563, 5, 0.25],
							"pivot": [-0.78472, -3.03796, 0],
							"rotation": [0, 0, 22.5],
							"uv": {
								"north": {"uv": [0, 0], "uv_size": [0.5, 5]},
								"east": {"uv": [2, 0], "uv_size": [0.5, 5]},
								"south": {"uv": [4, 0], "uv_size": [0.5, 5]},
								"west": {"uv": [0, 6], "uv_size": [0.5, 5]},
								"up": {"uv": [25, 8], "uv_size": [0.5, 0.5]},
								"down": {"uv": [10, 25.5], "uv_size": [0.5, -0.5]}
							}
						},
						{
							"origin": [0.62847, -6.03796, -0.125],
							"size": [0.26563, 5, 0.25],
							"pivot": [0.78472, -3.03796, 0],
							"rotation": [0, 0, -22.5],
							"uv": {
								"north": {"uv": [6, 0], "uv_size": [0.5, 5]},
								"east": {"uv": [2, 6], "uv_size": [0.5, 5]},
								"south": {"uv": [4, 6], "uv_size": [0.5, 5]},
								"west": {"uv": [6, 6], "uv_size": [0.5, 5]},
								"up": {"uv": [25, 10], "uv_size": [0.5, 0.5]},
								"down": {"uv": [12, 25.5], "uv_size": [0.5, -0.5]}
							}
						},
						{
							"origin": [-2.21875, -6, -0.375],
							"size": [0.6875, 0.25, 0.75],
							"uv": {
								"north": {"uv": [14, 25], "uv_size": [0.5, 0.5]},
								"east": {"uv": [0, 20], "uv_size": [1, 0.5]},
								"south": {"uv": [0, 26], "uv_size": [0.5, 0.5]},
								"west": {"uv": [2, 20], "uv_size": [1, 0.5]},
								"up": {"uv": [20, 2], "uv_size": [0.5, 1]},
								"down": {"uv": [4, 21], "uv_size": [0.5, -1]}
							}
						},
						{
							"origin": [-2.46718, -5.79354, -0.375],
							"size": [0.4375, 0.25, 0.75],
							"pivot": [-2.37343, -5.66854, 0],
							"rotation": [0, 0, 45],
							"uv": {
								"north": {"uv": [2, 26], "uv_size": [0.5, 0.5]},
								"east": {"uv": [20, 4], "uv_size": [1, 0.5]},
								"south": {"uv": [26, 2], "uv_size": [0.5, 0.5]},
								"west": {"uv": [6, 20], "uv_size": [1, 0.5]},
								"up": {"uv": [8, 20], "uv_size": [0.5, 1]},
								"down": {"uv": [20, 13], "uv_size": [0.5, -1]}
							}
						},
						{
							"origin": [2.02968, -5.79354, -0.375],
							"size": [0.4375, 0.25, 0.75],
							"pivot": [2.37343, -5.66854, 0],
							"rotation": [0, 0, -45],
							"uv": {
								"north": {"uv": [4, 26], "uv_size": [0.5, 0.5]},
								"east": {"uv": [20, 14], "uv_size": [1, 0.5]},
								"south": {"uv": [26, 4], "uv_size": [0.5, 0.5]},
								"west": {"uv": [16, 20], "uv_size": [1, 0.5]},
								"up": {"uv": [20, 16], "uv_size": [0.5, 1]},
								"down": {"uv": [18, 21], "uv_size": [0.5, -1]}
							}
						},
						{
							"origin": [1.53125, -6, -0.375],
							"size": [0.6875, 0.25, 0.75],
							"uv": {
								"north": {"uv": [6, 26], "uv_size": [0.5, 0.5]},
								"east": {"uv": [20, 18], "uv_size": [1, 0.5]},
								"south": {"uv": [8, 26], "uv_size": [0.5, 0.5]},
								"west": {"uv": [20, 20], "uv_size": [1, 0.5]},
								"up": {"uv": [21, 0], "uv_size": [0.5, 1]},
								"down": {"uv": [21, 7], "uv_size": [0.5, -1]}
							}
						}
					]
				}
			]
		}
	]
}