{
	"format_version": "1.12.0",
	"minecraft:geometry": [
		{
			"description": {
				"identifier": "geometry.unknown",
				"texture_width": 1024,
				"texture_height": 1024,
				"visible_bounds_width": 64,
				"visible_bounds_height": 1.5,
				"visible_bounds_offset": [0, 0.25, 0]
			},
			"bones": [
				{
					"name": "scope_view",
					"pivot": [-3, 3, 7.35],
					"rotation": [0, 0, -45]
				},
				{
					"name": "scope_body",
					"pivot": [0, 0, 0]
				},
				{
					"name": "connector",
					"parent": "scope_body",
					"pivot": [0, 0, 0],
					"cubes": [
						{
							"origin": [-0.375, 0.05, -4.19375],
							"size": [0.75, 0.15, 4.1875],
							"uv": {
								"north": {"uv": [30, 15], "uv_size": [1, 0.5]},
								"south": {"uv": [16, 30], "uv_size": [1, 0.5]},
								"down": {"uv": [10, 21], "uv_size": [1, -4]}
							}
						},
						{
							"origin": [-1.125, -0.225, -4.19375],
							"size": [0.75, 0.425, 4.1875],
							"uv": {
								"north": {"uv": [34, 14], "uv_size": [0.5, 0.5]},
								"east": {"uv": [23, 6], "uv_size": [4, 0.5]},
								"south": {"uv": [16, 34], "uv_size": [0.5, 0.5]},
								"west": {"uv": [10, 24], "uv_size": [4, 0.5]},
								"down": {"uv": [15, 28], "uv_size": [0.5, -4]}
							}
						},
						{
							"origin": [0.375, -0.225, -4.19375],
							"size": [0.75, 0.425, 4.1875],
							"uv": {
								"north": {"uv": [18, 30], "uv_size": [1, 0.5]},
								"east": {"uv": [17, 24], "uv_size": [4, 0.5]},
								"south": {"uv": [20, 30], "uv_size": [1, 0.5]},
								"west": {"uv": [22, 24], "uv_size": [4, 0.5]},
								"down": {"uv": [12, 21], "uv_size": [1, -4]}
							}
						},
						{
							"origin": [-1.125, 0.1875, -4.19375],
							"size": [2.25, 0.01563, 4.1875],
							"uv": {
								"north": {"uv": [8, 28], "uv_size": [2.5, 0.5]},
								"east": {"uv": [4, 25], "uv_size": [4, 0.5]},
								"south": {"uv": [28, 11], "uv_size": [2.5, 0.5]},
								"west": {"uv": [9, 26], "uv_size": [4, 0.5]},
								"up": {"uv": [4, 4], "uv_size": [2.5, 4]},
								"down": {"uv": [8, 8], "uv_size": [2.5, -4]}
							}
						}
					]
				},
				{
					"name": "connector2",
					"parent": "scope_body",
					"pivot": [0, 0, 0],
					"cubes": [
						{
							"origin": [-1.1875, 0.125, -4.19375],
							"size": [0.125, 0.125, 4.1875],
							"uv": {
								"north": {"uv": [18, 34], "uv_size": [0.5, 0.5]},
								"east": {"uv": [17, 26], "uv_size": [4, 0.5]},
								"south": {"uv": [20, 34], "uv_size": [0.5, 0.5]},
								"west": {"uv": [26, 18], "uv_size": [4, 0.5]},
								"up": {"uv": [22, 26], "uv_size": [0.5, 4]},
								"down": {"uv": [24, 30], "uv_size": [0.5, -4]}
							}
						}
					]
				},
				{
					"name": "main",
					"parent": "scope_body",
					"pivot": [0, 0, 0],
					"cubes": [
						{
							"origin": [-1.44169, -0.54239, -4.19375],
							"size": [0.0625, 0.84375, 4.1875],
							"pivot": [-1.41044, -0.19864, -2.1],
							"rotation": [0, 0, 30],
							"uv": {
								"north": {"uv": [30, 22], "uv_size": [0.5, 1]},
								"east": {"uv": [18, 4], "uv_size": [4, 1]},
								"south": {"uv": [30, 26], "uv_size": [0.5, 1]},
								"west": {"uv": [18, 6], "uv_size": [4, 1]},
								"up": {"uv": [26, 26], "uv_size": [0.5, 4]},
								"down": {"uv": [4, 31], "uv_size": [0.5, -4]}
							}
						},
						{
							"origin": [-2.125, -0.5, -4.19375],
							"size": [0.5625, 0.0625, 4.1875],
							"uv": {
								"north": {"uv": [34, 20], "uv_size": [0.5, 0.5]},
								"east": {"uv": [26, 20], "uv_size": [4, 0.5]},
								"south": {"uv": [34, 22], "uv_size": [0.5, 0.5]},
								"west": {"uv": [27, 24], "uv_size": [4, 0.5]},
								"up": {"uv": [6, 27], "uv_size": [0.5, 4]},
								"down": {"uv": [28, 10], "uv_size": [0.5, -4]}
							}
						}
					]
				},
				{
					"name": "ogl_laser",
					"parent": "scope_body",
					"pivot": [0, 0, 0]
				},
				{
					"name": "hexadecagon",
					"parent": "ogl_laser",
					"pivot": [-1.875, 0.0625, -2.5],
					"rotation": [0, -90, 0],
					"cubes": [
						{
							"origin": [-4.375, -0.03696, -3],
							"size": [5, 0.19891, 1],
							"pivot": [-1.875, 0.0625, -2.5],
							"rotation": [45, 0, 0],
							"uv": {
								"north": {"uv": [14, 18], "uv_size": [5, 0.5]},
								"east": {"uv": [28, 30], "uv_size": [1, 0.5]},
								"south": {"uv": [4, 19], "uv_size": [5, 0.5]},
								"west": {"uv": [30, 28], "uv_size": [1, 0.5]},
								"up": {"uv": [4, 9], "uv_size": [5, 1]},
								"down": {"uv": [10, 10], "uv_size": [5, -1]}
							}
						},
						{
							"origin": [-4.375, -0.03696, -3],
							"size": [5, 0.19891, 1],
							"pivot": [-1.875, 0.0625, -2.5],
							"rotation": [22.5, 0, 0],
							"uv": {
								"north": {"uv": [14, 20], "uv_size": [5, 0.5]},
								"east": {"uv": [30, 30], "uv_size": [1, 0.5]},
								"south": {"uv": [20, 18], "uv_size": [5, 0.5]},
								"west": {"uv": [31, 4], "uv_size": [1, 0.5]},
								"up": {"uv": [4, 11], "uv_size": [5, 1]},
								"down": {"uv": [10, 12], "uv_size": [5, -1]}
							}
						},
						{
							"origin": [-4.375, -0.03696, -3],
							"size": [5, 0.19891, 1],
							"uv": {
								"north": {"uv": [20, 20], "uv_size": [5, 0.5]},
								"east": {"uv": [14, 31], "uv_size": [1, 0.5]},
								"south": {"uv": [4, 21], "uv_size": [5, 0.5]},
								"west": {"uv": [31, 17], "uv_size": [1, 0.5]},
								"up": {"uv": [12, 4], "uv_size": [5, 1]},
								"down": {"uv": [12, 7], "uv_size": [5, -1]}
							}
						},
						{
							"origin": [-4.375, -0.03696, -3],
							"size": [5, 0.19891, 1],
							"pivot": [-1.875, 0.0625, -2.5],
							"rotation": [-22.5, 0, 0],
							"uv": {
								"north": {"uv": [22, 8], "uv_size": [5, 0.5]},
								"east": {"uv": [31, 19], "uv_size": [1, 0.5]},
								"south": {"uv": [10, 22], "uv_size": [5, 0.5]},
								"west": {"uv": [22, 31], "uv_size": [1, 0.5]},
								"up": {"uv": [4, 13], "uv_size": [5, 1]},
								"down": {"uv": [10, 14], "uv_size": [5, -1]}
							}
						},
						{
							"origin": [-4.375, -0.03696, -3],
							"size": [5, 0.19891, 1],
							"pivot": [-1.875, 0.0625, -2.5],
							"rotation": [-45, 0, 0],
							"uv": {
								"north": {"uv": [22, 10], "uv_size": [5, 0.5]},
								"east": {"uv": [24, 31], "uv_size": [1, 0.5]},
								"south": {"uv": [22, 12], "uv_size": [5, 0.5]},
								"west": {"uv": [26, 31], "uv_size": [1, 0.5]},
								"up": {"uv": [4, 15], "uv_size": [5, 1]},
								"down": {"uv": [10, 16], "uv_size": [5, -1]}
							}
						},
						{
							"origin": [-4.375, -0.4375, -2.59946],
							"size": [5, 1, 0.19891],
							"pivot": [-1.875, 0.0625, -2.5],
							"rotation": [22.5, 0, 0],
							"uv": {
								"north": {"uv": [16, 8], "uv_size": [5, 1]},
								"east": {"uv": [4, 32], "uv_size": [0.5, 1]},
								"south": {"uv": [16, 10], "uv_size": [5, 1]},
								"west": {"uv": [6, 32], "uv_size": [0.5, 1]},
								"up": {"uv": [22, 14], "uv_size": [5, 0.5]},
								"down": {"uv": [16, 22.5], "uv_size": [5, -0.5]}
							}
						},
						{
							"origin": [-4.375, -0.4375, -2.59946],
							"size": [5, 1, 0.19891],
							"uv": {
								"north": {"uv": [16, 12], "uv_size": [5, 1]},
								"east": {"uv": [32, 6], "uv_size": [0.5, 1]},
								"south": {"uv": [16, 14], "uv_size": [5, 1]},
								"west": {"uv": [8, 32], "uv_size": [0.5, 1]},
								"up": {"uv": [22, 16], "uv_size": [5, 0.5]},
								"down": {"uv": [22, 22.5], "uv_size": [5, -0.5]}
							}
						},
						{
							"origin": [-4.375, -0.4375, -2.59946],
							"size": [5, 1, 0.19891],
							"pivot": [-1.875, 0.0625, -2.5],
							"rotation": [-22.5, 0, 0],
							"uv": {
								"north": {"uv": [16, 16], "uv_size": [5, 1]},
								"east": {"uv": [32, 8], "uv_size": [0.5, 1]},
								"south": {"uv": [4, 17], "uv_size": [5, 1]},
								"west": {"uv": [10, 32], "uv_size": [0.5, 1]},
								"up": {"uv": [4, 23], "uv_size": [5, 0.5]},
								"down": {"uv": [23, 4.5], "uv_size": [5, -0.5]}
							}
						}
					]
				},
				{
					"name": "hexadecagon2",
					"parent": "ogl_laser",
					"pivot": [-1.875, 0.0625, -4.75],
					"rotation": [0, -90, 0],
					"cubes": [
						{
							"origin": [-2.375, -0.04939, -5.3125],
							"size": [1, 0.22378, 1.125],
							"pivot": [-1.875, 0.0625, -4.75],
							"rotation": [45, 0, 0],
							"uv": {
								"north": {"uv": [32, 10], "uv_size": [1, 0.5]},
								"east": {"uv": [12, 32], "uv_size": [1, 0.5]},
								"south": {"uv": [32, 12], "uv_size": [1, 0.5]},
								"west": {"uv": [32, 14], "uv_size": [1, 0.5]},
								"up": {"uv": [12, 28], "uv_size": [1, 1]},
								"down": {"uv": [28, 14], "uv_size": [1, -1]}
							}
						},
						{
							"origin": [-2.375, -0.04939, -5.3125],
							"size": [1, 0.22378, 1.125],
							"pivot": [-1.875, 0.0625, -4.75],
							"rotation": [22.5, 0, 0],
							"uv": {
								"north": {"uv": [16, 32], "uv_size": [1, 0.5]},
								"east": {"uv": [18, 32], "uv_size": [1, 0.5]},
								"south": {"uv": [20, 32], "uv_size": [1, 0.5]},
								"west": {"uv": [32, 21], "uv_size": [1, 0.5]},
								"up": {"uv": [28, 15], "uv_size": [1, 1]},
								"down": {"uv": [17, 29], "uv_size": [1, -1]}
							}
						},
						{
							"origin": [-2.375, -0.04939, -5.3125],
							"size": [1, 0.22378, 1.125],
							"uv": {
								"north": {"uv": [32, 23], "uv_size": [1, 0.5]},
								"east": {"uv": [32, 25], "uv_size": [1, 0.5]},
								"south": {"uv": [32, 27], "uv_size": [1, 0.5]},
								"west": {"uv": [28, 32], "uv_size": [1, 0.5]},
								"up": {"uv": [19, 28], "uv_size": [1, 1]},
								"down": {"uv": [28, 23], "uv_size": [1, -1]}
							}
						},
						{
							"origin": [-2.375, -0.04939, -5.3125],
							"size": [1, 0.22378, 1.125],
							"pivot": [-1.875, 0.0625, -4.75],
							"rotation": [-22.5, 0, 0],
							"uv": {
								"north": {"uv": [32, 29], "uv_size": [1, 0.5]},
								"east": {"uv": [30, 32], "uv_size": [1, 0.5]},
								"south": {"uv": [32, 31], "uv_size": [1, 0.5]},
								"west": {"uv": [33, 4], "uv_size": [1, 0.5]},
								"up": {"uv": [28, 26], "uv_size": [1, 1]},
								"down": {"uv": [28, 29], "uv_size": [1, -1]}
							}
						},
						{
							"origin": [-2.375, -0.04939, -5.3125],
							"size": [1, 0.22378, 1.125],
							"pivot": [-1.875, 0.0625, -4.75],
							"rotation": [-45, 0, 0],
							"uv": {
								"north": {"uv": [14, 33], "uv_size": [1, 0.5]},
								"east": {"uv": [33, 16], "uv_size": [1, 0.5]},
								"south": {"uv": [33, 18], "uv_size": [1, 0.5]},
								"west": {"uv": [22, 33], "uv_size": [1, 0.5]},
								"up": {"uv": [29, 4], "uv_size": [1, 1]},
								"down": {"uv": [14, 30], "uv_size": [1, -1]}
							}
						},
						{
							"origin": [-2.375, -0.5, -4.86189],
							"size": [1, 1.125, 0.22378],
							"pivot": [-1.875, 0.0625, -4.75],
							"rotation": [22.5, 0, 0],
							"uv": {
								"north": {"uv": [30, 6], "uv_size": [1, 1]},
								"east": {"uv": [24, 33], "uv_size": [0.5, 1]},
								"south": {"uv": [8, 30], "uv_size": [1, 1]},
								"west": {"uv": [26, 33], "uv_size": [0.5, 1]},
								"up": {"uv": [32, 33], "uv_size": [1, 0.5]},
								"down": {"uv": [4, 34.5], "uv_size": [1, -0.5]}
							}
						},
						{
							"origin": [-2.375, -0.5, -4.86189],
							"size": [1, 1.125, 0.22378],
							"uv": {
								"north": {"uv": [30, 8], "uv_size": [1, 1]},
								"east": {"uv": [6, 34], "uv_size": [0.5, 1]},
								"south": {"uv": [10, 30], "uv_size": [1, 1]},
								"west": {"uv": [34, 6], "uv_size": [0.5, 1]},
								"up": {"uv": [8, 34], "uv_size": [1, 0.5]},
								"down": {"uv": [34, 8.5], "uv_size": [1, -0.5]}
							}
						},
						{
							"origin": [-2.375, -0.5, -4.86189],
							"size": [1, 1.125, 0.22378],
							"pivot": [-1.875, 0.0625, -4.75],
							"rotation": [-22.5, 0, 0],
							"uv": {
								"north": {"uv": [12, 30], "uv_size": [1, 1]},
								"east": {"uv": [10, 34], "uv_size": [0.5, 1]},
								"south": {"uv": [30, 13], "uv_size": [1, 1]},
								"west": {"uv": [34, 10], "uv_size": [0.5, 1]},
								"up": {"uv": [12, 34], "uv_size": [1, 0.5]},
								"down": {"uv": [34, 12.5], "uv_size": [1, -0.5]}
							}
						}
					]
				},
				{
					"name": "hexadecagon3",
					"parent": "ogl_laser",
					"pivot": [-1.6875, 0.375, -5.39062],
					"rotation": [0, -90, 0],
					"cubes": [
						{
							"origin": [-1.6875, 0.34392, -5.54687],
							"size": [0.15625, 0.06216, 0.3125],
							"pivot": [-1.6875, 0.375, -5.39062],
							"rotation": [45, 0, 0],
							"uv": {
								"north": {"uv": [34, 24], "uv_size": [0.5, 0.5]},
								"east": {"uv": [34, 26], "uv_size": [0.5, 0.5]},
								"south": {"uv": [28, 34], "uv_size": [0.5, 0.5]},
								"west": {"uv": [34, 28], "uv_size": [0.5, 0.5]},
								"up": {"uv": [30, 34], "uv_size": [0.5, 0.5]},
								"down": {"uv": [34, 30.5], "uv_size": [0.5, -0.5]}
							}
						},
						{
							"origin": [-1.6875, 0.34392, -5.54687],
							"size": [0.15625, 0.06216, 0.3125],
							"pivot": [-1.6875, 0.375, -5.39062],
							"rotation": [22.5, 0, 0],
							"uv": {
								"north": {"uv": [34, 32], "uv_size": [0.5, 0.5]},
								"east": {"uv": [34, 34], "uv_size": [0.5, 0.5]},
								"south": {"uv": [35, 4], "uv_size": [0.5, 0.5]},
								"west": {"uv": [14, 35], "uv_size": [0.5, 0.5]},
								"up": {"uv": [35, 16], "uv_size": [0.5, 0.5]},
								"down": {"uv": [35, 18.5], "uv_size": [0.5, -0.5]}
							}
						},
						{
							"origin": [-1.6875, 0.34392, -5.54687],
							"size": [0.15625, 0.06216, 0.3125],
							"uv": {
								"north": {"uv": [22, 35], "uv_size": [0.5, 0.5]},
								"east": {"uv": [24, 35], "uv_size": [0.5, 0.5]},
								"south": {"uv": [26, 35], "uv_size": [0.5, 0.5]},
								"west": {"uv": [32, 35], "uv_size": [0.5, 0.5]},
								"up": {"uv": [4, 36], "uv_size": [0.5, 0.5]},
								"down": {"uv": [6, 36.5], "uv_size": [0.5, -0.5]}
							}
						},
						{
							"origin": [-1.6875, 0.34392, -5.54687],
							"size": [0.15625, 0.06216, 0.3125],
							"pivot": [-1.6875, 0.375, -5.39062],
							"rotation": [-22.5, 0, 0],
							"uv": {
								"north": {"uv": [36, 6], "uv_size": [0.5, 0.5]},
								"east": {"uv": [8, 36], "uv_size": [0.5, 0.5]},
								"south": {"uv": [36, 8], "uv_size": [0.5, 0.5]},
								"west": {"uv": [10, 36], "uv_size": [0.5, 0.5]},
								"up": {"uv": [36, 10], "uv_size": [0.5, 0.5]},
								"down": {"uv": [12, 36.5], "uv_size": [0.5, -0.5]}
							}
						},
						{
							"origin": [-1.6875, 0.34392, -5.54687],
							"size": [0.15625, 0.06216, 0.3125],
							"pivot": [-1.6875, 0.375, -5.39062],
							"rotation": [-45, 0, 0],
							"uv": {
								"north": {"uv": [36, 12], "uv_size": [0.5, 0.5]},
								"east": {"uv": [36, 14], "uv_size": [0.5, 0.5]},
								"south": {"uv": [16, 36], "uv_size": [0.5, 0.5]},
								"west": {"uv": [18, 36], "uv_size": [0.5, 0.5]},
								"up": {"uv": [20, 36], "uv_size": [0.5, 0.5]},
								"down": {"uv": [36, 20.5], "uv_size": [0.5, -0.5]}
							}
						},
						{
							"origin": [-1.6875, 0.21875, -5.42171],
							"size": [0.15625, 0.3125, 0.06216],
							"pivot": [-1.6875, 0.375, -5.39062],
							"rotation": [22.5, 0, 0],
							"uv": {
								"north": {"uv": [36, 22], "uv_size": [0.5, 0.5]},
								"east": {"uv": [36, 24], "uv_size": [0.5, 0.5]},
								"south": {"uv": [36, 26], "uv_size": [0.5, 0.5]},
								"west": {"uv": [28, 36], "uv_size": [0.5, 0.5]},
								"up": {"uv": [36, 28], "uv_size": [0.5, 0.5]},
								"down": {"uv": [30, 36.5], "uv_size": [0.5, -0.5]}
							}
						},
						{
							"origin": [-1.6875, 0.21875, -5.42171],
							"size": [0.15625, 0.3125, 0.06216],
							"uv": {
								"north": {"uv": [36, 30], "uv_size": [0.5, 0.5]},
								"east": {"uv": [36, 32], "uv_size": [0.5, 0.5]},
								"south": {"uv": [34, 36], "uv_size": [0.5, 0.5]},
								"west": {"uv": [36, 34], "uv_size": [0.5, 0.5]},
								"up": {"uv": [36, 36], "uv_size": [0.5, 0.5]},
								"down": {"uv": [37, 4.5], "uv_size": [0.5, -0.5]}
							}
						},
						{
							"origin": [-1.6875, 0.21875, -5.42171],
							"size": [0.15625, 0.3125, 0.06216],
							"pivot": [-1.6875, 0.375, -5.39062],
							"rotation": [-22.5, 0, 0],
							"uv": {
								"north": {"uv": [14, 37], "uv_size": [0.5, 0.5]},
								"east": {"uv": [37, 16], "uv_size": [0.5, 0.5]},
								"south": {"uv": [37, 18], "uv_size": [0.5, 0.5]},
								"west": {"uv": [22, 37], "uv_size": [0.5, 0.5]},
								"up": {"uv": [24, 37], "uv_size": [0.5, 0.5]},
								"down": {"uv": [26, 37.5], "uv_size": [0.5, -0.5]}
							}
						}
					]
				},
				{
					"name": "laserbeam_illuminated",
					"parent": "scope_body",
					"pivot": [0, 0, 0],
					"cubes": [
						{
							"origin": [-1.74688, 0.31014, -517.33581],
							"size": [0.125, 0.125, 512],
							"uv": {
								"north": {"uv": [32, 37], "uv_size": [0.5, 0.5]},
								"east": {"uv": [0, 0], "uv_size": [512, 0.5]},
								"south": {"uv": [4, 38], "uv_size": [0.5, 0.5]},
								"west": {"uv": [0, 2], "uv_size": [512, 0.5]},
								"up": {"uv": [0, 4], "uv_size": [0.5, 512]},
								"down": {"uv": [2, 516], "uv_size": [0.5, -512]}
							}
						}
					]
				}
			]
		}
	]
}