{
	"format_version": "1.12.0",
	"minecraft:geometry": [
		{
			"description": {
				"identifier": "geometry.unknown",
				"texture_width": 64,
				"texture_height": 64,
				"visible_bounds_width": 2,
				"visible_bounds_height": 1.5,
				"visible_bounds_offset": [0, 0.25, 0]
			},
			"bones": [
				{
					"name": "compensator",
					"pivot": [0, 0, 0]
				},
				{
					"name": "hexadecagon2",
					"parent": "compensator",
					"pivot": [0, 0, -1.25],
					"rotation": [0, 90, 0],
					"cubes": [
						{
							"origin": [-1, -0.14918, -2],
							"size": [2, 0.29837, 0.125],
							"pivot": [0, 0, -1.25],
							"rotation": [45, 0, 0],
							"uv": {
								"north": {"uv": [0, 0], "uv_size": [2, 0.5]},
								"east": {"uv": [9, 12], "uv_size": [0.5, 0.5]},
								"south": {"uv": [0, 2], "uv_size": [2, 0.5]},
								"west": {"uv": [12, 10], "uv_size": [0.5, 0.5]},
								"up": {"uv": [3, 0], "uv_size": [2, 0.5]},
								"down": {"uv": [3, 2.5], "uv_size": [2, -0.5]}
							}
						},
						{
							"origin": [0.75, -0.14918, -2],
							"size": [0.25, 0.29837, 0.125],
							"pivot": [0, 0, -1.25],
							"rotation": [22.5, 0, 0],
							"uv": {
								"north": {"uv": [11, 12], "uv_size": [0.5, 0.5]},
								"east": {"uv": [13, 12], "uv_size": [0.5, 0.5]},
								"south": {"uv": [0, 14], "uv_size": [0.5, 0.5]},
								"west": {"uv": [2, 14], "uv_size": [0.5, 0.5]},
								"up": {"uv": [4, 14], "uv_size": [0.5, 0.5]},
								"down": {"uv": [6, 14.5], "uv_size": [0.5, -0.5]}
							}
						},
						{
							"origin": [-1, -0.14918, -2],
							"size": [2, 0.29837, 0.125],
							"uv": {
								"north": {"uv": [0, 4], "uv_size": [2, 0.5]},
								"east": {"uv": [8, 14], "uv_size": [0.5, 0.5]},
								"south": {"uv": [3, 4], "uv_size": [2, 0.5]},
								"west": {"uv": [10, 14], "uv_size": [0.5, 0.5]},
								"up": {"uv": [0, 6], "uv_size": [2, 0.5]},
								"down": {"uv": [6, 0.5], "uv_size": [2, -0.5]}
							}
						},
						{
							"origin": [0.75, -0.14918, -2],
							"size": [0.25, 0.29837, 0.125],
							"pivot": [0, 0, -1.25],
							"rotation": [-22.5, 0, 0],
							"uv": {
								"north": {"uv": [14, 10], "uv_size": [0.5, 0.5]},
								"east": {"uv": [12, 14], "uv_size": [0.5, 0.5]},
								"south": {"uv": [14, 14], "uv_size": [0.5, 0.5]},
								"west": {"uv": [15, 0], "uv_size": [0.5, 0.5]},
								"up": {"uv": [15, 2], "uv_size": [0.5, 0.5]},
								"down": {"uv": [15, 4.5], "uv_size": [0.5, -0.5]}
							}
						},
						{
							"origin": [-1, -0.14918, -2],
							"size": [2, 0.29837, 0.125],
							"pivot": [0, 0, -1.25],
							"rotation": [-45, 0, 0],
							"uv": {
								"north": {"uv": [6, 2], "uv_size": [2, 0.5]},
								"east": {"uv": [15, 6], "uv_size": [0.5, 0.5]},
								"south": {"uv": [3, 6], "uv_size": [2, 0.5]},
								"west": {"uv": [15, 8], "uv_size": [0.5, 0.5]},
								"up": {"uv": [6, 4], "uv_size": [2, 0.5]},
								"down": {"uv": [6, 6.5], "uv_size": [2, -0.5]}
							}
						},
						{
							"origin": [-1, -0.14918, -0.625],
							"size": [2, 0.29837, 0.125],
							"pivot": [0, 0, -1.25],
							"rotation": [45, 0, 0],
							"uv": {
								"north": {"uv": [0, 8], "uv_size": [2, 0.5]},
								"east": {"uv": [15, 12], "uv_size": [0.5, 0.5]},
								"south": {"uv": [3, 8], "uv_size": [2, 0.5]},
								"west": {"uv": [0, 16], "uv_size": [0.5, 0.5]},
								"up": {"uv": [6, 8], "uv_size": [2, 0.5]},
								"down": {"uv": [9, 0.5], "uv_size": [2, -0.5]}
							}
						},
						{
							"origin": [0.75, -0.14918, -0.625],
							"size": [0.25, 0.29837, 0.125],
							"pivot": [0, 0, -1.25],
							"rotation": [22.5, 0, 0],
							"uv": {
								"north": {"uv": [2, 16], "uv_size": [0.5, 0.5]},
								"east": {"uv": [4, 16], "uv_size": [0.5, 0.5]},
								"south": {"uv": [6, 16], "uv_size": [0.5, 0.5]},
								"west": {"uv": [8, 16], "uv_size": [0.5, 0.5]},
								"up": {"uv": [10, 16], "uv_size": [0.5, 0.5]},
								"down": {"uv": [16, 10.5], "uv_size": [0.5, -0.5]}
							}
						},
						{
							"origin": [-1, -0.14918, -0.625],
							"size": [2, 0.29837, 0.125],
							"uv": {
								"north": {"uv": [9, 2], "uv_size": [2, 0.5]},
								"east": {"uv": [12, 16], "uv_size": [0.5, 0.5]},
								"south": {"uv": [9, 4], "uv_size": [2, 0.5]},
								"west": {"uv": [14, 16], "uv_size": [0.5, 0.5]},
								"up": {"uv": [9, 6], "uv_size": [2, 0.5]},
								"down": {"uv": [9, 8.5], "uv_size": [2, -0.5]}
							}
						},
						{
							"origin": [0.75, -0.14918, -0.625],
							"size": [0.25, 0.29837, 0.125],
							"pivot": [0, 0, -1.25],
							"rotation": [-22.5, 0, 0],
							"uv": {
								"north": {"uv": [16, 14], "uv_size": [0.5, 0.5]},
								"east": {"uv": [16, 16], "uv_size": [0.5, 0.5]},
								"south": {"uv": [17, 0], "uv_size": [0.5, 0.5]},
								"west": {"uv": [17, 2], "uv_size": [0.5, 0.5]},
								"up": {"uv": [17, 4], "uv_size": [0.5, 0.5]},
								"down": {"uv": [17, 6.5], "uv_size": [0.5, -0.5]}
							}
						},
						{
							"origin": [-1, -0.14918, -0.625],
							"size": [2, 0.29837, 0.125],
							"pivot": [0, 0, -1.25],
							"rotation": [-45, 0, 0],
							"uv": {
								"north": {"uv": [0, 10], "uv_size": [2, 0.5]},
								"east": {"uv": [17, 8], "uv_size": [0.5, 0.5]},
								"south": {"uv": [3, 10], "uv_size": [2, 0.5]},
								"west": {"uv": [17, 12], "uv_size": [0.5, 0.5]},
								"up": {"uv": [6, 10], "uv_size": [2, 0.5]},
								"down": {"uv": [9, 10.5], "uv_size": [2, -0.5]}
							}
						},
						{
							"origin": [0.75, -0.75, -1.39918],
							"size": [0.25, 0.125, 0.29837],
							"pivot": [0, 0, -1.25],
							"rotation": [22.5, 0, 0],
							"uv": {
								"north": {"uv": [0, 18], "uv_size": [0.5, 0.5]},
								"east": {"uv": [2, 18], "uv_size": [0.5, 0.5]},
								"south": {"uv": [4, 18], "uv_size": [0.5, 0.5]},
								"west": {"uv": [6, 18], "uv_size": [0.5, 0.5]},
								"up": {"uv": [8, 18], "uv_size": [0.5, 0.5]},
								"down": {"uv": [10, 18.5], "uv_size": [0.5, -0.5]}
							}
						},
						{
							"origin": [-1, -0.75, -1.39918],
							"size": [2, 0.125, 0.29837],
							"uv": {
								"north": {"uv": [0, 12], "uv_size": [2, 0.5]},
								"east": {"uv": [18, 10], "uv_size": [0.5, 0.5]},
								"south": {"uv": [12, 0], "uv_size": [2, 0.5]},
								"west": {"uv": [12, 18], "uv_size": [0.5, 0.5]},
								"up": {"uv": [12, 2], "uv_size": [2, 0.5]},
								"down": {"uv": [3, 12.5], "uv_size": [2, -0.5]}
							}
						},
						{
							"origin": [0.75, -0.75, -1.39918],
							"size": [0.25, 0.125, 0.29837],
							"pivot": [0, 0, -1.25],
							"rotation": [-22.5, 0, 0],
							"uv": {
								"north": {"uv": [14, 18], "uv_size": [0.5, 0.5]},
								"east": {"uv": [18, 14], "uv_size": [0.5, 0.5]},
								"south": {"uv": [16, 18], "uv_size": [0.5, 0.5]},
								"west": {"uv": [18, 16], "uv_size": [0.5, 0.5]},
								"up": {"uv": [18, 18], "uv_size": [0.5, 0.5]},
								"down": {"uv": [19, 0.5], "uv_size": [0.5, -0.5]}
							}
						},
						{
							"origin": [0.75, 0.625, -1.39918],
							"size": [0.25, 0.125, 0.29837],
							"pivot": [0, 0, -1.25],
							"rotation": [22.5, 0, 0],
							"uv": {
								"north": {"uv": [19, 2], "uv_size": [0.5, 0.5]},
								"east": {"uv": [19, 4], "uv_size": [0.5, 0.5]},
								"south": {"uv": [19, 6], "uv_size": [0.5, 0.5]},
								"west": {"uv": [19, 8], "uv_size": [0.5, 0.5]},
								"up": {"uv": [19, 12], "uv_size": [0.5, 0.5]},
								"down": {"uv": [0, 20.5], "uv_size": [0.5, -0.5]}
							}
						},
						{
							"origin": [-1, -0.14918, -0.625],
							"size": [0.25, 0.29837, 0.125],
							"pivot": [-1.75, 0, -1.25],
							"rotation": [22.5, 0, 0],
							"uv": {
								"north": {"uv": [2, 20], "uv_size": [0.5, 0.5]},
								"east": {"uv": [4, 20], "uv_size": [0.5, 0.5]},
								"south": {"uv": [6, 20], "uv_size": [0.5, 0.5]},
								"west": {"uv": [8, 20], "uv_size": [0.5, 0.5]},
								"up": {"uv": [10, 20], "uv_size": [0.5, 0.5]},
								"down": {"uv": [20, 10.5], "uv_size": [0.5, -0.5]}
							}
						},
						{
							"origin": [-1, 0.625, -1.39918],
							"size": [0.25, 0.125, 0.29837],
							"pivot": [-1.75, 0, -1.25],
							"rotation": [22.5, 0, 0],
							"uv": {
								"north": {"uv": [12, 20], "uv_size": [0.5, 0.5]},
								"east": {"uv": [14, 20], "uv_size": [0.5, 0.5]},
								"south": {"uv": [20, 14], "uv_size": [0.5, 0.5]},
								"west": {"uv": [16, 20], "uv_size": [0.5, 0.5]},
								"up": {"uv": [20, 16], "uv_size": [0.5, 0.5]},
								"down": {"uv": [18, 20.5], "uv_size": [0.5, -0.5]}
							}
						},
						{
							"origin": [-1, -0.14918, -2],
							"size": [0.25, 0.29837, 0.125],
							"pivot": [-1.75, 0, -1.25],
							"rotation": [22.5, 0, 0],
							"uv": {
								"north": {"uv": [20, 18], "uv_size": [0.5, 0.5]},
								"east": {"uv": [20, 20], "uv_size": [0.5, 0.5]},
								"south": {"uv": [21, 0], "uv_size": [0.5, 0.5]},
								"west": {"uv": [21, 2], "uv_size": [0.5, 0.5]},
								"up": {"uv": [21, 4], "uv_size": [0.5, 0.5]},
								"down": {"uv": [21, 6.5], "uv_size": [0.5, -0.5]}
							}
						},
						{
							"origin": [-1, -0.75, -1.39918],
							"size": [0.25, 0.125, 0.29837],
							"pivot": [-1.75, 0, -1.25],
							"rotation": [22.5, 0, 0],
							"uv": {
								"north": {"uv": [21, 8], "uv_size": [0.5, 0.5]},
								"east": {"uv": [21, 12], "uv_size": [0.5, 0.5]},
								"south": {"uv": [0, 22], "uv_size": [0.5, 0.5]},
								"west": {"uv": [2, 22], "uv_size": [0.5, 0.5]},
								"up": {"uv": [4, 22], "uv_size": [0.5, 0.5]},
								"down": {"uv": [6, 22.5], "uv_size": [0.5, -0.5]}
							}
						},
						{
							"origin": [0.15625, -0.14918, -0.625],
							"size": [0.25, 0.29837, 0.125],
							"pivot": [-0.59375, 0, -1.25],
							"rotation": [22.5, 0, 0],
							"uv": {
								"north": {"uv": [8, 22], "uv_size": [0.5, 0.5]},
								"east": {"uv": [10, 22], "uv_size": [0.5, 0.5]},
								"south": {"uv": [22, 10], "uv_size": [0.5, 0.5]},
								"west": {"uv": [12, 22], "uv_size": [0.5, 0.5]},
								"up": {"uv": [14, 22], "uv_size": [0.5, 0.5]},
								"down": {"uv": [22, 14.5], "uv_size": [0.5, -0.5]}
							}
						},
						{
							"origin": [0.15625, 0.625, -1.39918],
							"size": [0.25, 0.125, 0.29837],
							"pivot": [-0.59375, 0, -1.25],
							"rotation": [22.5, 0, 0],
							"uv": {
								"north": {"uv": [16, 22], "uv_size": [0.5, 0.5]},
								"east": {"uv": [22, 16], "uv_size": [0.5, 0.5]},
								"south": {"uv": [18, 22], "uv_size": [0.5, 0.5]},
								"west": {"uv": [22, 18], "uv_size": [0.5, 0.5]},
								"up": {"uv": [20, 22], "uv_size": [0.5, 0.5]},
								"down": {"uv": [22, 20.5], "uv_size": [0.5, -0.5]}
							}
						},
						{
							"origin": [0.15625, -0.14918, -2],
							"size": [0.25, 0.29837, 0.125],
							"pivot": [-0.59375, 0, -1.25],
							"rotation": [22.5, 0, 0],
							"uv": {
								"north": {"uv": [22, 22], "uv_size": [0.5, 0.5]},
								"east": {"uv": [23, 0], "uv_size": [0.5, 0.5]},
								"south": {"uv": [23, 2], "uv_size": [0.5, 0.5]},
								"west": {"uv": [23, 4], "uv_size": [0.5, 0.5]},
								"up": {"uv": [23, 6], "uv_size": [0.5, 0.5]},
								"down": {"uv": [23, 8.5], "uv_size": [0.5, -0.5]}
							}
						},
						{
							"origin": [0.15625, -0.75, -1.39918],
							"size": [0.25, 0.125, 0.29837],
							"pivot": [-0.59375, 0, -1.25],
							"rotation": [22.5, 0, 0],
							"uv": {
								"north": {"uv": [23, 12], "uv_size": [0.5, 0.5]},
								"east": {"uv": [0, 24], "uv_size": [0.5, 0.5]},
								"south": {"uv": [2, 24], "uv_size": [0.5, 0.5]},
								"west": {"uv": [4, 24], "uv_size": [0.5, 0.5]},
								"up": {"uv": [6, 24], "uv_size": [0.5, 0.5]},
								"down": {"uv": [8, 24.5], "uv_size": [0.5, -0.5]}
							}
						},
						{
							"origin": [-0.40625, -0.14918, -0.625],
							"size": [0.25, 0.29837, 0.125],
							"pivot": [-1.15625, 0, -1.25],
							"rotation": [22.5, 0, 0],
							"uv": {
								"north": {"uv": [10, 24], "uv_size": [0.5, 0.5]},
								"east": {"uv": [24, 10], "uv_size": [0.5, 0.5]},
								"south": {"uv": [12, 24], "uv_size": [0.5, 0.5]},
								"west": {"uv": [14, 24], "uv_size": [0.5, 0.5]},
								"up": {"uv": [24, 14], "uv_size": [0.5, 0.5]},
								"down": {"uv": [16, 24.5], "uv_size": [0.5, -0.5]}
							}
						},
						{
							"origin": [-0.40625, 0.625, -1.39918],
							"size": [0.25, 0.125, 0.29837],
							"pivot": [-1.15625, 0, -1.25],
							"rotation": [22.5, 0, 0],
							"uv": {
								"north": {"uv": [24, 16], "uv_size": [0.5, 0.5]},
								"east": {"uv": [18, 24], "uv_size": [0.5, 0.5]},
								"south": {"uv": [24, 18], "uv_size": [0.5, 0.5]},
								"west": {"uv": [20, 24], "uv_size": [0.5, 0.5]},
								"up": {"uv": [24, 20], "uv_size": [0.5, 0.5]},
								"down": {"uv": [22, 24.5], "uv_size": [0.5, -0.5]}
							}
						},
						{
							"origin": [-0.40625, -0.14918, -2],
							"size": [0.25, 0.29837, 0.125],
							"pivot": [-1.15625, 0, -1.25],
							"rotation": [22.5, 0, 0],
							"uv": {
								"north": {"uv": [24, 22], "uv_size": [0.5, 0.5]},
								"east": {"uv": [24, 24], "uv_size": [0.5, 0.5]},
								"south": {"uv": [25, 0], "uv_size": [0.5, 0.5]},
								"west": {"uv": [25, 2], "uv_size": [0.5, 0.5]},
								"up": {"uv": [25, 4], "uv_size": [0.5, 0.5]},
								"down": {"uv": [25, 6.5], "uv_size": [0.5, -0.5]}
							}
						},
						{
							"origin": [-0.40625, -0.75, -1.39918],
							"size": [0.25, 0.125, 0.29837],
							"pivot": [-1.15625, 0, -1.25],
							"rotation": [22.5, 0, 0],
							"uv": {
								"north": {"uv": [25, 8], "uv_size": [0.5, 0.5]},
								"east": {"uv": [25, 12], "uv_size": [0.5, 0.5]},
								"south": {"uv": [0, 26], "uv_size": [0.5, 0.5]},
								"west": {"uv": [2, 26], "uv_size": [0.5, 0.5]},
								"up": {"uv": [4, 26], "uv_size": [0.5, 0.5]},
								"down": {"uv": [6, 26.5], "uv_size": [0.5, -0.5]}
							}
						},
						{
							"origin": [-1, 0.625, -1.39918],
							"size": [2, 0.125, 0.29837],
							"uv": {
								"north": {"uv": [12, 4], "uv_size": [2, 0.5]},
								"east": {"uv": [8, 26], "uv_size": [0.5, 0.5]},
								"south": {"uv": [6, 12], "uv_size": [2, 0.5]},
								"west": {"uv": [10, 26], "uv_size": [0.5, 0.5]},
								"up": {"uv": [12, 6], "uv_size": [2, 0.5]},
								"down": {"uv": [12, 8.5], "uv_size": [2, -0.5]}
							}
						},
						{
							"origin": [0.75, 0.625, -1.39918],
							"size": [0.25, 0.125, 0.29837],
							"pivot": [0, 0, -1.25],
							"rotation": [-22.5, 0, 0],
							"uv": {
								"north": {"uv": [26, 10], "uv_size": [0.5, 0.5]},
								"east": {"uv": [12, 26], "uv_size": [0.5, 0.5]},
								"south": {"uv": [14, 26], "uv_size": [0.5, 0.5]},
								"west": {"uv": [26, 14], "uv_size": [0.5, 0.5]},
								"up": {"uv": [16, 26], "uv_size": [0.5, 0.5]},
								"down": {"uv": [26, 16.5], "uv_size": [0.5, -0.5]}
							}
						},
						{
							"origin": [-1, 0.625, -1.39918],
							"size": [0.25, 0.125, 0.29837],
							"pivot": [-1.75, 0, -1.25],
							"rotation": [-22.5, 0, 0],
							"uv": {
								"north": {"uv": [18, 26], "uv_size": [0.5, 0.5]},
								"east": {"uv": [26, 18], "uv_size": [0.5, 0.5]},
								"south": {"uv": [20, 26], "uv_size": [0.5, 0.5]},
								"west": {"uv": [26, 20], "uv_size": [0.5, 0.5]},
								"up": {"uv": [22, 26], "uv_size": [0.5, 0.5]},
								"down": {"uv": [26, 22.5], "uv_size": [0.5, -0.5]}
							}
						},
						{
							"origin": [-1, -0.14918, -2],
							"size": [0.25, 0.29837, 0.125],
							"pivot": [-1.75, 0, -1.25],
							"rotation": [-22.5, 0, 0],
							"uv": {
								"north": {"uv": [24, 26], "uv_size": [0.5, 0.5]},
								"east": {"uv": [26, 24], "uv_size": [0.5, 0.5]},
								"south": {"uv": [26, 26], "uv_size": [0.5, 0.5]},
								"west": {"uv": [27, 0], "uv_size": [0.5, 0.5]},
								"up": {"uv": [27, 2], "uv_size": [0.5, 0.5]},
								"down": {"uv": [27, 4.5], "uv_size": [0.5, -0.5]}
							}
						},
						{
							"origin": [-1, -0.75, -1.39918],
							"size": [0.25, 0.125, 0.29837],
							"pivot": [-1.75, 0, -1.25],
							"rotation": [-22.5, 0, 0],
							"uv": {
								"north": {"uv": [27, 6], "uv_size": [0.5, 0.5]},
								"east": {"uv": [27, 8], "uv_size": [0.5, 0.5]},
								"south": {"uv": [27, 12], "uv_size": [0.5, 0.5]},
								"west": {"uv": [0, 28], "uv_size": [0.5, 0.5]},
								"up": {"uv": [2, 28], "uv_size": [0.5, 0.5]},
								"down": {"uv": [4, 28.5], "uv_size": [0.5, -0.5]}
							}
						},
						{
							"origin": [-1, -0.14918, -0.625],
							"size": [0.25, 0.29837, 0.125],
							"pivot": [-1.75, 0, -1.25],
							"rotation": [-22.5, 0, 0],
							"uv": {
								"north": {"uv": [6, 28], "uv_size": [0.5, 0.5]},
								"east": {"uv": [8, 28], "uv_size": [0.5, 0.5]},
								"south": {"uv": [10, 28], "uv_size": [0.5, 0.5]},
								"west": {"uv": [28, 10], "uv_size": [0.5, 0.5]},
								"up": {"uv": [12, 28], "uv_size": [0.5, 0.5]},
								"down": {"uv": [14, 28.5], "uv_size": [0.5, -0.5]}
							}
						},
						{
							"origin": [-0.125, 0.625, -1.39918],
							"size": [0.25, 0.125, 0.29837],
							"pivot": [-0.875, 0, -1.25],
							"rotation": [-22.5, 0, 0],
							"uv": {
								"north": {"uv": [28, 14], "uv_size": [0.5, 0.5]},
								"east": {"uv": [16, 28], "uv_size": [0.5, 0.5]},
								"south": {"uv": [28, 16], "uv_size": [0.5, 0.5]},
								"west": {"uv": [18, 28], "uv_size": [0.5, 0.5]},
								"up": {"uv": [28, 18], "uv_size": [0.5, 0.5]},
								"down": {"uv": [20, 28.5], "uv_size": [0.5, -0.5]}
							}
						},
						{
							"origin": [-0.125, -0.14918, -2],
							"size": [0.25, 0.29837, 0.125],
							"pivot": [-0.875, 0, -1.25],
							"rotation": [-22.5, 0, 0],
							"uv": {
								"north": {"uv": [28, 20], "uv_size": [0.5, 0.5]},
								"east": {"uv": [22, 28], "uv_size": [0.5, 0.5]},
								"south": {"uv": [28, 22], "uv_size": [0.5, 0.5]},
								"west": {"uv": [24, 28], "uv_size": [0.5, 0.5]},
								"up": {"uv": [28, 24], "uv_size": [0.5, 0.5]},
								"down": {"uv": [26, 28.5], "uv_size": [0.5, -0.5]}
							}
						},
						{
							"origin": [-0.125, -0.75, -1.39918],
							"size": [0.25, 0.125, 0.29837],
							"pivot": [-0.875, 0, -1.25],
							"rotation": [-22.5, 0, 0],
							"uv": {
								"north": {"uv": [28, 26], "uv_size": [0.5, 0.5]},
								"east": {"uv": [28, 28], "uv_size": [0.5, 0.5]},
								"south": {"uv": [29, 0], "uv_size": [0.5, 0.5]},
								"west": {"uv": [29, 2], "uv_size": [0.5, 0.5]},
								"up": {"uv": [29, 4], "uv_size": [0.5, 0.5]},
								"down": {"uv": [29, 6.5], "uv_size": [0.5, -0.5]}
							}
						},
						{
							"origin": [-0.125, -0.14918, -0.625],
							"size": [0.25, 0.29837, 0.125],
							"pivot": [-0.875, 0, -1.25],
							"rotation": [-22.5, 0, 0],
							"uv": {
								"north": {"uv": [29, 8], "uv_size": [0.5, 0.5]},
								"east": {"uv": [29, 12], "uv_size": [0.5, 0.5]},
								"south": {"uv": [0, 30], "uv_size": [0.5, 0.5]},
								"west": {"uv": [2, 30], "uv_size": [0.5, 0.5]},
								"up": {"uv": [4, 30], "uv_size": [0.5, 0.5]},
								"down": {"uv": [6, 30.5], "uv_size": [0.5, -0.5]}
							}
						}
					]
				},
				{
					"name": "hexadecagon",
					"parent": "compensator",
					"pivot": [0, 0, -0.125],
					"rotation": [0, 90, 0],
					"cubes": [
						{
							"origin": [-0.125, -0.12432, -0.75],
							"size": [0.25, 0.24864, 0.125],
							"pivot": [0, 0, -0.125],
							"rotation": [45, 0, 0],
							"uv": {
								"north": {"uv": [8, 30], "uv_size": [0.5, 0.5]},
								"east": {"uv": [10, 30], "uv_size": [0.5, 0.5]},
								"south": {"uv": [30, 10], "uv_size": [0.5, 0.5]},
								"west": {"uv": [12, 30], "uv_size": [0.5, 0.5]},
								"up": {"uv": [14, 30], "uv_size": [0.5, 0.5]},
								"down": {"uv": [30, 14.5], "uv_size": [0.5, -0.5]}
							}
						},
						{
							"origin": [-0.125, -0.12432, -0.75],
							"size": [0.25, 0.24864, 0.125],
							"pivot": [0, 0, -0.125],
							"rotation": [22.5, 0, 0],
							"uv": {
								"north": {"uv": [16, 30], "uv_size": [0.5, 0.5]},
								"east": {"uv": [30, 16], "uv_size": [0.5, 0.5]},
								"south": {"uv": [18, 30], "uv_size": [0.5, 0.5]},
								"west": {"uv": [30, 18], "uv_size": [0.5, 0.5]},
								"up": {"uv": [20, 30], "uv_size": [0.5, 0.5]},
								"down": {"uv": [30, 20.5], "uv_size": [0.5, -0.5]}
							}
						},
						{
							"origin": [-0.125, -0.12432, -0.75],
							"size": [0.25, 0.24864, 0.125],
							"uv": {
								"north": {"uv": [22, 30], "uv_size": [0.5, 0.5]},
								"east": {"uv": [30, 22], "uv_size": [0.5, 0.5]},
								"south": {"uv": [24, 30], "uv_size": [0.5, 0.5]},
								"west": {"uv": [30, 24], "uv_size": [0.5, 0.5]},
								"up": {"uv": [26, 30], "uv_size": [0.5, 0.5]},
								"down": {"uv": [30, 26.5], "uv_size": [0.5, -0.5]}
							}
						},
						{
							"origin": [-0.125, -0.12432, -0.75],
							"size": [0.25, 0.24864, 0.125],
							"pivot": [0, 0, -0.125],
							"rotation": [-22.5, 0, 0],
							"uv": {
								"north": {"uv": [28, 30], "uv_size": [0.5, 0.5]},
								"east": {"uv": [30, 28], "uv_size": [0.5, 0.5]},
								"south": {"uv": [30, 30], "uv_size": [0.5, 0.5]},
								"west": {"uv": [31, 0], "uv_size": [0.5, 0.5]},
								"up": {"uv": [31, 2], "uv_size": [0.5, 0.5]},
								"down": {"uv": [31, 4.5], "uv_size": [0.5, -0.5]}
							}
						},
						{
							"origin": [-0.125, -0.12432, -0.75],
							"size": [0.25, 0.24864, 0.125],
							"pivot": [0, 0, -0.125],
							"rotation": [-45, 0, 0],
							"uv": {
								"north": {"uv": [31, 6], "uv_size": [0.5, 0.5]},
								"east": {"uv": [31, 8], "uv_size": [0.5, 0.5]},
								"south": {"uv": [31, 12], "uv_size": [0.5, 0.5]},
								"west": {"uv": [0, 32], "uv_size": [0.5, 0.5]},
								"up": {"uv": [2, 32], "uv_size": [0.5, 0.5]},
								"down": {"uv": [4, 32.5], "uv_size": [0.5, -0.5]}
							}
						},
						{
							"origin": [-0.125, -0.12432, 0.375],
							"size": [0.25, 0.24864, 0.125],
							"pivot": [0, 0, -0.125],
							"rotation": [45, 0, 0],
							"uv": {
								"north": {"uv": [6, 32], "uv_size": [0.5, 0.5]},
								"east": {"uv": [8, 32], "uv_size": [0.5, 0.5]},
								"south": {"uv": [10, 32], "uv_size": [0.5, 0.5]},
								"west": {"uv": [32, 10], "uv_size": [0.5, 0.5]},
								"up": {"uv": [12, 32], "uv_size": [0.5, 0.5]},
								"down": {"uv": [14, 32.5], "uv_size": [0.5, -0.5]}
							}
						},
						{
							"origin": [-0.125, -0.12432, 0.375],
							"size": [0.25, 0.24864, 0.125],
							"pivot": [0, 0, -0.125],
							"rotation": [22.5, 0, 0],
							"uv": {
								"north": {"uv": [32, 14], "uv_size": [0.5, 0.5]},
								"east": {"uv": [16, 32], "uv_size": [0.5, 0.5]},
								"south": {"uv": [32, 16], "uv_size": [0.5, 0.5]},
								"west": {"uv": [18, 32], "uv_size": [0.5, 0.5]},
								"up": {"uv": [32, 18], "uv_size": [0.5, 0.5]},
								"down": {"uv": [20, 32.5], "uv_size": [0.5, -0.5]}
							}
						},
						{
							"origin": [-0.125, -0.12432, 0.375],
							"size": [0.25, 0.24864, 0.125],
							"uv": {
								"north": {"uv": [32, 20], "uv_size": [0.5, 0.5]},
								"east": {"uv": [22, 32], "uv_size": [0.5, 0.5]},
								"south": {"uv": [32, 22], "uv_size": [0.5, 0.5]},
								"west": {"uv": [24, 32], "uv_size": [0.5, 0.5]},
								"up": {"uv": [32, 24], "uv_size": [0.5, 0.5]},
								"down": {"uv": [26, 32.5], "uv_size": [0.5, -0.5]}
							}
						},
						{
							"origin": [-0.125, -0.12432, 0.375],
							"size": [0.25, 0.24864, 0.125],
							"pivot": [0, 0, -0.125],
							"rotation": [-22.5, 0, 0],
							"uv": {
								"north": {"uv": [32, 26], "uv_size": [0.5, 0.5]},
								"east": {"uv": [28, 32], "uv_size": [0.5, 0.5]},
								"south": {"uv": [32, 28], "uv_size": [0.5, 0.5]},
								"west": {"uv": [30, 32], "uv_size": [0.5, 0.5]},
								"up": {"uv": [32, 30], "uv_size": [0.5, 0.5]},
								"down": {"uv": [32, 32.5], "uv_size": [0.5, -0.5]}
							}
						},
						{
							"origin": [-0.125, -0.12432, 0.375],
							"size": [0.25, 0.24864, 0.125],
							"pivot": [0, 0, -0.125],
							"rotation": [-45, 0, 0],
							"uv": {
								"north": {"uv": [33, 0], "uv_size": [0.5, 0.5]},
								"east": {"uv": [33, 2], "uv_size": [0.5, 0.5]},
								"south": {"uv": [33, 4], "uv_size": [0.5, 0.5]},
								"west": {"uv": [33, 6], "uv_size": [0.5, 0.5]},
								"up": {"uv": [33, 8], "uv_size": [0.5, 0.5]},
								"down": {"uv": [33, 12.5], "uv_size": [0.5, -0.5]}
							}
						},
						{
							"origin": [-0.125, -0.625, -0.24932],
							"size": [0.25, 0.125, 0.24864],
							"pivot": [0, 0, -0.125],
							"rotation": [22.5, 0, 0],
							"uv": {
								"north": {"uv": [0, 34], "uv_size": [0.5, 0.5]},
								"east": {"uv": [2, 34], "uv_size": [0.5, 0.5]},
								"south": {"uv": [4, 34], "uv_size": [0.5, 0.5]},
								"west": {"uv": [6, 34], "uv_size": [0.5, 0.5]},
								"up": {"uv": [8, 34], "uv_size": [0.5, 0.5]},
								"down": {"uv": [10, 34.5], "uv_size": [0.5, -0.5]}
							}
						},
						{
							"origin": [-0.125, -0.625, -0.24932],
							"size": [0.25, 0.125, 0.24864],
							"uv": {
								"north": {"uv": [34, 10], "uv_size": [0.5, 0.5]},
								"east": {"uv": [12, 34], "uv_size": [0.5, 0.5]},
								"south": {"uv": [14, 34], "uv_size": [0.5, 0.5]},
								"west": {"uv": [34, 14], "uv_size": [0.5, 0.5]},
								"up": {"uv": [16, 34], "uv_size": [0.5, 0.5]},
								"down": {"uv": [34, 16.5], "uv_size": [0.5, -0.5]}
							}
						},
						{
							"origin": [-0.125, -0.625, -0.24932],
							"size": [0.25, 0.125, 0.24864],
							"pivot": [0, 0, -0.125],
							"rotation": [-22.5, 0, 0],
							"uv": {
								"north": {"uv": [18, 34], "uv_size": [0.5, 0.5]},
								"east": {"uv": [34, 18], "uv_size": [0.5, 0.5]},
								"south": {"uv": [20, 34], "uv_size": [0.5, 0.5]},
								"west": {"uv": [34, 20], "uv_size": [0.5, 0.5]},
								"up": {"uv": [22, 34], "uv_size": [0.5, 0.5]},
								"down": {"uv": [34, 22.5], "uv_size": [0.5, -0.5]}
							}
						},
						{
							"origin": [-0.125, 0.5, -0.24932],
							"size": [0.25, 0.125, 0.24864],
							"pivot": [0, 0, -0.125],
							"rotation": [22.5, 0, 0],
							"uv": {
								"north": {"uv": [24, 34], "uv_size": [0.5, 0.5]},
								"east": {"uv": [34, 24], "uv_size": [0.5, 0.5]},
								"south": {"uv": [26, 34], "uv_size": [0.5, 0.5]},
								"west": {"uv": [34, 26], "uv_size": [0.5, 0.5]},
								"up": {"uv": [28, 34], "uv_size": [0.5, 0.5]},
								"down": {"uv": [34, 28.5], "uv_size": [0.5, -0.5]}
							}
						},
						{
							"origin": [-0.125, 0.5, -0.24932],
							"size": [0.25, 0.125, 0.24864],
							"uv": {
								"north": {"uv": [30, 34], "uv_size": [0.5, 0.5]},
								"east": {"uv": [34, 30], "uv_size": [0.5, 0.5]},
								"south": {"uv": [32, 34], "uv_size": [0.5, 0.5]},
								"west": {"uv": [34, 32], "uv_size": [0.5, 0.5]},
								"up": {"uv": [34, 34], "uv_size": [0.5, 0.5]},
								"down": {"uv": [35, 0.5], "uv_size": [0.5, -0.5]}
							}
						},
						{
							"origin": [-0.125, 0.5, -0.24932],
							"size": [0.25, 0.125, 0.24864],
							"pivot": [0, 0, -0.125],
							"rotation": [-22.5, 0, 0],
							"uv": {
								"north": {"uv": [35, 2], "uv_size": [0.5, 0.5]},
								"east": {"uv": [35, 4], "uv_size": [0.5, 0.5]},
								"south": {"uv": [35, 6], "uv_size": [0.5, 0.5]},
								"west": {"uv": [35, 8], "uv_size": [0.5, 0.5]},
								"up": {"uv": [35, 12], "uv_size": [0.5, 0.5]},
								"down": {"uv": [0, 36.5], "uv_size": [0.5, -0.5]}
							}
						}
					]
				}
			]
		}
	]
}