{
	"format_version": "1.12.0",
	"minecraft:geometry": [
		{
			"description": {
				"identifier": "geometry.unknown",
				"texture_width": 64,
				"texture_height": 64,
				"visible_bounds_width": 2,
				"visible_bounds_height": 1.5,
				"visible_bounds_offset": [0, 0.25, 0]
			},
			"bones": [
				{
					"name": "scope_view",
					"pivot": [0, 1.1875, 6]
				},
				{
					"name": "scope_body",
					"pivot": [0, 18.95, 0.0625],
					"cubes": [
						{
							"origin": [-0.62184, -0.00483, -0.69461],
							"size": [1.24055, 0.29225, 0.68378],
							"uv": {
								"north": {"uv": [7, 0], "uv_size": [1, 0.5]},
								"east": {"uv": [12, 16], "uv_size": [0.5, 0.5]},
								"south": {"uv": [7, 7], "uv_size": [1, 0.5]},
								"west": {"uv": [16, 12], "uv_size": [0.5, 0.5]},
								"up": {"uv": [0, 8], "uv_size": [1, 0.5]},
								"down": {"uv": [2, 8.5], "uv_size": [1, -0.5]}
							}
						},
						{
							"origin": [-0.62184, -0.00483, -2.00001],
							"size": [1.24055, 0.29225, 0.68378],
							"uv": {
								"north": {"uv": [8, 2], "uv_size": [1, 0.5]},
								"east": {"uv": [14, 16], "uv_size": [0.5, 0.5]},
								"south": {"uv": [8, 4], "uv_size": [1, 0.5]},
								"west": {"uv": [16, 14], "uv_size": [0.5, 0.5]},
								"up": {"uv": [9, 0], "uv_size": [1, 0.5]},
								"down": {"uv": [9, 6.5], "uv_size": [1, -0.5]}
							}
						},
						{
							"origin": [-0.55967, -0.00483, -1.31623],
							"size": [1.11622, 0.06217, 0.62162],
							"uv": {
								"north": {"uv": [7, 9], "uv_size": [1, 0.5]},
								"east": {"uv": [16, 16], "uv_size": [0.5, 0.5]},
								"south": {"uv": [9, 8], "uv_size": [1, 0.5]},
								"west": {"uv": [17, 0], "uv_size": [0.5, 0.5]},
								"up": {"uv": [0, 10], "uv_size": [1, 0.5]},
								"down": {"uv": [2, 10.5], "uv_size": [1, -0.5]}
							}
						},
						{
							"origin": [-0.20628, -0.31057, -1.31623],
							"size": [0.08792, 0.06216, 0.62162],
							"pivot": [0.03005, 0.375, -1.16227],
							"rotation": [0, 0, 45],
							"uv": {
								"north": {"uv": [6, 17], "uv_size": [0.5, 0.5]},
								"east": {"uv": [17, 6], "uv_size": [0.5, 0.5]},
								"south": {"uv": [17, 8], "uv_size": [0.5, 0.5]},
								"west": {"uv": [17, 10], "uv_size": [0.5, 0.5]},
								"up": {"uv": [0, 18], "uv_size": [0.5, 0.5]},
								"down": {"uv": [2, 18.5], "uv_size": [0.5, -0.5]}
							}
						},
						{
							"origin": [-0.62184, 0.05734, -1.31623],
							"size": [1.24055, 0.23008, 0.62162],
							"uv": {
								"north": {"uv": [10, 2], "uv_size": [1, 0.5]},
								"east": {"uv": [18, 2], "uv_size": [0.5, 0.5]},
								"south": {"uv": [4, 10], "uv_size": [1, 0.5]},
								"west": {"uv": [4, 18], "uv_size": [0.5, 0.5]},
								"up": {"uv": [10, 4], "uv_size": [1, 0.5]},
								"down": {"uv": [9, 10.5], "uv_size": [1, -0.5]}
							}
						},
						{
							"origin": [0.13376, -0.26587, -1.31623],
							"size": [0.08791, 0.06216, 0.62162],
							"pivot": [0.03005, 0.375, -1.16227],
							"rotation": [0, 0, -45],
							"uv": {
								"north": {"uv": [18, 4], "uv_size": [0.5, 0.5]},
								"east": {"uv": [8, 18], "uv_size": [0.5, 0.5]},
								"south": {"uv": [10, 18], "uv_size": [0.5, 0.5]},
								"west": {"uv": [12, 18], "uv_size": [0.5, 0.5]},
								"up": {"uv": [18, 12], "uv_size": [0.5, 0.5]},
								"down": {"uv": [14, 18.5], "uv_size": [0.5, -0.5]}
							}
						},
						{
							"origin": [-0.55966, 0.28741, -2.00001],
							"size": [1.11621, 0.06217, 1.05675],
							"uv": {
								"north": {"uv": [11, 0], "uv_size": [1, 0.5]},
								"east": {"uv": [6, 11], "uv_size": [1, 0.5]},
								"south": {"uv": [11, 6], "uv_size": [1, 0.5]},
								"west": {"uv": [11, 8], "uv_size": [1, 0.5]},
								"up": {"uv": [2, 0], "uv_size": [1, 1]},
								"down": {"uv": [2, 3], "uv_size": [1, -1]}
							}
						},
						{
							"origin": [-0.43804, 0.44972, -0.98942],
							"size": [0.87297, 0.06216, 0.12432],
							"pivot": [0.03005, 0.375, -1.16227],
							"rotation": [-45, 0, 0],
							"uv": {
								"north": {"uv": [11, 10], "uv_size": [1, 0.5]},
								"east": {"uv": [18, 14], "uv_size": [0.5, 0.5]},
								"south": {"uv": [0, 12], "uv_size": [1, 0.5]},
								"west": {"uv": [16, 18], "uv_size": [0.5, 0.5]},
								"up": {"uv": [2, 12], "uv_size": [1, 0.5]},
								"down": {"uv": [12, 2.5], "uv_size": [1, -0.5]}
							}
						},
						{
							"origin": [-0.43804, 0.06281, -0.81156],
							"size": [0.87296, 0.06216, 0.18649],
							"pivot": [0.03005, 0.375, -1.16227],
							"rotation": [22.5, 0, 0],
							"uv": {
								"north": {"uv": [4, 12], "uv_size": [1, 0.5]},
								"east": {"uv": [18, 16], "uv_size": [0.5, 0.5]},
								"south": {"uv": [12, 4], "uv_size": [1, 0.5]},
								"west": {"uv": [18, 18], "uv_size": [0.5, 0.5]},
								"up": {"uv": [8, 12], "uv_size": [1, 0.5]},
								"down": {"uv": [10, 12.5], "uv_size": [1, -0.5]}
							}
						},
						{
							"origin": [0.43493, 0.28741, -0.94326],
							"size": [0.12162, 0.06217, 0.37298],
							"uv": {
								"north": {"uv": [19, 0], "uv_size": [0.5, 0.5]},
								"east": {"uv": [6, 19], "uv_size": [0.5, 0.5]},
								"south": {"uv": [19, 6], "uv_size": [0.5, 0.5]},
								"west": {"uv": [19, 8], "uv_size": [0.5, 0.5]},
								"up": {"uv": [19, 10], "uv_size": [0.5, 0.5]},
								"down": {"uv": [0, 20.5], "uv_size": [0.5, -0.5]}
							}
						},
						{
							"origin": [-0.55967, 0.28741, -0.94326],
							"size": [0.12163, 0.06217, 0.37298],
							"uv": {
								"north": {"uv": [2, 20], "uv_size": [0.5, 0.5]},
								"east": {"uv": [20, 2], "uv_size": [0.5, 0.5]},
								"south": {"uv": [4, 20], "uv_size": [0.5, 0.5]},
								"west": {"uv": [20, 4], "uv_size": [0.5, 0.5]},
								"up": {"uv": [8, 20], "uv_size": [0.5, 0.5]},
								"down": {"uv": [10, 20.5], "uv_size": [0.5, -0.5]}
							}
						},
						{
							"origin": [-0.55966, 0.28741, -0.57028],
							"size": [1.11621, 0.06217, 0.55945],
							"uv": {
								"north": {"uv": [12, 12], "uv_size": [1, 0.5]},
								"east": {"uv": [12, 20], "uv_size": [0.5, 0.5]},
								"south": {"uv": [13, 0], "uv_size": [1, 0.5]},
								"west": {"uv": [20, 12], "uv_size": [0.5, 0.5]},
								"up": {"uv": [6, 13], "uv_size": [1, 0.5]},
								"down": {"uv": [13, 6.5], "uv_size": [1, -0.5]}
							}
						},
						{
							"origin": [-0.49284, 0.71488, -2.00001],
							"size": [0.08792, 0.05913, 1.98918],
							"pivot": [0.03005, 0.375, -1.16227],
							"rotation": [0, 0, -45],
							"uv": {
								"north": {"uv": [14, 20], "uv_size": [0.5, 0.5]},
								"east": {"uv": [0, 4], "uv_size": [2, 0.5]},
								"south": {"uv": [20, 14], "uv_size": [0.5, 0.5]},
								"west": {"uv": [4, 0], "uv_size": [2, 0.5]},
								"up": {"uv": [4, 2], "uv_size": [0.5, 2]},
								"down": {"uv": [3, 7], "uv_size": [0.5, -2]}
							}
						},
						{
							"origin": [0.42032, 0.67018, -2.00001],
							"size": [0.08791, 0.05913, 1.98918],
							"pivot": [0.03005, 0.375, -1.16227],
							"rotation": [0, 0, 45],
							"uv": {
								"north": {"uv": [16, 20], "uv_size": [0.5, 0.5]},
								"east": {"uv": [5, 5], "uv_size": [2, 0.5]},
								"south": {"uv": [20, 16], "uv_size": [0.5, 0.5]},
								"west": {"uv": [0, 6], "uv_size": [2, 0.5]},
								"up": {"uv": [6, 2], "uv_size": [0.5, 2]},
								"down": {"uv": [5, 9], "uv_size": [0.5, -2]}
							}
						},
						{
							"origin": [-0.62183, 0.28742, -1.95642],
							"size": [0.12163, 0.93243, 0.66521],
							"uv": {
								"north": {"uv": [13, 8], "uv_size": [0.5, 1]},
								"east": {"uv": [13, 10], "uv_size": [0.5, 1]},
								"south": {"uv": [0, 14], "uv_size": [0.5, 1]},
								"west": {"uv": [2, 14], "uv_size": [0.5, 1]},
								"up": {"uv": [18, 20], "uv_size": [0.5, 0.5]},
								"down": {"uv": [20, 18.5], "uv_size": [0.5, -0.5]}
							}
						},
						{
							"origin": [-0.62183, 0.1941, -1.32036],
							"size": [0.12163, 0.9169, 0.32332],
							"pivot": [0.03005, 0.375, -1.16227],
							"rotation": [22.5, 0, 0],
							"uv": {
								"north": {"uv": [14, 2], "uv_size": [0.5, 1]},
								"east": {"uv": [4, 14], "uv_size": [0.5, 1]},
								"south": {"uv": [14, 4], "uv_size": [0.5, 1]},
								"west": {"uv": [8, 14], "uv_size": [0.5, 1]},
								"up": {"uv": [20, 20], "uv_size": [0.5, 0.5]},
								"down": {"uv": [21, 0.5], "uv_size": [0.5, -0.5]}
							}
						},
						{
							"origin": [-0.62183, 0.07271, -1.08022],
							"size": [0.12163, 0.29527, 0.09022],
							"pivot": [0.03005, 0.375, -1.16227],
							"rotation": [45, 0, 0],
							"uv": {
								"north": {"uv": [6, 21], "uv_size": [0.5, 0.5]},
								"east": {"uv": [21, 6], "uv_size": [0.5, 0.5]},
								"south": {"uv": [21, 8], "uv_size": [0.5, 0.5]},
								"west": {"uv": [21, 10], "uv_size": [0.5, 0.5]},
								"up": {"uv": [0, 22], "uv_size": [0.5, 0.5]},
								"down": {"uv": [2, 22.5], "uv_size": [0.5, -0.5]}
							}
						},
						{
							"origin": [0.49708, 0.07271, -1.08022],
							"size": [0.12163, 0.29527, 0.09022],
							"pivot": [0.03005, 0.375, -1.16227],
							"rotation": [45, 0, 0],
							"uv": {
								"north": {"uv": [22, 2], "uv_size": [0.5, 0.5]},
								"east": {"uv": [4, 22], "uv_size": [0.5, 0.5]},
								"south": {"uv": [22, 4], "uv_size": [0.5, 0.5]},
								"west": {"uv": [8, 22], "uv_size": [0.5, 0.5]},
								"up": {"uv": [10, 22], "uv_size": [0.5, 0.5]},
								"down": {"uv": [12, 22.5], "uv_size": [0.5, -0.5]}
							}
						},
						{
							"origin": [-0.62183, 0.28742, -2.00001],
							"size": [0.12163, 0.45067, 0.04359],
							"uv": {
								"north": {"uv": [22, 12], "uv_size": [0.5, 0.5]},
								"east": {"uv": [14, 22], "uv_size": [0.5, 0.5]},
								"south": {"uv": [22, 14], "uv_size": [0.5, 0.5]},
								"west": {"uv": [16, 22], "uv_size": [0.5, 0.5]},
								"up": {"uv": [22, 16], "uv_size": [0.5, 0.5]},
								"down": {"uv": [18, 22.5], "uv_size": [0.5, -0.5]}
							}
						},
						{
							"origin": [0.49708, 0.28742, -1.95642],
							"size": [0.12163, 0.93243, 0.66521],
							"uv": {
								"north": {"uv": [10, 14], "uv_size": [0.5, 1]},
								"east": {"uv": [12, 14], "uv_size": [0.5, 1]},
								"south": {"uv": [14, 12], "uv_size": [0.5, 1]},
								"west": {"uv": [14, 14], "uv_size": [0.5, 1]},
								"up": {"uv": [22, 18], "uv_size": [0.5, 0.5]},
								"down": {"uv": [20, 22.5], "uv_size": [0.5, -0.5]}
							}
						},
						{
							"origin": [-0.62183, 1.16242, -1.95642],
							"size": [0.12163, 0.55743, 0.46209],
							"uv": {
								"north": {"uv": [31, 0], "uv_size": [0.5, 0.5]},
								"east": {"uv": [6, 31], "uv_size": [0.5, 0.5]},
								"south": {"uv": [31, 6], "uv_size": [0.5, 0.5]},
								"west": {"uv": [31, 8], "uv_size": [0.5, 0.5]},
								"up": {"uv": [31, 10], "uv_size": [0.5, 0.5]},
								"down": {"uv": [0, 32.5], "uv_size": [0.5, -0.5]}
							}
						},
						{
							"origin": [0.49708, 1.16242, -1.95642],
							"size": [0.12163, 0.55743, 0.46209],
							"uv": {
								"north": {"uv": [30, 24], "uv_size": [0.5, 0.5]},
								"east": {"uv": [26, 30], "uv_size": [0.5, 0.5]},
								"south": {"uv": [30, 26], "uv_size": [0.5, 0.5]},
								"west": {"uv": [28, 30], "uv_size": [0.5, 0.5]},
								"up": {"uv": [30, 28], "uv_size": [0.5, 0.5]},
								"down": {"uv": [30, 30.5], "uv_size": [0.5, -0.5]}
							}
						},
						{
							"origin": [0.00713, 1.18848, -1.95642],
							"size": [0.18581, 0.11126, 0.66521],
							"pivot": [0.03005, 0.375, -1.16227],
							"rotation": [0, 0, 22.5],
							"uv": {
								"north": {"uv": [22, 20], "uv_size": [0.5, 0.5]},
								"east": {"uv": [22, 22], "uv_size": [0.5, 0.5]},
								"south": {"uv": [23, 0], "uv_size": [0.5, 0.5]},
								"west": {"uv": [6, 23], "uv_size": [0.5, 0.5]},
								"up": {"uv": [23, 6], "uv_size": [0.5, 0.5]},
								"down": {"uv": [23, 8.5], "uv_size": [0.5, -0.5]}
							}
						},
						{
							"origin": [0.6666, 0.57826, -1.95642],
							"size": [0.08019, 0.34189, 0.66521],
							"pivot": [0.03005, 0.375, -1.16227],
							"rotation": [0, 0, -22.5],
							"uv": {
								"north": {"uv": [23, 10], "uv_size": [0.5, 0.5]},
								"east": {"uv": [0, 24], "uv_size": [0.5, 0.5]},
								"south": {"uv": [2, 24], "uv_size": [0.5, 0.5]},
								"west": {"uv": [24, 2], "uv_size": [0.5, 0.5]},
								"up": {"uv": [4, 24], "uv_size": [0.5, 0.5]},
								"down": {"uv": [24, 4.5], "uv_size": [0.5, -0.5]}
							}
						},
						{
							"origin": [0.11941, 0.15597, -2.00001],
							"size": [0.37298, 0.12163, 0.92941],
							"pivot": [0.03005, 0.375, -1.16227],
							"rotation": [0, 0, -22.5],
							"uv": {
								"north": {"uv": [8, 24], "uv_size": [0.5, 0.5]},
								"east": {"uv": [15, 0], "uv_size": [1, 0.5]},
								"south": {"uv": [10, 24], "uv_size": [0.5, 0.5]},
								"west": {"uv": [6, 15], "uv_size": [1, 0.5]},
								"up": {"uv": [15, 6], "uv_size": [0.5, 1]},
								"down": {"uv": [15, 9], "uv_size": [0.5, -1]}
							}
						},
						{
							"origin": [-0.49069, 0.13178, -2.00001],
							"size": [0.37297, 0.12163, 0.92941],
							"pivot": [0.03005, 0.375, -1.16227],
							"rotation": [0, 0, 22.5],
							"uv": {
								"north": {"uv": [12, 24], "uv_size": [0.5, 0.5]},
								"east": {"uv": [15, 10], "uv_size": [1, 0.5]},
								"south": {"uv": [24, 12], "uv_size": [0.5, 0.5]},
								"west": {"uv": [0, 16], "uv_size": [1, 0.5]},
								"up": {"uv": [2, 16], "uv_size": [0.5, 1]},
								"down": {"uv": [16, 3], "uv_size": [0.5, -1]}
							}
						},
						{
							"origin": [-0.74509, 0.55407, -1.95642],
							"size": [0.08019, 0.34189, 0.66521],
							"pivot": [0.03005, 0.375, -1.16227],
							"rotation": [0, 0, 22.5],
							"uv": {
								"north": {"uv": [14, 24], "uv_size": [0.5, 0.5]},
								"east": {"uv": [24, 14], "uv_size": [0.5, 0.5]},
								"south": {"uv": [16, 24], "uv_size": [0.5, 0.5]},
								"west": {"uv": [24, 16], "uv_size": [0.5, 0.5]},
								"up": {"uv": [18, 24], "uv_size": [0.5, 0.5]},
								"down": {"uv": [24, 18.5], "uv_size": [0.5, -0.5]}
							}
						},
						{
							"origin": [-0.19124, 1.21266, -1.95642],
							"size": [0.18581, 0.11127, 0.66521],
							"pivot": [0.03005, 0.375, -1.16227],
							"rotation": [0, 0, -22.5],
							"uv": {
								"north": {"uv": [20, 24], "uv_size": [0.5, 0.5]},
								"east": {"uv": [24, 20], "uv_size": [0.5, 0.5]},
								"south": {"uv": [22, 24], "uv_size": [0.5, 0.5]},
								"west": {"uv": [24, 22], "uv_size": [0.5, 0.5]},
								"up": {"uv": [24, 24], "uv_size": [0.5, 0.5]},
								"down": {"uv": [25, 0.5], "uv_size": [0.5, -0.5]}
							}
						},
						{
							"origin": [0.49708, 0.28742, -2.00001],
							"size": [0.12163, 0.45067, 0.04359],
							"uv": {
								"north": {"uv": [6, 25], "uv_size": [0.5, 0.5]},
								"east": {"uv": [25, 6], "uv_size": [0.5, 0.5]},
								"south": {"uv": [25, 8], "uv_size": [0.5, 0.5]},
								"west": {"uv": [25, 10], "uv_size": [0.5, 0.5]},
								"up": {"uv": [0, 26], "uv_size": [0.5, 0.5]},
								"down": {"uv": [2, 26.5], "uv_size": [0.5, -0.5]}
							}
						},
						{
							"origin": [0.49708, 0.38986, -2.07519],
							"size": [0.12163, 0.13986, 0.04359],
							"pivot": [0.03005, 0.375, -1.16227],
							"rotation": [-22.5, 0, 0],
							"uv": {
								"north": {"uv": [26, 2], "uv_size": [0.5, 0.5]},
								"east": {"uv": [4, 26], "uv_size": [0.5, 0.5]},
								"south": {"uv": [26, 4], "uv_size": [0.5, 0.5]},
								"west": {"uv": [8, 26], "uv_size": [0.5, 0.5]},
								"up": {"uv": [10, 26], "uv_size": [0.5, 0.5]},
								"down": {"uv": [12, 26.5], "uv_size": [0.5, -0.5]}
							}
						},
						{
							"origin": [-0.62183, 0.38986, -2.07519],
							"size": [0.12163, 0.13986, 0.04359],
							"pivot": [0.03005, 0.375, -1.16227],
							"rotation": [-22.5, 0, 0],
							"uv": {
								"north": {"uv": [26, 12], "uv_size": [0.5, 0.5]},
								"east": {"uv": [14, 26], "uv_size": [0.5, 0.5]},
								"south": {"uv": [26, 14], "uv_size": [0.5, 0.5]},
								"west": {"uv": [16, 26], "uv_size": [0.5, 0.5]},
								"up": {"uv": [26, 16], "uv_size": [0.5, 0.5]},
								"down": {"uv": [18, 26.5], "uv_size": [0.5, -0.5]}
							}
						},
						{
							"origin": [0.49708, 0.1941, -1.32036],
							"size": [0.12163, 0.9169, 0.32332],
							"pivot": [0.03005, 0.375, -1.16227],
							"rotation": [22.5, 0, 0],
							"uv": {
								"north": {"uv": [4, 16], "uv_size": [0.5, 1]},
								"east": {"uv": [16, 4], "uv_size": [0.5, 1]},
								"south": {"uv": [8, 16], "uv_size": [0.5, 1]},
								"west": {"uv": [10, 16], "uv_size": [0.5, 1]},
								"up": {"uv": [26, 18], "uv_size": [0.5, 0.5]},
								"down": {"uv": [20, 26.5], "uv_size": [0.5, -0.5]}
							}
						},
						{
							"origin": [-0.62183, 1.14723, -1.66411],
							"size": [0.12163, 0.5419, 0.32332],
							"pivot": [0.03005, 1.32813, -1.50602],
							"rotation": [22.5, 0, 0],
							"uv": {
								"north": {"uv": [30, 18], "uv_size": [0.5, 0.5]},
								"east": {"uv": [20, 30], "uv_size": [0.5, 0.5]},
								"south": {"uv": [30, 20], "uv_size": [0.5, 0.5]},
								"west": {"uv": [22, 30], "uv_size": [0.5, 0.5]},
								"up": {"uv": [30, 22], "uv_size": [0.5, 0.5]},
								"down": {"uv": [24, 30.5], "uv_size": [0.5, -0.5]}
							}
						},
						{
							"origin": [0.49708, 1.14723, -1.66411],
							"size": [0.12163, 0.5419, 0.32332],
							"pivot": [0.03005, 1.32813, -1.50602],
							"rotation": [22.5, 0, 0],
							"uv": {
								"north": {"uv": [30, 12], "uv_size": [0.5, 0.5]},
								"east": {"uv": [14, 30], "uv_size": [0.5, 0.5]},
								"south": {"uv": [30, 14], "uv_size": [0.5, 0.5]},
								"west": {"uv": [16, 30], "uv_size": [0.5, 0.5]},
								"up": {"uv": [30, 16], "uv_size": [0.5, 0.5]},
								"down": {"uv": [18, 30.5], "uv_size": [0.5, -0.5]}
							}
						},
						{
							"origin": [0.42218, 0.39535, -0.55675],
							"size": [0.24554, 0.08239, 0.19892],
							"pivot": [0.03005, 0.375, -1.16227],
							"rotation": [-22.5, 0, 0],
							"uv": {
								"north": {"uv": [26, 20], "uv_size": [0.5, 0.5]},
								"east": {"uv": [22, 26], "uv_size": [0.5, 0.5]},
								"south": {"uv": [26, 22], "uv_size": [0.5, 0.5]},
								"west": {"uv": [24, 26], "uv_size": [0.5, 0.5]},
								"up": {"uv": [26, 24], "uv_size": [0.5, 0.5]},
								"down": {"uv": [26, 26.5], "uv_size": [0.5, -0.5]}
							}
						},
						{
							"origin": [0.42218, -0.12117, -0.71971],
							"size": [0.24554, 0.08239, 0.19892],
							"pivot": [0.03005, 0.375, -1.16227],
							"rotation": [22.5, 0, 0],
							"uv": {
								"north": {"uv": [27, 0], "uv_size": [0.5, 0.5]},
								"east": {"uv": [6, 27], "uv_size": [0.5, 0.5]},
								"south": {"uv": [27, 6], "uv_size": [0.5, 0.5]},
								"west": {"uv": [27, 8], "uv_size": [0.5, 0.5]},
								"up": {"uv": [27, 10], "uv_size": [0.5, 0.5]},
								"down": {"uv": [0, 28.5], "uv_size": [0.5, -0.5]}
							}
						},
						{
							"origin": [0.42218, 0.33709, -0.49849],
							"size": [0.24554, 0.19892, 0.08239],
							"pivot": [0.03005, 0.375, -1.16227],
							"rotation": [-22.5, 0, 0],
							"uv": {
								"north": {"uv": [2, 28], "uv_size": [0.5, 0.5]},
								"east": {"uv": [28, 2], "uv_size": [0.5, 0.5]},
								"south": {"uv": [4, 28], "uv_size": [0.5, 0.5]},
								"west": {"uv": [28, 4], "uv_size": [0.5, 0.5]},
								"up": {"uv": [8, 28], "uv_size": [0.5, 0.5]},
								"down": {"uv": [10, 28.5], "uv_size": [0.5, -0.5]}
							}
						},
						{
							"origin": [0.42218, -0.17943, -0.66145],
							"size": [0.24554, 0.19892, 0.08239],
							"pivot": [0.03005, 0.375, -1.16227],
							"rotation": [22.5, 0, 0],
							"uv": {
								"north": {"uv": [12, 28], "uv_size": [0.5, 0.5]},
								"east": {"uv": [28, 12], "uv_size": [0.5, 0.5]},
								"south": {"uv": [14, 28], "uv_size": [0.5, 0.5]},
								"west": {"uv": [28, 14], "uv_size": [0.5, 0.5]},
								"up": {"uv": [16, 28], "uv_size": [0.5, 0.5]},
								"down": {"uv": [28, 16.5], "uv_size": [0.5, -0.5]}
							}
						},
						{
							"origin": [0.26075, 0.25618, -0.52272],
							"size": [0.12359, 0.13675, 0.29838],
							"pivot": [0.03005, 0.375, -1.16227],
							"rotation": [0, -22.5, 0],
							"uv": {
								"north": {"uv": [18, 28], "uv_size": [0.5, 0.5]},
								"east": {"uv": [28, 18], "uv_size": [0.5, 0.5]},
								"south": {"uv": [20, 28], "uv_size": [0.5, 0.5]},
								"west": {"uv": [28, 20], "uv_size": [0.5, 0.5]},
								"up": {"uv": [22, 28], "uv_size": [0.5, 0.5]},
								"down": {"uv": [28, 22.5], "uv_size": [0.5, -0.5]}
							}
						},
						{
							"origin": [-0.38264, 0.25618, -0.54691],
							"size": [0.12359, 0.13675, 0.29838],
							"pivot": [0.03005, 0.375, -1.16227],
							"rotation": [0, 22.5, 0],
							"uv": {
								"north": {"uv": [24, 28], "uv_size": [0.5, 0.5]},
								"east": {"uv": [28, 24], "uv_size": [0.5, 0.5]},
								"south": {"uv": [26, 28], "uv_size": [0.5, 0.5]},
								"west": {"uv": [28, 26], "uv_size": [0.5, 0.5]},
								"up": {"uv": [28, 28], "uv_size": [0.5, 0.5]},
								"down": {"uv": [29, 0.5], "uv_size": [0.5, -0.5]}
							}
						},
						{
							"origin": [0.17335, 0.25618, -0.43532],
							"size": [0.29838, 0.13675, 0.12358],
							"pivot": [0.03005, 0.375, -1.16227],
							"rotation": [0, -22.5, 0],
							"uv": {
								"north": {"uv": [6, 29], "uv_size": [0.5, 0.5]},
								"east": {"uv": [29, 6], "uv_size": [0.5, 0.5]},
								"south": {"uv": [29, 8], "uv_size": [0.5, 0.5]},
								"west": {"uv": [29, 10], "uv_size": [0.5, 0.5]},
								"up": {"uv": [0, 30], "uv_size": [0.5, 0.5]},
								"down": {"uv": [2, 30.5], "uv_size": [0.5, -0.5]}
							}
						},
						{
							"origin": [-0.47004, 0.25618, -0.45951],
							"size": [0.29838, 0.13675, 0.12359],
							"pivot": [0.03005, 0.375, -1.16227],
							"rotation": [0, 22.5, 0],
							"uv": {
								"north": {"uv": [30, 2], "uv_size": [0.5, 0.5]},
								"east": {"uv": [4, 30], "uv_size": [0.5, 0.5]},
								"south": {"uv": [30, 4], "uv_size": [0.5, 0.5]},
								"west": {"uv": [8, 30], "uv_size": [0.5, 0.5]},
								"up": {"uv": [10, 30], "uv_size": [0.5, 0.5]},
								"down": {"uv": [12, 30.5], "uv_size": [0.5, -0.5]}
							}
						}
					]
				},
				{
					"name": "knobs",
					"parent": "scope_body",
					"pivot": [0, 18.95, 0.0625]
				},
				{
					"name": "octagon3",
					"parent": "knobs",
					"pivot": [0, 18.95, 0.0625]
				},
				{
					"name": "octagon",
					"parent": "knobs",
					"pivot": [0, 18.95, 0.0625]
				},
				{
					"name": "screws",
					"parent": "scope_body",
					"pivot": [0, 18.90581, 1.3125]
				},
				{
					"name": "ocular",
					"pivot": [0, 2.60938, -0.2875],
					"cubes": [
						{
							"origin": [-0.54826, 0.07114, -1.544],
							"size": [1.10901, 1.64991, 0.02463],
							"uv": {
								"south": {"uv": [0, 0], "uv_size": [1, 1.5]}
							}
						}
					]
				},
				{
					"name": "division",
					"pivot": [0, 0.125, 0]
				},
				{
					"name": "division_illuminated",
					"parent": "division",
					"pivot": [0, 0.87625, -55.3],
					"cubes": [
						{
							"origin": [-0.06249, 1.125, -20],
							"size": [0.125, 0.125, 0.3],
							"uv": {
								"south": {"uv": [1, 0], "uv_size": [0.5, 0.5]}
							}
						}
					]
				}
			]
		}
	]
}