{
	"format_version": "1.12.0",
	"minecraft:geometry": [
		{
			"description": {
				"identifier": "geometry.unknown",
				"texture_width": 64,
				"texture_height": 64,
				"visible_bounds_width": 2,
				"visible_bounds_height": 1.5,
				"visible_bounds_offset": [0, 0.25, 0]
			},
			"bones": [
				{
					"name": "griffin_qd",
					"pivot": [0, 0, 0]
				},
				{
					"name": "base",
					"parent": "griffin_qd",
					"pivot": [0, 0, 0]
				},
				{
					"name": "hexadecagon",
					"parent": "base",
					"pivot": [0, 0, 0],
					"rotation": [0, 90, 0],
					"cubes": [
						{
							"origin": [0, -0.09946, -0.5],
							"size": [3.5, 0.19891, 0.25],
							"pivot": [0, 0, 0],
							"rotation": [45, 0, 0],
							"uv": {
								"north": {"uv": [2, 8], "uv_size": [3.5, 0.5]},
								"east": {"uv": [34, 12], "uv_size": [0.5, 0.5]},
								"south": {"uv": [8, 4], "uv_size": [3.5, 0.5]},
								"west": {"uv": [34, 14], "uv_size": [0.5, 0.5]},
								"up": {"uv": [8, 6], "uv_size": [3.5, 0.5]},
								"down": {"uv": [7, 8.5], "uv_size": [3.5, -0.5]}
							}
						},
						{
							"origin": [0.5, -0.09946, -0.78125],
							"size": [3, 0.19891, 0.28125],
							"pivot": [0, 0, 0],
							"rotation": [45, 0, 0],
							"uv": {
								"north": {"uv": [25, 18], "uv_size": [3, 0.5]},
								"east": {"uv": [34, 16], "uv_size": [0.5, 0.5]},
								"south": {"uv": [25, 20], "uv_size": [3, 0.5]},
								"west": {"uv": [17, 34], "uv_size": [0.5, 0.5]},
								"up": {"uv": [25, 22], "uv_size": [3, 0.5]},
								"down": {"uv": [25, 24.5], "uv_size": [3, -0.5]}
							}
						},
						{
							"origin": [0, -0.09946, -0.5],
							"size": [3.5, 0.19891, 0.25],
							"pivot": [0, 0, 0],
							"rotation": [22.5, 0, 0],
							"uv": {
								"north": {"uv": [10, 0], "uv_size": [3.5, 0.5]},
								"east": {"uv": [19, 34], "uv_size": [0.5, 0.5]},
								"south": {"uv": [2, 10], "uv_size": [3.5, 0.5]},
								"west": {"uv": [21, 34], "uv_size": [0.5, 0.5]},
								"up": {"uv": [10, 2], "uv_size": [3.5, 0.5]},
								"down": {"uv": [7, 10.5], "uv_size": [3.5, -0.5]}
							}
						},
						{
							"origin": [0, -0.09946, -0.5],
							"size": [3.5, 0.19891, 0.25],
							"uv": {
								"north": {"uv": [0, 12], "uv_size": [3.5, 0.5]},
								"east": {"uv": [23, 34], "uv_size": [0.5, 0.5]},
								"south": {"uv": [5, 12], "uv_size": [3.5, 0.5]},
								"west": {"uv": [25, 34], "uv_size": [0.5, 0.5]},
								"up": {"uv": [12, 8], "uv_size": [3.5, 0.5]},
								"down": {"uv": [10, 12.5], "uv_size": [3.5, -0.5]}
							}
						},
						{
							"origin": [0, -0.09946, -0.5],
							"size": [3.5, 0.19891, 0.25],
							"pivot": [0, 0, 0],
							"rotation": [-22.5, 0, 0],
							"uv": {
								"north": {"uv": [12, 10], "uv_size": [3.5, 0.5]},
								"east": {"uv": [34, 26], "uv_size": [0.5, 0.5]},
								"south": {"uv": [13, 4], "uv_size": [3.5, 0.5]},
								"west": {"uv": [27, 34], "uv_size": [0.5, 0.5]},
								"up": {"uv": [13, 6], "uv_size": [3.5, 0.5]},
								"down": {"uv": [0, 14.5], "uv_size": [3.5, -0.5]}
							}
						},
						{
							"origin": [0, -0.09946, -0.5],
							"size": [3.5, 0.19891, 0.25],
							"pivot": [0, 0, 0],
							"rotation": [-45, 0, 0],
							"uv": {
								"north": {"uv": [5, 14], "uv_size": [3.5, 0.5]},
								"east": {"uv": [34, 28], "uv_size": [0.5, 0.5]},
								"south": {"uv": [10, 14], "uv_size": [3.5, 0.5]},
								"west": {"uv": [34, 30], "uv_size": [0.5, 0.5]},
								"up": {"uv": [15, 0], "uv_size": [3.5, 0.5]},
								"down": {"uv": [15, 2.5], "uv_size": [3.5, -0.5]}
							}
						},
						{
							"origin": [0, -0.09946, 0.25],
							"size": [3.5, 0.19891, 0.25],
							"pivot": [0, 0, 0],
							"rotation": [45, 0, 0],
							"uv": {
								"north": {"uv": [15, 12], "uv_size": [3.5, 0.5]},
								"east": {"uv": [32, 34], "uv_size": [0.5, 0.5]},
								"south": {"uv": [15, 14], "uv_size": [3.5, 0.5]},
								"west": {"uv": [34, 32], "uv_size": [0.5, 0.5]},
								"up": {"uv": [0, 16], "uv_size": [3.5, 0.5]},
								"down": {"uv": [5, 16.5], "uv_size": [3.5, -0.5]}
							}
						},
						{
							"origin": [0, -0.09946, 0.25],
							"size": [3.5, 0.19891, 0.25],
							"pivot": [0, 0, 0],
							"rotation": [22.5, 0, 0],
							"uv": {
								"north": {"uv": [10, 16], "uv_size": [3.5, 0.5]},
								"east": {"uv": [34, 34], "uv_size": [0.5, 0.5]},
								"south": {"uv": [15, 16], "uv_size": [3.5, 0.5]},
								"west": {"uv": [35, 6], "uv_size": [0.5, 0.5]},
								"up": {"uv": [17, 8], "uv_size": [3.5, 0.5]},
								"down": {"uv": [17, 10.5], "uv_size": [3.5, -0.5]}
							}
						},
						{
							"origin": [0, -0.09946, 0.25],
							"size": [3.5, 0.19891, 0.25],
							"uv": {
								"north": {"uv": [0, 18], "uv_size": [3.5, 0.5]},
								"east": {"uv": [35, 8], "uv_size": [0.5, 0.5]},
								"south": {"uv": [18, 4], "uv_size": [3.5, 0.5]},
								"west": {"uv": [35, 10], "uv_size": [0.5, 0.5]},
								"up": {"uv": [5, 18], "uv_size": [3.5, 0.5]},
								"down": {"uv": [18, 6.5], "uv_size": [3.5, -0.5]}
							}
						},
						{
							"origin": [0, -0.09946, 0.25],
							"size": [3.5, 0.19891, 0.25],
							"pivot": [0, 0, 0],
							"rotation": [-22.5, 0, 0],
							"uv": {
								"north": {"uv": [10, 18], "uv_size": [3.5, 0.5]},
								"east": {"uv": [12, 35], "uv_size": [0.5, 0.5]},
								"south": {"uv": [15, 18], "uv_size": [3.5, 0.5]},
								"west": {"uv": [14, 35], "uv_size": [0.5, 0.5]},
								"up": {"uv": [0, 20], "uv_size": [3.5, 0.5]},
								"down": {"uv": [20, 0.5], "uv_size": [3.5, -0.5]}
							}
						},
						{
							"origin": [0, -0.09946, 0.25],
							"size": [3.5, 0.19891, 0.25],
							"pivot": [0, 0, 0],
							"rotation": [-45, 0, 0],
							"uv": {
								"north": {"uv": [20, 2], "uv_size": [3.5, 0.5]},
								"east": {"uv": [35, 18], "uv_size": [0.5, 0.5]},
								"south": {"uv": [5, 20], "uv_size": [3.5, 0.5]},
								"west": {"uv": [35, 20], "uv_size": [0.5, 0.5]},
								"up": {"uv": [10, 20], "uv_size": [3.5, 0.5]},
								"down": {"uv": [20, 12.5], "uv_size": [3.5, -0.5]}
							}
						},
						{
							"origin": [0.5, -0.09946, 0.5],
							"size": [3, 0.19891, 0.28125],
							"pivot": [0, 0, 0],
							"rotation": [-45, 0, 0],
							"uv": {
								"north": {"uv": [0, 26], "uv_size": [3, 0.5]},
								"east": {"uv": [35, 22], "uv_size": [0.5, 0.5]},
								"south": {"uv": [4, 26], "uv_size": [3, 0.5]},
								"west": {"uv": [35, 24], "uv_size": [0.5, 0.5]},
								"up": {"uv": [8, 26], "uv_size": [3, 0.5]},
								"down": {"uv": [12, 26.5], "uv_size": [3, -0.5]}
							}
						},
						{
							"origin": [0, -0.5, -0.09946],
							"size": [3.5, 0.25, 0.19891],
							"pivot": [0, 0, 0],
							"rotation": [22.5, 0, 0],
							"uv": {
								"north": {"uv": [20, 14], "uv_size": [3.5, 0.5]},
								"east": {"uv": [29, 35], "uv_size": [0.5, 0.5]},
								"south": {"uv": [15, 20], "uv_size": [3.5, 0.5]},
								"west": {"uv": [0, 36], "uv_size": [0.5, 0.5]},
								"up": {"uv": [20, 16], "uv_size": [3.5, 0.5]},
								"down": {"uv": [20, 18.5], "uv_size": [3.5, -0.5]}
							}
						},
						{
							"origin": [0, -0.5, -0.09946],
							"size": [3.5, 0.25, 0.19891],
							"uv": {
								"north": {"uv": [20, 20], "uv_size": [3.5, 0.5]},
								"east": {"uv": [36, 0], "uv_size": [0.5, 0.5]},
								"south": {"uv": [0, 22], "uv_size": [3.5, 0.5]},
								"west": {"uv": [2, 36], "uv_size": [0.5, 0.5]},
								"up": {"uv": [5, 22], "uv_size": [3.5, 0.5]},
								"down": {"uv": [22, 8.5], "uv_size": [3.5, -0.5]}
							}
						},
						{
							"origin": [0, -0.5, -0.09946],
							"size": [3.5, 0.25, 0.19891],
							"pivot": [0, 0, 0],
							"rotation": [-22.5, 0, 0],
							"uv": {
								"north": {"uv": [10, 22], "uv_size": [3.5, 0.5]},
								"east": {"uv": [36, 2], "uv_size": [0.5, 0.5]},
								"south": {"uv": [22, 10], "uv_size": [3.5, 0.5]},
								"west": {"uv": [4, 36], "uv_size": [0.5, 0.5]},
								"up": {"uv": [15, 22], "uv_size": [3.5, 0.5]},
								"down": {"uv": [20, 22.5], "uv_size": [3.5, -0.5]}
							}
						},
						{
							"origin": [0, 0.25, -0.09946],
							"size": [3.5, 0.25, 0.19891],
							"pivot": [0, 0, 0],
							"rotation": [22.5, 0, 0],
							"uv": {
								"north": {"uv": [23, 4], "uv_size": [3.5, 0.5]},
								"east": {"uv": [36, 4], "uv_size": [0.5, 0.5]},
								"south": {"uv": [23, 6], "uv_size": [3.5, 0.5]},
								"west": {"uv": [6, 36], "uv_size": [0.5, 0.5]},
								"up": {"uv": [0, 24], "uv_size": [3.5, 0.5]},
								"down": {"uv": [5, 24.5], "uv_size": [3.5, -0.5]}
							}
						},
						{
							"origin": [0, 0.25, -0.09946],
							"size": [3.5, 0.25, 0.19891],
							"uv": {
								"north": {"uv": [10, 24], "uv_size": [3.5, 0.5]},
								"east": {"uv": [8, 36], "uv_size": [0.5, 0.5]},
								"south": {"uv": [15, 24], "uv_size": [3.5, 0.5]},
								"west": {"uv": [10, 36], "uv_size": [0.5, 0.5]},
								"up": {"uv": [20, 24], "uv_size": [3.5, 0.5]},
								"down": {"uv": [25, 0.5], "uv_size": [3.5, -0.5]}
							}
						},
						{
							"origin": [0.5, 0.5, -0.09946],
							"size": [3, 0.20313, 0.19891],
							"uv": {
								"north": {"uv": [16, 26], "uv_size": [3, 0.5]},
								"east": {"uv": [36, 12], "uv_size": [0.5, 0.5]},
								"south": {"uv": [20, 26], "uv_size": [3, 0.5]},
								"west": {"uv": [36, 14], "uv_size": [0.5, 0.5]},
								"up": {"uv": [24, 26], "uv_size": [3, 0.5]},
								"down": {"uv": [27, 8.5], "uv_size": [3, -0.5]}
							}
						},
						{
							"origin": [0, 0.25, -0.09946],
							"size": [3.5, 0.25, 0.19891],
							"pivot": [0, 0, 0],
							"rotation": [-22.5, 0, 0],
							"uv": {
								"north": {"uv": [25, 2], "uv_size": [3.5, 0.5]},
								"east": {"uv": [16, 36], "uv_size": [0.5, 0.5]},
								"south": {"uv": [25, 12], "uv_size": [3.5, 0.5]},
								"west": {"uv": [36, 16], "uv_size": [0.5, 0.5]},
								"up": {"uv": [25, 14], "uv_size": [3.5, 0.5]},
								"down": {"uv": [25, 16.5], "uv_size": [3.5, -0.5]}
							}
						}
					]
				},
				{
					"name": "outer",
					"parent": "griffin_qd",
					"pivot": [0, 0, 0],
					"cubes": [
						{
							"origin": [0.625, -0.3125, -3.5],
							"size": [1, 0.25, 3],
							"pivot": [0.875, -0.1875, -2.5],
							"rotation": [0, 0, -120],
							"uv": {
								"north": {"uv": [32, 32], "uv_size": [1, 0.5]},
								"east": {"uv": [27, 10], "uv_size": [3, 0.5]},
								"south": {"uv": [33, 18], "uv_size": [1, 0.5]},
								"west": {"uv": [0, 28], "uv_size": [3, 0.5]},
								"up": {"uv": [0, 0], "uv_size": [1, 3]},
								"down": {"uv": [2, 3], "uv_size": [1, -3]}
							}
						},
						{
							"origin": [1.875, -0.3125, -3.5],
							"size": [0.25, 0.25, 3],
							"pivot": [0.875, -0.1875, -2.5],
							"rotation": [0, 0, -120],
							"uv": {
								"north": {"uv": [18, 36], "uv_size": [0.5, 0.5]},
								"east": {"uv": [4, 28], "uv_size": [3, 0.5]},
								"south": {"uv": [20, 36], "uv_size": [0.5, 0.5]},
								"west": {"uv": [28, 4], "uv_size": [3, 0.5]},
								"up": {"uv": [8, 28], "uv_size": [0.5, 3]},
								"down": {"uv": [10, 31], "uv_size": [0.5, -3]}
							}
						},
						{
							"origin": [1.625, -0.3125, -3.5],
							"size": [0.25, 0.25, 0.5],
							"pivot": [0.875, -0.1875, -2.5],
							"rotation": [0, 0, -120],
							"uv": {
								"north": {"uv": [22, 36], "uv_size": [0.5, 0.5]},
								"east": {"uv": [24, 36], "uv_size": [0.5, 0.5]},
								"south": {"uv": [26, 36], "uv_size": [0.5, 0.5]},
								"west": {"uv": [36, 26], "uv_size": [0.5, 0.5]},
								"up": {"uv": [36, 28], "uv_size": [0.5, 0.5]},
								"down": {"uv": [36, 30.5], "uv_size": [0.5, -0.5]}
							}
						},
						{
							"origin": [1.625, -0.3125, -1],
							"size": [0.25, 0.25, 0.5],
							"pivot": [0.875, -0.1875, 0],
							"rotation": [0, 0, -120],
							"uv": {
								"north": {"uv": [31, 36], "uv_size": [0.5, 0.5]},
								"east": {"uv": [36, 32], "uv_size": [0.5, 0.5]},
								"south": {"uv": [33, 36], "uv_size": [0.5, 0.5]},
								"west": {"uv": [36, 34], "uv_size": [0.5, 0.5]},
								"up": {"uv": [35, 36], "uv_size": [0.5, 0.5]},
								"down": {"uv": [37, 6.5], "uv_size": [0.5, -0.5]}
							}
						},
						{
							"origin": [1.625, -0.1875, -3],
							"size": [0.25, 0.125, 2],
							"pivot": [0.875, -0.1875, -0.5],
							"rotation": [0, 0, -120],
							"uv": {
								"north": {"uv": [37, 8], "uv_size": [0.5, 0.5]},
								"east": {"uv": [32, 6], "uv_size": [2, 0.5]},
								"south": {"uv": [37, 10], "uv_size": [0.5, 0.5]},
								"west": {"uv": [10, 32], "uv_size": [2, 0.5]},
								"up": {"uv": [13, 32], "uv_size": [0.5, 2]},
								"down": {"uv": [15, 34], "uv_size": [0.5, -2]}
							}
						},
						{
							"origin": [0.30413, 0.60152, -3.5],
							"size": [0.1875, 0.125, 2.5],
							"pivot": [0.36663, 0.66402, -2.5],
							"rotation": [0, 0, -60],
							"uv": {
								"north": {"uv": [12, 37], "uv_size": [0.5, 0.5]},
								"east": {"uv": [30, 12], "uv_size": [2.5, 0.5]},
								"south": {"uv": [14, 37], "uv_size": [0.5, 0.5]},
								"west": {"uv": [30, 14], "uv_size": [2.5, 0.5]},
								"up": {"uv": [6, 30], "uv_size": [0.5, 2.5]},
								"down": {"uv": [20, 32.5], "uv_size": [0.5, -2.5]}
							}
						},
						{
							"origin": [0.42075, 0.39952, -3.5],
							"size": [0.1875, 0.125, 2.5],
							"uv": {
								"north": {"uv": [37, 18], "uv_size": [0.5, 0.5]},
								"east": {"uv": [30, 16], "uv_size": [2.5, 0.5]},
								"south": {"uv": [37, 20], "uv_size": [0.5, 0.5]},
								"west": {"uv": [22, 30], "uv_size": [2.5, 0.5]},
								"up": {"uv": [26, 30], "uv_size": [0.5, 2.5]},
								"down": {"uv": [28, 32.5], "uv_size": [0.5, -2.5]}
							}
						},
						{
							"origin": [-2.125, -0.3125, -3.5],
							"size": [0.25, 0.25, 3],
							"pivot": [-0.875, -0.1875, -2.5],
							"rotation": [0, 0, 120],
							"uv": {
								"north": {"uv": [37, 22], "uv_size": [0.5, 0.5]},
								"east": {"uv": [28, 6], "uv_size": [3, 0.5]},
								"south": {"uv": [37, 24], "uv_size": [0.5, 0.5]},
								"west": {"uv": [12, 28], "uv_size": [3, 0.5]},
								"up": {"uv": [16, 28], "uv_size": [0.5, 3]},
								"down": {"uv": [18, 31], "uv_size": [0.5, -3]}
							}
						},
						{
							"origin": [-1.625, -0.3125, -3.5],
							"size": [1, 0.25, 3],
							"pivot": [-0.875, -0.1875, -2.5],
							"rotation": [0, 0, 120],
							"uv": {
								"north": {"uv": [33, 20], "uv_size": [1, 0.5]},
								"east": {"uv": [20, 28], "uv_size": [3, 0.5]},
								"south": {"uv": [33, 22], "uv_size": [1, 0.5]},
								"west": {"uv": [24, 28], "uv_size": [3, 0.5]},
								"up": {"uv": [0, 4], "uv_size": [1, 3]},
								"down": {"uv": [4, 3], "uv_size": [1, -3]}
							}
						},
						{
							"origin": [-1.875, -0.3125, -3.5],
							"size": [0.25, 0.25, 0.5],
							"pivot": [-0.875, -0.1875, -2.5],
							"rotation": [0, 0, 120],
							"uv": {
								"north": {"uv": [28, 37], "uv_size": [0.5, 0.5]},
								"east": {"uv": [37, 36], "uv_size": [0.5, 0.5]},
								"south": {"uv": [0, 38], "uv_size": [0.5, 0.5]},
								"west": {"uv": [38, 0], "uv_size": [0.5, 0.5]},
								"up": {"uv": [2, 38], "uv_size": [0.5, 0.5]},
								"down": {"uv": [38, 2.5], "uv_size": [0.5, -0.5]}
							}
						},
						{
							"origin": [-0.49163, 0.60152, -3.5],
							"size": [0.1875, 0.125, 2.5],
							"pivot": [-0.36663, 0.66402, -2.5],
							"rotation": [0, 0, 60],
							"uv": {
								"north": {"uv": [4, 38], "uv_size": [0.5, 0.5]},
								"east": {"uv": [30, 30], "uv_size": [2.5, 0.5]},
								"south": {"uv": [38, 4], "uv_size": [0.5, 0.5]},
								"west": {"uv": [31, 8], "uv_size": [2.5, 0.5]},
								"up": {"uv": [32, 0], "uv_size": [0.5, 2.5]},
								"down": {"uv": [2, 34.5], "uv_size": [0.5, -2.5]}
							}
						},
						{
							"origin": [-1.875, -0.1875, -3],
							"size": [0.25, 0.125, 2],
							"pivot": [-0.875, -0.1875, -0.5],
							"rotation": [0, 0, 120],
							"uv": {
								"north": {"uv": [6, 38], "uv_size": [0.5, 0.5]},
								"east": {"uv": [17, 32], "uv_size": [2, 0.5]},
								"south": {"uv": [8, 38], "uv_size": [0.5, 0.5]},
								"west": {"uv": [22, 32], "uv_size": [2, 0.5]},
								"up": {"uv": [32, 26], "uv_size": [0.5, 2]},
								"down": {"uv": [30, 34], "uv_size": [0.5, -2]}
							}
						},
						{
							"origin": [-1.875, -0.3125, -1],
							"size": [0.25, 0.25, 0.5],
							"pivot": [-0.875, -0.1875, 0],
							"rotation": [0, 0, 120],
							"uv": {
								"north": {"uv": [10, 38], "uv_size": [0.5, 0.5]},
								"east": {"uv": [38, 12], "uv_size": [0.5, 0.5]},
								"south": {"uv": [38, 14], "uv_size": [0.5, 0.5]},
								"west": {"uv": [16, 38], "uv_size": [0.5, 0.5]},
								"up": {"uv": [38, 16], "uv_size": [0.5, 0.5]},
								"down": {"uv": [18, 38.5], "uv_size": [0.5, -0.5]}
							}
						},
						{
							"origin": [-0.60825, 0.39952, -3.5],
							"size": [0.1875, 0.125, 2.5],
							"uv": {
								"north": {"uv": [20, 38], "uv_size": [0.5, 0.5]},
								"east": {"uv": [31, 10], "uv_size": [2.5, 0.5]},
								"south": {"uv": [22, 38], "uv_size": [0.5, 0.5]},
								"west": {"uv": [32, 4], "uv_size": [2.5, 0.5]},
								"up": {"uv": [4, 32], "uv_size": [0.5, 2.5]},
								"down": {"uv": [8, 34.5], "uv_size": [0.5, -2.5]}
							}
						},
						{
							"origin": [-0.5, -0.9375, -3.5],
							"size": [1, 0.25, 3],
							"uv": {
								"north": {"uv": [33, 24], "uv_size": [1, 0.5]},
								"east": {"uv": [28, 26], "uv_size": [3, 0.5]},
								"south": {"uv": [0, 34], "uv_size": [1, 0.5]},
								"west": {"uv": [28, 28], "uv_size": [3, 0.5]},
								"up": {"uv": [2, 4], "uv_size": [1, 3]},
								"down": {"uv": [4, 7], "uv_size": [1, -3]}
							}
						},
						{
							"origin": [-1.20508, -0.59262, -3.5],
							"size": [0.85153, 0.25867, 3],
							"pivot": [-0.85355, -0.58395, -2.5],
							"rotation": [0, 0, 45],
							"uv": {
								"north": {"uv": [34, 0], "uv_size": [1, 0.5]},
								"east": {"uv": [29, 18], "uv_size": [3, 0.5]},
								"south": {"uv": [34, 2], "uv_size": [1, 0.5]},
								"west": {"uv": [29, 20], "uv_size": [3, 0.5]},
								"up": {"uv": [6, 0], "uv_size": [1, 3]},
								"down": {"uv": [6, 7], "uv_size": [1, -3]}
							}
						},
						{
							"origin": [-0.35825, 0.68863, -3.5],
							"size": [0.71651, 0.2689, 3],
							"uv": {
								"north": {"uv": [24, 38], "uv_size": [0.5, 0.5]},
								"east": {"uv": [29, 22], "uv_size": [3, 0.5]},
								"south": {"uv": [26, 38], "uv_size": [0.5, 0.5]},
								"west": {"uv": [29, 24], "uv_size": [3, 0.5]},
								"up": {"uv": [0, 30], "uv_size": [0.5, 3]},
								"down": {"uv": [30, 3], "uv_size": [0.5, -3]}
							}
						},
						{
							"origin": [0.35355, -0.59262, -3.5],
							"size": [0.85153, 0.25867, 3],
							"pivot": [0.85355, -0.58395, -2.5],
							"rotation": [0, 0, -45],
							"uv": {
								"north": {"uv": [6, 34], "uv_size": [1, 0.5]},
								"east": {"uv": [2, 30], "uv_size": [3, 0.5]},
								"south": {"uv": [10, 34], "uv_size": [1, 0.5]},
								"west": {"uv": [12, 30], "uv_size": [3, 0.5]},
								"up": {"uv": [0, 8], "uv_size": [1, 3]},
								"down": {"uv": [8, 3], "uv_size": [1, -3]}
							}
						}
					]
				}
			]
		}
	]
}