{
	"format_version": "1.12.0",
	"minecraft:geometry": [
		{
			"description": {
				"identifier": "geometry.unknown",
				"texture_width": 64,
				"texture_height": 64,
				"visible_bounds_width": 2,
				"visible_bounds_height": 1.5,
				"visible_bounds_offset": [0, 0.25, 0]
			},
			"bones": [
				{
					"name": "co_kinetics_pro",
					"pivot": [0, 0, 0]
				},
				{
					"name": "bone",
					"parent": "co_kinetics_pro",
					"pivot": [1, 0, -1],
					"cubes": [
						{
							"origin": [-0.625, -0.375, -0.5],
							"size": [0.375, 0.75, 0.5],
							"uv": {
								"north": {"uv": [14, 6], "uv_size": [0.5, 1]},
								"east": {"uv": [14, 14], "uv_size": [0.5, 1]},
								"south": {"uv": [2, 16], "uv_size": [0.5, 1]},
								"west": {"uv": [4, 16], "uv_size": [0.5, 1]},
								"up": {"uv": [26, 18], "uv_size": [0.5, 0.5]},
								"down": {"uv": [20, 26.5], "uv_size": [0.5, -0.5]}
							}
						},
						{
							"origin": [-0.27167, -0.37532, -0.5],
							"size": [0.177, 0.3645, 0.5],
							"pivot": [0.28033, -0.00032, -1],
							"rotation": [0, 0, 45],
							"uv": {
								"north": {"uv": [28, 28], "uv_size": [0.5, 0.5]},
								"east": {"uv": [0, 30], "uv_size": [0.5, 0.5]},
								"south": {"uv": [30, 0], "uv_size": [0.5, 0.5]},
								"west": {"uv": [2, 30], "uv_size": [0.5, 0.5]},
								"up": {"uv": [30, 2], "uv_size": [0.5, 0.5]},
								"down": {"uv": [4, 30.5], "uv_size": [0.5, -0.5]}
							}
						},
						{
							"origin": [0.09467, 0.01082, -0.5],
							"size": [0.177, 0.3645, 0.5],
							"pivot": [-0.28033, 0.00032, -1],
							"rotation": [0, 0, 45],
							"uv": {
								"north": {"uv": [30, 16], "uv_size": [0.5, 0.5]},
								"east": {"uv": [18, 30], "uv_size": [0.5, 0.5]},
								"south": {"uv": [30, 18], "uv_size": [0.5, 0.5]},
								"west": {"uv": [20, 30], "uv_size": [0.5, 0.5]},
								"up": {"uv": [30, 20], "uv_size": [0.5, 0.5]},
								"down": {"uv": [22, 30.5], "uv_size": [0.5, -0.5]}
							}
						},
						{
							"origin": [0.09467, -0.37532, -0.5],
							"size": [0.177, 0.3645, 0.5],
							"pivot": [-0.28033, -0.00032, -1],
							"rotation": [0, 0, -45],
							"uv": {
								"north": {"uv": [30, 4], "uv_size": [0.5, 0.5]},
								"east": {"uv": [6, 30], "uv_size": [0.5, 0.5]},
								"south": {"uv": [30, 6], "uv_size": [0.5, 0.5]},
								"west": {"uv": [8, 30], "uv_size": [0.5, 0.5]},
								"up": {"uv": [30, 8], "uv_size": [0.5, 0.5]},
								"down": {"uv": [10, 30.5], "uv_size": [0.5, -0.5]}
							}
						},
						{
							"origin": [-0.27167, 0.01082, -0.5],
							"size": [0.177, 0.3645, 0.5],
							"pivot": [0.28033, 0.00032, -1],
							"rotation": [0, 0, -45],
							"uv": {
								"north": {"uv": [30, 10], "uv_size": [0.5, 0.5]},
								"east": {"uv": [12, 30], "uv_size": [0.5, 0.5]},
								"south": {"uv": [30, 12], "uv_size": [0.5, 0.5]},
								"west": {"uv": [14, 30], "uv_size": [0.5, 0.5]},
								"up": {"uv": [30, 14], "uv_size": [0.5, 0.5]},
								"down": {"uv": [16, 30.5], "uv_size": [0.5, -0.5]}
							}
						},
						{
							"origin": [0.25, -0.375, -0.5],
							"size": [0.375, 0.75, 0.5],
							"uv": {
								"north": {"uv": [6, 16], "uv_size": [0.5, 1]},
								"east": {"uv": [16, 6], "uv_size": [0.5, 1]},
								"south": {"uv": [16, 8], "uv_size": [0.5, 1]},
								"west": {"uv": [16, 10], "uv_size": [0.5, 1]},
								"up": {"uv": [26, 20], "uv_size": [0.5, 0.5]},
								"down": {"uv": [22, 26.5], "uv_size": [0.5, -0.5]}
							}
						}
					]
				},
				{
					"name": "hexadecagon",
					"parent": "bone",
					"pivot": [0, 0, 0],
					"rotation": [0, -90, 0],
					"cubes": [
						{
							"origin": [-0.5, -0.04973, -0.25],
							"size": [0.75, 0.09946, 0.125],
							"pivot": [0, 0, 0],
							"rotation": [45, 0, 0],
							"uv": {
								"north": {"uv": [14, 16], "uv_size": [1, 0.5]},
								"east": {"uv": [26, 22], "uv_size": [0.5, 0.5]},
								"south": {"uv": [16, 14], "uv_size": [1, 0.5]},
								"west": {"uv": [24, 26], "uv_size": [0.5, 0.5]},
								"up": {"uv": [16, 16], "uv_size": [1, 0.5]},
								"down": {"uv": [0, 18.5], "uv_size": [1, -0.5]}
							}
						},
						{
							"origin": [-0.5, -0.04973, -0.25],
							"size": [0.75, 0.09946, 0.125],
							"pivot": [0, 0, 0],
							"rotation": [22.5, 0, 0],
							"uv": {
								"north": {"uv": [18, 0], "uv_size": [1, 0.5]},
								"east": {"uv": [26, 24], "uv_size": [0.5, 0.5]},
								"south": {"uv": [2, 18], "uv_size": [1, 0.5]},
								"west": {"uv": [26, 26], "uv_size": [0.5, 0.5]},
								"up": {"uv": [18, 2], "uv_size": [1, 0.5]},
								"down": {"uv": [4, 18.5], "uv_size": [1, -0.5]}
							}
						},
						{
							"origin": [-0.5, -0.04973, -0.25],
							"size": [0.75, 0.09946, 0.125],
							"uv": {
								"north": {"uv": [18, 4], "uv_size": [1, 0.5]},
								"east": {"uv": [0, 28], "uv_size": [0.5, 0.5]},
								"south": {"uv": [6, 18], "uv_size": [1, 0.5]},
								"west": {"uv": [28, 0], "uv_size": [0.5, 0.5]},
								"up": {"uv": [18, 6], "uv_size": [1, 0.5]},
								"down": {"uv": [18, 8.5], "uv_size": [1, -0.5]}
							}
						},
						{
							"origin": [-0.5, -0.04973, -0.25],
							"size": [0.75, 0.09946, 0.125],
							"pivot": [0, 0, 0],
							"rotation": [-22.5, 0, 0],
							"uv": {
								"north": {"uv": [10, 18], "uv_size": [1, 0.5]},
								"east": {"uv": [2, 28], "uv_size": [0.5, 0.5]},
								"south": {"uv": [18, 10], "uv_size": [1, 0.5]},
								"west": {"uv": [28, 2], "uv_size": [0.5, 0.5]},
								"up": {"uv": [18, 12], "uv_size": [1, 0.5]},
								"down": {"uv": [14, 18.5], "uv_size": [1, -0.5]}
							}
						},
						{
							"origin": [-0.5, -0.04973, -0.25],
							"size": [0.75, 0.09946, 0.125],
							"pivot": [0, 0, 0],
							"rotation": [-45, 0, 0],
							"uv": {
								"north": {"uv": [18, 14], "uv_size": [1, 0.5]},
								"east": {"uv": [4, 28], "uv_size": [0.5, 0.5]},
								"south": {"uv": [16, 18], "uv_size": [1, 0.5]},
								"west": {"uv": [28, 4], "uv_size": [0.5, 0.5]},
								"up": {"uv": [18, 16], "uv_size": [1, 0.5]},
								"down": {"uv": [18, 18.5], "uv_size": [1, -0.5]}
							}
						},
						{
							"origin": [-0.5, -0.04973, 0.125],
							"size": [0.75, 0.09946, 0.125],
							"pivot": [0, 0, 0],
							"rotation": [45, 0, 0],
							"uv": {
								"north": {"uv": [0, 20], "uv_size": [1, 0.5]},
								"east": {"uv": [6, 28], "uv_size": [0.5, 0.5]},
								"south": {"uv": [20, 0], "uv_size": [1, 0.5]},
								"west": {"uv": [28, 6], "uv_size": [0.5, 0.5]},
								"up": {"uv": [2, 20], "uv_size": [1, 0.5]},
								"down": {"uv": [20, 2.5], "uv_size": [1, -0.5]}
							}
						},
						{
							"origin": [-0.5, -0.04973, 0.125],
							"size": [0.75, 0.09946, 0.125],
							"pivot": [0, 0, 0],
							"rotation": [22.5, 0, 0],
							"uv": {
								"north": {"uv": [4, 20], "uv_size": [1, 0.5]},
								"east": {"uv": [8, 28], "uv_size": [0.5, 0.5]},
								"south": {"uv": [20, 4], "uv_size": [1, 0.5]},
								"west": {"uv": [28, 8], "uv_size": [0.5, 0.5]},
								"up": {"uv": [6, 20], "uv_size": [1, 0.5]},
								"down": {"uv": [20, 6.5], "uv_size": [1, -0.5]}
							}
						},
						{
							"origin": [-0.5, -0.04973, 0.125],
							"size": [0.75, 0.09946, 0.125],
							"uv": {
								"north": {"uv": [8, 20], "uv_size": [1, 0.5]},
								"east": {"uv": [10, 28], "uv_size": [0.5, 0.5]},
								"south": {"uv": [20, 8], "uv_size": [1, 0.5]},
								"west": {"uv": [28, 10], "uv_size": [0.5, 0.5]},
								"up": {"uv": [10, 20], "uv_size": [1, 0.5]},
								"down": {"uv": [20, 10.5], "uv_size": [1, -0.5]}
							}
						},
						{
							"origin": [-0.5, -0.04973, 0.125],
							"size": [0.75, 0.09946, 0.125],
							"pivot": [0, 0, 0],
							"rotation": [-22.5, 0, 0],
							"uv": {
								"north": {"uv": [12, 20], "uv_size": [1, 0.5]},
								"east": {"uv": [12, 28], "uv_size": [0.5, 0.5]},
								"south": {"uv": [20, 12], "uv_size": [1, 0.5]},
								"west": {"uv": [28, 12], "uv_size": [0.5, 0.5]},
								"up": {"uv": [14, 20], "uv_size": [1, 0.5]},
								"down": {"uv": [20, 14.5], "uv_size": [1, -0.5]}
							}
						},
						{
							"origin": [-0.5, -0.04973, 0.125],
							"size": [0.75, 0.09946, 0.125],
							"pivot": [0, 0, 0],
							"rotation": [-45, 0, 0],
							"uv": {
								"north": {"uv": [16, 20], "uv_size": [1, 0.5]},
								"east": {"uv": [14, 28], "uv_size": [0.5, 0.5]},
								"south": {"uv": [20, 16], "uv_size": [1, 0.5]},
								"west": {"uv": [28, 14], "uv_size": [0.5, 0.5]},
								"up": {"uv": [18, 20], "uv_size": [1, 0.5]},
								"down": {"uv": [20, 18.5], "uv_size": [1, -0.5]}
							}
						},
						{
							"origin": [-0.5, -0.25, -0.04973],
							"size": [0.75, 0.125, 0.09946],
							"pivot": [0, 0, 0],
							"rotation": [22.5, 0, 0],
							"uv": {
								"north": {"uv": [20, 20], "uv_size": [1, 0.5]},
								"east": {"uv": [16, 28], "uv_size": [0.5, 0.5]},
								"south": {"uv": [0, 22], "uv_size": [1, 0.5]},
								"west": {"uv": [28, 16], "uv_size": [0.5, 0.5]},
								"up": {"uv": [22, 0], "uv_size": [1, 0.5]},
								"down": {"uv": [2, 22.5], "uv_size": [1, -0.5]}
							}
						},
						{
							"origin": [-0.5, -0.25, -0.04973],
							"size": [0.75, 0.125, 0.09946],
							"uv": {
								"north": {"uv": [22, 2], "uv_size": [1, 0.5]},
								"east": {"uv": [18, 28], "uv_size": [0.5, 0.5]},
								"south": {"uv": [4, 22], "uv_size": [1, 0.5]},
								"west": {"uv": [28, 18], "uv_size": [0.5, 0.5]},
								"up": {"uv": [22, 4], "uv_size": [1, 0.5]},
								"down": {"uv": [6, 22.5], "uv_size": [1, -0.5]}
							}
						},
						{
							"origin": [-0.5, -0.25, -0.04973],
							"size": [0.75, 0.125, 0.09946],
							"pivot": [0, 0, 0],
							"rotation": [-22.5, 0, 0],
							"uv": {
								"north": {"uv": [22, 6], "uv_size": [1, 0.5]},
								"east": {"uv": [20, 28], "uv_size": [0.5, 0.5]},
								"south": {"uv": [8, 22], "uv_size": [1, 0.5]},
								"west": {"uv": [28, 20], "uv_size": [0.5, 0.5]},
								"up": {"uv": [22, 8], "uv_size": [1, 0.5]},
								"down": {"uv": [10, 22.5], "uv_size": [1, -0.5]}
							}
						},
						{
							"origin": [-0.5, 0.125, -0.04973],
							"size": [0.75, 0.125, 0.09946],
							"pivot": [0, 0, 0],
							"rotation": [22.5, 0, 0],
							"uv": {
								"north": {"uv": [22, 10], "uv_size": [1, 0.5]},
								"east": {"uv": [22, 28], "uv_size": [0.5, 0.5]},
								"south": {"uv": [12, 22], "uv_size": [1, 0.5]},
								"west": {"uv": [28, 22], "uv_size": [0.5, 0.5]},
								"up": {"uv": [22, 12], "uv_size": [1, 0.5]},
								"down": {"uv": [14, 22.5], "uv_size": [1, -0.5]}
							}
						},
						{
							"origin": [-0.5, 0.125, -0.04973],
							"size": [0.75, 0.125, 0.09946],
							"uv": {
								"north": {"uv": [22, 14], "uv_size": [1, 0.5]},
								"east": {"uv": [24, 28], "uv_size": [0.5, 0.5]},
								"south": {"uv": [16, 22], "uv_size": [1, 0.5]},
								"west": {"uv": [28, 24], "uv_size": [0.5, 0.5]},
								"up": {"uv": [22, 16], "uv_size": [1, 0.5]},
								"down": {"uv": [18, 22.5], "uv_size": [1, -0.5]}
							}
						},
						{
							"origin": [-0.5, 0.125, -0.04973],
							"size": [0.75, 0.125, 0.09946],
							"pivot": [0, 0, 0],
							"rotation": [-22.5, 0, 0],
							"uv": {
								"north": {"uv": [22, 18], "uv_size": [1, 0.5]},
								"east": {"uv": [26, 28], "uv_size": [0.5, 0.5]},
								"south": {"uv": [20, 22], "uv_size": [1, 0.5]},
								"west": {"uv": [28, 26], "uv_size": [0.5, 0.5]},
								"up": {"uv": [22, 20], "uv_size": [1, 0.5]},
								"down": {"uv": [22, 22.5], "uv_size": [1, -0.5]}
							}
						}
					]
				},
				{
					"name": "bone2",
					"parent": "co_kinetics_pro",
					"pivot": [1, 0, -1.75],
					"cubes": [
						{
							"origin": [-0.625, -0.375, -1.25],
							"size": [0.375, 0.75, 0.5],
							"uv": {
								"north": {"uv": [0, 24], "uv_size": [0.5, 1]},
								"east": {"uv": [24, 0], "uv_size": [0.5, 1]},
								"south": {"uv": [2, 24], "uv_size": [0.5, 1]},
								"west": {"uv": [24, 2], "uv_size": [0.5, 1]},
								"up": {"uv": [30, 22], "uv_size": [0.5, 0.5]},
								"down": {"uv": [24, 30.5], "uv_size": [0.5, -0.5]}
							}
						},
						{
							"origin": [-0.27167, -0.37532, -1.25],
							"size": [0.177, 0.3645, 0.5],
							"pivot": [0.28033, -0.00032, -1.75],
							"rotation": [0, 0, 45],
							"uv": {
								"north": {"uv": [30, 24], "uv_size": [0.5, 0.5]},
								"east": {"uv": [26, 30], "uv_size": [0.5, 0.5]},
								"south": {"uv": [30, 26], "uv_size": [0.5, 0.5]},
								"west": {"uv": [28, 30], "uv_size": [0.5, 0.5]},
								"up": {"uv": [30, 28], "uv_size": [0.5, 0.5]},
								"down": {"uv": [30, 30.5], "uv_size": [0.5, -0.5]}
							}
						},
						{
							"origin": [0.09467, 0.01082, -1.25],
							"size": [0.177, 0.3645, 0.5],
							"pivot": [-0.28033, 0.00032, -1.75],
							"rotation": [0, 0, 45],
							"uv": {
								"north": {"uv": [0, 32], "uv_size": [0.5, 0.5]},
								"east": {"uv": [32, 0], "uv_size": [0.5, 0.5]},
								"south": {"uv": [2, 32], "uv_size": [0.5, 0.5]},
								"west": {"uv": [32, 2], "uv_size": [0.5, 0.5]},
								"up": {"uv": [4, 32], "uv_size": [0.5, 0.5]},
								"down": {"uv": [32, 4.5], "uv_size": [0.5, -0.5]}
							}
						},
						{
							"origin": [0.09467, -0.37532, -1.25],
							"size": [0.177, 0.3645, 0.5],
							"pivot": [-0.28033, -0.00032, -1.75],
							"rotation": [0, 0, -45],
							"uv": {
								"north": {"uv": [6, 32], "uv_size": [0.5, 0.5]},
								"east": {"uv": [32, 6], "uv_size": [0.5, 0.5]},
								"south": {"uv": [8, 32], "uv_size": [0.5, 0.5]},
								"west": {"uv": [32, 8], "uv_size": [0.5, 0.5]},
								"up": {"uv": [10, 32], "uv_size": [0.5, 0.5]},
								"down": {"uv": [32, 10.5], "uv_size": [0.5, -0.5]}
							}
						},
						{
							"origin": [-0.27167, 0.01082, -1.25],
							"size": [0.177, 0.3645, 0.5],
							"pivot": [0.28033, 0.00032, -1.75],
							"rotation": [0, 0, -45],
							"uv": {
								"north": {"uv": [12, 32], "uv_size": [0.5, 0.5]},
								"east": {"uv": [32, 12], "uv_size": [0.5, 0.5]},
								"south": {"uv": [14, 32], "uv_size": [0.5, 0.5]},
								"west": {"uv": [32, 14], "uv_size": [0.5, 0.5]},
								"up": {"uv": [16, 32], "uv_size": [0.5, 0.5]},
								"down": {"uv": [32, 16.5], "uv_size": [0.5, -0.5]}
							}
						},
						{
							"origin": [0.25, -0.375, -1.25],
							"size": [0.375, 0.75, 0.5],
							"uv": {
								"north": {"uv": [4, 24], "uv_size": [0.5, 1]},
								"east": {"uv": [24, 4], "uv_size": [0.5, 1]},
								"south": {"uv": [6, 24], "uv_size": [0.5, 1]},
								"west": {"uv": [24, 6], "uv_size": [0.5, 1]},
								"up": {"uv": [18, 32], "uv_size": [0.5, 0.5]},
								"down": {"uv": [32, 18.5], "uv_size": [0.5, -0.5]}
							}
						}
					]
				},
				{
					"name": "hexadecagon2",
					"parent": "bone2",
					"pivot": [0, 0, -0.75],
					"rotation": [0, -90, 0],
					"cubes": [
						{
							"origin": [-0.5, -0.04973, -1],
							"size": [0.5, 0.09946, 0.125],
							"pivot": [0, 0, -0.75],
							"rotation": [45, 0, 0],
							"uv": {
								"north": {"uv": [20, 32], "uv_size": [0.5, 0.5]},
								"east": {"uv": [32, 20], "uv_size": [0.5, 0.5]},
								"south": {"uv": [22, 32], "uv_size": [0.5, 0.5]},
								"west": {"uv": [32, 22], "uv_size": [0.5, 0.5]},
								"up": {"uv": [24, 32], "uv_size": [0.5, 0.5]},
								"down": {"uv": [32, 24.5], "uv_size": [0.5, -0.5]}
							}
						},
						{
							"origin": [-0.5, -0.04973, -1],
							"size": [0.5, 0.09946, 0.125],
							"pivot": [0, 0, -0.75],
							"rotation": [22.5, 0, 0],
							"uv": {
								"north": {"uv": [26, 32], "uv_size": [0.5, 0.5]},
								"east": {"uv": [32, 26], "uv_size": [0.5, 0.5]},
								"south": {"uv": [28, 32], "uv_size": [0.5, 0.5]},
								"west": {"uv": [32, 28], "uv_size": [0.5, 0.5]},
								"up": {"uv": [30, 32], "uv_size": [0.5, 0.5]},
								"down": {"uv": [32, 30.5], "uv_size": [0.5, -0.5]}
							}
						},
						{
							"origin": [-0.5, -0.04973, -1],
							"size": [0.5, 0.09946, 0.125],
							"uv": {
								"north": {"uv": [32, 32], "uv_size": [0.5, 0.5]},
								"east": {"uv": [0, 34], "uv_size": [0.5, 0.5]},
								"south": {"uv": [34, 0], "uv_size": [0.5, 0.5]},
								"west": {"uv": [2, 34], "uv_size": [0.5, 0.5]},
								"up": {"uv": [34, 2], "uv_size": [0.5, 0.5]},
								"down": {"uv": [4, 34.5], "uv_size": [0.5, -0.5]}
							}
						},
						{
							"origin": [-0.5, -0.04973, -1],
							"size": [0.5, 0.09946, 0.125],
							"pivot": [0, 0, -0.75],
							"rotation": [-22.5, 0, 0],
							"uv": {
								"north": {"uv": [34, 4], "uv_size": [0.5, 0.5]},
								"east": {"uv": [6, 34], "uv_size": [0.5, 0.5]},
								"south": {"uv": [34, 6], "uv_size": [0.5, 0.5]},
								"west": {"uv": [8, 34], "uv_size": [0.5, 0.5]},
								"up": {"uv": [34, 8], "uv_size": [0.5, 0.5]},
								"down": {"uv": [10, 34.5], "uv_size": [0.5, -0.5]}
							}
						},
						{
							"origin": [-0.5, -0.04973, -1],
							"size": [0.5, 0.09946, 0.125],
							"pivot": [0, 0, -0.75],
							"rotation": [-45, 0, 0],
							"uv": {
								"north": {"uv": [34, 10], "uv_size": [0.5, 0.5]},
								"east": {"uv": [12, 34], "uv_size": [0.5, 0.5]},
								"south": {"uv": [34, 12], "uv_size": [0.5, 0.5]},
								"west": {"uv": [14, 34], "uv_size": [0.5, 0.5]},
								"up": {"uv": [34, 14], "uv_size": [0.5, 0.5]},
								"down": {"uv": [16, 34.5], "uv_size": [0.5, -0.5]}
							}
						},
						{
							"origin": [-0.5, -0.04973, -0.625],
							"size": [0.5, 0.09946, 0.125],
							"pivot": [0, 0, -0.75],
							"rotation": [45, 0, 0],
							"uv": {
								"north": {"uv": [34, 16], "uv_size": [0.5, 0.5]},
								"east": {"uv": [18, 34], "uv_size": [0.5, 0.5]},
								"south": {"uv": [34, 18], "uv_size": [0.5, 0.5]},
								"west": {"uv": [20, 34], "uv_size": [0.5, 0.5]},
								"up": {"uv": [34, 20], "uv_size": [0.5, 0.5]},
								"down": {"uv": [22, 34.5], "uv_size": [0.5, -0.5]}
							}
						},
						{
							"origin": [-0.5, -0.04973, -0.625],
							"size": [0.5, 0.09946, 0.125],
							"pivot": [0, 0, -0.75],
							"rotation": [22.5, 0, 0],
							"uv": {
								"north": {"uv": [34, 22], "uv_size": [0.5, 0.5]},
								"east": {"uv": [24, 34], "uv_size": [0.5, 0.5]},
								"south": {"uv": [34, 24], "uv_size": [0.5, 0.5]},
								"west": {"uv": [26, 34], "uv_size": [0.5, 0.5]},
								"up": {"uv": [34, 26], "uv_size": [0.5, 0.5]},
								"down": {"uv": [28, 34.5], "uv_size": [0.5, -0.5]}
							}
						},
						{
							"origin": [-0.5, -0.04973, -0.625],
							"size": [0.5, 0.09946, 0.125],
							"uv": {
								"north": {"uv": [34, 28], "uv_size": [0.5, 0.5]},
								"east": {"uv": [30, 34], "uv_size": [0.5, 0.5]},
								"south": {"uv": [34, 30], "uv_size": [0.5, 0.5]},
								"west": {"uv": [32, 34], "uv_size": [0.5, 0.5]},
								"up": {"uv": [34, 32], "uv_size": [0.5, 0.5]},
								"down": {"uv": [34, 34.5], "uv_size": [0.5, -0.5]}
							}
						},
						{
							"origin": [-0.5, -0.04973, -0.625],
							"size": [0.5, 0.09946, 0.125],
							"pivot": [0, 0, -0.75],
							"rotation": [-22.5, 0, 0],
							"uv": {
								"north": {"uv": [0, 36], "uv_size": [0.5, 0.5]},
								"east": {"uv": [36, 0], "uv_size": [0.5, 0.5]},
								"south": {"uv": [2, 36], "uv_size": [0.5, 0.5]},
								"west": {"uv": [36, 2], "uv_size": [0.5, 0.5]},
								"up": {"uv": [4, 36], "uv_size": [0.5, 0.5]},
								"down": {"uv": [36, 4.5], "uv_size": [0.5, -0.5]}
							}
						},
						{
							"origin": [-0.5, -0.04973, -0.625],
							"size": [0.5, 0.09946, 0.125],
							"pivot": [0, 0, -0.75],
							"rotation": [-45, 0, 0],
							"uv": {
								"north": {"uv": [6, 36], "uv_size": [0.5, 0.5]},
								"east": {"uv": [36, 6], "uv_size": [0.5, 0.5]},
								"south": {"uv": [8, 36], "uv_size": [0.5, 0.5]},
								"west": {"uv": [36, 8], "uv_size": [0.5, 0.5]},
								"up": {"uv": [10, 36], "uv_size": [0.5, 0.5]},
								"down": {"uv": [36, 10.5], "uv_size": [0.5, -0.5]}
							}
						},
						{
							"origin": [-0.5, -0.25, -0.79973],
							"size": [0.5, 0.125, 0.09946],
							"pivot": [0, 0, -0.75],
							"rotation": [22.5, 0, 0],
							"uv": {
								"north": {"uv": [12, 36], "uv_size": [0.5, 0.5]},
								"east": {"uv": [36, 12], "uv_size": [0.5, 0.5]},
								"south": {"uv": [14, 36], "uv_size": [0.5, 0.5]},
								"west": {"uv": [36, 14], "uv_size": [0.5, 0.5]},
								"up": {"uv": [16, 36], "uv_size": [0.5, 0.5]},
								"down": {"uv": [36, 16.5], "uv_size": [0.5, -0.5]}
							}
						},
						{
							"origin": [-0.5, -0.25, -0.79973],
							"size": [0.5, 0.125, 0.09946],
							"uv": {
								"north": {"uv": [18, 36], "uv_size": [0.5, 0.5]},
								"east": {"uv": [36, 18], "uv_size": [0.5, 0.5]},
								"south": {"uv": [20, 36], "uv_size": [0.5, 0.5]},
								"west": {"uv": [36, 20], "uv_size": [0.5, 0.5]},
								"up": {"uv": [22, 36], "uv_size": [0.5, 0.5]},
								"down": {"uv": [36, 22.5], "uv_size": [0.5, -0.5]}
							}
						},
						{
							"origin": [-0.5, -0.25, -0.79973],
							"size": [0.5, 0.125, 0.09946],
							"pivot": [0, 0, -0.75],
							"rotation": [-22.5, 0, 0],
							"uv": {
								"north": {"uv": [24, 36], "uv_size": [0.5, 0.5]},
								"east": {"uv": [36, 24], "uv_size": [0.5, 0.5]},
								"south": {"uv": [26, 36], "uv_size": [0.5, 0.5]},
								"west": {"uv": [36, 26], "uv_size": [0.5, 0.5]},
								"up": {"uv": [28, 36], "uv_size": [0.5, 0.5]},
								"down": {"uv": [36, 28.5], "uv_size": [0.5, -0.5]}
							}
						},
						{
							"origin": [-0.5, 0.125, -0.79973],
							"size": [0.5, 0.125, 0.09946],
							"pivot": [0, 0, -0.75],
							"rotation": [22.5, 0, 0],
							"uv": {
								"north": {"uv": [30, 36], "uv_size": [0.5, 0.5]},
								"east": {"uv": [36, 30], "uv_size": [0.5, 0.5]},
								"south": {"uv": [32, 36], "uv_size": [0.5, 0.5]},
								"west": {"uv": [36, 32], "uv_size": [0.5, 0.5]},
								"up": {"uv": [34, 36], "uv_size": [0.5, 0.5]},
								"down": {"uv": [36, 34.5], "uv_size": [0.5, -0.5]}
							}
						},
						{
							"origin": [-0.5, 0.125, -0.79973],
							"size": [0.5, 0.125, 0.09946],
							"uv": {
								"north": {"uv": [36, 36], "uv_size": [0.5, 0.5]},
								"east": {"uv": [0, 38], "uv_size": [0.5, 0.5]},
								"south": {"uv": [38, 0], "uv_size": [0.5, 0.5]},
								"west": {"uv": [2, 38], "uv_size": [0.5, 0.5]},
								"up": {"uv": [38, 2], "uv_size": [0.5, 0.5]},
								"down": {"uv": [4, 38.5], "uv_size": [0.5, -0.5]}
							}
						},
						{
							"origin": [-0.5, 0.125, -0.79973],
							"size": [0.5, 0.125, 0.09946],
							"pivot": [0, 0, -0.75],
							"rotation": [-22.5, 0, 0],
							"uv": {
								"north": {"uv": [38, 4], "uv_size": [0.5, 0.5]},
								"east": {"uv": [6, 38], "uv_size": [0.5, 0.5]},
								"south": {"uv": [38, 6], "uv_size": [0.5, 0.5]},
								"west": {"uv": [8, 38], "uv_size": [0.5, 0.5]},
								"up": {"uv": [38, 8], "uv_size": [0.5, 0.5]},
								"down": {"uv": [10, 38.5], "uv_size": [0.5, -0.5]}
							}
						}
					]
				},
				{
					"name": "bone3",
					"parent": "co_kinetics_pro",
					"pivot": [1, 0, -2.5],
					"cubes": [
						{
							"origin": [-0.625, -0.375, -2],
							"size": [0.375, 0.75, 0.5],
							"uv": {
								"north": {"uv": [8, 24], "uv_size": [0.5, 1]},
								"east": {"uv": [24, 8], "uv_size": [0.5, 1]},
								"south": {"uv": [10, 24], "uv_size": [0.5, 1]},
								"west": {"uv": [24, 10], "uv_size": [0.5, 1]},
								"up": {"uv": [38, 10], "uv_size": [0.5, 0.5]},
								"down": {"uv": [12, 38.5], "uv_size": [0.5, -0.5]}
							}
						},
						{
							"origin": [-0.27167, -0.37532, -2],
							"size": [0.177, 0.3645, 0.5],
							"pivot": [0.28033, -0.00032, -2.5],
							"rotation": [0, 0, 45],
							"uv": {
								"north": {"uv": [38, 12], "uv_size": [0.5, 0.5]},
								"east": {"uv": [14, 38], "uv_size": [0.5, 0.5]},
								"south": {"uv": [38, 14], "uv_size": [0.5, 0.5]},
								"west": {"uv": [16, 38], "uv_size": [0.5, 0.5]},
								"up": {"uv": [38, 16], "uv_size": [0.5, 0.5]},
								"down": {"uv": [18, 38.5], "uv_size": [0.5, -0.5]}
							}
						},
						{
							"origin": [0.09467, 0.01082, -2],
							"size": [0.177, 0.3645, 0.5],
							"pivot": [-0.28033, 0.00032, -2.5],
							"rotation": [0, 0, 45],
							"uv": {
								"north": {"uv": [38, 18], "uv_size": [0.5, 0.5]},
								"east": {"uv": [20, 38], "uv_size": [0.5, 0.5]},
								"south": {"uv": [38, 20], "uv_size": [0.5, 0.5]},
								"west": {"uv": [22, 38], "uv_size": [0.5, 0.5]},
								"up": {"uv": [38, 22], "uv_size": [0.5, 0.5]},
								"down": {"uv": [24, 38.5], "uv_size": [0.5, -0.5]}
							}
						},
						{
							"origin": [0.09467, -0.37532, -2],
							"size": [0.177, 0.3645, 0.5],
							"pivot": [-0.28033, -0.00032, -2.5],
							"rotation": [0, 0, -45],
							"uv": {
								"north": {"uv": [38, 24], "uv_size": [0.5, 0.5]},
								"east": {"uv": [26, 38], "uv_size": [0.5, 0.5]},
								"south": {"uv": [38, 26], "uv_size": [0.5, 0.5]},
								"west": {"uv": [28, 38], "uv_size": [0.5, 0.5]},
								"up": {"uv": [38, 28], "uv_size": [0.5, 0.5]},
								"down": {"uv": [30, 38.5], "uv_size": [0.5, -0.5]}
							}
						},
						{
							"origin": [-0.27167, 0.01082, -2],
							"size": [0.177, 0.3645, 0.5],
							"pivot": [0.28033, 0.00032, -2.5],
							"rotation": [0, 0, -45],
							"uv": {
								"north": {"uv": [38, 30], "uv_size": [0.5, 0.5]},
								"east": {"uv": [32, 38], "uv_size": [0.5, 0.5]},
								"south": {"uv": [38, 32], "uv_size": [0.5, 0.5]},
								"west": {"uv": [34, 38], "uv_size": [0.5, 0.5]},
								"up": {"uv": [38, 34], "uv_size": [0.5, 0.5]},
								"down": {"uv": [36, 38.5], "uv_size": [0.5, -0.5]}
							}
						},
						{
							"origin": [0.25, -0.375, -2],
							"size": [0.375, 0.75, 0.5],
							"uv": {
								"north": {"uv": [12, 24], "uv_size": [0.5, 1]},
								"east": {"uv": [24, 12], "uv_size": [0.5, 1]},
								"south": {"uv": [14, 24], "uv_size": [0.5, 1]},
								"west": {"uv": [24, 14], "uv_size": [0.5, 1]},
								"up": {"uv": [38, 36], "uv_size": [0.5, 0.5]},
								"down": {"uv": [38, 38.5], "uv_size": [0.5, -0.5]}
							}
						}
					]
				},
				{
					"name": "hexadecagon3",
					"parent": "bone3",
					"pivot": [0, 0, -1.5],
					"rotation": [0, -90, 0],
					"cubes": [
						{
							"origin": [-0.5, -0.04973, -1.75],
							"size": [0.5, 0.09946, 0.125],
							"pivot": [0, 0, -1.5],
							"rotation": [45, 0, 0],
							"uv": {
								"north": {"uv": [0, 40], "uv_size": [0.5, 0.5]},
								"east": {"uv": [40, 0], "uv_size": [0.5, 0.5]},
								"south": {"uv": [2, 40], "uv_size": [0.5, 0.5]},
								"west": {"uv": [40, 2], "uv_size": [0.5, 0.5]},
								"up": {"uv": [4, 40], "uv_size": [0.5, 0.5]},
								"down": {"uv": [40, 4.5], "uv_size": [0.5, -0.5]}
							}
						},
						{
							"origin": [-0.5, -0.04973, -1.75],
							"size": [0.5, 0.09946, 0.125],
							"pivot": [0, 0, -1.5],
							"rotation": [22.5, 0, 0],
							"uv": {
								"north": {"uv": [6, 40], "uv_size": [0.5, 0.5]},
								"east": {"uv": [40, 6], "uv_size": [0.5, 0.5]},
								"south": {"uv": [8, 40], "uv_size": [0.5, 0.5]},
								"west": {"uv": [40, 8], "uv_size": [0.5, 0.5]},
								"up": {"uv": [10, 40], "uv_size": [0.5, 0.5]},
								"down": {"uv": [40, 10.5], "uv_size": [0.5, -0.5]}
							}
						},
						{
							"origin": [-0.5, -0.04973, -1.75],
							"size": [0.5, 0.09946, 0.125],
							"uv": {
								"north": {"uv": [12, 40], "uv_size": [0.5, 0.5]},
								"east": {"uv": [40, 12], "uv_size": [0.5, 0.5]},
								"south": {"uv": [14, 40], "uv_size": [0.5, 0.5]},
								"west": {"uv": [40, 14], "uv_size": [0.5, 0.5]},
								"up": {"uv": [16, 40], "uv_size": [0.5, 0.5]},
								"down": {"uv": [40, 16.5], "uv_size": [0.5, -0.5]}
							}
						},
						{
							"origin": [-0.5, -0.04973, -1.75],
							"size": [0.5, 0.09946, 0.125],
							"pivot": [0, 0, -1.5],
							"rotation": [-22.5, 0, 0],
							"uv": {
								"north": {"uv": [18, 40], "uv_size": [0.5, 0.5]},
								"east": {"uv": [40, 18], "uv_size": [0.5, 0.5]},
								"south": {"uv": [20, 40], "uv_size": [0.5, 0.5]},
								"west": {"uv": [40, 20], "uv_size": [0.5, 0.5]},
								"up": {"uv": [22, 40], "uv_size": [0.5, 0.5]},
								"down": {"uv": [40, 22.5], "uv_size": [0.5, -0.5]}
							}
						},
						{
							"origin": [-0.5, -0.04973, -1.75],
							"size": [0.5, 0.09946, 0.125],
							"pivot": [0, 0, -1.5],
							"rotation": [-45, 0, 0],
							"uv": {
								"north": {"uv": [24, 40], "uv_size": [0.5, 0.5]},
								"east": {"uv": [40, 24], "uv_size": [0.5, 0.5]},
								"south": {"uv": [26, 40], "uv_size": [0.5, 0.5]},
								"west": {"uv": [40, 26], "uv_size": [0.5, 0.5]},
								"up": {"uv": [28, 40], "uv_size": [0.5, 0.5]},
								"down": {"uv": [40, 28.5], "uv_size": [0.5, -0.5]}
							}
						},
						{
							"origin": [-0.5, -0.04973, -1.375],
							"size": [0.5, 0.09946, 0.125],
							"pivot": [0, 0, -1.5],
							"rotation": [45, 0, 0],
							"uv": {
								"north": {"uv": [30, 40], "uv_size": [0.5, 0.5]},
								"east": {"uv": [40, 30], "uv_size": [0.5, 0.5]},
								"south": {"uv": [32, 40], "uv_size": [0.5, 0.5]},
								"west": {"uv": [40, 32], "uv_size": [0.5, 0.5]},
								"up": {"uv": [34, 40], "uv_size": [0.5, 0.5]},
								"down": {"uv": [40, 34.5], "uv_size": [0.5, -0.5]}
							}
						},
						{
							"origin": [-0.5, -0.04973, -1.375],
							"size": [0.5, 0.09946, 0.125],
							"pivot": [0, 0, -1.5],
							"rotation": [22.5, 0, 0],
							"uv": {
								"north": {"uv": [36, 40], "uv_size": [0.5, 0.5]},
								"east": {"uv": [40, 36], "uv_size": [0.5, 0.5]},
								"south": {"uv": [38, 40], "uv_size": [0.5, 0.5]},
								"west": {"uv": [40, 38], "uv_size": [0.5, 0.5]},
								"up": {"uv": [40, 40], "uv_size": [0.5, 0.5]},
								"down": {"uv": [0, 42.5], "uv_size": [0.5, -0.5]}
							}
						},
						{
							"origin": [-0.5, -0.04973, -1.375],
							"size": [0.5, 0.09946, 0.125],
							"uv": {
								"north": {"uv": [42, 0], "uv_size": [0.5, 0.5]},
								"east": {"uv": [2, 42], "uv_size": [0.5, 0.5]},
								"south": {"uv": [42, 2], "uv_size": [0.5, 0.5]},
								"west": {"uv": [4, 42], "uv_size": [0.5, 0.5]},
								"up": {"uv": [42, 4], "uv_size": [0.5, 0.5]},
								"down": {"uv": [6, 42.5], "uv_size": [0.5, -0.5]}
							}
						},
						{
							"origin": [-0.5, -0.04973, -1.375],
							"size": [0.5, 0.09946, 0.125],
							"pivot": [0, 0, -1.5],
							"rotation": [-22.5, 0, 0],
							"uv": {
								"north": {"uv": [42, 6], "uv_size": [0.5, 0.5]},
								"east": {"uv": [8, 42], "uv_size": [0.5, 0.5]},
								"south": {"uv": [42, 8], "uv_size": [0.5, 0.5]},
								"west": {"uv": [10, 42], "uv_size": [0.5, 0.5]},
								"up": {"uv": [42, 10], "uv_size": [0.5, 0.5]},
								"down": {"uv": [12, 42.5], "uv_size": [0.5, -0.5]}
							}
						},
						{
							"origin": [-0.5, -0.04973, -1.375],
							"size": [0.5, 0.09946, 0.125],
							"pivot": [0, 0, -1.5],
							"rotation": [-45, 0, 0],
							"uv": {
								"north": {"uv": [42, 12], "uv_size": [0.5, 0.5]},
								"east": {"uv": [14, 42], "uv_size": [0.5, 0.5]},
								"south": {"uv": [42, 14], "uv_size": [0.5, 0.5]},
								"west": {"uv": [16, 42], "uv_size": [0.5, 0.5]},
								"up": {"uv": [42, 16], "uv_size": [0.5, 0.5]},
								"down": {"uv": [18, 42.5], "uv_size": [0.5, -0.5]}
							}
						},
						{
							"origin": [-0.5, -0.25, -1.54973],
							"size": [0.5, 0.125, 0.09946],
							"pivot": [0, 0, -1.5],
							"rotation": [22.5, 0, 0],
							"uv": {
								"north": {"uv": [42, 18], "uv_size": [0.5, 0.5]},
								"east": {"uv": [20, 42], "uv_size": [0.5, 0.5]},
								"south": {"uv": [42, 20], "uv_size": [0.5, 0.5]},
								"west": {"uv": [22, 42], "uv_size": [0.5, 0.5]},
								"up": {"uv": [42, 22], "uv_size": [0.5, 0.5]},
								"down": {"uv": [24, 42.5], "uv_size": [0.5, -0.5]}
							}
						},
						{
							"origin": [-0.5, -0.25, -1.54973],
							"size": [0.5, 0.125, 0.09946],
							"uv": {
								"north": {"uv": [42, 24], "uv_size": [0.5, 0.5]},
								"east": {"uv": [26, 42], "uv_size": [0.5, 0.5]},
								"south": {"uv": [42, 26], "uv_size": [0.5, 0.5]},
								"west": {"uv": [28, 42], "uv_size": [0.5, 0.5]},
								"up": {"uv": [42, 28], "uv_size": [0.5, 0.5]},
								"down": {"uv": [30, 42.5], "uv_size": [0.5, -0.5]}
							}
						},
						{
							"origin": [-0.5, -0.25, -1.54973],
							"size": [0.5, 0.125, 0.09946],
							"pivot": [0, 0, -1.5],
							"rotation": [-22.5, 0, 0],
							"uv": {
								"north": {"uv": [42, 30], "uv_size": [0.5, 0.5]},
								"east": {"uv": [32, 42], "uv_size": [0.5, 0.5]},
								"south": {"uv": [42, 32], "uv_size": [0.5, 0.5]},
								"west": {"uv": [34, 42], "uv_size": [0.5, 0.5]},
								"up": {"uv": [42, 34], "uv_size": [0.5, 0.5]},
								"down": {"uv": [36, 42.5], "uv_size": [0.5, -0.5]}
							}
						},
						{
							"origin": [-0.5, 0.125, -1.54973],
							"size": [0.5, 0.125, 0.09946],
							"pivot": [0, 0, -1.5],
							"rotation": [22.5, 0, 0],
							"uv": {
								"north": {"uv": [42, 36], "uv_size": [0.5, 0.5]},
								"east": {"uv": [38, 42], "uv_size": [0.5, 0.5]},
								"south": {"uv": [42, 38], "uv_size": [0.5, 0.5]},
								"west": {"uv": [40, 42], "uv_size": [0.5, 0.5]},
								"up": {"uv": [42, 40], "uv_size": [0.5, 0.5]},
								"down": {"uv": [42, 42.5], "uv_size": [0.5, -0.5]}
							}
						},
						{
							"origin": [-0.5, 0.125, -1.54973],
							"size": [0.5, 0.125, 0.09946],
							"uv": {
								"north": {"uv": [0, 44], "uv_size": [0.5, 0.5]},
								"east": {"uv": [44, 0], "uv_size": [0.5, 0.5]},
								"south": {"uv": [2, 44], "uv_size": [0.5, 0.5]},
								"west": {"uv": [44, 2], "uv_size": [0.5, 0.5]},
								"up": {"uv": [4, 44], "uv_size": [0.5, 0.5]},
								"down": {"uv": [44, 4.5], "uv_size": [0.5, -0.5]}
							}
						},
						{
							"origin": [-0.5, 0.125, -1.54973],
							"size": [0.5, 0.125, 0.09946],
							"pivot": [0, 0, -1.5],
							"rotation": [-22.5, 0, 0],
							"uv": {
								"north": {"uv": [6, 44], "uv_size": [0.5, 0.5]},
								"east": {"uv": [44, 6], "uv_size": [0.5, 0.5]},
								"south": {"uv": [8, 44], "uv_size": [0.5, 0.5]},
								"west": {"uv": [44, 8], "uv_size": [0.5, 0.5]},
								"up": {"uv": [10, 44], "uv_size": [0.5, 0.5]},
								"down": {"uv": [44, 10.5], "uv_size": [0.5, -0.5]}
							}
						}
					]
				},
				{
					"name": "bone4",
					"parent": "co_kinetics_pro",
					"pivot": [1, 0, -3.25],
					"cubes": [
						{
							"origin": [-0.625, -0.375, -2.75],
							"size": [0.375, 0.75, 0.5],
							"uv": {
								"north": {"uv": [16, 24], "uv_size": [0.5, 1]},
								"east": {"uv": [24, 16], "uv_size": [0.5, 1]},
								"south": {"uv": [18, 24], "uv_size": [0.5, 1]},
								"west": {"uv": [24, 18], "uv_size": [0.5, 1]},
								"up": {"uv": [12, 44], "uv_size": [0.5, 0.5]},
								"down": {"uv": [44, 12.5], "uv_size": [0.5, -0.5]}
							}
						},
						{
							"origin": [-0.27167, -0.37532, -2.75],
							"size": [0.177, 0.3645, 0.5],
							"pivot": [0.28033, -0.00032, -3.25],
							"rotation": [0, 0, 45],
							"uv": {
								"north": {"uv": [14, 44], "uv_size": [0.5, 0.5]},
								"east": {"uv": [44, 14], "uv_size": [0.5, 0.5]},
								"south": {"uv": [16, 44], "uv_size": [0.5, 0.5]},
								"west": {"uv": [44, 16], "uv_size": [0.5, 0.5]},
								"up": {"uv": [18, 44], "uv_size": [0.5, 0.5]},
								"down": {"uv": [44, 18.5], "uv_size": [0.5, -0.5]}
							}
						},
						{
							"origin": [0.09467, 0.01082, -2.75],
							"size": [0.177, 0.3645, 0.5],
							"pivot": [-0.28033, 0.00032, -3.25],
							"rotation": [0, 0, 45],
							"uv": {
								"north": {"uv": [20, 44], "uv_size": [0.5, 0.5]},
								"east": {"uv": [44, 20], "uv_size": [0.5, 0.5]},
								"south": {"uv": [22, 44], "uv_size": [0.5, 0.5]},
								"west": {"uv": [44, 22], "uv_size": [0.5, 0.5]},
								"up": {"uv": [24, 44], "uv_size": [0.5, 0.5]},
								"down": {"uv": [44, 24.5], "uv_size": [0.5, -0.5]}
							}
						},
						{
							"origin": [0.09467, -0.37532, -2.75],
							"size": [0.177, 0.3645, 0.5],
							"pivot": [-0.28033, -0.00032, -3.25],
							"rotation": [0, 0, -45],
							"uv": {
								"north": {"uv": [26, 44], "uv_size": [0.5, 0.5]},
								"east": {"uv": [44, 26], "uv_size": [0.5, 0.5]},
								"south": {"uv": [28, 44], "uv_size": [0.5, 0.5]},
								"west": {"uv": [44, 28], "uv_size": [0.5, 0.5]},
								"up": {"uv": [30, 44], "uv_size": [0.5, 0.5]},
								"down": {"uv": [44, 30.5], "uv_size": [0.5, -0.5]}
							}
						},
						{
							"origin": [-0.27167, 0.01082, -2.75],
							"size": [0.177, 0.3645, 0.5],
							"pivot": [0.28033, 0.00032, -3.25],
							"rotation": [0, 0, -45],
							"uv": {
								"north": {"uv": [32, 44], "uv_size": [0.5, 0.5]},
								"east": {"uv": [44, 32], "uv_size": [0.5, 0.5]},
								"south": {"uv": [34, 44], "uv_size": [0.5, 0.5]},
								"west": {"uv": [44, 34], "uv_size": [0.5, 0.5]},
								"up": {"uv": [36, 44], "uv_size": [0.5, 0.5]},
								"down": {"uv": [44, 36.5], "uv_size": [0.5, -0.5]}
							}
						},
						{
							"origin": [0.25, -0.375, -2.75],
							"size": [0.375, 0.75, 0.5],
							"uv": {
								"north": {"uv": [20, 24], "uv_size": [0.5, 1]},
								"east": {"uv": [24, 20], "uv_size": [0.5, 1]},
								"south": {"uv": [22, 24], "uv_size": [0.5, 1]},
								"west": {"uv": [24, 22], "uv_size": [0.5, 1]},
								"up": {"uv": [38, 44], "uv_size": [0.5, 0.5]},
								"down": {"uv": [44, 38.5], "uv_size": [0.5, -0.5]}
							}
						}
					]
				},
				{
					"name": "hexadecagon4",
					"parent": "bone4",
					"pivot": [0, 0, -2.25],
					"rotation": [0, -90, 0],
					"cubes": [
						{
							"origin": [-0.5, -0.04973, -2.5],
							"size": [0.5, 0.09946, 0.125],
							"pivot": [0, 0, -2.25],
							"rotation": [45, 0, 0],
							"uv": {
								"north": {"uv": [40, 44], "uv_size": [0.5, 0.5]},
								"east": {"uv": [44, 40], "uv_size": [0.5, 0.5]},
								"south": {"uv": [42, 44], "uv_size": [0.5, 0.5]},
								"west": {"uv": [44, 42], "uv_size": [0.5, 0.5]},
								"up": {"uv": [44, 44], "uv_size": [0.5, 0.5]},
								"down": {"uv": [0, 46.5], "uv_size": [0.5, -0.5]}
							}
						},
						{
							"origin": [-0.5, -0.04973, -2.5],
							"size": [0.5, 0.09946, 0.125],
							"pivot": [0, 0, -2.25],
							"rotation": [22.5, 0, 0],
							"uv": {
								"north": {"uv": [46, 0], "uv_size": [0.5, 0.5]},
								"east": {"uv": [2, 46], "uv_size": [0.5, 0.5]},
								"south": {"uv": [46, 2], "uv_size": [0.5, 0.5]},
								"west": {"uv": [4, 46], "uv_size": [0.5, 0.5]},
								"up": {"uv": [46, 4], "uv_size": [0.5, 0.5]},
								"down": {"uv": [6, 46.5], "uv_size": [0.5, -0.5]}
							}
						},
						{
							"origin": [-0.5, -0.04973, -2.5],
							"size": [0.5, 0.09946, 0.125],
							"uv": {
								"north": {"uv": [46, 6], "uv_size": [0.5, 0.5]},
								"east": {"uv": [8, 46], "uv_size": [0.5, 0.5]},
								"south": {"uv": [46, 8], "uv_size": [0.5, 0.5]},
								"west": {"uv": [10, 46], "uv_size": [0.5, 0.5]},
								"up": {"uv": [46, 10], "uv_size": [0.5, 0.5]},
								"down": {"uv": [12, 46.5], "uv_size": [0.5, -0.5]}
							}
						},
						{
							"origin": [-0.5, -0.04973, -2.5],
							"size": [0.5, 0.09946, 0.125],
							"pivot": [0, 0, -2.25],
							"rotation": [-22.5, 0, 0],
							"uv": {
								"north": {"uv": [46, 12], "uv_size": [0.5, 0.5]},
								"east": {"uv": [14, 46], "uv_size": [0.5, 0.5]},
								"south": {"uv": [46, 14], "uv_size": [0.5, 0.5]},
								"west": {"uv": [16, 46], "uv_size": [0.5, 0.5]},
								"up": {"uv": [46, 16], "uv_size": [0.5, 0.5]},
								"down": {"uv": [18, 46.5], "uv_size": [0.5, -0.5]}
							}
						},
						{
							"origin": [-0.5, -0.04973, -2.5],
							"size": [0.5, 0.09946, 0.125],
							"pivot": [0, 0, -2.25],
							"rotation": [-45, 0, 0],
							"uv": {
								"north": {"uv": [46, 18], "uv_size": [0.5, 0.5]},
								"east": {"uv": [20, 46], "uv_size": [0.5, 0.5]},
								"south": {"uv": [46, 20], "uv_size": [0.5, 0.5]},
								"west": {"uv": [22, 46], "uv_size": [0.5, 0.5]},
								"up": {"uv": [46, 22], "uv_size": [0.5, 0.5]},
								"down": {"uv": [24, 46.5], "uv_size": [0.5, -0.5]}
							}
						},
						{
							"origin": [-0.5, -0.04973, -2.125],
							"size": [0.5, 0.09946, 0.125],
							"pivot": [0, 0, -2.25],
							"rotation": [45, 0, 0],
							"uv": {
								"north": {"uv": [46, 24], "uv_size": [0.5, 0.5]},
								"east": {"uv": [26, 46], "uv_size": [0.5, 0.5]},
								"south": {"uv": [46, 26], "uv_size": [0.5, 0.5]},
								"west": {"uv": [28, 46], "uv_size": [0.5, 0.5]},
								"up": {"uv": [46, 28], "uv_size": [0.5, 0.5]},
								"down": {"uv": [30, 46.5], "uv_size": [0.5, -0.5]}
							}
						},
						{
							"origin": [-0.5, -0.04973, -2.125],
							"size": [0.5, 0.09946, 0.125],
							"pivot": [0, 0, -2.25],
							"rotation": [22.5, 0, 0],
							"uv": {
								"north": {"uv": [46, 30], "uv_size": [0.5, 0.5]},
								"east": {"uv": [32, 46], "uv_size": [0.5, 0.5]},
								"south": {"uv": [46, 32], "uv_size": [0.5, 0.5]},
								"west": {"uv": [34, 46], "uv_size": [0.5, 0.5]},
								"up": {"uv": [46, 34], "uv_size": [0.5, 0.5]},
								"down": {"uv": [36, 46.5], "uv_size": [0.5, -0.5]}
							}
						},
						{
							"origin": [-0.5, -0.04973, -2.125],
							"size": [0.5, 0.09946, 0.125],
							"uv": {
								"north": {"uv": [46, 36], "uv_size": [0.5, 0.5]},
								"east": {"uv": [38, 46], "uv_size": [0.5, 0.5]},
								"south": {"uv": [46, 38], "uv_size": [0.5, 0.5]},
								"west": {"uv": [40, 46], "uv_size": [0.5, 0.5]},
								"up": {"uv": [46, 40], "uv_size": [0.5, 0.5]},
								"down": {"uv": [42, 46.5], "uv_size": [0.5, -0.5]}
							}
						},
						{
							"origin": [-0.5, -0.04973, -2.125],
							"size": [0.5, 0.09946, 0.125],
							"pivot": [0, 0, -2.25],
							"rotation": [-22.5, 0, 0],
							"uv": {
								"north": {"uv": [46, 42], "uv_size": [0.5, 0.5]},
								"east": {"uv": [44, 46], "uv_size": [0.5, 0.5]},
								"south": {"uv": [46, 44], "uv_size": [0.5, 0.5]},
								"west": {"uv": [46, 46], "uv_size": [0.5, 0.5]},
								"up": {"uv": [0, 48], "uv_size": [0.5, 0.5]},
								"down": {"uv": [48, 0.5], "uv_size": [0.5, -0.5]}
							}
						},
						{
							"origin": [-0.5, -0.04973, -2.125],
							"size": [0.5, 0.09946, 0.125],
							"pivot": [0, 0, -2.25],
							"rotation": [-45, 0, 0],
							"uv": {
								"north": {"uv": [2, 48], "uv_size": [0.5, 0.5]},
								"east": {"uv": [48, 2], "uv_size": [0.5, 0.5]},
								"south": {"uv": [4, 48], "uv_size": [0.5, 0.5]},
								"west": {"uv": [48, 4], "uv_size": [0.5, 0.5]},
								"up": {"uv": [6, 48], "uv_size": [0.5, 0.5]},
								"down": {"uv": [48, 6.5], "uv_size": [0.5, -0.5]}
							}
						},
						{
							"origin": [-0.5, -0.25, -2.29973],
							"size": [0.5, 0.125, 0.09946],
							"pivot": [0, 0, -2.25],
							"rotation": [22.5, 0, 0],
							"uv": {
								"north": {"uv": [8, 48], "uv_size": [0.5, 0.5]},
								"east": {"uv": [48, 8], "uv_size": [0.5, 0.5]},
								"south": {"uv": [10, 48], "uv_size": [0.5, 0.5]},
								"west": {"uv": [48, 10], "uv_size": [0.5, 0.5]},
								"up": {"uv": [12, 48], "uv_size": [0.5, 0.5]},
								"down": {"uv": [48, 12.5], "uv_size": [0.5, -0.5]}
							}
						},
						{
							"origin": [-0.5, -0.25, -2.29973],
							"size": [0.5, 0.125, 0.09946],
							"uv": {
								"north": {"uv": [14, 48], "uv_size": [0.5, 0.5]},
								"east": {"uv": [48, 14], "uv_size": [0.5, 0.5]},
								"south": {"uv": [16, 48], "uv_size": [0.5, 0.5]},
								"west": {"uv": [48, 16], "uv_size": [0.5, 0.5]},
								"up": {"uv": [18, 48], "uv_size": [0.5, 0.5]},
								"down": {"uv": [48, 18.5], "uv_size": [0.5, -0.5]}
							}
						},
						{
							"origin": [-0.5, -0.25, -2.29973],
							"size": [0.5, 0.125, 0.09946],
							"pivot": [0, 0, -2.25],
							"rotation": [-22.5, 0, 0],
							"uv": {
								"north": {"uv": [20, 48], "uv_size": [0.5, 0.5]},
								"east": {"uv": [48, 20], "uv_size": [0.5, 0.5]},
								"south": {"uv": [22, 48], "uv_size": [0.5, 0.5]},
								"west": {"uv": [48, 22], "uv_size": [0.5, 0.5]},
								"up": {"uv": [24, 48], "uv_size": [0.5, 0.5]},
								"down": {"uv": [48, 24.5], "uv_size": [0.5, -0.5]}
							}
						},
						{
							"origin": [-0.5, 0.125, -2.29973],
							"size": [0.5, 0.125, 0.09946],
							"pivot": [0, 0, -2.25],
							"rotation": [22.5, 0, 0],
							"uv": {
								"north": {"uv": [26, 48], "uv_size": [0.5, 0.5]},
								"east": {"uv": [48, 26], "uv_size": [0.5, 0.5]},
								"south": {"uv": [28, 48], "uv_size": [0.5, 0.5]},
								"west": {"uv": [48, 28], "uv_size": [0.5, 0.5]},
								"up": {"uv": [30, 48], "uv_size": [0.5, 0.5]},
								"down": {"uv": [48, 30.5], "uv_size": [0.5, -0.5]}
							}
						},
						{
							"origin": [-0.5, 0.125, -2.29973],
							"size": [0.5, 0.125, 0.09946],
							"uv": {
								"north": {"uv": [32, 48], "uv_size": [0.5, 0.5]},
								"east": {"uv": [48, 32], "uv_size": [0.5, 0.5]},
								"south": {"uv": [34, 48], "uv_size": [0.5, 0.5]},
								"west": {"uv": [48, 34], "uv_size": [0.5, 0.5]},
								"up": {"uv": [36, 48], "uv_size": [0.5, 0.5]},
								"down": {"uv": [48, 36.5], "uv_size": [0.5, -0.5]}
							}
						},
						{
							"origin": [-0.5, 0.125, -2.29973],
							"size": [0.5, 0.125, 0.09946],
							"pivot": [0, 0, -2.25],
							"rotation": [-22.5, 0, 0],
							"uv": {
								"north": {"uv": [38, 48], "uv_size": [0.5, 0.5]},
								"east": {"uv": [48, 38], "uv_size": [0.5, 0.5]},
								"south": {"uv": [40, 48], "uv_size": [0.5, 0.5]},
								"west": {"uv": [48, 40], "uv_size": [0.5, 0.5]},
								"up": {"uv": [42, 48], "uv_size": [0.5, 0.5]},
								"down": {"uv": [48, 42.5], "uv_size": [0.5, -0.5]}
							}
						}
					]
				},
				{
					"name": "bone5",
					"parent": "co_kinetics_pro",
					"pivot": [1, 0, -4],
					"cubes": [
						{
							"origin": [-0.625, -0.375, -3.5],
							"size": [0.375, 0.75, 0.5],
							"uv": {
								"north": {"uv": [24, 24], "uv_size": [0.5, 1]},
								"east": {"uv": [0, 26], "uv_size": [0.5, 1]},
								"south": {"uv": [26, 0], "uv_size": [0.5, 1]},
								"west": {"uv": [2, 26], "uv_size": [0.5, 1]},
								"up": {"uv": [44, 48], "uv_size": [0.5, 0.5]},
								"down": {"uv": [48, 44.5], "uv_size": [0.5, -0.5]}
							}
						},
						{
							"origin": [-0.27167, -0.37532, -3.5],
							"size": [0.177, 0.3645, 0.5],
							"pivot": [0.28033, -0.00032, -4],
							"rotation": [0, 0, 45],
							"uv": {
								"north": {"uv": [46, 48], "uv_size": [0.5, 0.5]},
								"east": {"uv": [48, 46], "uv_size": [0.5, 0.5]},
								"south": {"uv": [48, 48], "uv_size": [0.5, 0.5]},
								"west": {"uv": [0, 50], "uv_size": [0.5, 0.5]},
								"up": {"uv": [50, 0], "uv_size": [0.5, 0.5]},
								"down": {"uv": [2, 50.5], "uv_size": [0.5, -0.5]}
							}
						},
						{
							"origin": [0.09467, 0.01082, -3.5],
							"size": [0.177, 0.3645, 0.5],
							"pivot": [-0.28033, 0.00032, -4],
							"rotation": [0, 0, 45],
							"uv": {
								"north": {"uv": [50, 2], "uv_size": [0.5, 0.5]},
								"east": {"uv": [4, 50], "uv_size": [0.5, 0.5]},
								"south": {"uv": [50, 4], "uv_size": [0.5, 0.5]},
								"west": {"uv": [6, 50], "uv_size": [0.5, 0.5]},
								"up": {"uv": [50, 6], "uv_size": [0.5, 0.5]},
								"down": {"uv": [8, 50.5], "uv_size": [0.5, -0.5]}
							}
						},
						{
							"origin": [0.09467, -0.37532, -3.5],
							"size": [0.177, 0.3645, 0.5],
							"pivot": [-0.28033, -0.00032, -4],
							"rotation": [0, 0, -45],
							"uv": {
								"north": {"uv": [50, 8], "uv_size": [0.5, 0.5]},
								"east": {"uv": [10, 50], "uv_size": [0.5, 0.5]},
								"south": {"uv": [50, 10], "uv_size": [0.5, 0.5]},
								"west": {"uv": [12, 50], "uv_size": [0.5, 0.5]},
								"up": {"uv": [50, 12], "uv_size": [0.5, 0.5]},
								"down": {"uv": [14, 50.5], "uv_size": [0.5, -0.5]}
							}
						},
						{
							"origin": [-0.27167, 0.01082, -3.5],
							"size": [0.177, 0.3645, 0.5],
							"pivot": [0.28033, 0.00032, -4],
							"rotation": [0, 0, -45],
							"uv": {
								"north": {"uv": [50, 14], "uv_size": [0.5, 0.5]},
								"east": {"uv": [16, 50], "uv_size": [0.5, 0.5]},
								"south": {"uv": [50, 16], "uv_size": [0.5, 0.5]},
								"west": {"uv": [18, 50], "uv_size": [0.5, 0.5]},
								"up": {"uv": [50, 18], "uv_size": [0.5, 0.5]},
								"down": {"uv": [20, 50.5], "uv_size": [0.5, -0.5]}
							}
						},
						{
							"origin": [0.25, -0.375, -3.5],
							"size": [0.375, 0.75, 0.5],
							"uv": {
								"north": {"uv": [26, 2], "uv_size": [0.5, 1]},
								"east": {"uv": [4, 26], "uv_size": [0.5, 1]},
								"south": {"uv": [26, 4], "uv_size": [0.5, 1]},
								"west": {"uv": [6, 26], "uv_size": [0.5, 1]},
								"up": {"uv": [50, 20], "uv_size": [0.5, 0.5]},
								"down": {"uv": [22, 50.5], "uv_size": [0.5, -0.5]}
							}
						}
					]
				},
				{
					"name": "hexadecagon5",
					"parent": "bone5",
					"pivot": [0, 0, -3],
					"rotation": [0, -90, 0],
					"cubes": [
						{
							"origin": [-0.5, -0.04973, -3.25],
							"size": [0.5, 0.09946, 0.125],
							"pivot": [0, 0, -3],
							"rotation": [45, 0, 0],
							"uv": {
								"north": {"uv": [50, 22], "uv_size": [0.5, 0.5]},
								"east": {"uv": [24, 50], "uv_size": [0.5, 0.5]},
								"south": {"uv": [50, 24], "uv_size": [0.5, 0.5]},
								"west": {"uv": [26, 50], "uv_size": [0.5, 0.5]},
								"up": {"uv": [50, 26], "uv_size": [0.5, 0.5]},
								"down": {"uv": [28, 50.5], "uv_size": [0.5, -0.5]}
							}
						},
						{
							"origin": [-0.5, -0.04973, -3.25],
							"size": [0.5, 0.09946, 0.125],
							"pivot": [0, 0, -3],
							"rotation": [22.5, 0, 0],
							"uv": {
								"north": {"uv": [50, 28], "uv_size": [0.5, 0.5]},
								"east": {"uv": [30, 50], "uv_size": [0.5, 0.5]},
								"south": {"uv": [50, 30], "uv_size": [0.5, 0.5]},
								"west": {"uv": [32, 50], "uv_size": [0.5, 0.5]},
								"up": {"uv": [50, 32], "uv_size": [0.5, 0.5]},
								"down": {"uv": [34, 50.5], "uv_size": [0.5, -0.5]}
							}
						},
						{
							"origin": [-0.5, -0.04973, -3.25],
							"size": [0.5, 0.09946, 0.125],
							"uv": {
								"north": {"uv": [50, 34], "uv_size": [0.5, 0.5]},
								"east": {"uv": [36, 50], "uv_size": [0.5, 0.5]},
								"south": {"uv": [50, 36], "uv_size": [0.5, 0.5]},
								"west": {"uv": [38, 50], "uv_size": [0.5, 0.5]},
								"up": {"uv": [50, 38], "uv_size": [0.5, 0.5]},
								"down": {"uv": [40, 50.5], "uv_size": [0.5, -0.5]}
							}
						},
						{
							"origin": [-0.5, -0.04973, -3.25],
							"size": [0.5, 0.09946, 0.125],
							"pivot": [0, 0, -3],
							"rotation": [-22.5, 0, 0],
							"uv": {
								"north": {"uv": [50, 40], "uv_size": [0.5, 0.5]},
								"east": {"uv": [42, 50], "uv_size": [0.5, 0.5]},
								"south": {"uv": [50, 42], "uv_size": [0.5, 0.5]},
								"west": {"uv": [44, 50], "uv_size": [0.5, 0.5]},
								"up": {"uv": [50, 44], "uv_size": [0.5, 0.5]},
								"down": {"uv": [46, 50.5], "uv_size": [0.5, -0.5]}
							}
						},
						{
							"origin": [-0.5, -0.04973, -3.25],
							"size": [0.5, 0.09946, 0.125],
							"pivot": [0, 0, -3],
							"rotation": [-45, 0, 0],
							"uv": {
								"north": {"uv": [50, 46], "uv_size": [0.5, 0.5]},
								"east": {"uv": [48, 50], "uv_size": [0.5, 0.5]},
								"south": {"uv": [50, 48], "uv_size": [0.5, 0.5]},
								"west": {"uv": [50, 50], "uv_size": [0.5, 0.5]},
								"up": {"uv": [0, 52], "uv_size": [0.5, 0.5]},
								"down": {"uv": [52, 0.5], "uv_size": [0.5, -0.5]}
							}
						},
						{
							"origin": [-0.5, -0.04973, -2.875],
							"size": [0.5, 0.09946, 0.125],
							"pivot": [0, 0, -3],
							"rotation": [45, 0, 0],
							"uv": {
								"north": {"uv": [2, 52], "uv_size": [0.5, 0.5]},
								"east": {"uv": [52, 2], "uv_size": [0.5, 0.5]},
								"south": {"uv": [4, 52], "uv_size": [0.5, 0.5]},
								"west": {"uv": [52, 4], "uv_size": [0.5, 0.5]},
								"up": {"uv": [6, 52], "uv_size": [0.5, 0.5]},
								"down": {"uv": [52, 6.5], "uv_size": [0.5, -0.5]}
							}
						},
						{
							"origin": [-0.5, -0.04973, -2.875],
							"size": [0.5, 0.09946, 0.125],
							"pivot": [0, 0, -3],
							"rotation": [22.5, 0, 0],
							"uv": {
								"north": {"uv": [8, 52], "uv_size": [0.5, 0.5]},
								"east": {"uv": [52, 8], "uv_size": [0.5, 0.5]},
								"south": {"uv": [10, 52], "uv_size": [0.5, 0.5]},
								"west": {"uv": [52, 10], "uv_size": [0.5, 0.5]},
								"up": {"uv": [12, 52], "uv_size": [0.5, 0.5]},
								"down": {"uv": [52, 12.5], "uv_size": [0.5, -0.5]}
							}
						},
						{
							"origin": [-0.5, -0.04973, -2.875],
							"size": [0.5, 0.09946, 0.125],
							"uv": {
								"north": {"uv": [14, 52], "uv_size": [0.5, 0.5]},
								"east": {"uv": [52, 14], "uv_size": [0.5, 0.5]},
								"south": {"uv": [16, 52], "uv_size": [0.5, 0.5]},
								"west": {"uv": [52, 16], "uv_size": [0.5, 0.5]},
								"up": {"uv": [18, 52], "uv_size": [0.5, 0.5]},
								"down": {"uv": [52, 18.5], "uv_size": [0.5, -0.5]}
							}
						},
						{
							"origin": [-0.5, -0.04973, -2.875],
							"size": [0.5, 0.09946, 0.125],
							"pivot": [0, 0, -3],
							"rotation": [-22.5, 0, 0],
							"uv": {
								"north": {"uv": [20, 52], "uv_size": [0.5, 0.5]},
								"east": {"uv": [52, 20], "uv_size": [0.5, 0.5]},
								"south": {"uv": [22, 52], "uv_size": [0.5, 0.5]},
								"west": {"uv": [52, 22], "uv_size": [0.5, 0.5]},
								"up": {"uv": [24, 52], "uv_size": [0.5, 0.5]},
								"down": {"uv": [52, 24.5], "uv_size": [0.5, -0.5]}
							}
						},
						{
							"origin": [-0.5, -0.04973, -2.875],
							"size": [0.5, 0.09946, 0.125],
							"pivot": [0, 0, -3],
							"rotation": [-45, 0, 0],
							"uv": {
								"north": {"uv": [26, 52], "uv_size": [0.5, 0.5]},
								"east": {"uv": [52, 26], "uv_size": [0.5, 0.5]},
								"south": {"uv": [28, 52], "uv_size": [0.5, 0.5]},
								"west": {"uv": [52, 28], "uv_size": [0.5, 0.5]},
								"up": {"uv": [30, 52], "uv_size": [0.5, 0.5]},
								"down": {"uv": [52, 30.5], "uv_size": [0.5, -0.5]}
							}
						},
						{
							"origin": [-0.5, -0.25, -3.04973],
							"size": [0.5, 0.125, 0.09946],
							"pivot": [0, 0, -3],
							"rotation": [22.5, 0, 0],
							"uv": {
								"north": {"uv": [32, 52], "uv_size": [0.5, 0.5]},
								"east": {"uv": [52, 32], "uv_size": [0.5, 0.5]},
								"south": {"uv": [34, 52], "uv_size": [0.5, 0.5]},
								"west": {"uv": [52, 34], "uv_size": [0.5, 0.5]},
								"up": {"uv": [36, 52], "uv_size": [0.5, 0.5]},
								"down": {"uv": [52, 36.5], "uv_size": [0.5, -0.5]}
							}
						},
						{
							"origin": [-0.5, -0.25, -3.04973],
							"size": [0.5, 0.125, 0.09946],
							"uv": {
								"north": {"uv": [38, 52], "uv_size": [0.5, 0.5]},
								"east": {"uv": [52, 38], "uv_size": [0.5, 0.5]},
								"south": {"uv": [40, 52], "uv_size": [0.5, 0.5]},
								"west": {"uv": [52, 40], "uv_size": [0.5, 0.5]},
								"up": {"uv": [42, 52], "uv_size": [0.5, 0.5]},
								"down": {"uv": [52, 42.5], "uv_size": [0.5, -0.5]}
							}
						},
						{
							"origin": [-0.5, -0.25, -3.04973],
							"size": [0.5, 0.125, 0.09946],
							"pivot": [0, 0, -3],
							"rotation": [-22.5, 0, 0],
							"uv": {
								"north": {"uv": [44, 52], "uv_size": [0.5, 0.5]},
								"east": {"uv": [52, 44], "uv_size": [0.5, 0.5]},
								"south": {"uv": [46, 52], "uv_size": [0.5, 0.5]},
								"west": {"uv": [52, 46], "uv_size": [0.5, 0.5]},
								"up": {"uv": [48, 52], "uv_size": [0.5, 0.5]},
								"down": {"uv": [52, 48.5], "uv_size": [0.5, -0.5]}
							}
						},
						{
							"origin": [-0.5, 0.125, -3.04973],
							"size": [0.5, 0.125, 0.09946],
							"pivot": [0, 0, -3],
							"rotation": [22.5, 0, 0],
							"uv": {
								"north": {"uv": [50, 52], "uv_size": [0.5, 0.5]},
								"east": {"uv": [52, 50], "uv_size": [0.5, 0.5]},
								"south": {"uv": [52, 52], "uv_size": [0.5, 0.5]},
								"west": {"uv": [0, 54], "uv_size": [0.5, 0.5]},
								"up": {"uv": [54, 0], "uv_size": [0.5, 0.5]},
								"down": {"uv": [2, 54.5], "uv_size": [0.5, -0.5]}
							}
						},
						{
							"origin": [-0.5, 0.125, -3.04973],
							"size": [0.5, 0.125, 0.09946],
							"uv": {
								"north": {"uv": [54, 2], "uv_size": [0.5, 0.5]},
								"east": {"uv": [4, 54], "uv_size": [0.5, 0.5]},
								"south": {"uv": [54, 4], "uv_size": [0.5, 0.5]},
								"west": {"uv": [6, 54], "uv_size": [0.5, 0.5]},
								"up": {"uv": [54, 6], "uv_size": [0.5, 0.5]},
								"down": {"uv": [8, 54.5], "uv_size": [0.5, -0.5]}
							}
						},
						{
							"origin": [-0.5, 0.125, -3.04973],
							"size": [0.5, 0.125, 0.09946],
							"pivot": [0, 0, -3],
							"rotation": [-22.5, 0, 0],
							"uv": {
								"north": {"uv": [54, 8], "uv_size": [0.5, 0.5]},
								"east": {"uv": [10, 54], "uv_size": [0.5, 0.5]},
								"south": {"uv": [54, 10], "uv_size": [0.5, 0.5]},
								"west": {"uv": [12, 54], "uv_size": [0.5, 0.5]},
								"up": {"uv": [54, 12], "uv_size": [0.5, 0.5]},
								"down": {"uv": [14, 54.5], "uv_size": [0.5, -0.5]}
							}
						}
					]
				},
				{
					"name": "bone6",
					"parent": "co_kinetics_pro",
					"pivot": [1, 0, -4.75],
					"cubes": [
						{
							"origin": [-0.5, 0.25, -4.25],
							"size": [1, 0.25, 4.25],
							"uv": {
								"north": {"uv": [26, 6], "uv_size": [1, 0.5]},
								"east": {"uv": [6, 0], "uv_size": [4.5, 0.5]},
								"south": {"uv": [8, 26], "uv_size": [1, 0.5]},
								"west": {"uv": [2, 6], "uv_size": [4.5, 0.5]},
								"up": {"uv": [0, 0], "uv_size": [1, 4.5]},
								"down": {"uv": [2, 4.5], "uv_size": [1, -4.5]}
							}
						},
						{
							"origin": [-0.5, -0.5, -4.25],
							"size": [1, 0.25, 4.25],
							"uv": {
								"north": {"uv": [26, 8], "uv_size": [1, 0.5]},
								"east": {"uv": [6, 2], "uv_size": [4.5, 0.5]},
								"south": {"uv": [10, 26], "uv_size": [1, 0.5]},
								"west": {"uv": [6, 4], "uv_size": [4.5, 0.5]},
								"up": {"uv": [4, 0], "uv_size": [1, 4.5]},
								"down": {"uv": [0, 10.5], "uv_size": [1, -4.5]}
							}
						},
						{
							"origin": [-0.625, -0.375, -4.25],
							"size": [0.375, 0.75, 0.5],
							"uv": {
								"north": {"uv": [26, 10], "uv_size": [0.5, 1]},
								"east": {"uv": [12, 26], "uv_size": [0.5, 1]},
								"south": {"uv": [26, 12], "uv_size": [0.5, 1]},
								"west": {"uv": [14, 26], "uv_size": [0.5, 1]},
								"up": {"uv": [54, 14], "uv_size": [0.5, 0.5]},
								"down": {"uv": [16, 54.5], "uv_size": [0.5, -0.5]}
							}
						},
						{
							"origin": [-0.52167, -0.12532, -4.25],
							"size": [0.177, 0.177, 4.25],
							"pivot": [0.03033, 0.24968, -4.75],
							"rotation": [0, 0, 45],
							"uv": {
								"north": {"uv": [54, 16], "uv_size": [0.5, 0.5]},
								"east": {"uv": [2, 8], "uv_size": [4.5, 0.5]},
								"south": {"uv": [18, 54], "uv_size": [0.5, 0.5]},
								"west": {"uv": [8, 6], "uv_size": [4.5, 0.5]},
								"up": {"uv": [8, 8], "uv_size": [0.5, 4.5]},
								"down": {"uv": [2, 14.5], "uv_size": [0.5, -4.5]}
							}
						},
						{
							"origin": [-0.27167, -0.37532, -4.25],
							"size": [0.177, 0.3645, 0.5],
							"pivot": [0.28033, -0.00032, -4.75],
							"rotation": [0, 0, 45],
							"uv": {
								"north": {"uv": [54, 18], "uv_size": [0.5, 0.5]},
								"east": {"uv": [20, 54], "uv_size": [0.5, 0.5]},
								"south": {"uv": [54, 20], "uv_size": [0.5, 0.5]},
								"west": {"uv": [22, 54], "uv_size": [0.5, 0.5]},
								"up": {"uv": [54, 22], "uv_size": [0.5, 0.5]},
								"down": {"uv": [24, 54.5], "uv_size": [0.5, -0.5]}
							}
						},
						{
							"origin": [0.09467, 0.01082, -4.25],
							"size": [0.177, 0.3645, 0.5],
							"pivot": [-0.28033, 0.00032, -4.75],
							"rotation": [0, 0, 45],
							"uv": {
								"north": {"uv": [54, 24], "uv_size": [0.5, 0.5]},
								"east": {"uv": [26, 54], "uv_size": [0.5, 0.5]},
								"south": {"uv": [54, 26], "uv_size": [0.5, 0.5]},
								"west": {"uv": [28, 54], "uv_size": [0.5, 0.5]},
								"up": {"uv": [54, 28], "uv_size": [0.5, 0.5]},
								"down": {"uv": [30, 54.5], "uv_size": [0.5, -0.5]}
							}
						},
						{
							"origin": [0.09467, -0.37532, -4.25],
							"size": [0.177, 0.3645, 0.5],
							"pivot": [-0.28033, -0.00032, -4.75],
							"rotation": [0, 0, -45],
							"uv": {
								"north": {"uv": [54, 30], "uv_size": [0.5, 0.5]},
								"east": {"uv": [32, 54], "uv_size": [0.5, 0.5]},
								"south": {"uv": [54, 32], "uv_size": [0.5, 0.5]},
								"west": {"uv": [34, 54], "uv_size": [0.5, 0.5]},
								"up": {"uv": [54, 34], "uv_size": [0.5, 0.5]},
								"down": {"uv": [36, 54.5], "uv_size": [0.5, -0.5]}
							}
						},
						{
							"origin": [-0.27167, 0.01082, -4.25],
							"size": [0.177, 0.3645, 0.5],
							"pivot": [0.28033, 0.00032, -4.75],
							"rotation": [0, 0, -45],
							"uv": {
								"north": {"uv": [54, 36], "uv_size": [0.5, 0.5]},
								"east": {"uv": [38, 54], "uv_size": [0.5, 0.5]},
								"south": {"uv": [54, 38], "uv_size": [0.5, 0.5]},
								"west": {"uv": [40, 54], "uv_size": [0.5, 0.5]},
								"up": {"uv": [54, 40], "uv_size": [0.5, 0.5]},
								"down": {"uv": [42, 54.5], "uv_size": [0.5, -0.5]}
							}
						},
						{
							"origin": [-0.52167, -0.87532, -4.25],
							"size": [0.177, 0.177, 4.25],
							"pivot": [0.03033, -0.50032, -4.75],
							"rotation": [0, 0, 45],
							"uv": {
								"north": {"uv": [54, 42], "uv_size": [0.5, 0.5]},
								"east": {"uv": [10, 8], "uv_size": [4.5, 0.5]},
								"south": {"uv": [44, 54], "uv_size": [0.5, 0.5]},
								"west": {"uv": [10, 10], "uv_size": [4.5, 0.5]},
								"up": {"uv": [4, 10], "uv_size": [0.5, 4.5]},
								"down": {"uv": [6, 14.5], "uv_size": [0.5, -4.5]}
							}
						},
						{
							"origin": [0.47833, -0.87532, -4.25],
							"size": [0.177, 0.177, 4.25],
							"pivot": [1.03033, -0.50032, -4.75],
							"rotation": [0, 0, 45],
							"uv": {
								"north": {"uv": [54, 44], "uv_size": [0.5, 0.5]},
								"east": {"uv": [12, 0], "uv_size": [4.5, 0.5]},
								"south": {"uv": [46, 54], "uv_size": [0.5, 0.5]},
								"west": {"uv": [12, 2], "uv_size": [4.5, 0.5]},
								"up": {"uv": [0, 12], "uv_size": [0.5, 4.5]},
								"down": {"uv": [10, 16.5], "uv_size": [0.5, -4.5]}
							}
						},
						{
							"origin": [0.47833, -0.12532, -4.25],
							"size": [0.177, 0.177, 4.25],
							"pivot": [1.03033, 0.24968, -4.75],
							"rotation": [0, 0, 45],
							"uv": {
								"north": {"uv": [54, 46], "uv_size": [0.5, 0.5]},
								"east": {"uv": [12, 4], "uv_size": [4.5, 0.5]},
								"south": {"uv": [48, 54], "uv_size": [0.5, 0.5]},
								"west": {"uv": [12, 12], "uv_size": [4.5, 0.5]},
								"up": {"uv": [8, 14], "uv_size": [0.5, 4.5]},
								"down": {"uv": [12, 18.5], "uv_size": [0.5, -4.5]}
							}
						},
						{
							"origin": [0.25, -0.375, -4.25],
							"size": [0.375, 0.75, 0.5],
							"uv": {
								"north": {"uv": [26, 14], "uv_size": [0.5, 1]},
								"east": {"uv": [16, 26], "uv_size": [0.5, 1]},
								"south": {"uv": [26, 16], "uv_size": [0.5, 1]},
								"west": {"uv": [18, 26], "uv_size": [0.5, 1]},
								"up": {"uv": [54, 48], "uv_size": [0.5, 0.5]},
								"down": {"uv": [50, 54.5], "uv_size": [0.5, -0.5]}
							}
						}
					]
				},
				{
					"name": "hexadecagon6",
					"parent": "bone6",
					"pivot": [0, 0, -3.75],
					"rotation": [0, -90, 0],
					"cubes": [
						{
							"origin": [-0.5, -0.04973, -4],
							"size": [0.5, 0.09946, 0.125],
							"pivot": [0, 0, -3.75],
							"rotation": [45, 0, 0],
							"uv": {
								"north": {"uv": [54, 50], "uv_size": [0.5, 0.5]},
								"east": {"uv": [52, 54], "uv_size": [0.5, 0.5]},
								"south": {"uv": [54, 52], "uv_size": [0.5, 0.5]},
								"west": {"uv": [54, 54], "uv_size": [0.5, 0.5]},
								"up": {"uv": [0, 56], "uv_size": [0.5, 0.5]},
								"down": {"uv": [56, 0.5], "uv_size": [0.5, -0.5]}
							}
						},
						{
							"origin": [-0.5, -0.04973, -4],
							"size": [0.5, 0.09946, 0.125],
							"pivot": [0, 0, -3.75],
							"rotation": [22.5, 0, 0],
							"uv": {
								"north": {"uv": [2, 56], "uv_size": [0.5, 0.5]},
								"east": {"uv": [56, 2], "uv_size": [0.5, 0.5]},
								"south": {"uv": [4, 56], "uv_size": [0.5, 0.5]},
								"west": {"uv": [56, 4], "uv_size": [0.5, 0.5]},
								"up": {"uv": [6, 56], "uv_size": [0.5, 0.5]},
								"down": {"uv": [56, 6.5], "uv_size": [0.5, -0.5]}
							}
						},
						{
							"origin": [-0.5, -0.04973, -4],
							"size": [0.5, 0.09946, 0.125],
							"uv": {
								"north": {"uv": [8, 56], "uv_size": [0.5, 0.5]},
								"east": {"uv": [56, 8], "uv_size": [0.5, 0.5]},
								"south": {"uv": [10, 56], "uv_size": [0.5, 0.5]},
								"west": {"uv": [56, 10], "uv_size": [0.5, 0.5]},
								"up": {"uv": [12, 56], "uv_size": [0.5, 0.5]},
								"down": {"uv": [56, 12.5], "uv_size": [0.5, -0.5]}
							}
						},
						{
							"origin": [-0.5, -0.04973, -4],
							"size": [0.5, 0.09946, 0.125],
							"pivot": [0, 0, -3.75],
							"rotation": [-22.5, 0, 0],
							"uv": {
								"north": {"uv": [14, 56], "uv_size": [0.5, 0.5]},
								"east": {"uv": [56, 14], "uv_size": [0.5, 0.5]},
								"south": {"uv": [16, 56], "uv_size": [0.5, 0.5]},
								"west": {"uv": [56, 16], "uv_size": [0.5, 0.5]},
								"up": {"uv": [18, 56], "uv_size": [0.5, 0.5]},
								"down": {"uv": [56, 18.5], "uv_size": [0.5, -0.5]}
							}
						},
						{
							"origin": [-0.5, -0.04973, -4],
							"size": [0.5, 0.09946, 0.125],
							"pivot": [0, 0, -3.75],
							"rotation": [-45, 0, 0],
							"uv": {
								"north": {"uv": [20, 56], "uv_size": [0.5, 0.5]},
								"east": {"uv": [56, 20], "uv_size": [0.5, 0.5]},
								"south": {"uv": [22, 56], "uv_size": [0.5, 0.5]},
								"west": {"uv": [56, 22], "uv_size": [0.5, 0.5]},
								"up": {"uv": [24, 56], "uv_size": [0.5, 0.5]},
								"down": {"uv": [56, 24.5], "uv_size": [0.5, -0.5]}
							}
						},
						{
							"origin": [-0.5, -0.04973, -3.625],
							"size": [0.5, 0.09946, 0.125],
							"pivot": [0, 0, -3.75],
							"rotation": [45, 0, 0],
							"uv": {
								"north": {"uv": [26, 56], "uv_size": [0.5, 0.5]},
								"east": {"uv": [56, 26], "uv_size": [0.5, 0.5]},
								"south": {"uv": [28, 56], "uv_size": [0.5, 0.5]},
								"west": {"uv": [56, 28], "uv_size": [0.5, 0.5]},
								"up": {"uv": [30, 56], "uv_size": [0.5, 0.5]},
								"down": {"uv": [56, 30.5], "uv_size": [0.5, -0.5]}
							}
						},
						{
							"origin": [-0.5, -0.04973, -3.625],
							"size": [0.5, 0.09946, 0.125],
							"pivot": [0, 0, -3.75],
							"rotation": [22.5, 0, 0],
							"uv": {
								"north": {"uv": [32, 56], "uv_size": [0.5, 0.5]},
								"east": {"uv": [56, 32], "uv_size": [0.5, 0.5]},
								"south": {"uv": [34, 56], "uv_size": [0.5, 0.5]},
								"west": {"uv": [56, 34], "uv_size": [0.5, 0.5]},
								"up": {"uv": [36, 56], "uv_size": [0.5, 0.5]},
								"down": {"uv": [56, 36.5], "uv_size": [0.5, -0.5]}
							}
						},
						{
							"origin": [-0.5, -0.04973, -3.625],
							"size": [0.5, 0.09946, 0.125],
							"uv": {
								"north": {"uv": [38, 56], "uv_size": [0.5, 0.5]},
								"east": {"uv": [56, 38], "uv_size": [0.5, 0.5]},
								"south": {"uv": [40, 56], "uv_size": [0.5, 0.5]},
								"west": {"uv": [56, 40], "uv_size": [0.5, 0.5]},
								"up": {"uv": [42, 56], "uv_size": [0.5, 0.5]},
								"down": {"uv": [56, 42.5], "uv_size": [0.5, -0.5]}
							}
						},
						{
							"origin": [-0.5, -0.04973, -3.625],
							"size": [0.5, 0.09946, 0.125],
							"pivot": [0, 0, -3.75],
							"rotation": [-22.5, 0, 0],
							"uv": {
								"north": {"uv": [44, 56], "uv_size": [0.5, 0.5]},
								"east": {"uv": [56, 44], "uv_size": [0.5, 0.5]},
								"south": {"uv": [46, 56], "uv_size": [0.5, 0.5]},
								"west": {"uv": [56, 46], "uv_size": [0.5, 0.5]},
								"up": {"uv": [48, 56], "uv_size": [0.5, 0.5]},
								"down": {"uv": [56, 48.5], "uv_size": [0.5, -0.5]}
							}
						},
						{
							"origin": [-0.5, -0.04973, -3.625],
							"size": [0.5, 0.09946, 0.125],
							"pivot": [0, 0, -3.75],
							"rotation": [-45, 0, 0],
							"uv": {
								"north": {"uv": [50, 56], "uv_size": [0.5, 0.5]},
								"east": {"uv": [56, 50], "uv_size": [0.5, 0.5]},
								"south": {"uv": [52, 56], "uv_size": [0.5, 0.5]},
								"west": {"uv": [56, 52], "uv_size": [0.5, 0.5]},
								"up": {"uv": [54, 56], "uv_size": [0.5, 0.5]},
								"down": {"uv": [56, 54.5], "uv_size": [0.5, -0.5]}
							}
						},
						{
							"origin": [-0.5, -0.25, -3.79973],
							"size": [0.5, 0.125, 0.09946],
							"pivot": [0, 0, -3.75],
							"rotation": [22.5, 0, 0],
							"uv": {
								"north": {"uv": [56, 56], "uv_size": [0.5, 0.5]},
								"east": {"uv": [0, 58], "uv_size": [0.5, 0.5]},
								"south": {"uv": [58, 0], "uv_size": [0.5, 0.5]},
								"west": {"uv": [2, 58], "uv_size": [0.5, 0.5]},
								"up": {"uv": [58, 2], "uv_size": [0.5, 0.5]},
								"down": {"uv": [4, 58.5], "uv_size": [0.5, -0.5]}
							}
						},
						{
							"origin": [-0.5, -0.25, -3.79973],
							"size": [0.5, 0.125, 0.09946],
							"uv": {
								"north": {"uv": [58, 4], "uv_size": [0.5, 0.5]},
								"east": {"uv": [6, 58], "uv_size": [0.5, 0.5]},
								"south": {"uv": [58, 6], "uv_size": [0.5, 0.5]},
								"west": {"uv": [8, 58], "uv_size": [0.5, 0.5]},
								"up": {"uv": [58, 8], "uv_size": [0.5, 0.5]},
								"down": {"uv": [10, 58.5], "uv_size": [0.5, -0.5]}
							}
						},
						{
							"origin": [-0.5, -0.25, -3.79973],
							"size": [0.5, 0.125, 0.09946],
							"pivot": [0, 0, -3.75],
							"rotation": [-22.5, 0, 0],
							"uv": {
								"north": {"uv": [58, 10], "uv_size": [0.5, 0.5]},
								"east": {"uv": [12, 58], "uv_size": [0.5, 0.5]},
								"south": {"uv": [58, 12], "uv_size": [0.5, 0.5]},
								"west": {"uv": [14, 58], "uv_size": [0.5, 0.5]},
								"up": {"uv": [58, 14], "uv_size": [0.5, 0.5]},
								"down": {"uv": [16, 58.5], "uv_size": [0.5, -0.5]}
							}
						},
						{
							"origin": [-0.5, 0.125, -3.79973],
							"size": [0.5, 0.125, 0.09946],
							"pivot": [0, 0, -3.75],
							"rotation": [22.5, 0, 0],
							"uv": {
								"north": {"uv": [58, 16], "uv_size": [0.5, 0.5]},
								"east": {"uv": [18, 58], "uv_size": [0.5, 0.5]},
								"south": {"uv": [58, 18], "uv_size": [0.5, 0.5]},
								"west": {"uv": [20, 58], "uv_size": [0.5, 0.5]},
								"up": {"uv": [58, 20], "uv_size": [0.5, 0.5]},
								"down": {"uv": [22, 58.5], "uv_size": [0.5, -0.5]}
							}
						},
						{
							"origin": [-0.5, 0.125, -3.79973],
							"size": [0.5, 0.125, 0.09946],
							"uv": {
								"north": {"uv": [58, 22], "uv_size": [0.5, 0.5]},
								"east": {"uv": [24, 58], "uv_size": [0.5, 0.5]},
								"south": {"uv": [58, 24], "uv_size": [0.5, 0.5]},
								"west": {"uv": [26, 58], "uv_size": [0.5, 0.5]},
								"up": {"uv": [58, 26], "uv_size": [0.5, 0.5]},
								"down": {"uv": [28, 58.5], "uv_size": [0.5, -0.5]}
							}
						},
						{
							"origin": [-0.5, 0.125, -3.79973],
							"size": [0.5, 0.125, 0.09946],
							"pivot": [0, 0, -3.75],
							"rotation": [-22.5, 0, 0],
							"uv": {
								"north": {"uv": [58, 28], "uv_size": [0.5, 0.5]},
								"east": {"uv": [30, 58], "uv_size": [0.5, 0.5]},
								"south": {"uv": [58, 30], "uv_size": [0.5, 0.5]},
								"west": {"uv": [32, 58], "uv_size": [0.5, 0.5]},
								"up": {"uv": [58, 32], "uv_size": [0.5, 0.5]},
								"down": {"uv": [34, 58.5], "uv_size": [0.5, -0.5]}
							}
						}
					]
				}
			]
		}
	]
}