{
	"format_version": "1.12.0",
	"minecraft:geometry": [
		{
			"description": {
				"identifier": "geometry.unknown",
				"texture_width": 64,
				"texture_height": 64,
				"visible_bounds_width": 3,
				"visible_bounds_height": 1.5,
				"visible_bounds_offset": [0, 0.25, 0]
			},
			"bones": [
				{
					"name": "mw_m4_m16_stock",
					"pivot": [0, -1.04278, 11.44679]
				},
				{
					"name": "stock_default",
					"parent": "mw_m4_m16_stock",
					"pivot": [0, -1.04278, 11.44679],
					"cubes": [
						{
							"origin": [-1, -0.52329, 0.00001],
							"size": [2, 1, 11.87499],
							"inflate": 0.001,
							"uv": {
								"north": {"uv": [0, 22], "uv_size": [2, 1]},
								"east": {"uv": [9, 11], "uv_size": [12, 1]},
								"west": {"uv": [9, 13], "uv_size": [12, 1]}
							}
						},
						{
							"origin": [-0.375, 2.70556, -0.57279],
							"size": [0.75, 1, 11.07813],
							"pivot": [-0.06274, -1.98977, -11.18512],
							"rotation": [-20, 0, 0],
							"uv": {
								"north": {"uv": [15, 23], "uv_size": [1, 1]},
								"east": {"uv": [14, 2], "uv_size": [11, 1]},
								"south": {"uv": [17, 23], "uv_size": [1, 1]},
								"west": {"uv": [14, 4], "uv_size": [11, 1]},
								"down": {"uv": [13, 26], "uv_size": [1, -11]}
							}
						},
						{
							"origin": [-0.36745, -1.27624, 0.00001],
							"size": [0.375, 1, 4.87499],
							"pivot": [-0.06274, -1.98977, -11.18512],
							"rotation": [0, 0, -22.5],
							"uv": {
								"north": {"uv": [0, 31], "uv_size": [0.5, 1]},
								"east": {"uv": [15, 15], "uv_size": [5, 1]},
								"south": {"uv": [6, 31], "uv_size": [0.5, 1]}
							}
						},
						{
							"origin": [-0.0171, -1.22822, 0.00001],
							"size": [0.375, 1, 4.87499],
							"pivot": [-0.06274, -1.98977, -11.18512],
							"rotation": [0, 0, 22.5],
							"uv": {
								"north": {"uv": [12, 31], "uv_size": [0.5, 1]},
								"south": {"uv": [31, 12], "uv_size": [0.5, 1]},
								"west": {"uv": [15, 17], "uv_size": [5, 1]}
							}
						},
						{
							"origin": [-0.14461, 3.18366, 8.29729],
							"size": [0.28922, 0.34375, 0.28125],
							"pivot": [-0.06274, -1.98977, -11.18512],
							"rotation": [-22.5, 0, 0],
							"uv": {
								"north": {"uv": [33, 0], "uv_size": [0.5, 0.5]},
								"east": {"uv": [6, 33], "uv_size": [0.5, 0.5]},
								"south": {"uv": [33, 6], "uv_size": [0.5, 0.5]},
								"west": {"uv": [33, 8], "uv_size": [0.5, 0.5]},
								"down": {"uv": [33, 10.5], "uv_size": [0.5, -0.5]}
							}
						},
						{
							"origin": [-0.20711, 3.33991, 8.28166],
							"size": [0.41422, 0.25, 0.3125],
							"pivot": [-0.06274, -1.98977, -11.18512],
							"rotation": [-22.5, 0, 0],
							"uv": {
								"north": {"uv": [12, 33], "uv_size": [0.5, 0.5]},
								"east": {"uv": [33, 12], "uv_size": [0.5, 0.5]},
								"south": {"uv": [18, 33], "uv_size": [0.5, 0.5]},
								"west": {"uv": [20, 33], "uv_size": [0.5, 0.5]},
								"down": {"uv": [22, 33.5], "uv_size": [0.5, -0.5]}
							}
						},
						{
							"origin": [-0.41421, 0.125, 11.875],
							"size": [0.82842, 0.9375, 0.5],
							"uv": {
								"south": {"uv": [19, 23], "uv_size": [1, 1]},
								"up": {"uv": [18, 31], "uv_size": [1, 0.5]}
							}
						},
						{
							"origin": [1.6203, -0.99717, 11.875],
							"size": [0.8125, 0.82842, 0.5],
							"pivot": [-0.06274, -1.98977, -11.18512],
							"rotation": [0, 0, -45],
							"uv": {
								"north": {"uv": [21, 23], "uv_size": [1, 1]},
								"south": {"uv": [23, 23], "uv_size": [1, 1]},
								"west": {"uv": [20, 31], "uv_size": [0.5, 1]}
							}
						},
						{
							"origin": [-2.46955, -0.90845, 11.875],
							"size": [0.8125, 0.82842, 0.5],
							"pivot": [-0.06274, -1.98977, -11.18512],
							"rotation": [0, 0, 45],
							"uv": {
								"north": {"uv": [0, 24], "uv_size": [1, 1]},
								"east": {"uv": [22, 31], "uv_size": [0.5, 1]},
								"south": {"uv": [2, 25], "uv_size": [1, 1]}
							}
						},
						{
							"origin": [-1, -0.52328, 11.875],
							"size": [2, 1, 0.5],
							"inflate": 0.001,
							"uv": {
								"east": {"uv": [31, 23], "uv_size": [0.5, 1]},
								"south": {"uv": [22, 10], "uv_size": [2, 1]},
								"west": {"uv": [24, 31], "uv_size": [0.5, 1]}
							}
						},
						{
							"origin": [-0.41421, 0.3125, 0.00001],
							"size": [0.82842, 0.75, 11.87499],
							"uv": {
								"north": {"uv": [25, 6], "uv_size": [1, 1]},
								"up": {"uv": [9, 15], "uv_size": [1, 12]}
							}
						},
						{
							"origin": [-1.88376, -0.24424, 0.00001],
							"size": [0.82842, 0.75, 11.87499],
							"pivot": [-0.06274, -1.98977, -11.18512],
							"rotation": [0, 0, 45],
							"uv": {
								"north": {"uv": [25, 8], "uv_size": [1, 1]},
								"up": {"uv": [11, 15], "uv_size": [1, 12]}
							}
						},
						{
							"origin": [-2.46955, -0.90845, 0.00001],
							"size": [0.75, 0.82842, 11.87499],
							"pivot": [-0.06274, -1.98977, -11.18512],
							"rotation": [0, 0, 45],
							"uv": {
								"north": {"uv": [25, 10], "uv_size": [1, 1]},
								"east": {"uv": [14, 0], "uv_size": [12, 1]}
							}
						},
						{
							"origin": [-10.99598, 9.60164, 0.67654],
							"size": [0.13258, 0.875, 0.13258],
							"pivot": [-0.06274, -1.98977, -11.18512],
							"rotation": [-54.7356, 30, -35.2644],
							"uv": {
								"north": {"uv": [31, 27], "uv_size": [0.5, 1]},
								"east": {"uv": [2, 32], "uv_size": [0.5, 1]},
								"south": {"uv": [32, 2], "uv_size": [0.5, 1]},
								"west": {"uv": [4, 32], "uv_size": [0.5, 1]},
								"up": {"uv": [33, 22], "uv_size": [0.5, 0.5]},
								"down": {"uv": [24, 33.5], "uv_size": [0.5, -0.5]}
							}
						},
						{
							"origin": [10.82665, 9.60164, 0.58781],
							"size": [0.13258, 0.875, 0.13259],
							"pivot": [-0.06274, -1.98977, -11.18512],
							"rotation": [-54.7356, -30, 35.2644],
							"uv": {
								"north": {"uv": [32, 4], "uv_size": [0.5, 1]},
								"east": {"uv": [8, 32], "uv_size": [0.5, 1]},
								"south": {"uv": [10, 32], "uv_size": [0.5, 1]},
								"west": {"uv": [14, 32], "uv_size": [0.5, 1]},
								"up": {"uv": [33, 27], "uv_size": [0.5, 0.5]},
								"down": {"uv": [32, 33.5], "uv_size": [0.5, -0.5]}
							}
						},
						{
							"origin": [-0.6875, 10.28914, 4.83956],
							"size": [1.375, 0.1875, 0.1875],
							"pivot": [-0.06274, -1.98977, -11.18512],
							"rotation": [-45, 0, 0],
							"uv": {
								"north": {"uv": [26, 27], "uv_size": [1.5, 0.5]},
								"east": {"uv": [2, 34], "uv_size": [0.5, 0.5]},
								"south": {"uv": [3, 28], "uv_size": [1.5, 0.5]},
								"west": {"uv": [34, 2], "uv_size": [0.5, 0.5]},
								"up": {"uv": [9, 28], "uv_size": [1.5, 0.5]},
								"down": {"uv": [28, 12.5], "uv_size": [1.5, -0.5]}
							}
						},
						{
							"origin": [-0.6875, 9.60164, 4.83956],
							"size": [1.375, 0.1875, 0.1875],
							"pivot": [-0.06274, -1.98977, -11.18512],
							"rotation": [-45, 0, 0],
							"uv": {
								"north": {"uv": [28, 23], "uv_size": [1.5, 0.5]},
								"east": {"uv": [4, 34], "uv_size": [0.5, 0.5]},
								"south": {"uv": [0, 29], "uv_size": [1.5, 0.5]},
								"west": {"uv": [34, 4], "uv_size": [0.5, 0.5]},
								"up": {"uv": [29, 2], "uv_size": [1.5, 0.5]},
								"down": {"uv": [29, 4.5], "uv_size": [1.5, -0.5]}
							}
						},
						{
							"origin": [-0.36732, -1.69716, 0.00001],
							"size": [0.73464, 0.25, 4.89062],
							"uv": {
								"north": {"uv": [8, 34], "uv_size": [0.5, 0.5]},
								"south": {"uv": [10, 34], "uv_size": [0.5, 0.5]},
								"down": {"uv": [3, 24], "uv_size": [0.5, -5]}
							}
						},
						{
							"origin": [-0.83856, -1.99824, 0.00001],
							"size": [0.35355, 0.3125, 4.89062],
							"pivot": [-0.06274, -1.98977, -11.18512],
							"rotation": [0, 0, 45],
							"uv": {
								"north": {"uv": [14, 34], "uv_size": [0.5, 0.5]},
								"south": {"uv": [34, 14], "uv_size": [0.5, 0.5]},
								"down": {"uv": [5, 25], "uv_size": [0.5, -5]}
							}
						},
						{
							"origin": [0.44826, -2.08696, 0.00001],
							"size": [0.35355, 0.3125, 4.89062],
							"pivot": [-0.06274, -1.98977, -11.18512],
							"rotation": [0, 0, -45],
							"uv": {
								"north": {"uv": [16, 34], "uv_size": [0.5, 0.5]},
								"south": {"uv": [34, 16], "uv_size": [0.5, 0.5]},
								"down": {"uv": [7, 25], "uv_size": [0.5, -5]}
							}
						},
						{
							"origin": [-1, 4.69203, 2.72111],
							"size": [2, 1, 7.4375],
							"inflate": -0.001,
							"pivot": [-0.06274, -1.98977, -11.18512],
							"rotation": [-20, 0, 0],
							"uv": {
								"north": {"uv": [22, 12], "uv_size": [2, 1]},
								"east": {"uv": [14, 6], "uv_size": [7.5, 1]},
								"west": {"uv": [14, 8], "uv_size": [7.5, 1]},
								"down": {"uv": [6, 18.5], "uv_size": [2, -7.5]}
							}
						},
						{
							"origin": [-0.9062, -2.96597, 1.75315],
							"size": [2.08247, 0.49873, 9.46578],
							"pivot": [0, -2.28831, 6.48604],
							"rotation": [-6.24605, -19.03771, -71.45165],
							"uv": {
								"north": {"uv": [25, 12], "uv_size": [2, 0.5]},
								"east": {"uv": [15, 19], "uv_size": [9.5, 0.5]},
								"south": {"uv": [15, 25], "uv_size": [2, 0.5]},
								"west": {"uv": [15, 21], "uv_size": [9.5, 0.5]},
								"up": {"uv": [0, 8], "uv_size": [2, 9.5]},
								"down": {"uv": [8, 9.5], "uv_size": [2, -9.5]}
							}
						},
						{
							"origin": [-1.17627, -2.96597, 1.75315],
							"size": [2.08247, 0.49873, 9.46578],
							"pivot": [0, -2.28831, 6.48604],
							"rotation": [-6.24605, 19.03771, 71.45165],
							"uv": {
								"north": {"uv": [18, 25], "uv_size": [2, 0.5]},
								"east": {"uv": [21, 15], "uv_size": [9.5, 0.5]},
								"south": {"uv": [21, 25], "uv_size": [2, 0.5]},
								"west": {"uv": [21, 17], "uv_size": [9.5, 0.5]},
								"up": {"uv": [3, 8], "uv_size": [2, 9.5]},
								"down": {"uv": [11, 9.5], "uv_size": [2, -9.5]}
							}
						},
						{
							"origin": [-2.34138, -0.87336, 10.72339],
							"size": [1.5, 0.49874, 0.2314],
							"pivot": [-0.06274, -1.98977, -11.18512],
							"rotation": [-5.97858, 9.09425, 72.54796],
							"uv": {
								"north": {"uv": [6, 29], "uv_size": [1.5, 0.5]},
								"east": {"uv": [34, 18], "uv_size": [0.5, 0.5]},
								"south": {"uv": [12, 29], "uv_size": [1.5, 0.5]},
								"west": {"uv": [34, 20], "uv_size": [0.5, 0.5]},
								"up": {"uv": [18, 29], "uv_size": [1.5, 0.5]},
								"down": {"uv": [29, 19.5], "uv_size": [1.5, -0.5]}
							}
						},
						{
							"origin": [0.75378, -0.99534, 10.73007],
							"size": [1.5, 0.49873, 0.2314],
							"pivot": [-0.06274, -1.98977, -11.18512],
							"rotation": [-5.97858, -9.09425, -72.54796],
							"uv": {
								"north": {"uv": [21, 29], "uv_size": [1.5, 0.5]},
								"east": {"uv": [34, 24], "uv_size": [0.5, 0.5]},
								"south": {"uv": [29, 21], "uv_size": [1.5, 0.5]},
								"west": {"uv": [26, 34], "uv_size": [0.5, 0.5]},
								"up": {"uv": [24, 29], "uv_size": [1.5, 0.5]},
								"down": {"uv": [29, 25.5], "uv_size": [1.5, -0.5]}
							}
						},
						{
							"origin": [-1, 0.86619, 11.44763],
							"size": [2, 0.5625, 0.5],
							"pivot": [-0.06274, -1.98977, -11.18512],
							"rotation": [-10, 0, 0],
							"uv": {
								"north": {"uv": [25, 23], "uv_size": [2, 0.5]},
								"east": {"uv": [28, 34], "uv_size": [0.5, 0.5]},
								"south": {"uv": [24, 25], "uv_size": [2, 0.5]},
								"west": {"uv": [34, 29], "uv_size": [0.5, 0.5]},
								"up": {"uv": [26, 2], "uv_size": [2, 0.5]},
								"down": {"uv": [4, 26.5], "uv_size": [2, -0.5]}
							}
						},
						{
							"origin": [-0.52414, -0.64303, 11.44763],
							"size": [1.04828, 1.50922, 0.5],
							"pivot": [-0.06274, -1.98977, -11.18512],
							"rotation": [-10, 0, 0],
							"uv": {
								"north": {"uv": [6, 8], "uv_size": [1, 1.5]},
								"east": {"uv": [27, 29], "uv_size": [0.5, 1.5]},
								"south": {"uv": [23, 6], "uv_size": [1, 1.5]},
								"west": {"uv": [29, 27], "uv_size": [0.5, 1.5]},
								"up": {"uv": [32, 14], "uv_size": [1, 0.5]},
								"down": {"uv": [16, 32.5], "uv_size": [1, -0.5]}
							}
						},
						{
							"origin": [1.39814, -2.14452, 11.44763],
							"size": [1.58247, 0.49873, 0.5],
							"pivot": [-0.06274, -1.98977, -11.18512],
							"rotation": [-3.03513, -9.53274, -72.24687],
							"uv": {
								"north": {"uv": [30, 0], "uv_size": [1.5, 0.5]},
								"east": {"uv": [30, 34], "uv_size": [0.5, 0.5]},
								"south": {"uv": [3, 30], "uv_size": [1.5, 0.5]},
								"west": {"uv": [34, 31], "uv_size": [0.5, 0.5]},
								"up": {"uv": [30, 6], "uv_size": [1.5, 0.5]},
								"down": {"uv": [30, 8.5], "uv_size": [1.5, -0.5]}
							}
						},
						{
							"origin": [16.62048, -2.14451, 3.7642],
							"size": [0.70711, 0.49873, 0.375],
							"pivot": [-0.06274, -1.98977, -11.18512],
							"rotation": [-5.15097, -54.43627, -68.556],
							"uv": {
								"north": {"uv": [34, 33], "uv_size": [0.5, 0.5]},
								"east": {"uv": [0, 35], "uv_size": [0.5, 0.5]},
								"south": {"uv": [35, 0], "uv_size": [0.5, 0.5]},
								"west": {"uv": [6, 35], "uv_size": [0.5, 0.5]},
								"up": {"uv": [35, 6], "uv_size": [0.5, 0.5]},
								"down": {"uv": [35, 8.5], "uv_size": [0.5, -0.5]}
							}
						},
						{
							"origin": [-17.42638, -2.02484, 3.79088],
							"size": [0.70711, 0.49873, 0.375],
							"pivot": [-0.06274, -1.98977, -11.18512],
							"rotation": [-5.15097, 54.43627, 68.556],
							"uv": {
								"north": {"uv": [35, 10], "uv_size": [0.5, 0.5]},
								"east": {"uv": [12, 35], "uv_size": [0.5, 0.5]},
								"south": {"uv": [35, 12], "uv_size": [0.5, 0.5]},
								"west": {"uv": [18, 35], "uv_size": [0.5, 0.5]},
								"up": {"uv": [20, 35], "uv_size": [0.5, 0.5]},
								"down": {"uv": [22, 35.5], "uv_size": [0.5, -0.5]}
							}
						},
						{
							"origin": [-3.06835, -2.02486, 11.44763],
							"size": [1.58247, 0.49873, 0.5],
							"pivot": [-0.06274, -1.98977, -11.18512],
							"rotation": [-3.03513, 9.53274, 72.24687],
							"uv": {
								"north": {"uv": [9, 30], "uv_size": [1.5, 0.5]},
								"east": {"uv": [35, 22], "uv_size": [0.5, 0.5]},
								"south": {"uv": [30, 10], "uv_size": [1.5, 0.5]},
								"west": {"uv": [24, 35], "uv_size": [0.5, 0.5]},
								"up": {"uv": [15, 30], "uv_size": [1.5, 0.5]},
								"down": {"uv": [29, 30.5], "uv_size": [1.5, -0.5]}
							}
						},
						{
							"origin": [-3.06835, -2.02485, 10.94762],
							"size": [2.08247, 0.49873, 0.5],
							"pivot": [-0.06274, -1.98977, -11.18512],
							"rotation": [-3.03513, 9.53274, 72.24687],
							"uv": {
								"north": {"uv": [26, 4], "uv_size": [2, 0.5]},
								"east": {"uv": [35, 26], "uv_size": [0.5, 0.5]},
								"south": {"uv": [26, 19], "uv_size": [2, 0.5]},
								"west": {"uv": [32, 35], "uv_size": [0.5, 0.5]},
								"up": {"uv": [26, 21], "uv_size": [2, 0.5]},
								"down": {"uv": [0, 27.5], "uv_size": [2, -0.5]}
							}
						},
						{
							"origin": [0.89814, -2.14451, 10.94762],
							"size": [2.08247, 0.49873, 0.5],
							"pivot": [-0.06274, -1.98977, -11.18512],
							"rotation": [-3.03513, -9.53274, -72.24687],
							"uv": {
								"north": {"uv": [27, 0], "uv_size": [2, 0.5]},
								"east": {"uv": [34, 35], "uv_size": [0.5, 0.5]},
								"south": {"uv": [27, 6], "uv_size": [2, 0.5]},
								"west": {"uv": [2, 36], "uv_size": [0.5, 0.5]},
								"up": {"uv": [27, 8], "uv_size": [2, 0.5]},
								"down": {"uv": [27, 10.5], "uv_size": [2, -0.5]}
							}
						},
						{
							"origin": [-1, 0.86619, 10.94762],
							"size": [2, 1, 0.5],
							"pivot": [-0.06274, -1.98977, -11.18512],
							"rotation": [-10, 0, 0],
							"uv": {
								"east": {"uv": [32, 16], "uv_size": [0.5, 1]},
								"west": {"uv": [32, 18], "uv_size": [0.5, 1]},
								"down": {"uv": [13, 27.5], "uv_size": [2, -0.5]}
							}
						},
						{
							"origin": [-1, -2.27329, 7.125],
							"size": [2, 1.75, 4.75],
							"inflate": 0.001,
							"uv": {
								"east": {"uv": [0, 0], "uv_size": [7, 3]},
								"west": {"uv": [0, 4], "uv_size": [7, 3]}
							}
						},
						{
							"origin": [-1, -0.60047, 11.65753],
							"size": [2, 2.125, 0.5],
							"inflate": 0.001,
							"pivot": [-0.06274, -1.98977, -11.18512],
							"rotation": [-5, 0, 0],
							"uv": {
								"east": {"uv": [7, 26], "uv_size": [0.5, 2]},
								"south": {"uv": [0, 19], "uv_size": [2, 2]},
								"west": {"uv": [16, 27], "uv_size": [0.5, 2]},
								"up": {"uv": [18, 27], "uv_size": [2, 0.5]},
								"down": {"uv": [21, 27.5], "uv_size": [2, -0.5]}
							}
						},
						{
							"origin": [-0.37379, -1.1199, 10.94763],
							"size": [0.75, 1, 0.5],
							"pivot": [-0.06274, -1.98977, -11.18512],
							"rotation": [-10, 0, 0],
							"uv": {
								"north": {"uv": [24, 27], "uv_size": [1, 1]},
								"east": {"uv": [32, 20], "uv_size": [0.5, 1]},
								"south": {"uv": [27, 25], "uv_size": [1, 1]},
								"west": {"uv": [32, 25], "uv_size": [0.5, 1]},
								"up": {"uv": [26, 32], "uv_size": [1, 0.5]},
								"down": {"uv": [28, 32.5], "uv_size": [1, -0.5]}
							}
						},
						{
							"origin": [-0.37379, 14.89513, 3.41117],
							"size": [0.75, 0.6875, 0.5],
							"pivot": [-0.06274, -1.98977, -11.18512],
							"rotation": [-56, 0, 0],
							"uv": {
								"north": {"uv": [32, 29], "uv_size": [1, 0.5]},
								"east": {"uv": [36, 2], "uv_size": [0.5, 0.5]},
								"south": {"uv": [30, 32], "uv_size": [1, 0.5]},
								"west": {"uv": [4, 36], "uv_size": [0.5, 0.5]},
								"up": {"uv": [32, 31], "uv_size": [1, 0.5]},
								"down": {"uv": [0, 33.5], "uv_size": [1, -0.5]}
							}
						}
					]
				}
			]
		}
	]
}