{
	"format_version": "1.12.0",
	"minecraft:geometry": [
		{
			"description": {
				"identifier": "geometry.unknown",
				"texture_width": 64,
				"texture_height": 64,
				"visible_bounds_width": 2,
				"visible_bounds_height": 1.5,
				"visible_bounds_offset": [0, 0.25, 0]
			},
			"bones": [
				{
					"name": "merc_grip",
					"pivot": [0, 0, 0]
				},
				{
					"name": "base",
					"parent": "merc_grip",
					"pivot": [0, 0, 0.125],
					"cubes": [
						{
							"origin": [-0.6, -0.62187, -0.875],
							"size": [1.2, 0.75, 1.75],
							"uv": {
								"north": {"uv": [0, 4], "uv_size": [1, 1]},
								"east": {"uv": [0, 0], "uv_size": [2, 1]},
								"south": {"uv": [5, 0], "uv_size": [1, 1]},
								"west": {"uv": [0, 2], "uv_size": [2, 1]},
								"up": {"uv": [3, 0], "uv_size": [1, 2]},
								"down": {"uv": [3, 5], "uv_size": [1, -2]}
							}
						},
						{
							"origin": [0.29822, 0.00313, -0.876],
							"size": [0.25, 0.25, 1.75],
							"pivot": [0.42322, 0.12813, -0.125],
							"rotation": [0, 0, -45],
							"uv": {
								"north": {"uv": [30, 36], "uv_size": [0.5, 0.5]},
								"south": {"uv": [36, 30], "uv_size": [0.5, 0.5]},
								"west": {"uv": [5, 2], "uv_size": [2, 0.5]},
								"up": {"uv": [5, 4], "uv_size": [0.5, 2]}
							}
						},
						{
							"origin": [-0.54822, 0.00313, -0.876],
							"size": [0.25, 0.25, 1.75],
							"pivot": [-0.42322, 0.12813, -0.125],
							"rotation": [0, 0, 45],
							"uv": {
								"north": {"uv": [32, 36], "uv_size": [0.5, 0.5]},
								"east": {"uv": [0, 6], "uv_size": [2, 0.5]},
								"south": {"uv": [36, 32], "uv_size": [0.5, 0.5]},
								"up": {"uv": [3, 6], "uv_size": [0.5, 2]}
							}
						}
					]
				},
				{
					"name": "grip",
					"parent": "merc_grip",
					"pivot": [0, 0, 0]
				},
				{
					"name": "combo",
					"parent": "grip",
					"pivot": [0, 0, 0]
				},
				{
					"name": "hexadecagon8",
					"parent": "combo",
					"pivot": [0, -1.125, 0],
					"rotation": [0, 0, -90],
					"cubes": [
						{
							"origin": [-0.125, -1.22446, -0.5],
							"size": [0.625, 0.19891, 1],
							"pivot": [0, -1.125, 0],
							"rotation": [45, 0, 0],
							"uv": {
								"north": {"uv": [34, 36], "uv_size": [0.5, 0.5]},
								"east": {"uv": [8, 10], "uv_size": [1, 0.5]},
								"south": {"uv": [36, 34], "uv_size": [0.5, 0.5]},
								"west": {"uv": [10, 10], "uv_size": [1, 0.5]},
								"up": {"uv": [11, 0], "uv_size": [0.5, 1]},
								"down": {"uv": [2, 12], "uv_size": [0.5, -1]}
							}
						},
						{
							"origin": [-0.125, -1.22446, -0.5],
							"size": [0.625, 0.19891, 1],
							"pivot": [0, -1.125, 0],
							"rotation": [22.5, 0, 0],
							"uv": {
								"north": {"uv": [36, 36], "uv_size": [0.5, 0.5]},
								"east": {"uv": [4, 11], "uv_size": [1, 0.5]},
								"south": {"uv": [37, 0], "uv_size": [0.5, 0.5]},
								"west": {"uv": [11, 4], "uv_size": [1, 0.5]},
								"up": {"uv": [11, 6], "uv_size": [0.5, 1]},
								"down": {"uv": [11, 9], "uv_size": [0.5, -1]}
							}
						},
						{
							"origin": [-0.125, -1.22446, -0.5],
							"size": [0.625, 0.19891, 1],
							"uv": {
								"north": {"uv": [2, 37], "uv_size": [0.5, 0.5]},
								"east": {"uv": [0, 12], "uv_size": [1, 0.5]},
								"south": {"uv": [4, 37], "uv_size": [0.5, 0.5]},
								"west": {"uv": [12, 2], "uv_size": [1, 0.5]},
								"up": {"uv": [6, 12], "uv_size": [0.5, 1]},
								"down": {"uv": [8, 13], "uv_size": [0.5, -1]}
							}
						},
						{
							"origin": [-0.125, -1.22446, -0.5],
							"size": [0.625, 0.19891, 1],
							"pivot": [0, -1.125, 0],
							"rotation": [-22.5, 0, 0],
							"uv": {
								"north": {"uv": [37, 4], "uv_size": [0.5, 0.5]},
								"east": {"uv": [10, 12], "uv_size": [1, 0.5]},
								"south": {"uv": [37, 6], "uv_size": [0.5, 0.5]},
								"west": {"uv": [12, 10], "uv_size": [1, 0.5]},
								"up": {"uv": [12, 12], "uv_size": [0.5, 1]},
								"down": {"uv": [13, 1], "uv_size": [0.5, -1]}
							}
						},
						{
							"origin": [-0.125, -1.22446, -0.5],
							"size": [0.625, 0.19891, 1],
							"pivot": [0, -1.125, 0],
							"rotation": [-45, 0, 0],
							"uv": {
								"north": {"uv": [37, 8], "uv_size": [0.5, 0.5]},
								"east": {"uv": [2, 13], "uv_size": [1, 0.5]},
								"south": {"uv": [0, 38], "uv_size": [0.5, 0.5]},
								"west": {"uv": [4, 13], "uv_size": [1, 0.5]},
								"up": {"uv": [13, 4], "uv_size": [0.5, 1]},
								"down": {"uv": [13, 7], "uv_size": [0.5, -1]}
							}
						},
						{
							"origin": [-0.125, -1.625, -0.09946],
							"size": [0.625, 1, 0.19891],
							"pivot": [0, -1.125, 0],
							"rotation": [22.5, 0, 0],
							"uv": {
								"north": {"uv": [13, 8], "uv_size": [0.5, 1]},
								"east": {"uv": [0, 14], "uv_size": [0.5, 1]},
								"south": {"uv": [14, 2], "uv_size": [0.5, 1]},
								"west": {"uv": [6, 14], "uv_size": [0.5, 1]},
								"up": {"uv": [38, 2], "uv_size": [0.5, 0.5]},
								"down": {"uv": [6, 38.5], "uv_size": [0.5, -0.5]}
							}
						},
						{
							"origin": [-0.125, -1.625, -0.09946],
							"size": [0.625, 1, 0.19891],
							"uv": {
								"north": {"uv": [8, 14], "uv_size": [0.5, 1]},
								"east": {"uv": [10, 14], "uv_size": [0.5, 1]},
								"south": {"uv": [14, 10], "uv_size": [0.5, 1]},
								"west": {"uv": [12, 14], "uv_size": [0.5, 1]},
								"up": {"uv": [8, 38], "uv_size": [0.5, 0.5]},
								"down": {"uv": [10, 38.5], "uv_size": [0.5, -0.5]}
							}
						},
						{
							"origin": [-0.125, -1.625, -0.09946],
							"size": [0.625, 1, 0.19891],
							"pivot": [0, -1.125, 0],
							"rotation": [-22.5, 0, 0],
							"uv": {
								"north": {"uv": [14, 12], "uv_size": [0.5, 1]},
								"east": {"uv": [14, 14], "uv_size": [0.5, 1]},
								"south": {"uv": [15, 0], "uv_size": [0.5, 1]},
								"west": {"uv": [2, 15], "uv_size": [0.5, 1]},
								"up": {"uv": [38, 10], "uv_size": [0.5, 0.5]},
								"down": {"uv": [12, 38.5], "uv_size": [0.5, -0.5]}
							}
						}
					]
				},
				{
					"name": "hexadecagon",
					"parent": "combo",
					"pivot": [0, -1.25, 0],
					"rotation": [0, 0, -90],
					"cubes": [
						{
							"origin": [-0.125, -1.33702, -0.4375],
							"size": [0.125, 0.17405, 0.875],
							"pivot": [0, -1.25, 0],
							"rotation": [45, 0, 0],
							"uv": {
								"north": {"uv": [38, 12], "uv_size": [0.5, 0.5]},
								"east": {"uv": [4, 15], "uv_size": [1, 0.5]},
								"south": {"uv": [14, 38], "uv_size": [0.5, 0.5]},
								"west": {"uv": [15, 4], "uv_size": [1, 0.5]},
								"up": {"uv": [15, 6], "uv_size": [0.5, 1]},
								"down": {"uv": [15, 9], "uv_size": [0.5, -1]}
							}
						},
						{
							"origin": [-0.125, -1.33702, -0.4375],
							"size": [0.125, 0.17405, 0.875],
							"pivot": [0, -1.25, 0],
							"rotation": [22.5, 0, 0],
							"uv": {
								"north": {"uv": [38, 14], "uv_size": [0.5, 0.5]},
								"east": {"uv": [0, 16], "uv_size": [1, 0.5]},
								"south": {"uv": [16, 38], "uv_size": [0.5, 0.5]},
								"west": {"uv": [16, 2], "uv_size": [1, 0.5]},
								"up": {"uv": [6, 16], "uv_size": [0.5, 1]},
								"down": {"uv": [8, 17], "uv_size": [0.5, -1]}
							}
						},
						{
							"origin": [-0.125, -1.33702, -0.4375],
							"size": [0.125, 0.17405, 0.875],
							"uv": {
								"north": {"uv": [38, 16], "uv_size": [0.5, 0.5]},
								"east": {"uv": [10, 16], "uv_size": [1, 0.5]},
								"south": {"uv": [18, 38], "uv_size": [0.5, 0.5]},
								"west": {"uv": [16, 10], "uv_size": [1, 0.5]},
								"up": {"uv": [12, 16], "uv_size": [0.5, 1]},
								"down": {"uv": [16, 13], "uv_size": [0.5, -1]}
							}
						},
						{
							"origin": [-0.125, -1.33702, -0.4375],
							"size": [0.125, 0.17405, 0.875],
							"pivot": [0, -1.25, 0],
							"rotation": [-22.5, 0, 0],
							"uv": {
								"north": {"uv": [38, 18], "uv_size": [0.5, 0.5]},
								"east": {"uv": [14, 16], "uv_size": [1, 0.5]},
								"south": {"uv": [20, 38], "uv_size": [0.5, 0.5]},
								"west": {"uv": [16, 14], "uv_size": [1, 0.5]},
								"up": {"uv": [16, 16], "uv_size": [0.5, 1]},
								"down": {"uv": [17, 1], "uv_size": [0.5, -1]}
							}
						},
						{
							"origin": [-0.125, -1.33702, -0.4375],
							"size": [0.125, 0.17405, 0.875],
							"pivot": [0, -1.25, 0],
							"rotation": [-45, 0, 0],
							"uv": {
								"north": {"uv": [38, 20], "uv_size": [0.5, 0.5]},
								"east": {"uv": [2, 17], "uv_size": [1, 0.5]},
								"south": {"uv": [22, 38], "uv_size": [0.5, 0.5]},
								"west": {"uv": [4, 17], "uv_size": [1, 0.5]},
								"up": {"uv": [17, 4], "uv_size": [0.5, 1]},
								"down": {"uv": [17, 7], "uv_size": [0.5, -1]}
							}
						},
						{
							"origin": [-0.125, -1.6875, -0.08702],
							"size": [0.125, 0.875, 0.17405],
							"pivot": [0, -1.25, 0],
							"rotation": [22.5, 0, 0],
							"uv": {
								"north": {"uv": [17, 8], "uv_size": [0.5, 1]},
								"east": {"uv": [0, 18], "uv_size": [0.5, 1]},
								"south": {"uv": [18, 2], "uv_size": [0.5, 1]},
								"west": {"uv": [6, 18], "uv_size": [0.5, 1]},
								"up": {"uv": [38, 22], "uv_size": [0.5, 0.5]},
								"down": {"uv": [24, 38.5], "uv_size": [0.5, -0.5]}
							}
						},
						{
							"origin": [-0.125, -1.6875, -0.08702],
							"size": [0.125, 0.875, 0.17405],
							"uv": {
								"north": {"uv": [8, 18], "uv_size": [0.5, 1]},
								"east": {"uv": [10, 18], "uv_size": [0.5, 1]},
								"south": {"uv": [18, 10], "uv_size": [0.5, 1]},
								"west": {"uv": [12, 18], "uv_size": [0.5, 1]},
								"up": {"uv": [38, 24], "uv_size": [0.5, 0.5]},
								"down": {"uv": [26, 38.5], "uv_size": [0.5, -0.5]}
							}
						},
						{
							"origin": [-0.125, -1.6875, -0.08702],
							"size": [0.125, 0.875, 0.17405],
							"pivot": [0, -1.25, 0],
							"rotation": [-22.5, 0, 0],
							"uv": {
								"north": {"uv": [18, 12], "uv_size": [0.5, 1]},
								"east": {"uv": [14, 18], "uv_size": [0.5, 1]},
								"south": {"uv": [18, 14], "uv_size": [0.5, 1]},
								"west": {"uv": [16, 18], "uv_size": [0.5, 1]},
								"up": {"uv": [38, 26], "uv_size": [0.5, 0.5]},
								"down": {"uv": [28, 38.5], "uv_size": [0.5, -0.5]}
							}
						}
					]
				},
				{
					"name": "combo2",
					"parent": "grip",
					"pivot": [0, -0.75, 0]
				},
				{
					"name": "hexadecagon2",
					"parent": "combo2",
					"pivot": [0, -1.875, 0],
					"rotation": [0, 0, -90],
					"cubes": [
						{
							"origin": [-0.125, -1.97446, -0.5],
							"size": [0.625, 0.19891, 1],
							"pivot": [0, -1.875, 0],
							"rotation": [45, 0, 0],
							"uv": {
								"north": {"uv": [38, 28], "uv_size": [0.5, 0.5]},
								"east": {"uv": [18, 16], "uv_size": [1, 0.5]},
								"south": {"uv": [30, 38], "uv_size": [0.5, 0.5]},
								"west": {"uv": [18, 18], "uv_size": [1, 0.5]},
								"up": {"uv": [19, 0], "uv_size": [0.5, 1]},
								"down": {"uv": [2, 20], "uv_size": [0.5, -1]}
							}
						},
						{
							"origin": [-0.125, -1.97446, -0.5],
							"size": [0.625, 0.19891, 1],
							"pivot": [0, -1.875, 0],
							"rotation": [22.5, 0, 0],
							"uv": {
								"north": {"uv": [38, 30], "uv_size": [0.5, 0.5]},
								"east": {"uv": [4, 19], "uv_size": [1, 0.5]},
								"south": {"uv": [32, 38], "uv_size": [0.5, 0.5]},
								"west": {"uv": [19, 4], "uv_size": [1, 0.5]},
								"up": {"uv": [19, 6], "uv_size": [0.5, 1]},
								"down": {"uv": [19, 9], "uv_size": [0.5, -1]}
							}
						},
						{
							"origin": [-0.125, -1.97446, -0.5],
							"size": [0.625, 0.19891, 1],
							"uv": {
								"north": {"uv": [38, 32], "uv_size": [0.5, 0.5]},
								"east": {"uv": [0, 20], "uv_size": [1, 0.5]},
								"south": {"uv": [34, 38], "uv_size": [0.5, 0.5]},
								"west": {"uv": [20, 2], "uv_size": [1, 0.5]},
								"up": {"uv": [6, 20], "uv_size": [0.5, 1]},
								"down": {"uv": [8, 21], "uv_size": [0.5, -1]}
							}
						},
						{
							"origin": [-0.125, -1.97446, -0.5],
							"size": [0.625, 0.19891, 1],
							"pivot": [0, -1.875, 0],
							"rotation": [-22.5, 0, 0],
							"uv": {
								"north": {"uv": [38, 34], "uv_size": [0.5, 0.5]},
								"east": {"uv": [10, 20], "uv_size": [1, 0.5]},
								"south": {"uv": [36, 38], "uv_size": [0.5, 0.5]},
								"west": {"uv": [20, 10], "uv_size": [1, 0.5]},
								"up": {"uv": [12, 20], "uv_size": [0.5, 1]},
								"down": {"uv": [20, 13], "uv_size": [0.5, -1]}
							}
						},
						{
							"origin": [-0.125, -1.97446, -0.5],
							"size": [0.625, 0.19891, 1],
							"pivot": [0, -1.875, 0],
							"rotation": [-45, 0, 0],
							"uv": {
								"north": {"uv": [38, 36], "uv_size": [0.5, 0.5]},
								"east": {"uv": [14, 20], "uv_size": [1, 0.5]},
								"south": {"uv": [38, 38], "uv_size": [0.5, 0.5]},
								"west": {"uv": [20, 14], "uv_size": [1, 0.5]},
								"up": {"uv": [16, 20], "uv_size": [0.5, 1]},
								"down": {"uv": [20, 17], "uv_size": [0.5, -1]}
							}
						},
						{
							"origin": [-0.125, -2.375, -0.09946],
							"size": [0.625, 1, 0.19891],
							"pivot": [0, -1.875, 0],
							"rotation": [22.5, 0, 0],
							"uv": {
								"north": {"uv": [18, 20], "uv_size": [0.5, 1]},
								"east": {"uv": [20, 18], "uv_size": [0.5, 1]},
								"south": {"uv": [20, 20], "uv_size": [0.5, 1]},
								"west": {"uv": [21, 0], "uv_size": [0.5, 1]},
								"up": {"uv": [39, 0], "uv_size": [0.5, 0.5]},
								"down": {"uv": [2, 39.5], "uv_size": [0.5, -0.5]}
							}
						},
						{
							"origin": [-0.125, -2.375, -0.09946],
							"size": [0.625, 1, 0.19891],
							"uv": {
								"north": {"uv": [2, 21], "uv_size": [0.5, 1]},
								"east": {"uv": [4, 21], "uv_size": [0.5, 1]},
								"south": {"uv": [21, 4], "uv_size": [0.5, 1]},
								"west": {"uv": [21, 6], "uv_size": [0.5, 1]},
								"up": {"uv": [4, 39], "uv_size": [0.5, 0.5]},
								"down": {"uv": [39, 4.5], "uv_size": [0.5, -0.5]}
							}
						},
						{
							"origin": [-0.125, -2.375, -0.09946],
							"size": [0.625, 1, 0.19891],
							"pivot": [0, -1.875, 0],
							"rotation": [-22.5, 0, 0],
							"uv": {
								"north": {"uv": [21, 8], "uv_size": [0.5, 1]},
								"east": {"uv": [0, 22], "uv_size": [0.5, 1]},
								"south": {"uv": [22, 2], "uv_size": [0.5, 1]},
								"west": {"uv": [6, 22], "uv_size": [0.5, 1]},
								"up": {"uv": [39, 6], "uv_size": [0.5, 0.5]},
								"down": {"uv": [39, 8.5], "uv_size": [0.5, -0.5]}
							}
						}
					]
				},
				{
					"name": "hexadecagon3",
					"parent": "combo2",
					"pivot": [0, -2, 0],
					"rotation": [0, 0, -90],
					"cubes": [
						{
							"origin": [-0.125, -2.08702, -0.4375],
							"size": [0.125, 0.17405, 0.875],
							"pivot": [0, -2, 0],
							"rotation": [45, 0, 0],
							"uv": {
								"north": {"uv": [0, 40], "uv_size": [0.5, 0.5]},
								"east": {"uv": [8, 22], "uv_size": [1, 0.5]},
								"south": {"uv": [40, 2], "uv_size": [0.5, 0.5]},
								"west": {"uv": [10, 22], "uv_size": [1, 0.5]},
								"up": {"uv": [22, 10], "uv_size": [0.5, 1]},
								"down": {"uv": [12, 23], "uv_size": [0.5, -1]}
							}
						},
						{
							"origin": [-0.125, -2.08702, -0.4375],
							"size": [0.125, 0.17405, 0.875],
							"pivot": [0, -2, 0],
							"rotation": [22.5, 0, 0],
							"uv": {
								"north": {"uv": [6, 40], "uv_size": [0.5, 0.5]},
								"east": {"uv": [22, 12], "uv_size": [1, 0.5]},
								"south": {"uv": [8, 40], "uv_size": [0.5, 0.5]},
								"west": {"uv": [14, 22], "uv_size": [1, 0.5]},
								"up": {"uv": [22, 14], "uv_size": [0.5, 1]},
								"down": {"uv": [16, 23], "uv_size": [0.5, -1]}
							}
						},
						{
							"origin": [-0.125, -2.08702, -0.4375],
							"size": [0.125, 0.17405, 0.875],
							"uv": {
								"north": {"uv": [10, 40], "uv_size": [0.5, 0.5]},
								"east": {"uv": [22, 16], "uv_size": [1, 0.5]},
								"south": {"uv": [40, 10], "uv_size": [0.5, 0.5]},
								"west": {"uv": [18, 22], "uv_size": [1, 0.5]},
								"up": {"uv": [22, 18], "uv_size": [0.5, 1]},
								"down": {"uv": [20, 23], "uv_size": [0.5, -1]}
							}
						},
						{
							"origin": [-0.125, -2.08702, -0.4375],
							"size": [0.125, 0.17405, 0.875],
							"pivot": [0, -2, 0],
							"rotation": [-22.5, 0, 0],
							"uv": {
								"north": {"uv": [12, 40], "uv_size": [0.5, 0.5]},
								"east": {"uv": [22, 20], "uv_size": [1, 0.5]},
								"south": {"uv": [40, 12], "uv_size": [0.5, 0.5]},
								"west": {"uv": [22, 22], "uv_size": [1, 0.5]},
								"up": {"uv": [23, 0], "uv_size": [0.5, 1]},
								"down": {"uv": [2, 24], "uv_size": [0.5, -1]}
							}
						},
						{
							"origin": [-0.125, -2.08702, -0.4375],
							"size": [0.125, 0.17405, 0.875],
							"pivot": [0, -2, 0],
							"rotation": [-45, 0, 0],
							"uv": {
								"north": {"uv": [14, 40], "uv_size": [0.5, 0.5]},
								"east": {"uv": [4, 23], "uv_size": [1, 0.5]},
								"south": {"uv": [40, 14], "uv_size": [0.5, 0.5]},
								"west": {"uv": [23, 4], "uv_size": [1, 0.5]},
								"up": {"uv": [23, 6], "uv_size": [0.5, 1]},
								"down": {"uv": [23, 9], "uv_size": [0.5, -1]}
							}
						},
						{
							"origin": [-0.125, -2.4375, -0.08702],
							"size": [0.125, 0.875, 0.17405],
							"pivot": [0, -2, 0],
							"rotation": [22.5, 0, 0],
							"uv": {
								"north": {"uv": [0, 24], "uv_size": [0.5, 1]},
								"east": {"uv": [24, 2], "uv_size": [0.5, 1]},
								"south": {"uv": [6, 24], "uv_size": [0.5, 1]},
								"west": {"uv": [8, 24], "uv_size": [0.5, 1]},
								"up": {"uv": [16, 40], "uv_size": [0.5, 0.5]},
								"down": {"uv": [40, 16.5], "uv_size": [0.5, -0.5]}
							}
						},
						{
							"origin": [-0.125, -2.4375, -0.08702],
							"size": [0.125, 0.875, 0.17405],
							"uv": {
								"north": {"uv": [10, 24], "uv_size": [0.5, 1]},
								"east": {"uv": [24, 10], "uv_size": [0.5, 1]},
								"south": {"uv": [12, 24], "uv_size": [0.5, 1]},
								"west": {"uv": [24, 12], "uv_size": [0.5, 1]},
								"up": {"uv": [18, 40], "uv_size": [0.5, 0.5]},
								"down": {"uv": [40, 18.5], "uv_size": [0.5, -0.5]}
							}
						},
						{
							"origin": [-0.125, -2.4375, -0.08702],
							"size": [0.125, 0.875, 0.17405],
							"pivot": [0, -2, 0],
							"rotation": [-22.5, 0, 0],
							"uv": {
								"north": {"uv": [14, 24], "uv_size": [0.5, 1]},
								"east": {"uv": [24, 14], "uv_size": [0.5, 1]},
								"south": {"uv": [16, 24], "uv_size": [0.5, 1]},
								"west": {"uv": [24, 16], "uv_size": [0.5, 1]},
								"up": {"uv": [20, 40], "uv_size": [0.5, 0.5]},
								"down": {"uv": [40, 20.5], "uv_size": [0.5, -0.5]}
							}
						}
					]
				},
				{
					"name": "combo3",
					"parent": "grip",
					"pivot": [0, -1.5, 0]
				},
				{
					"name": "hexadecagon4",
					"parent": "combo3",
					"pivot": [0, -2.625, 0],
					"rotation": [0, 0, -90],
					"cubes": [
						{
							"origin": [-0.125, -2.72446, -0.5],
							"size": [0.625, 0.19891, 1],
							"pivot": [0, -2.625, 0],
							"rotation": [45, 0, 0],
							"uv": {
								"north": {"uv": [22, 40], "uv_size": [0.5, 0.5]},
								"east": {"uv": [18, 24], "uv_size": [1, 0.5]},
								"south": {"uv": [40, 22], "uv_size": [0.5, 0.5]},
								"west": {"uv": [24, 18], "uv_size": [1, 0.5]},
								"up": {"uv": [20, 24], "uv_size": [0.5, 1]},
								"down": {"uv": [24, 21], "uv_size": [0.5, -1]}
							}
						},
						{
							"origin": [-0.125, -2.72446, -0.5],
							"size": [0.625, 0.19891, 1],
							"pivot": [0, -2.625, 0],
							"rotation": [22.5, 0, 0],
							"uv": {
								"north": {"uv": [24, 40], "uv_size": [0.5, 0.5]},
								"east": {"uv": [22, 24], "uv_size": [1, 0.5]},
								"south": {"uv": [40, 24], "uv_size": [0.5, 0.5]},
								"west": {"uv": [24, 22], "uv_size": [1, 0.5]},
								"up": {"uv": [24, 24], "uv_size": [0.5, 1]},
								"down": {"uv": [25, 1], "uv_size": [0.5, -1]}
							}
						},
						{
							"origin": [-0.125, -2.72446, -0.5],
							"size": [0.625, 0.19891, 1],
							"uv": {
								"north": {"uv": [26, 40], "uv_size": [0.5, 0.5]},
								"east": {"uv": [2, 25], "uv_size": [1, 0.5]},
								"south": {"uv": [40, 26], "uv_size": [0.5, 0.5]},
								"west": {"uv": [4, 25], "uv_size": [1, 0.5]},
								"up": {"uv": [25, 4], "uv_size": [0.5, 1]},
								"down": {"uv": [25, 7], "uv_size": [0.5, -1]}
							}
						},
						{
							"origin": [-0.125, -2.72446, -0.5],
							"size": [0.625, 0.19891, 1],
							"pivot": [0, -2.625, 0],
							"rotation": [-22.5, 0, 0],
							"uv": {
								"north": {"uv": [28, 40], "uv_size": [0.5, 0.5]},
								"east": {"uv": [25, 8], "uv_size": [1, 0.5]},
								"south": {"uv": [40, 28], "uv_size": [0.5, 0.5]},
								"west": {"uv": [0, 26], "uv_size": [1, 0.5]},
								"up": {"uv": [26, 2], "uv_size": [0.5, 1]},
								"down": {"uv": [6, 27], "uv_size": [0.5, -1]}
							}
						},
						{
							"origin": [-0.125, -2.72446, -0.5],
							"size": [0.625, 0.19891, 1],
							"pivot": [0, -2.625, 0],
							"rotation": [-45, 0, 0],
							"uv": {
								"north": {"uv": [30, 40], "uv_size": [0.5, 0.5]},
								"east": {"uv": [8, 26], "uv_size": [1, 0.5]},
								"south": {"uv": [40, 30], "uv_size": [0.5, 0.5]},
								"west": {"uv": [10, 26], "uv_size": [1, 0.5]},
								"up": {"uv": [26, 10], "uv_size": [0.5, 1]},
								"down": {"uv": [12, 27], "uv_size": [0.5, -1]}
							}
						},
						{
							"origin": [-0.125, -3.125, -0.09946],
							"size": [0.625, 1, 0.19891],
							"pivot": [0, -2.625, 0],
							"rotation": [22.5, 0, 0],
							"uv": {
								"north": {"uv": [26, 12], "uv_size": [0.5, 1]},
								"east": {"uv": [14, 26], "uv_size": [0.5, 1]},
								"south": {"uv": [26, 14], "uv_size": [0.5, 1]},
								"west": {"uv": [16, 26], "uv_size": [0.5, 1]},
								"up": {"uv": [32, 40], "uv_size": [0.5, 0.5]},
								"down": {"uv": [40, 32.5], "uv_size": [0.5, -0.5]}
							}
						},
						{
							"origin": [-0.125, -3.125, -0.09946],
							"size": [0.625, 1, 0.19891],
							"uv": {
								"north": {"uv": [26, 16], "uv_size": [0.5, 1]},
								"east": {"uv": [18, 26], "uv_size": [0.5, 1]},
								"south": {"uv": [26, 18], "uv_size": [0.5, 1]},
								"west": {"uv": [20, 26], "uv_size": [0.5, 1]},
								"up": {"uv": [34, 40], "uv_size": [0.5, 0.5]},
								"down": {"uv": [40, 34.5], "uv_size": [0.5, -0.5]}
							}
						},
						{
							"origin": [-0.125, -3.125, -0.09946],
							"size": [0.625, 1, 0.19891],
							"pivot": [0, -2.625, 0],
							"rotation": [-22.5, 0, 0],
							"uv": {
								"north": {"uv": [26, 20], "uv_size": [0.5, 1]},
								"east": {"uv": [22, 26], "uv_size": [0.5, 1]},
								"south": {"uv": [26, 22], "uv_size": [0.5, 1]},
								"west": {"uv": [24, 26], "uv_size": [0.5, 1]},
								"up": {"uv": [36, 40], "uv_size": [0.5, 0.5]},
								"down": {"uv": [40, 36.5], "uv_size": [0.5, -0.5]}
							}
						}
					]
				},
				{
					"name": "hexadecagon5",
					"parent": "combo3",
					"pivot": [0, -2.75, 0],
					"rotation": [0, 0, -90],
					"cubes": [
						{
							"origin": [-0.125, -2.83702, -0.4375],
							"size": [0.125, 0.17405, 0.875],
							"pivot": [0, -2.75, 0],
							"rotation": [45, 0, 0],
							"uv": {
								"north": {"uv": [38, 40], "uv_size": [0.5, 0.5]},
								"east": {"uv": [26, 24], "uv_size": [1, 0.5]},
								"south": {"uv": [40, 38], "uv_size": [0.5, 0.5]},
								"west": {"uv": [26, 26], "uv_size": [1, 0.5]},
								"up": {"uv": [27, 0], "uv_size": [0.5, 1]},
								"down": {"uv": [2, 28], "uv_size": [0.5, -1]}
							}
						},
						{
							"origin": [-0.125, -2.83702, -0.4375],
							"size": [0.125, 0.17405, 0.875],
							"pivot": [0, -2.75, 0],
							"rotation": [22.5, 0, 0],
							"uv": {
								"north": {"uv": [40, 40], "uv_size": [0.5, 0.5]},
								"east": {"uv": [4, 27], "uv_size": [1, 0.5]},
								"south": {"uv": [41, 0], "uv_size": [0.5, 0.5]},
								"west": {"uv": [27, 4], "uv_size": [1, 0.5]},
								"up": {"uv": [27, 6], "uv_size": [0.5, 1]},
								"down": {"uv": [27, 9], "uv_size": [0.5, -1]}
							}
						},
						{
							"origin": [-0.125, -2.83702, -0.4375],
							"size": [0.125, 0.17405, 0.875],
							"uv": {
								"north": {"uv": [2, 41], "uv_size": [0.5, 0.5]},
								"east": {"uv": [0, 28], "uv_size": [1, 0.5]},
								"south": {"uv": [4, 41], "uv_size": [0.5, 0.5]},
								"west": {"uv": [28, 2], "uv_size": [1, 0.5]},
								"up": {"uv": [6, 28], "uv_size": [0.5, 1]},
								"down": {"uv": [8, 29], "uv_size": [0.5, -1]}
							}
						},
						{
							"origin": [-0.125, -2.83702, -0.4375],
							"size": [0.125, 0.17405, 0.875],
							"pivot": [0, -2.75, 0],
							"rotation": [-22.5, 0, 0],
							"uv": {
								"north": {"uv": [41, 4], "uv_size": [0.5, 0.5]},
								"east": {"uv": [10, 28], "uv_size": [1, 0.5]},
								"south": {"uv": [41, 6], "uv_size": [0.5, 0.5]},
								"west": {"uv": [28, 10], "uv_size": [1, 0.5]},
								"up": {"uv": [12, 28], "uv_size": [0.5, 1]},
								"down": {"uv": [28, 13], "uv_size": [0.5, -1]}
							}
						},
						{
							"origin": [-0.125, -2.83702, -0.4375],
							"size": [0.125, 0.17405, 0.875],
							"pivot": [0, -2.75, 0],
							"rotation": [-45, 0, 0],
							"uv": {
								"north": {"uv": [41, 8], "uv_size": [0.5, 0.5]},
								"east": {"uv": [14, 28], "uv_size": [1, 0.5]},
								"south": {"uv": [0, 42], "uv_size": [0.5, 0.5]},
								"west": {"uv": [28, 14], "uv_size": [1, 0.5]},
								"up": {"uv": [16, 28], "uv_size": [0.5, 1]},
								"down": {"uv": [28, 17], "uv_size": [0.5, -1]}
							}
						},
						{
							"origin": [-0.125, -3.1875, -0.08702],
							"size": [0.125, 0.875, 0.17405],
							"pivot": [0, -2.75, 0],
							"rotation": [22.5, 0, 0],
							"uv": {
								"north": {"uv": [18, 28], "uv_size": [0.5, 1]},
								"east": {"uv": [28, 18], "uv_size": [0.5, 1]},
								"south": {"uv": [20, 28], "uv_size": [0.5, 1]},
								"west": {"uv": [28, 20], "uv_size": [0.5, 1]},
								"up": {"uv": [42, 2], "uv_size": [0.5, 0.5]},
								"down": {"uv": [6, 42.5], "uv_size": [0.5, -0.5]}
							}
						},
						{
							"origin": [-0.125, -3.1875, -0.08702],
							"size": [0.125, 0.875, 0.17405],
							"uv": {
								"north": {"uv": [22, 28], "uv_size": [0.5, 1]},
								"east": {"uv": [28, 22], "uv_size": [0.5, 1]},
								"south": {"uv": [24, 28], "uv_size": [0.5, 1]},
								"west": {"uv": [28, 24], "uv_size": [0.5, 1]},
								"up": {"uv": [8, 42], "uv_size": [0.5, 0.5]},
								"down": {"uv": [10, 42.5], "uv_size": [0.5, -0.5]}
							}
						},
						{
							"origin": [-0.125, -3.1875, -0.08702],
							"size": [0.125, 0.875, 0.17405],
							"pivot": [0, -2.75, 0],
							"rotation": [-22.5, 0, 0],
							"uv": {
								"north": {"uv": [26, 28], "uv_size": [0.5, 1]},
								"east": {"uv": [28, 26], "uv_size": [0.5, 1]},
								"south": {"uv": [28, 28], "uv_size": [0.5, 1]},
								"west": {"uv": [29, 0], "uv_size": [0.5, 1]},
								"up": {"uv": [42, 10], "uv_size": [0.5, 0.5]},
								"down": {"uv": [12, 42.5], "uv_size": [0.5, -0.5]}
							}
						}
					]
				},
				{
					"name": "combo4",
					"parent": "grip",
					"pivot": [0, -2.25, 0]
				},
				{
					"name": "hexadecagon6",
					"parent": "combo4",
					"pivot": [0, -3.375, 0],
					"rotation": [0, 0, -90],
					"cubes": [
						{
							"origin": [-0.125, -3.47446, -0.5],
							"size": [0.625, 0.19891, 1],
							"pivot": [0, -3.375, 0],
							"rotation": [45, 0, 0],
							"uv": {
								"north": {"uv": [42, 12], "uv_size": [0.5, 0.5]},
								"east": {"uv": [2, 29], "uv_size": [1, 0.5]},
								"south": {"uv": [14, 42], "uv_size": [0.5, 0.5]},
								"west": {"uv": [4, 29], "uv_size": [1, 0.5]},
								"up": {"uv": [29, 4], "uv_size": [0.5, 1]},
								"down": {"uv": [29, 7], "uv_size": [0.5, -1]}
							}
						},
						{
							"origin": [-0.125, -3.47446, -0.5],
							"size": [0.625, 0.19891, 1],
							"pivot": [0, -3.375, 0],
							"rotation": [22.5, 0, 0],
							"uv": {
								"north": {"uv": [42, 14], "uv_size": [0.5, 0.5]},
								"east": {"uv": [29, 8], "uv_size": [1, 0.5]},
								"south": {"uv": [16, 42], "uv_size": [0.5, 0.5]},
								"west": {"uv": [0, 30], "uv_size": [1, 0.5]},
								"up": {"uv": [30, 2], "uv_size": [0.5, 1]},
								"down": {"uv": [6, 31], "uv_size": [0.5, -1]}
							}
						},
						{
							"origin": [-0.125, -3.47446, -0.5],
							"size": [0.625, 0.19891, 1],
							"uv": {
								"north": {"uv": [42, 16], "uv_size": [0.5, 0.5]},
								"east": {"uv": [8, 30], "uv_size": [1, 0.5]},
								"south": {"uv": [18, 42], "uv_size": [0.5, 0.5]},
								"west": {"uv": [10, 30], "uv_size": [1, 0.5]},
								"up": {"uv": [30, 10], "uv_size": [0.5, 1]},
								"down": {"uv": [12, 31], "uv_size": [0.5, -1]}
							}
						},
						{
							"origin": [-0.125, -3.47446, -0.5],
							"size": [0.625, 0.19891, 1],
							"pivot": [0, -3.375, 0],
							"rotation": [-22.5, 0, 0],
							"uv": {
								"north": {"uv": [42, 18], "uv_size": [0.5, 0.5]},
								"east": {"uv": [30, 12], "uv_size": [1, 0.5]},
								"south": {"uv": [20, 42], "uv_size": [0.5, 0.5]},
								"west": {"uv": [14, 30], "uv_size": [1, 0.5]},
								"up": {"uv": [30, 14], "uv_size": [0.5, 1]},
								"down": {"uv": [16, 31], "uv_size": [0.5, -1]}
							}
						},
						{
							"origin": [-0.125, -3.47446, -0.5],
							"size": [0.625, 0.19891, 1],
							"pivot": [0, -3.375, 0],
							"rotation": [-45, 0, 0],
							"uv": {
								"north": {"uv": [42, 20], "uv_size": [0.5, 0.5]},
								"east": {"uv": [30, 16], "uv_size": [1, 0.5]},
								"south": {"uv": [22, 42], "uv_size": [0.5, 0.5]},
								"west": {"uv": [18, 30], "uv_size": [1, 0.5]},
								"up": {"uv": [30, 18], "uv_size": [0.5, 1]},
								"down": {"uv": [20, 31], "uv_size": [0.5, -1]}
							}
						},
						{
							"origin": [-0.125, -3.875, -0.09946],
							"size": [0.625, 1, 0.19891],
							"pivot": [0, -3.375, 0],
							"rotation": [22.5, 0, 0],
							"uv": {
								"north": {"uv": [30, 20], "uv_size": [0.5, 1]},
								"east": {"uv": [22, 30], "uv_size": [0.5, 1]},
								"south": {"uv": [30, 22], "uv_size": [0.5, 1]},
								"west": {"uv": [24, 30], "uv_size": [0.5, 1]},
								"up": {"uv": [42, 22], "uv_size": [0.5, 0.5]},
								"down": {"uv": [24, 42.5], "uv_size": [0.5, -0.5]}
							}
						},
						{
							"origin": [-0.125, -3.875, -0.09946],
							"size": [0.625, 1, 0.19891],
							"uv": {
								"north": {"uv": [30, 24], "uv_size": [0.5, 1]},
								"east": {"uv": [26, 30], "uv_size": [0.5, 1]},
								"south": {"uv": [30, 26], "uv_size": [0.5, 1]},
								"west": {"uv": [28, 30], "uv_size": [0.5, 1]},
								"up": {"uv": [42, 24], "uv_size": [0.5, 0.5]},
								"down": {"uv": [26, 42.5], "uv_size": [0.5, -0.5]}
							}
						},
						{
							"origin": [-0.125, -3.875, -0.09946],
							"size": [0.625, 1, 0.19891],
							"pivot": [0, -3.375, 0],
							"rotation": [-22.5, 0, 0],
							"uv": {
								"north": {"uv": [30, 28], "uv_size": [0.5, 1]},
								"east": {"uv": [30, 30], "uv_size": [0.5, 1]},
								"south": {"uv": [31, 0], "uv_size": [0.5, 1]},
								"west": {"uv": [2, 31], "uv_size": [0.5, 1]},
								"up": {"uv": [42, 26], "uv_size": [0.5, 0.5]},
								"down": {"uv": [28, 42.5], "uv_size": [0.5, -0.5]}
							}
						}
					]
				},
				{
					"name": "hexadecagon7",
					"parent": "combo4",
					"pivot": [0, -3.5, 0],
					"rotation": [0, 0, -90],
					"cubes": [
						{
							"origin": [-0.125, -3.58702, -0.4375],
							"size": [0.125, 0.17405, 0.875],
							"pivot": [0, -3.5, 0],
							"rotation": [45, 0, 0],
							"uv": {
								"north": {"uv": [42, 28], "uv_size": [0.5, 0.5]},
								"east": {"uv": [4, 31], "uv_size": [1, 0.5]},
								"south": {"uv": [30, 42], "uv_size": [0.5, 0.5]},
								"west": {"uv": [31, 4], "uv_size": [1, 0.5]},
								"up": {"uv": [31, 6], "uv_size": [0.5, 1]},
								"down": {"uv": [31, 9], "uv_size": [0.5, -1]}
							}
						},
						{
							"origin": [-0.125, -3.58702, -0.4375],
							"size": [0.125, 0.17405, 0.875],
							"pivot": [0, -3.5, 0],
							"rotation": [22.5, 0, 0],
							"uv": {
								"north": {"uv": [42, 30], "uv_size": [0.5, 0.5]},
								"east": {"uv": [0, 32], "uv_size": [1, 0.5]},
								"south": {"uv": [32, 42], "uv_size": [0.5, 0.5]},
								"west": {"uv": [32, 2], "uv_size": [1, 0.5]},
								"up": {"uv": [6, 32], "uv_size": [0.5, 1]},
								"down": {"uv": [8, 33], "uv_size": [0.5, -1]}
							}
						},
						{
							"origin": [-0.125, -3.58702, -0.4375],
							"size": [0.125, 0.17405, 0.875],
							"uv": {
								"north": {"uv": [42, 32], "uv_size": [0.5, 0.5]},
								"east": {"uv": [10, 32], "uv_size": [1, 0.5]},
								"south": {"uv": [34, 42], "uv_size": [0.5, 0.5]},
								"west": {"uv": [32, 10], "uv_size": [1, 0.5]},
								"up": {"uv": [12, 32], "uv_size": [0.5, 1]},
								"down": {"uv": [32, 13], "uv_size": [0.5, -1]}
							}
						},
						{
							"origin": [-0.125, -3.58702, -0.4375],
							"size": [0.125, 0.17405, 0.875],
							"pivot": [0, -3.5, 0],
							"rotation": [-22.5, 0, 0],
							"uv": {
								"north": {"uv": [42, 34], "uv_size": [0.5, 0.5]},
								"east": {"uv": [14, 32], "uv_size": [1, 0.5]},
								"south": {"uv": [36, 42], "uv_size": [0.5, 0.5]},
								"west": {"uv": [32, 14], "uv_size": [1, 0.5]},
								"up": {"uv": [16, 32], "uv_size": [0.5, 1]},
								"down": {"uv": [32, 17], "uv_size": [0.5, -1]}
							}
						},
						{
							"origin": [-0.125, -3.58702, -0.4375],
							"size": [0.125, 0.17405, 0.875],
							"pivot": [0, -3.5, 0],
							"rotation": [-45, 0, 0],
							"uv": {
								"north": {"uv": [42, 36], "uv_size": [0.5, 0.5]},
								"east": {"uv": [18, 32], "uv_size": [1, 0.5]},
								"south": {"uv": [38, 42], "uv_size": [0.5, 0.5]},
								"west": {"uv": [32, 18], "uv_size": [1, 0.5]},
								"up": {"uv": [20, 32], "uv_size": [0.5, 1]},
								"down": {"uv": [32, 21], "uv_size": [0.5, -1]}
							}
						},
						{
							"origin": [-0.125, -3.9375, -0.08702],
							"size": [0.125, 0.875, 0.17405],
							"pivot": [0, -3.5, 0],
							"rotation": [22.5, 0, 0],
							"uv": {
								"north": {"uv": [22, 32], "uv_size": [0.5, 1]},
								"east": {"uv": [32, 22], "uv_size": [0.5, 1]},
								"south": {"uv": [24, 32], "uv_size": [0.5, 1]},
								"west": {"uv": [32, 24], "uv_size": [0.5, 1]},
								"up": {"uv": [42, 38], "uv_size": [0.5, 0.5]},
								"down": {"uv": [40, 42.5], "uv_size": [0.5, -0.5]}
							}
						},
						{
							"origin": [-0.125, -3.9375, -0.08702],
							"size": [0.125, 0.875, 0.17405],
							"uv": {
								"north": {"uv": [26, 32], "uv_size": [0.5, 1]},
								"east": {"uv": [32, 26], "uv_size": [0.5, 1]},
								"south": {"uv": [28, 32], "uv_size": [0.5, 1]},
								"west": {"uv": [32, 28], "uv_size": [0.5, 1]},
								"up": {"uv": [42, 40], "uv_size": [0.5, 0.5]},
								"down": {"uv": [42, 42.5], "uv_size": [0.5, -0.5]}
							}
						},
						{
							"origin": [-0.125, -3.9375, -0.08702],
							"size": [0.125, 0.875, 0.17405],
							"pivot": [0, -3.5, 0],
							"rotation": [-22.5, 0, 0],
							"uv": {
								"north": {"uv": [30, 32], "uv_size": [0.5, 1]},
								"east": {"uv": [32, 30], "uv_size": [0.5, 1]},
								"south": {"uv": [32, 32], "uv_size": [0.5, 1]},
								"west": {"uv": [33, 0], "uv_size": [0.5, 1]},
								"up": {"uv": [43, 0], "uv_size": [0.5, 0.5]},
								"down": {"uv": [2, 43.5], "uv_size": [0.5, -0.5]}
							}
						}
					]
				},
				{
					"name": "end",
					"parent": "grip",
					"pivot": [0, -4.125, 0],
					"rotation": [0, 0, -90],
					"cubes": [
						{
							"origin": [-0.375, -4.22446, -0.5],
							"size": [0.875, 0.19891, 1],
							"pivot": [0, -4.125, 0],
							"rotation": [45, 0, 0],
							"uv": {
								"north": {"uv": [2, 33], "uv_size": [1, 0.5]},
								"east": {"uv": [4, 33], "uv_size": [1, 0.5]},
								"south": {"uv": [33, 4], "uv_size": [1, 0.5]},
								"west": {"uv": [33, 6], "uv_size": [1, 0.5]},
								"up": {"uv": [7, 0], "uv_size": [1, 1]},
								"down": {"uv": [7, 5], "uv_size": [1, -1]}
							}
						},
						{
							"origin": [-0.375, -4.22446, -0.5],
							"size": [0.875, 0.19891, 1],
							"pivot": [0, -4.125, 0],
							"rotation": [22.5, 0, 0],
							"uv": {
								"north": {"uv": [33, 8], "uv_size": [1, 0.5]},
								"east": {"uv": [0, 34], "uv_size": [1, 0.5]},
								"south": {"uv": [34, 2], "uv_size": [1, 0.5]},
								"west": {"uv": [6, 34], "uv_size": [1, 0.5]},
								"up": {"uv": [5, 7], "uv_size": [1, 1]},
								"down": {"uv": [7, 7], "uv_size": [1, -1]}
							}
						},
						{
							"origin": [-0.375, -4.22446, -0.5],
							"size": [0.875, 0.19891, 1],
							"uv": {
								"north": {"uv": [8, 34], "uv_size": [1, 0.5]},
								"east": {"uv": [10, 34], "uv_size": [1, 0.5]},
								"south": {"uv": [34, 10], "uv_size": [1, 0.5]},
								"west": {"uv": [12, 34], "uv_size": [1, 0.5]},
								"up": {"uv": [0, 8], "uv_size": [1, 1]},
								"down": {"uv": [8, 3], "uv_size": [1, -1]}
							}
						},
						{
							"origin": [-0.375, -4.22446, -0.5],
							"size": [0.875, 0.19891, 1],
							"pivot": [0, -4.125, 0],
							"rotation": [-22.5, 0, 0],
							"uv": {
								"north": {"uv": [34, 12], "uv_size": [1, 0.5]},
								"east": {"uv": [14, 34], "uv_size": [1, 0.5]},
								"south": {"uv": [34, 14], "uv_size": [1, 0.5]},
								"west": {"uv": [16, 34], "uv_size": [1, 0.5]},
								"up": {"uv": [7, 8], "uv_size": [1, 1]},
								"down": {"uv": [9, 1], "uv_size": [1, -1]}
							}
						},
						{
							"origin": [-0.375, -4.22446, -0.5],
							"size": [0.875, 0.19891, 1],
							"pivot": [0, -4.125, 0],
							"rotation": [-45, 0, 0],
							"uv": {
								"north": {"uv": [34, 16], "uv_size": [1, 0.5]},
								"east": {"uv": [18, 34], "uv_size": [1, 0.5]},
								"south": {"uv": [34, 18], "uv_size": [1, 0.5]},
								"west": {"uv": [20, 34], "uv_size": [1, 0.5]},
								"up": {"uv": [2, 9], "uv_size": [1, 1]},
								"down": {"uv": [4, 10], "uv_size": [1, -1]}
							}
						},
						{
							"origin": [-0.375, -4.625, -0.09946],
							"size": [0.875, 1, 0.19891],
							"pivot": [0, -4.125, 0],
							"rotation": [22.5, 0, 0],
							"uv": {
								"north": {"uv": [9, 4], "uv_size": [1, 1]},
								"east": {"uv": [34, 20], "uv_size": [0.5, 1]},
								"south": {"uv": [9, 6], "uv_size": [1, 1]},
								"west": {"uv": [22, 34], "uv_size": [0.5, 1]},
								"up": {"uv": [34, 22], "uv_size": [1, 0.5]},
								"down": {"uv": [24, 34.5], "uv_size": [1, -0.5]}
							}
						},
						{
							"origin": [-0.375, -4.625, -0.09946],
							"size": [0.875, 1, 0.19891],
							"uv": {
								"north": {"uv": [9, 8], "uv_size": [1, 1]},
								"east": {"uv": [34, 24], "uv_size": [0.5, 1]},
								"south": {"uv": [0, 10], "uv_size": [1, 1]},
								"west": {"uv": [26, 34], "uv_size": [0.5, 1]},
								"up": {"uv": [34, 26], "uv_size": [1, 0.5]},
								"down": {"uv": [28, 34.5], "uv_size": [1, -0.5]}
							}
						},
						{
							"origin": [-0.375, -4.625, -0.09946],
							"size": [0.875, 1, 0.19891],
							"pivot": [0, -4.125, 0],
							"rotation": [-22.5, 0, 0],
							"uv": {
								"north": {"uv": [10, 2], "uv_size": [1, 1]},
								"east": {"uv": [34, 28], "uv_size": [0.5, 1]},
								"south": {"uv": [6, 10], "uv_size": [1, 1]},
								"west": {"uv": [30, 34], "uv_size": [0.5, 1]},
								"up": {"uv": [34, 30], "uv_size": [1, 0.5]},
								"down": {"uv": [32, 34.5], "uv_size": [1, -0.5]}
							}
						}
					]
				},
				{
					"name": "end_cap",
					"parent": "grip",
					"pivot": [0, -4.5, 0],
					"rotation": [0, 0, -90],
					"cubes": [
						{
							"origin": [-0.125, -4.58702, -0.4375],
							"size": [0.125, 0.17405, 0.875],
							"pivot": [0, -4.5, 0],
							"rotation": [45, 0, 0],
							"uv": {
								"north": {"uv": [4, 43], "uv_size": [0.5, 0.5]},
								"east": {"uv": [34, 32], "uv_size": [1, 0.5]},
								"south": {"uv": [43, 4], "uv_size": [0.5, 0.5]},
								"west": {"uv": [34, 34], "uv_size": [1, 0.5]},
								"up": {"uv": [35, 0], "uv_size": [0.5, 1]},
								"down": {"uv": [2, 36], "uv_size": [0.5, -1]}
							}
						},
						{
							"origin": [-0.125, -4.58702, -0.4375],
							"size": [0.125, 0.17405, 0.875],
							"pivot": [0, -4.5, 0],
							"rotation": [22.5, 0, 0],
							"uv": {
								"north": {"uv": [43, 6], "uv_size": [0.5, 0.5]},
								"east": {"uv": [4, 35], "uv_size": [1, 0.5]},
								"south": {"uv": [43, 8], "uv_size": [0.5, 0.5]},
								"west": {"uv": [35, 4], "uv_size": [1, 0.5]},
								"up": {"uv": [35, 6], "uv_size": [0.5, 1]},
								"down": {"uv": [35, 9], "uv_size": [0.5, -1]}
							}
						},
						{
							"origin": [-0.125, -4.58702, -0.4375],
							"size": [0.125, 0.17405, 0.875],
							"uv": {
								"north": {"uv": [0, 44], "uv_size": [0.5, 0.5]},
								"east": {"uv": [0, 36], "uv_size": [1, 0.5]},
								"south": {"uv": [44, 2], "uv_size": [0.5, 0.5]},
								"west": {"uv": [36, 2], "uv_size": [1, 0.5]},
								"up": {"uv": [6, 36], "uv_size": [0.5, 1]},
								"down": {"uv": [8, 37], "uv_size": [0.5, -1]}
							}
						},
						{
							"origin": [-0.125, -4.58702, -0.4375],
							"size": [0.125, 0.17405, 0.875],
							"pivot": [0, -4.5, 0],
							"rotation": [-22.5, 0, 0],
							"uv": {
								"north": {"uv": [6, 44], "uv_size": [0.5, 0.5]},
								"east": {"uv": [10, 36], "uv_size": [1, 0.5]},
								"south": {"uv": [8, 44], "uv_size": [0.5, 0.5]},
								"west": {"uv": [36, 10], "uv_size": [1, 0.5]},
								"up": {"uv": [12, 36], "uv_size": [0.5, 1]},
								"down": {"uv": [36, 13], "uv_size": [0.5, -1]}
							}
						},
						{
							"origin": [-0.125, -4.58702, -0.4375],
							"size": [0.125, 0.17405, 0.875],
							"pivot": [0, -4.5, 0],
							"rotation": [-45, 0, 0],
							"uv": {
								"north": {"uv": [10, 44], "uv_size": [0.5, 0.5]},
								"east": {"uv": [14, 36], "uv_size": [1, 0.5]},
								"south": {"uv": [44, 10], "uv_size": [0.5, 0.5]},
								"west": {"uv": [36, 14], "uv_size": [1, 0.5]},
								"up": {"uv": [16, 36], "uv_size": [0.5, 1]},
								"down": {"uv": [36, 17], "uv_size": [0.5, -1]}
							}
						},
						{
							"origin": [-0.125, -4.9375, -0.08702],
							"size": [0.125, 0.875, 0.17405],
							"pivot": [0, -4.5, 0],
							"rotation": [22.5, 0, 0],
							"uv": {
								"north": {"uv": [18, 36], "uv_size": [0.5, 1]},
								"east": {"uv": [36, 18], "uv_size": [0.5, 1]},
								"south": {"uv": [20, 36], "uv_size": [0.5, 1]},
								"west": {"uv": [36, 20], "uv_size": [0.5, 1]},
								"up": {"uv": [12, 44], "uv_size": [0.5, 0.5]},
								"down": {"uv": [44, 12.5], "uv_size": [0.5, -0.5]}
							}
						},
						{
							"origin": [-0.125, -4.9375, -0.08702],
							"size": [0.125, 0.875, 0.17405],
							"uv": {
								"north": {"uv": [22, 36], "uv_size": [0.5, 1]},
								"east": {"uv": [36, 22], "uv_size": [0.5, 1]},
								"south": {"uv": [24, 36], "uv_size": [0.5, 1]},
								"west": {"uv": [36, 24], "uv_size": [0.5, 1]},
								"up": {"uv": [14, 44], "uv_size": [0.5, 0.5]},
								"down": {"uv": [44, 14.5], "uv_size": [0.5, -0.5]}
							}
						},
						{
							"origin": [-0.125, -4.9375, -0.08702],
							"size": [0.125, 0.875, 0.17405],
							"pivot": [0, -4.5, 0],
							"rotation": [-22.5, 0, 0],
							"uv": {
								"north": {"uv": [26, 36], "uv_size": [0.5, 1]},
								"east": {"uv": [36, 26], "uv_size": [0.5, 1]},
								"south": {"uv": [28, 36], "uv_size": [0.5, 1]},
								"west": {"uv": [36, 28], "uv_size": [0.5, 1]},
								"up": {"uv": [16, 44], "uv_size": [0.5, 0.5]},
								"down": {"uv": [44, 16.5], "uv_size": [0.5, -0.5]}
							}
						}
					]
				}
			]
		}
	]
}