{
	"format_version": "1.12.0",
	"minecraft:geometry": [
		{
			"description": {
				"identifier": "geometry.unknown",
				"texture_width": 64,
				"texture_height": 64,
				"visible_bounds_width": 2,
				"visible_bounds_height": 1.5,
				"visible_bounds_offset": [0, 0.25, 0]
			},
			"bones": [
				{
					"name": "cookiecuttercomp",
					"pivot": [0, 0, 0]
				},
				{
					"name": "hexadecagon",
					"parent": "cookiecuttercomp",
					"pivot": [0, 0, -0.25],
					"rotation": [0, -90, 0],
					"cubes": [
						{
							"origin": [-0.25, -0.29837, -1.75],
							"size": [0.5, 0.59674, 1.25],
							"pivot": [0, 0, -0.25],
							"rotation": [45, 0, 0],
							"uv": {
								"north": {"uv": [29, 16], "uv_size": [0.5, 0.5]},
								"east": {"uv": [0, 0], "uv_size": [1.5, 0.5]},
								"south": {"uv": [29, 18], "uv_size": [0.5, 0.5]},
								"west": {"uv": [0, 2], "uv_size": [1.5, 0.5]},
								"up": {"uv": [3, 0], "uv_size": [0.5, 1.5]},
								"down": {"uv": [3, 4.5], "uv_size": [0.5, -1.5]}
							}
						},
						{
							"origin": [-0.25, -0.29837, -1.75],
							"size": [0.5, 0.59674, 1.25],
							"pivot": [0, 0, -0.25],
							"rotation": [22.5, 0, 0],
							"uv": {
								"north": {"uv": [29, 20], "uv_size": [0.5, 0.5]},
								"east": {"uv": [0, 4], "uv_size": [1.5, 0.5]},
								"south": {"uv": [30, 0], "uv_size": [0.5, 0.5]},
								"west": {"uv": [5, 0], "uv_size": [1.5, 0.5]},
								"up": {"uv": [5, 2], "uv_size": [0.5, 1.5]},
								"down": {"uv": [5, 6.5], "uv_size": [0.5, -1.5]}
							}
						},
						{
							"origin": [-0.25, -0.29837, -1.75],
							"size": [0.5, 0.59674, 1.25],
							"uv": {
								"north": {"uv": [2, 30], "uv_size": [0.5, 0.5]},
								"east": {"uv": [0, 6], "uv_size": [1.5, 0.5]},
								"south": {"uv": [30, 2], "uv_size": [0.5, 0.5]},
								"west": {"uv": [7, 2], "uv_size": [1.5, 0.5]},
								"up": {"uv": [3, 6], "uv_size": [0.5, 1.5]},
								"down": {"uv": [7, 5.5], "uv_size": [0.5, -1.5]}
							}
						},
						{
							"origin": [-0.25, -0.29837, -1.75],
							"size": [0.5, 0.59674, 1.25],
							"pivot": [0, 0, -0.25],
							"rotation": [-22.5, 0, 0],
							"uv": {
								"north": {"uv": [4, 30], "uv_size": [0.5, 0.5]},
								"east": {"uv": [7, 7], "uv_size": [1.5, 0.5]},
								"south": {"uv": [30, 4], "uv_size": [0.5, 0.5]},
								"west": {"uv": [0, 8], "uv_size": [1.5, 0.5]},
								"up": {"uv": [5, 8], "uv_size": [0.5, 1.5]},
								"down": {"uv": [3, 10.5], "uv_size": [0.5, -1.5]}
							}
						},
						{
							"origin": [-0.25, -0.29837, -1.75],
							"size": [0.5, 0.59674, 1.25],
							"pivot": [0, 0, -0.25],
							"rotation": [-45, 0, 0],
							"uv": {
								"north": {"uv": [30, 6], "uv_size": [0.5, 0.5]},
								"east": {"uv": [8, 0], "uv_size": [1.5, 0.5]},
								"south": {"uv": [10, 30], "uv_size": [0.5, 0.5]},
								"west": {"uv": [9, 4], "uv_size": [1.5, 0.5]},
								"up": {"uv": [7, 9], "uv_size": [0.5, 1.5]},
								"down": {"uv": [9, 10.5], "uv_size": [0.5, -1.5]}
							}
						},
						{
							"origin": [-0.25, -0.29837, 0],
							"size": [0.5, 0.59674, 1.25],
							"pivot": [0, 0, -0.25],
							"rotation": [45, 0, 0],
							"uv": {
								"north": {"uv": [16, 30], "uv_size": [0.5, 0.5]},
								"east": {"uv": [0, 10], "uv_size": [1.5, 0.5]},
								"south": {"uv": [18, 30], "uv_size": [0.5, 0.5]},
								"west": {"uv": [10, 2], "uv_size": [1.5, 0.5]},
								"up": {"uv": [10, 6], "uv_size": [0.5, 1.5]},
								"down": {"uv": [5, 12.5], "uv_size": [0.5, -1.5]}
							}
						},
						{
							"origin": [-0.25, -0.29837, 0],
							"size": [0.5, 0.59674, 1.25],
							"pivot": [0, 0, -0.25],
							"rotation": [22.5, 0, 0],
							"uv": {
								"north": {"uv": [20, 30], "uv_size": [0.5, 0.5]},
								"east": {"uv": [11, 0], "uv_size": [1.5, 0.5]},
								"south": {"uv": [22, 30], "uv_size": [0.5, 0.5]},
								"west": {"uv": [11, 9], "uv_size": [1.5, 0.5]},
								"up": {"uv": [11, 11], "uv_size": [0.5, 1.5]},
								"down": {"uv": [0, 13.5], "uv_size": [0.5, -1.5]}
							}
						},
						{
							"origin": [-0.25, -0.29837, 0],
							"size": [0.5, 0.59674, 1.25],
							"uv": {
								"north": {"uv": [30, 22], "uv_size": [0.5, 0.5]},
								"east": {"uv": [2, 12], "uv_size": [1.5, 0.5]},
								"south": {"uv": [24, 30], "uv_size": [0.5, 0.5]},
								"west": {"uv": [12, 4], "uv_size": [1.5, 0.5]},
								"up": {"uv": [12, 6], "uv_size": [0.5, 1.5]},
								"down": {"uv": [7, 13.5], "uv_size": [0.5, -1.5]}
							}
						},
						{
							"origin": [-0.25, -0.29837, 0],
							"size": [0.5, 0.59674, 1.25],
							"pivot": [0, 0, -0.25],
							"rotation": [-22.5, 0, 0],
							"uv": {
								"north": {"uv": [30, 24], "uv_size": [0.5, 0.5]},
								"east": {"uv": [13, 2], "uv_size": [1.5, 0.5]},
								"south": {"uv": [26, 30], "uv_size": [0.5, 0.5]},
								"west": {"uv": [13, 11], "uv_size": [1.5, 0.5]},
								"up": {"uv": [9, 12], "uv_size": [0.5, 1.5]},
								"down": {"uv": [13, 14.5], "uv_size": [0.5, -1.5]}
							}
						},
						{
							"origin": [-0.25, -0.29837, 0],
							"size": [0.5, 0.59674, 1.25],
							"pivot": [0, 0, -0.25],
							"rotation": [-45, 0, 0],
							"uv": {
								"north": {"uv": [30, 26], "uv_size": [0.5, 0.5]},
								"east": {"uv": [14, 0], "uv_size": [1.5, 0.5]},
								"south": {"uv": [28, 30], "uv_size": [0.5, 0.5]},
								"west": {"uv": [2, 14], "uv_size": [1.5, 0.5]},
								"up": {"uv": [5, 14], "uv_size": [0.5, 1.5]},
								"down": {"uv": [14, 7.5], "uv_size": [0.5, -1.5]}
							}
						},
						{
							"origin": [-0.25, -1.5, -0.54837],
							"size": [0.5, 1.25, 0.59674],
							"pivot": [0, 0, -0.25],
							"rotation": [22.5, 0, 0],
							"uv": {
								"north": {"uv": [11, 14], "uv_size": [0.5, 1.5]},
								"east": {"uv": [0, 15], "uv_size": [0.5, 1.5]},
								"south": {"uv": [7, 15], "uv_size": [0.5, 1.5]},
								"west": {"uv": [9, 15], "uv_size": [0.5, 1.5]},
								"up": {"uv": [30, 28], "uv_size": [0.5, 0.5]},
								"down": {"uv": [30, 30.5], "uv_size": [0.5, -0.5]}
							}
						},
						{
							"origin": [-0.25, -1.5, -0.54837],
							"size": [0.5, 1.25, 0.59674],
							"uv": {
								"north": {"uv": [15, 13], "uv_size": [0.5, 1.5]},
								"east": {"uv": [2, 16], "uv_size": [0.5, 1.5]},
								"south": {"uv": [16, 2], "uv_size": [0.5, 1.5]},
								"west": {"uv": [16, 5], "uv_size": [0.5, 1.5]},
								"up": {"uv": [0, 31], "uv_size": [0.5, 0.5]},
								"down": {"uv": [6, 31.5], "uv_size": [0.5, -0.5]}
							}
						},
						{
							"origin": [-0.25, -1.5, -0.54837],
							"size": [0.5, 1.25, 0.59674],
							"pivot": [0, 0, -0.25],
							"rotation": [-22.5, 0, 0],
							"uv": {
								"north": {"uv": [16, 8], "uv_size": [0.5, 1.5]},
								"east": {"uv": [13, 16], "uv_size": [0.5, 1.5]},
								"south": {"uv": [15, 16], "uv_size": [0.5, 1.5]},
								"west": {"uv": [4, 17], "uv_size": [0.5, 1.5]},
								"up": {"uv": [8, 31], "uv_size": [0.5, 0.5]},
								"down": {"uv": [31, 8.5], "uv_size": [0.5, -0.5]}
							}
						},
						{
							"origin": [-0.25, 0.25, -0.54837],
							"size": [0.5, 1.25, 0.59674],
							"pivot": [0, 0, -0.25],
							"rotation": [22.5, 0, 0],
							"uv": {
								"north": {"uv": [11, 17], "uv_size": [0.5, 1.5]},
								"east": {"uv": [17, 11], "uv_size": [0.5, 1.5]},
								"south": {"uv": [17, 14], "uv_size": [0.5, 1.5]},
								"west": {"uv": [17, 17], "uv_size": [0.5, 1.5]},
								"up": {"uv": [31, 10], "uv_size": [0.5, 0.5]},
								"down": {"uv": [12, 31.5], "uv_size": [0.5, -0.5]}
							}
						},
						{
							"origin": [-0.25, 0.25, -0.54837],
							"size": [0.5, 1.25, 0.59674],
							"uv": {
								"north": {"uv": [0, 18], "uv_size": [0.5, 1.5]},
								"east": {"uv": [18, 0], "uv_size": [0.5, 1.5]},
								"south": {"uv": [18, 3], "uv_size": [0.5, 1.5]},
								"west": {"uv": [6, 18], "uv_size": [0.5, 1.5]},
								"up": {"uv": [31, 12], "uv_size": [0.5, 0.5]},
								"down": {"uv": [14, 31.5], "uv_size": [0.5, -0.5]}
							}
						},
						{
							"origin": [-0.25, 0.25, -0.54837],
							"size": [0.5, 1.25, 0.59674],
							"pivot": [0, 0, -0.25],
							"rotation": [-22.5, 0, 0],
							"uv": {
								"north": {"uv": [18, 6], "uv_size": [0.5, 1.5]},
								"east": {"uv": [8, 18], "uv_size": [0.5, 1.5]},
								"south": {"uv": [2, 19], "uv_size": [0.5, 1.5]},
								"west": {"uv": [19, 9], "uv_size": [0.5, 1.5]},
								"up": {"uv": [31, 14], "uv_size": [0.5, 0.5]},
								"down": {"uv": [31, 16.5], "uv_size": [0.5, -0.5]}
							}
						}
					]
				},
				{
					"name": "hexadecagon2",
					"parent": "cookiecuttercomp",
					"pivot": [0, 0, -0.75],
					"rotation": [0, -90, 0],
					"cubes": [
						{
							"origin": [-0.25, -0.24864, -2],
							"size": [0.25, 0.49728, 1],
							"pivot": [0, 0, -0.75],
							"rotation": [45, 0, 0],
							"uv": {
								"north": {"uv": [31, 18], "uv_size": [0.5, 0.5]},
								"east": {"uv": [14, 9], "uv_size": [1, 0.5]},
								"south": {"uv": [31, 20], "uv_size": [0.5, 0.5]},
								"west": {"uv": [19, 12], "uv_size": [1, 0.5]},
								"up": {"uv": [13, 19], "uv_size": [0.5, 1]},
								"down": {"uv": [19, 15], "uv_size": [0.5, -1]}
							}
						},
						{
							"origin": [-0.25, -0.24864, -2],
							"size": [0.25, 0.49728, 1],
							"pivot": [0, 0, -0.75],
							"rotation": [22.5, 0, 0],
							"uv": {
								"north": {"uv": [32, 0], "uv_size": [0.5, 0.5]},
								"east": {"uv": [15, 19], "uv_size": [1, 0.5]},
								"south": {"uv": [2, 32], "uv_size": [0.5, 0.5]},
								"west": {"uv": [19, 16], "uv_size": [1, 0.5]},
								"up": {"uv": [19, 18], "uv_size": [0.5, 1]},
								"down": {"uv": [20, 1], "uv_size": [0.5, -1]}
							}
						},
						{
							"origin": [-0.25, -0.24864, -2],
							"size": [0.25, 0.49728, 1],
							"uv": {
								"north": {"uv": [32, 2], "uv_size": [0.5, 0.5]},
								"east": {"uv": [20, 2], "uv_size": [1, 0.5]},
								"south": {"uv": [4, 32], "uv_size": [0.5, 0.5]},
								"west": {"uv": [4, 20], "uv_size": [1, 0.5]},
								"up": {"uv": [20, 4], "uv_size": [0.5, 1]},
								"down": {"uv": [20, 7], "uv_size": [0.5, -1]}
							}
						},
						{
							"origin": [-0.25, -0.24864, -2],
							"size": [0.25, 0.49728, 1],
							"pivot": [0, 0, -0.75],
							"rotation": [-22.5, 0, 0],
							"uv": {
								"north": {"uv": [32, 4], "uv_size": [0.5, 0.5]},
								"east": {"uv": [10, 20], "uv_size": [1, 0.5]},
								"south": {"uv": [32, 6], "uv_size": [0.5, 0.5]},
								"west": {"uv": [17, 20], "uv_size": [1, 0.5]},
								"up": {"uv": [19, 20], "uv_size": [0.5, 1]},
								"down": {"uv": [0, 22], "uv_size": [0.5, -1]}
							}
						},
						{
							"origin": [-0.25, -0.24864, -2],
							"size": [0.25, 0.49728, 1],
							"pivot": [0, 0, -0.75],
							"rotation": [-45, 0, 0],
							"uv": {
								"north": {"uv": [10, 32], "uv_size": [0.5, 0.5]},
								"east": {"uv": [6, 21], "uv_size": [1, 0.5]},
								"south": {"uv": [16, 32], "uv_size": [0.5, 0.5]},
								"west": {"uv": [8, 21], "uv_size": [1, 0.5]},
								"up": {"uv": [21, 8], "uv_size": [0.5, 1]},
								"down": {"uv": [21, 11], "uv_size": [0.5, -1]}
							}
						},
						{
							"origin": [-0.25, -0.24864, -0.5],
							"size": [0.25, 0.49728, 1],
							"pivot": [0, 0, -0.75],
							"rotation": [45, 0, 0],
							"uv": {
								"north": {"uv": [18, 32], "uv_size": [0.5, 0.5]},
								"east": {"uv": [12, 21], "uv_size": [1, 0.5]},
								"south": {"uv": [20, 32], "uv_size": [0.5, 0.5]},
								"west": {"uv": [21, 12], "uv_size": [1, 0.5]},
								"up": {"uv": [14, 21], "uv_size": [0.5, 1]},
								"down": {"uv": [21, 15], "uv_size": [0.5, -1]}
							}
						},
						{
							"origin": [-0.25, -0.24864, -0.5],
							"size": [0.25, 0.49728, 1],
							"pivot": [0, 0, -0.75],
							"rotation": [22.5, 0, 0],
							"uv": {
								"north": {"uv": [22, 32], "uv_size": [0.5, 0.5]},
								"east": {"uv": [21, 16], "uv_size": [1, 0.5]},
								"south": {"uv": [32, 22], "uv_size": [0.5, 0.5]},
								"west": {"uv": [21, 18], "uv_size": [1, 0.5]},
								"up": {"uv": [21, 20], "uv_size": [0.5, 1]},
								"down": {"uv": [22, 1], "uv_size": [0.5, -1]}
							}
						},
						{
							"origin": [-0.25, -0.24864, -0.5],
							"size": [0.25, 0.49728, 1],
							"uv": {
								"north": {"uv": [24, 32], "uv_size": [0.5, 0.5]},
								"east": {"uv": [2, 22], "uv_size": [1, 0.5]},
								"south": {"uv": [32, 24], "uv_size": [0.5, 0.5]},
								"west": {"uv": [22, 2], "uv_size": [1, 0.5]},
								"up": {"uv": [4, 22], "uv_size": [0.5, 1]},
								"down": {"uv": [22, 5], "uv_size": [0.5, -1]}
							}
						},
						{
							"origin": [-0.25, -0.24864, -0.5],
							"size": [0.25, 0.49728, 1],
							"pivot": [0, 0, -0.75],
							"rotation": [-22.5, 0, 0],
							"uv": {
								"north": {"uv": [26, 32], "uv_size": [0.5, 0.5]},
								"east": {"uv": [22, 6], "uv_size": [1, 0.5]},
								"south": {"uv": [32, 26], "uv_size": [0.5, 0.5]},
								"west": {"uv": [10, 22], "uv_size": [1, 0.5]},
								"up": {"uv": [16, 22], "uv_size": [0.5, 1]},
								"down": {"uv": [18, 23], "uv_size": [0.5, -1]}
							}
						},
						{
							"origin": [-0.25, -0.24864, -0.5],
							"size": [0.25, 0.49728, 1],
							"pivot": [0, 0, -0.75],
							"rotation": [-45, 0, 0],
							"uv": {
								"north": {"uv": [28, 32], "uv_size": [0.5, 0.5]},
								"east": {"uv": [20, 22], "uv_size": [1, 0.5]},
								"south": {"uv": [32, 28], "uv_size": [0.5, 0.5]},
								"west": {"uv": [22, 22], "uv_size": [1, 0.5]},
								"up": {"uv": [0, 23], "uv_size": [0.5, 1]},
								"down": {"uv": [6, 24], "uv_size": [0.5, -1]}
							}
						},
						{
							"origin": [-0.25, -1.25, -0.99864],
							"size": [0.25, 1, 0.49728],
							"pivot": [0, 0, -0.75],
							"rotation": [22.5, 0, 0],
							"uv": {
								"north": {"uv": [8, 23], "uv_size": [0.5, 1]},
								"east": {"uv": [23, 8], "uv_size": [0.5, 1]},
								"south": {"uv": [23, 10], "uv_size": [0.5, 1]},
								"west": {"uv": [12, 23], "uv_size": [0.5, 1]},
								"up": {"uv": [30, 32], "uv_size": [0.5, 0.5]},
								"down": {"uv": [32, 30.5], "uv_size": [0.5, -0.5]}
							}
						},
						{
							"origin": [-0.25, -1.25, -0.99864],
							"size": [0.25, 1, 0.49728],
							"uv": {
								"north": {"uv": [23, 12], "uv_size": [0.5, 1]},
								"east": {"uv": [14, 23], "uv_size": [0.5, 1]},
								"south": {"uv": [23, 14], "uv_size": [0.5, 1]},
								"west": {"uv": [23, 16], "uv_size": [0.5, 1]},
								"up": {"uv": [32, 32], "uv_size": [0.5, 0.5]},
								"down": {"uv": [0, 33.5], "uv_size": [0.5, -0.5]}
							}
						},
						{
							"origin": [-0.25, -1.25, -0.99864],
							"size": [0.25, 1, 0.49728],
							"pivot": [0, 0, -0.75],
							"rotation": [-22.5, 0, 0],
							"uv": {
								"north": {"uv": [23, 18], "uv_size": [0.5, 1]},
								"east": {"uv": [23, 20], "uv_size": [0.5, 1]},
								"south": {"uv": [24, 0], "uv_size": [0.5, 1]},
								"west": {"uv": [2, 24], "uv_size": [0.5, 1]},
								"up": {"uv": [6, 33], "uv_size": [0.5, 0.5]},
								"down": {"uv": [8, 33.5], "uv_size": [0.5, -0.5]}
							}
						},
						{
							"origin": [-0.25, 0.25, -0.99864],
							"size": [0.25, 1, 0.49728],
							"pivot": [0, 0, -0.75],
							"rotation": [22.5, 0, 0],
							"uv": {
								"north": {"uv": [24, 2], "uv_size": [0.5, 1]},
								"east": {"uv": [4, 24], "uv_size": [0.5, 1]},
								"south": {"uv": [24, 4], "uv_size": [0.5, 1]},
								"west": {"uv": [24, 6], "uv_size": [0.5, 1]},
								"up": {"uv": [33, 8], "uv_size": [0.5, 0.5]},
								"down": {"uv": [33, 10.5], "uv_size": [0.5, -0.5]}
							}
						},
						{
							"origin": [-0.25, 0.25, -0.99864],
							"size": [0.25, 1, 0.49728],
							"uv": {
								"north": {"uv": [10, 24], "uv_size": [0.5, 1]},
								"east": {"uv": [16, 24], "uv_size": [0.5, 1]},
								"south": {"uv": [18, 24], "uv_size": [0.5, 1]},
								"west": {"uv": [20, 24], "uv_size": [0.5, 1]},
								"up": {"uv": [12, 33], "uv_size": [0.5, 0.5]},
								"down": {"uv": [33, 12.5], "uv_size": [0.5, -0.5]}
							}
						},
						{
							"origin": [-0.25, 0.25, -0.99864],
							"size": [0.25, 1, 0.49728],
							"pivot": [0, 0, -0.75],
							"rotation": [-22.5, 0, 0],
							"uv": {
								"north": {"uv": [22, 24], "uv_size": [0.5, 1]},
								"east": {"uv": [24, 22], "uv_size": [0.5, 1]},
								"south": {"uv": [24, 24], "uv_size": [0.5, 1]},
								"west": {"uv": [0, 25], "uv_size": [0.5, 1]},
								"up": {"uv": [14, 33], "uv_size": [0.5, 0.5]},
								"down": {"uv": [33, 14.5], "uv_size": [0.5, -0.5]}
							}
						}
					]
				},
				{
					"name": "hexadecagon3",
					"parent": "cookiecuttercomp",
					"pivot": [0, 0, -0.5],
					"rotation": [0, -90, 0],
					"cubes": [
						{
							"origin": [-0.25, -0.2735, -1.875],
							"size": [0.25, 0.54701, 1.125],
							"pivot": [0, 0, -0.5],
							"rotation": [45, 0, 0],
							"uv": {
								"north": {"uv": [33, 16], "uv_size": [0.5, 0.5]},
								"east": {"uv": [6, 25], "uv_size": [1, 0.5]},
								"south": {"uv": [33, 18], "uv_size": [0.5, 0.5]},
								"west": {"uv": [8, 25], "uv_size": [1, 0.5]},
								"up": {"uv": [25, 8], "uv_size": [0.5, 1]},
								"down": {"uv": [25, 11], "uv_size": [0.5, -1]}
							}
						},
						{
							"origin": [-0.25, -0.2735, -1.875],
							"size": [0.25, 0.54701, 1.125],
							"pivot": [0, 0, -0.5],
							"rotation": [22.5, 0, 0],
							"uv": {
								"north": {"uv": [33, 20], "uv_size": [0.5, 0.5]},
								"east": {"uv": [12, 25], "uv_size": [1, 0.5]},
								"south": {"uv": [34, 0], "uv_size": [0.5, 0.5]},
								"west": {"uv": [25, 12], "uv_size": [1, 0.5]},
								"up": {"uv": [14, 25], "uv_size": [0.5, 1]},
								"down": {"uv": [25, 15], "uv_size": [0.5, -1]}
							}
						},
						{
							"origin": [-0.25, -0.2735, -1.875],
							"size": [0.25, 0.54701, 1.125],
							"uv": {
								"north": {"uv": [2, 34], "uv_size": [0.5, 0.5]},
								"east": {"uv": [25, 16], "uv_size": [1, 0.5]},
								"south": {"uv": [34, 2], "uv_size": [0.5, 0.5]},
								"west": {"uv": [25, 18], "uv_size": [1, 0.5]},
								"up": {"uv": [25, 20], "uv_size": [0.5, 1]},
								"down": {"uv": [26, 1], "uv_size": [0.5, -1]}
							}
						},
						{
							"origin": [-0.25, -0.2735, -1.875],
							"size": [0.25, 0.54701, 1.125],
							"pivot": [0, 0, -0.5],
							"rotation": [-22.5, 0, 0],
							"uv": {
								"north": {"uv": [4, 34], "uv_size": [0.5, 0.5]},
								"east": {"uv": [2, 26], "uv_size": [1, 0.5]},
								"south": {"uv": [34, 4], "uv_size": [0.5, 0.5]},
								"west": {"uv": [26, 2], "uv_size": [1, 0.5]},
								"up": {"uv": [4, 26], "uv_size": [0.5, 1]},
								"down": {"uv": [26, 5], "uv_size": [0.5, -1]}
							}
						},
						{
							"origin": [-0.25, -0.2735, -1.875],
							"size": [0.25, 0.54701, 1.125],
							"pivot": [0, 0, -0.5],
							"rotation": [-45, 0, 0],
							"uv": {
								"north": {"uv": [34, 6], "uv_size": [0.5, 0.5]},
								"east": {"uv": [26, 6], "uv_size": [1, 0.5]},
								"south": {"uv": [10, 34], "uv_size": [0.5, 0.5]},
								"west": {"uv": [10, 26], "uv_size": [1, 0.5]},
								"up": {"uv": [16, 26], "uv_size": [0.5, 1]},
								"down": {"uv": [18, 27], "uv_size": [0.5, -1]}
							}
						},
						{
							"origin": [-0.25, -0.2735, -0.25],
							"size": [0.25, 0.54701, 1.125],
							"pivot": [0, 0, -0.5],
							"rotation": [45, 0, 0],
							"uv": {
								"north": {"uv": [16, 34], "uv_size": [0.5, 0.5]},
								"east": {"uv": [20, 26], "uv_size": [1, 0.5]},
								"south": {"uv": [18, 34], "uv_size": [0.5, 0.5]},
								"west": {"uv": [22, 26], "uv_size": [1, 0.5]},
								"up": {"uv": [26, 22], "uv_size": [0.5, 1]},
								"down": {"uv": [24, 27], "uv_size": [0.5, -1]}
							}
						},
						{
							"origin": [-0.25, -0.2735, -0.25],
							"size": [0.25, 0.54701, 1.125],
							"pivot": [0, 0, -0.5],
							"rotation": [22.5, 0, 0],
							"uv": {
								"north": {"uv": [20, 34], "uv_size": [0.5, 0.5]},
								"east": {"uv": [26, 24], "uv_size": [1, 0.5]},
								"south": {"uv": [22, 34], "uv_size": [0.5, 0.5]},
								"west": {"uv": [26, 26], "uv_size": [1, 0.5]},
								"up": {"uv": [0, 27], "uv_size": [0.5, 1]},
								"down": {"uv": [6, 28], "uv_size": [0.5, -1]}
							}
						},
						{
							"origin": [-0.25, -0.2735, -0.25],
							"size": [0.25, 0.54701, 1.125],
							"uv": {
								"north": {"uv": [34, 22], "uv_size": [0.5, 0.5]},
								"east": {"uv": [8, 27], "uv_size": [1, 0.5]},
								"south": {"uv": [24, 34], "uv_size": [0.5, 0.5]},
								"west": {"uv": [27, 8], "uv_size": [1, 0.5]},
								"up": {"uv": [27, 10], "uv_size": [0.5, 1]},
								"down": {"uv": [12, 28], "uv_size": [0.5, -1]}
							}
						},
						{
							"origin": [-0.25, -0.2735, -0.25],
							"size": [0.25, 0.54701, 1.125],
							"pivot": [0, 0, -0.5],
							"rotation": [-22.5, 0, 0],
							"uv": {
								"north": {"uv": [34, 24], "uv_size": [0.5, 0.5]},
								"east": {"uv": [27, 12], "uv_size": [1, 0.5]},
								"south": {"uv": [26, 34], "uv_size": [0.5, 0.5]},
								"west": {"uv": [14, 27], "uv_size": [1, 0.5]},
								"up": {"uv": [27, 14], "uv_size": [0.5, 1]},
								"down": {"uv": [27, 17], "uv_size": [0.5, -1]}
							}
						},
						{
							"origin": [-0.25, -0.2735, -0.25],
							"size": [0.25, 0.54701, 1.125],
							"pivot": [0, 0, -0.5],
							"rotation": [-45, 0, 0],
							"uv": {
								"north": {"uv": [34, 26], "uv_size": [0.5, 0.5]},
								"east": {"uv": [27, 18], "uv_size": [1, 0.5]},
								"south": {"uv": [28, 34], "uv_size": [0.5, 0.5]},
								"west": {"uv": [27, 20], "uv_size": [1, 0.5]},
								"up": {"uv": [28, 0], "uv_size": [0.5, 1]},
								"down": {"uv": [2, 29], "uv_size": [0.5, -1]}
							}
						},
						{
							"origin": [-0.25, -1.375, -0.7735],
							"size": [0.25, 1.125, 0.54701],
							"pivot": [0, 0, -0.5],
							"rotation": [22.5, 0, 0],
							"uv": {
								"north": {"uv": [28, 2], "uv_size": [0.5, 1]},
								"east": {"uv": [4, 28], "uv_size": [0.5, 1]},
								"south": {"uv": [28, 4], "uv_size": [0.5, 1]},
								"west": {"uv": [28, 6], "uv_size": [0.5, 1]},
								"up": {"uv": [34, 28], "uv_size": [0.5, 0.5]},
								"down": {"uv": [30, 34.5], "uv_size": [0.5, -0.5]}
							}
						},
						{
							"origin": [-0.25, -1.375, -0.7735],
							"size": [0.25, 1.125, 0.54701],
							"uv": {
								"north": {"uv": [10, 28], "uv_size": [0.5, 1]},
								"east": {"uv": [16, 28], "uv_size": [0.5, 1]},
								"south": {"uv": [18, 28], "uv_size": [0.5, 1]},
								"west": {"uv": [20, 28], "uv_size": [0.5, 1]},
								"up": {"uv": [34, 30], "uv_size": [0.5, 0.5]},
								"down": {"uv": [32, 34.5], "uv_size": [0.5, -0.5]}
							}
						},
						{
							"origin": [-0.25, -1.375, -0.7735],
							"size": [0.25, 1.125, 0.54701],
							"pivot": [0, 0, -0.5],
							"rotation": [-22.5, 0, 0],
							"uv": {
								"north": {"uv": [22, 28], "uv_size": [0.5, 1]},
								"east": {"uv": [28, 22], "uv_size": [0.5, 1]},
								"south": {"uv": [24, 28], "uv_size": [0.5, 1]},
								"west": {"uv": [28, 24], "uv_size": [0.5, 1]},
								"up": {"uv": [34, 32], "uv_size": [0.5, 0.5]},
								"down": {"uv": [34, 34.5], "uv_size": [0.5, -0.5]}
							}
						},
						{
							"origin": [-0.25, 0.25, -0.7735],
							"size": [0.25, 1.125, 0.54701],
							"pivot": [0, 0, -0.5],
							"rotation": [22.5, 0, 0],
							"uv": {
								"north": {"uv": [26, 28], "uv_size": [0.5, 1]},
								"east": {"uv": [28, 26], "uv_size": [0.5, 1]},
								"south": {"uv": [28, 28], "uv_size": [0.5, 1]},
								"west": {"uv": [0, 29], "uv_size": [0.5, 1]},
								"up": {"uv": [0, 35], "uv_size": [0.5, 0.5]},
								"down": {"uv": [6, 35.5], "uv_size": [0.5, -0.5]}
							}
						},
						{
							"origin": [-0.25, 0.25, -0.7735],
							"size": [0.25, 1.125, 0.54701],
							"uv": {
								"north": {"uv": [6, 29], "uv_size": [0.5, 1]},
								"east": {"uv": [8, 29], "uv_size": [0.5, 1]},
								"south": {"uv": [29, 8], "uv_size": [0.5, 1]},
								"west": {"uv": [29, 10], "uv_size": [0.5, 1]},
								"up": {"uv": [8, 35], "uv_size": [0.5, 0.5]},
								"down": {"uv": [35, 8.5], "uv_size": [0.5, -0.5]}
							}
						},
						{
							"origin": [-0.25, 0.25, -0.7735],
							"size": [0.25, 1.125, 0.54701],
							"pivot": [0, 0, -0.5],
							"rotation": [-22.5, 0, 0],
							"uv": {
								"north": {"uv": [12, 29], "uv_size": [0.5, 1]},
								"east": {"uv": [29, 12], "uv_size": [0.5, 1]},
								"south": {"uv": [14, 29], "uv_size": [0.5, 1]},
								"west": {"uv": [29, 14], "uv_size": [0.5, 1]},
								"up": {"uv": [35, 10], "uv_size": [0.5, 0.5]},
								"down": {"uv": [12, 35.5], "uv_size": [0.5, -0.5]}
							}
						}
					]
				},
				{
					"name": "hexadecagon4",
					"parent": "cookiecuttercomp",
					"pivot": [0, 0, 0.25],
					"rotation": [0, -90, 0],
					"cubes": [
						{
							"origin": [-0.25, -0.14918, -0.5],
							"size": [0.5, 0.29837, 0.5],
							"pivot": [0, 0, 0.25],
							"rotation": [45, 0, 0],
							"uv": {
								"north": {"uv": [35, 12], "uv_size": [0.5, 0.5]},
								"east": {"uv": [14, 35], "uv_size": [0.5, 0.5]},
								"south": {"uv": [35, 14], "uv_size": [0.5, 0.5]},
								"west": {"uv": [35, 16], "uv_size": [0.5, 0.5]},
								"up": {"uv": [35, 18], "uv_size": [0.5, 0.5]},
								"down": {"uv": [35, 20.5], "uv_size": [0.5, -0.5]}
							}
						},
						{
							"origin": [-0.25, -0.14918, -0.5],
							"size": [0.5, 0.29837, 0.5],
							"pivot": [0, 0, 0.25],
							"rotation": [22.5, 0, 0],
							"uv": {
								"north": {"uv": [36, 0], "uv_size": [0.5, 0.5]},
								"east": {"uv": [2, 36], "uv_size": [0.5, 0.5]},
								"south": {"uv": [36, 2], "uv_size": [0.5, 0.5]},
								"west": {"uv": [4, 36], "uv_size": [0.5, 0.5]},
								"up": {"uv": [36, 4], "uv_size": [0.5, 0.5]},
								"down": {"uv": [36, 6.5], "uv_size": [0.5, -0.5]}
							}
						},
						{
							"origin": [-0.25, -0.14918, -0.5],
							"size": [0.5, 0.29837, 0.5],
							"uv": {
								"north": {"uv": [10, 36], "uv_size": [0.5, 0.5]},
								"east": {"uv": [16, 36], "uv_size": [0.5, 0.5]},
								"south": {"uv": [18, 36], "uv_size": [0.5, 0.5]},
								"west": {"uv": [20, 36], "uv_size": [0.5, 0.5]},
								"up": {"uv": [22, 36], "uv_size": [0.5, 0.5]},
								"down": {"uv": [36, 22.5], "uv_size": [0.5, -0.5]}
							}
						},
						{
							"origin": [-0.25, -0.14918, -0.5],
							"size": [0.5, 0.29837, 0.5],
							"pivot": [0, 0, 0.25],
							"rotation": [-22.5, 0, 0],
							"uv": {
								"north": {"uv": [24, 36], "uv_size": [0.5, 0.5]},
								"east": {"uv": [36, 24], "uv_size": [0.5, 0.5]},
								"south": {"uv": [26, 36], "uv_size": [0.5, 0.5]},
								"west": {"uv": [36, 26], "uv_size": [0.5, 0.5]},
								"up": {"uv": [28, 36], "uv_size": [0.5, 0.5]},
								"down": {"uv": [36, 28.5], "uv_size": [0.5, -0.5]}
							}
						},
						{
							"origin": [-0.25, -0.14918, -0.5],
							"size": [0.5, 0.29837, 0.5],
							"pivot": [0, 0, 0.25],
							"rotation": [-45, 0, 0],
							"uv": {
								"north": {"uv": [30, 36], "uv_size": [0.5, 0.5]},
								"east": {"uv": [36, 30], "uv_size": [0.5, 0.5]},
								"south": {"uv": [32, 36], "uv_size": [0.5, 0.5]},
								"west": {"uv": [36, 32], "uv_size": [0.5, 0.5]},
								"up": {"uv": [34, 36], "uv_size": [0.5, 0.5]},
								"down": {"uv": [36, 34.5], "uv_size": [0.5, -0.5]}
							}
						},
						{
							"origin": [-0.25, -0.14918, 0.5],
							"size": [0.5, 0.29837, 0.5],
							"pivot": [0, 0, 0.25],
							"rotation": [45, 0, 0],
							"uv": {
								"north": {"uv": [36, 36], "uv_size": [0.5, 0.5]},
								"east": {"uv": [0, 37], "uv_size": [0.5, 0.5]},
								"south": {"uv": [6, 37], "uv_size": [0.5, 0.5]},
								"west": {"uv": [8, 37], "uv_size": [0.5, 0.5]},
								"up": {"uv": [37, 8], "uv_size": [0.5, 0.5]},
								"down": {"uv": [37, 10.5], "uv_size": [0.5, -0.5]}
							}
						},
						{
							"origin": [-0.25, -0.14918, 0.5],
							"size": [0.5, 0.29837, 0.5],
							"pivot": [0, 0, 0.25],
							"rotation": [22.5, 0, 0],
							"uv": {
								"north": {"uv": [12, 37], "uv_size": [0.5, 0.5]},
								"east": {"uv": [37, 12], "uv_size": [0.5, 0.5]},
								"south": {"uv": [14, 37], "uv_size": [0.5, 0.5]},
								"west": {"uv": [37, 14], "uv_size": [0.5, 0.5]},
								"up": {"uv": [37, 16], "uv_size": [0.5, 0.5]},
								"down": {"uv": [37, 18.5], "uv_size": [0.5, -0.5]}
							}
						},
						{
							"origin": [-0.25, -0.14918, 0.5],
							"size": [0.5, 0.29837, 0.5],
							"uv": {
								"north": {"uv": [37, 20], "uv_size": [0.5, 0.5]},
								"east": {"uv": [38, 0], "uv_size": [0.5, 0.5]},
								"south": {"uv": [2, 38], "uv_size": [0.5, 0.5]},
								"west": {"uv": [38, 2], "uv_size": [0.5, 0.5]},
								"up": {"uv": [4, 38], "uv_size": [0.5, 0.5]},
								"down": {"uv": [38, 4.5], "uv_size": [0.5, -0.5]}
							}
						},
						{
							"origin": [-0.25, -0.14918, 0.5],
							"size": [0.5, 0.29837, 0.5],
							"pivot": [0, 0, 0.25],
							"rotation": [-22.5, 0, 0],
							"uv": {
								"north": {"uv": [38, 6], "uv_size": [0.5, 0.5]},
								"east": {"uv": [10, 38], "uv_size": [0.5, 0.5]},
								"south": {"uv": [16, 38], "uv_size": [0.5, 0.5]},
								"west": {"uv": [18, 38], "uv_size": [0.5, 0.5]},
								"up": {"uv": [20, 38], "uv_size": [0.5, 0.5]},
								"down": {"uv": [22, 38.5], "uv_size": [0.5, -0.5]}
							}
						},
						{
							"origin": [-0.25, -0.14918, 0.5],
							"size": [0.5, 0.29837, 0.5],
							"pivot": [0, 0, 0.25],
							"rotation": [-45, 0, 0],
							"uv": {
								"north": {"uv": [38, 22], "uv_size": [0.5, 0.5]},
								"east": {"uv": [24, 38], "uv_size": [0.5, 0.5]},
								"south": {"uv": [38, 24], "uv_size": [0.5, 0.5]},
								"west": {"uv": [26, 38], "uv_size": [0.5, 0.5]},
								"up": {"uv": [38, 26], "uv_size": [0.5, 0.5]},
								"down": {"uv": [28, 38.5], "uv_size": [0.5, -0.5]}
							}
						},
						{
							"origin": [-0.25, -0.75, 0.10082],
							"size": [0.5, 0.5, 0.29837],
							"pivot": [0, 0, 0.25],
							"rotation": [22.5, 0, 0],
							"uv": {
								"north": {"uv": [38, 28], "uv_size": [0.5, 0.5]},
								"east": {"uv": [30, 38], "uv_size": [0.5, 0.5]},
								"south": {"uv": [38, 30], "uv_size": [0.5, 0.5]},
								"west": {"uv": [32, 38], "uv_size": [0.5, 0.5]},
								"up": {"uv": [38, 32], "uv_size": [0.5, 0.5]},
								"down": {"uv": [34, 38.5], "uv_size": [0.5, -0.5]}
							}
						},
						{
							"origin": [-0.25, -0.75, 0.10082],
							"size": [0.5, 0.5, 0.29837],
							"uv": {
								"north": {"uv": [38, 34], "uv_size": [0.5, 0.5]},
								"east": {"uv": [36, 38], "uv_size": [0.5, 0.5]},
								"south": {"uv": [38, 36], "uv_size": [0.5, 0.5]},
								"west": {"uv": [38, 38], "uv_size": [0.5, 0.5]},
								"up": {"uv": [0, 39], "uv_size": [0.5, 0.5]},
								"down": {"uv": [6, 39.5], "uv_size": [0.5, -0.5]}
							}
						},
						{
							"origin": [-0.25, -0.75, 0.10082],
							"size": [0.5, 0.5, 0.29837],
							"pivot": [0, 0, 0.25],
							"rotation": [-22.5, 0, 0],
							"uv": {
								"north": {"uv": [8, 39], "uv_size": [0.5, 0.5]},
								"east": {"uv": [39, 8], "uv_size": [0.5, 0.5]},
								"south": {"uv": [39, 10], "uv_size": [0.5, 0.5]},
								"west": {"uv": [12, 39], "uv_size": [0.5, 0.5]},
								"up": {"uv": [39, 12], "uv_size": [0.5, 0.5]},
								"down": {"uv": [14, 39.5], "uv_size": [0.5, -0.5]}
							}
						},
						{
							"origin": [-0.25, 0.25, 0.10082],
							"size": [0.5, 0.5, 0.29837],
							"pivot": [0, 0, 0.25],
							"rotation": [22.5, 0, 0],
							"uv": {
								"north": {"uv": [39, 14], "uv_size": [0.5, 0.5]},
								"east": {"uv": [39, 16], "uv_size": [0.5, 0.5]},
								"south": {"uv": [39, 18], "uv_size": [0.5, 0.5]},
								"west": {"uv": [39, 20], "uv_size": [0.5, 0.5]},
								"up": {"uv": [40, 0], "uv_size": [0.5, 0.5]},
								"down": {"uv": [2, 40.5], "uv_size": [0.5, -0.5]}
							}
						},
						{
							"origin": [-0.25, 0.25, 0.10082],
							"size": [0.5, 0.5, 0.29837],
							"uv": {
								"north": {"uv": [40, 2], "uv_size": [0.5, 0.5]},
								"east": {"uv": [4, 40], "uv_size": [0.5, 0.5]},
								"south": {"uv": [40, 4], "uv_size": [0.5, 0.5]},
								"west": {"uv": [40, 6], "uv_size": [0.5, 0.5]},
								"up": {"uv": [10, 40], "uv_size": [0.5, 0.5]},
								"down": {"uv": [16, 40.5], "uv_size": [0.5, -0.5]}
							}
						},
						{
							"origin": [-0.25, 0.25, 0.10082],
							"size": [0.5, 0.5, 0.29837],
							"pivot": [0, 0, 0.25],
							"rotation": [-22.5, 0, 0],
							"uv": {
								"north": {"uv": [18, 40], "uv_size": [0.5, 0.5]},
								"east": {"uv": [20, 40], "uv_size": [0.5, 0.5]},
								"south": {"uv": [22, 40], "uv_size": [0.5, 0.5]},
								"west": {"uv": [40, 22], "uv_size": [0.5, 0.5]},
								"up": {"uv": [24, 40], "uv_size": [0.5, 0.5]},
								"down": {"uv": [40, 24.5], "uv_size": [0.5, -0.5]}
							}
						}
					]
				}
			]
		}
	]
}