{
	"format_version": "1.12.0",
	"minecraft:geometry": [
		{
			"description": {
				"identifier": "geometry.unknown",
				"texture_width": 64,
				"texture_height": 64,
				"visible_bounds_width": 2,
				"visible_bounds_height": 1.5,
				"visible_bounds_offset": [0, 0.25, 0]
			},
			"bones": [
				{
					"name": "srd762ti",
					"pivot": [0, 0, 0],
					"rotation": [0, 180, 0]
				},
				{
					"name": "hexadecagon",
					"parent": "srd762ti",
					"pivot": [0, 0, 1.5],
					"rotation": [0, -90, 0],
					"cubes": [
						{
							"origin": [-2.5, -0.14918, 0.75],
							"size": [5, 0.29837, 0.5],
							"pivot": [0, 0, 1.5],
							"rotation": [45, 0, 0],
							"uv": {
								"north": {"uv": [0, 0], "uv_size": [5, 0.5]},
								"east": {"uv": [24, 24], "uv_size": [0.5, 0.5]},
								"south": {"uv": [0, 2], "uv_size": [5, 0.5]},
								"west": {"uv": [0, 26], "uv_size": [0.5, 0.5]},
								"up": {"uv": [0, 4], "uv_size": [5, 0.5]},
								"down": {"uv": [0, 6.5], "uv_size": [5, -0.5]}
							}
						},
						{
							"origin": [-2.5, -0.14918, 0.75],
							"size": [5, 0.29837, 0.5],
							"pivot": [0, 0, 1.5],
							"rotation": [22.5, 0, 0],
							"uv": {
								"north": {"uv": [6, 0], "uv_size": [5, 0.5]},
								"east": {"uv": [2, 26], "uv_size": [0.5, 0.5]},
								"south": {"uv": [6, 2], "uv_size": [5, 0.5]},
								"west": {"uv": [4, 26], "uv_size": [0.5, 0.5]},
								"up": {"uv": [6, 4], "uv_size": [5, 0.5]},
								"down": {"uv": [6, 6.5], "uv_size": [5, -0.5]}
							}
						},
						{
							"origin": [-2.5, -0.14918, 0.75],
							"size": [5, 0.29837, 0.5],
							"uv": {
								"north": {"uv": [0, 8], "uv_size": [5, 0.5]},
								"east": {"uv": [6, 26], "uv_size": [0.5, 0.5]},
								"south": {"uv": [6, 8], "uv_size": [5, 0.5]},
								"west": {"uv": [8, 26], "uv_size": [0.5, 0.5]},
								"up": {"uv": [0, 10], "uv_size": [5, 0.5]},
								"down": {"uv": [6, 10.5], "uv_size": [5, -0.5]}
							}
						},
						{
							"origin": [-2.5, -0.14918, 0.75],
							"size": [5, 0.29837, 0.5],
							"pivot": [0, 0, 1.5],
							"rotation": [-22.5, 0, 0],
							"uv": {
								"north": {"uv": [0, 12], "uv_size": [5, 0.5]},
								"east": {"uv": [10, 26], "uv_size": [0.5, 0.5]},
								"south": {"uv": [12, 0], "uv_size": [5, 0.5]},
								"west": {"uv": [12, 26], "uv_size": [0.5, 0.5]},
								"up": {"uv": [12, 2], "uv_size": [5, 0.5]},
								"down": {"uv": [12, 4.5], "uv_size": [5, -0.5]}
							}
						},
						{
							"origin": [-2.5, -0.14918, 0.75],
							"size": [5, 0.29837, 0.5],
							"pivot": [0, 0, 1.5],
							"rotation": [-45, 0, 0],
							"uv": {
								"north": {"uv": [6, 12], "uv_size": [5, 0.5]},
								"east": {"uv": [14, 26], "uv_size": [0.5, 0.5]},
								"south": {"uv": [12, 6], "uv_size": [5, 0.5]},
								"west": {"uv": [16, 26], "uv_size": [0.5, 0.5]},
								"up": {"uv": [12, 8], "uv_size": [5, 0.5]},
								"down": {"uv": [12, 10.5], "uv_size": [5, -0.5]}
							}
						},
						{
							"origin": [-2.5, -0.14918, 1.75],
							"size": [5, 0.29837, 0.5],
							"pivot": [0, 0, 1.5],
							"rotation": [45, 0, 0],
							"uv": {
								"north": {"uv": [12, 12], "uv_size": [5, 0.5]},
								"east": {"uv": [18, 26], "uv_size": [0.5, 0.5]},
								"south": {"uv": [0, 14], "uv_size": [5, 0.5]},
								"west": {"uv": [20, 26], "uv_size": [0.5, 0.5]},
								"up": {"uv": [6, 14], "uv_size": [5, 0.5]},
								"down": {"uv": [12, 14.5], "uv_size": [5, -0.5]}
							}
						},
						{
							"origin": [-2.5, -0.14918, 1.75],
							"size": [5, 0.29837, 0.5],
							"pivot": [0, 0, 1.5],
							"rotation": [22.5, 0, 0],
							"uv": {
								"north": {"uv": [0, 16], "uv_size": [5, 0.5]},
								"east": {"uv": [22, 26], "uv_size": [0.5, 0.5]},
								"south": {"uv": [6, 16], "uv_size": [5, 0.5]},
								"west": {"uv": [24, 26], "uv_size": [0.5, 0.5]},
								"up": {"uv": [12, 16], "uv_size": [5, 0.5]},
								"down": {"uv": [0, 18.5], "uv_size": [5, -0.5]}
							}
						},
						{
							"origin": [-2.5, -0.14918, 1.75],
							"size": [5, 0.29837, 0.5],
							"uv": {
								"north": {"uv": [18, 0], "uv_size": [5, 0.5]},
								"east": {"uv": [26, 24], "uv_size": [0.5, 0.5]},
								"south": {"uv": [18, 2], "uv_size": [5, 0.5]},
								"west": {"uv": [26, 26], "uv_size": [0.5, 0.5]},
								"up": {"uv": [18, 4], "uv_size": [5, 0.5]},
								"down": {"uv": [6, 18.5], "uv_size": [5, -0.5]}
							}
						},
						{
							"origin": [-2.5, -0.14918, 1.75],
							"size": [5, 0.29837, 0.5],
							"pivot": [0, 0, 1.5],
							"rotation": [-22.5, 0, 0],
							"uv": {
								"north": {"uv": [18, 6], "uv_size": [5, 0.5]},
								"east": {"uv": [0, 28], "uv_size": [0.5, 0.5]},
								"south": {"uv": [18, 8], "uv_size": [5, 0.5]},
								"west": {"uv": [2, 28], "uv_size": [0.5, 0.5]},
								"up": {"uv": [18, 10], "uv_size": [5, 0.5]},
								"down": {"uv": [12, 18.5], "uv_size": [5, -0.5]}
							}
						},
						{
							"origin": [-2.5, -0.14918, 1.75],
							"size": [5, 0.29837, 0.5],
							"pivot": [0, 0, 1.5],
							"rotation": [-45, 0, 0],
							"uv": {
								"north": {"uv": [18, 12], "uv_size": [5, 0.5]},
								"east": {"uv": [4, 28], "uv_size": [0.5, 0.5]},
								"south": {"uv": [18, 14], "uv_size": [5, 0.5]},
								"west": {"uv": [6, 28], "uv_size": [0.5, 0.5]},
								"up": {"uv": [18, 16], "uv_size": [5, 0.5]},
								"down": {"uv": [18, 18.5], "uv_size": [5, -0.5]}
							}
						},
						{
							"origin": [-2.5, -0.75, 1.35082],
							"size": [5, 0.5, 0.29837],
							"pivot": [0, 0, 1.5],
							"rotation": [22.5, 0, 0],
							"uv": {
								"north": {"uv": [0, 20], "uv_size": [5, 0.5]},
								"east": {"uv": [8, 28], "uv_size": [0.5, 0.5]},
								"south": {"uv": [6, 20], "uv_size": [5, 0.5]},
								"west": {"uv": [10, 28], "uv_size": [0.5, 0.5]},
								"up": {"uv": [12, 20], "uv_size": [5, 0.5]},
								"down": {"uv": [18, 20.5], "uv_size": [5, -0.5]}
							}
						},
						{
							"origin": [-2.5, -0.75, 1.35082],
							"size": [5, 0.5, 0.29837],
							"uv": {
								"north": {"uv": [0, 22], "uv_size": [5, 0.5]},
								"east": {"uv": [12, 28], "uv_size": [0.5, 0.5]},
								"south": {"uv": [6, 22], "uv_size": [5, 0.5]},
								"west": {"uv": [14, 28], "uv_size": [0.5, 0.5]},
								"up": {"uv": [12, 22], "uv_size": [5, 0.5]},
								"down": {"uv": [18, 22.5], "uv_size": [5, -0.5]}
							}
						},
						{
							"origin": [-2.5, -0.75, 1.35082],
							"size": [5, 0.5, 0.29837],
							"pivot": [0, 0, 1.5],
							"rotation": [-22.5, 0, 0],
							"uv": {
								"north": {"uv": [0, 24], "uv_size": [5, 0.5]},
								"east": {"uv": [16, 28], "uv_size": [0.5, 0.5]},
								"south": {"uv": [24, 0], "uv_size": [5, 0.5]},
								"west": {"uv": [18, 28], "uv_size": [0.5, 0.5]},
								"up": {"uv": [24, 2], "uv_size": [5, 0.5]},
								"down": {"uv": [24, 4.5], "uv_size": [5, -0.5]}
							}
						},
						{
							"origin": [-2.5, 0.25, 1.35082],
							"size": [5, 0.5, 0.29837],
							"pivot": [0, 0, 1.5],
							"rotation": [22.5, 0, 0],
							"uv": {
								"north": {"uv": [6, 24], "uv_size": [5, 0.5]},
								"east": {"uv": [20, 28], "uv_size": [0.5, 0.5]},
								"south": {"uv": [24, 6], "uv_size": [5, 0.5]},
								"west": {"uv": [22, 28], "uv_size": [0.5, 0.5]},
								"up": {"uv": [24, 8], "uv_size": [5, 0.5]},
								"down": {"uv": [24, 10.5], "uv_size": [5, -0.5]}
							}
						},
						{
							"origin": [-2.5, 0.25, 1.35082],
							"size": [5, 0.5, 0.29837],
							"uv": {
								"north": {"uv": [12, 24], "uv_size": [5, 0.5]},
								"east": {"uv": [24, 28], "uv_size": [0.5, 0.5]},
								"south": {"uv": [24, 12], "uv_size": [5, 0.5]},
								"west": {"uv": [28, 24], "uv_size": [0.5, 0.5]},
								"up": {"uv": [24, 14], "uv_size": [5, 0.5]},
								"down": {"uv": [24, 16.5], "uv_size": [5, -0.5]}
							}
						},
						{
							"origin": [-2.5, 0.25, 1.35082],
							"size": [5, 0.5, 0.29837],
							"pivot": [0, 0, 1.5],
							"rotation": [-22.5, 0, 0],
							"uv": {
								"north": {"uv": [18, 24], "uv_size": [5, 0.5]},
								"east": {"uv": [26, 28], "uv_size": [0.5, 0.5]},
								"south": {"uv": [24, 18], "uv_size": [5, 0.5]},
								"west": {"uv": [28, 26], "uv_size": [0.5, 0.5]},
								"up": {"uv": [24, 20], "uv_size": [5, 0.5]},
								"down": {"uv": [24, 22.5], "uv_size": [5, -0.5]}
							}
						}
					]
				},
				{
					"name": "hexadecagon2",
					"parent": "srd762ti",
					"pivot": [0, 0, 6.5],
					"rotation": [0, -90, 0],
					"cubes": [
						{
							"origin": [-2.375, -0.09946, 6],
							"size": [0.125, 0.19891, 0.25],
							"pivot": [0, 0, 6.5],
							"rotation": [45, 0, 0],
							"uv": {
								"north": {"uv": [28, 28], "uv_size": [0.5, 0.5]},
								"east": {"uv": [0, 30], "uv_size": [0.5, 0.5]},
								"south": {"uv": [30, 0], "uv_size": [0.5, 0.5]},
								"west": {"uv": [2, 30], "uv_size": [0.5, 0.5]},
								"up": {"uv": [30, 2], "uv_size": [0.5, 0.5]},
								"down": {"uv": [4, 30.5], "uv_size": [0.5, -0.5]}
							}
						},
						{
							"origin": [-2.375, -0.09946, 6],
							"size": [0.125, 0.19891, 0.25],
							"pivot": [0, 0, 6.5],
							"rotation": [22.5, 0, 0],
							"uv": {
								"north": {"uv": [30, 4], "uv_size": [0.5, 0.5]},
								"east": {"uv": [6, 30], "uv_size": [0.5, 0.5]},
								"south": {"uv": [30, 6], "uv_size": [0.5, 0.5]},
								"west": {"uv": [8, 30], "uv_size": [0.5, 0.5]},
								"up": {"uv": [30, 8], "uv_size": [0.5, 0.5]},
								"down": {"uv": [10, 30.5], "uv_size": [0.5, -0.5]}
							}
						},
						{
							"origin": [-2.375, -0.09946, 6],
							"size": [0.125, 0.19891, 0.25],
							"uv": {
								"north": {"uv": [30, 10], "uv_size": [0.5, 0.5]},
								"east": {"uv": [12, 30], "uv_size": [0.5, 0.5]},
								"south": {"uv": [30, 12], "uv_size": [0.5, 0.5]},
								"west": {"uv": [14, 30], "uv_size": [0.5, 0.5]},
								"up": {"uv": [30, 14], "uv_size": [0.5, 0.5]},
								"down": {"uv": [16, 30.5], "uv_size": [0.5, -0.5]}
							}
						},
						{
							"origin": [-2.375, -0.09946, 6],
							"size": [0.125, 0.19891, 0.25],
							"pivot": [0, 0, 6.5],
							"rotation": [-22.5, 0, 0],
							"uv": {
								"north": {"uv": [30, 16], "uv_size": [0.5, 0.5]},
								"east": {"uv": [18, 30], "uv_size": [0.5, 0.5]},
								"south": {"uv": [30, 18], "uv_size": [0.5, 0.5]},
								"west": {"uv": [20, 30], "uv_size": [0.5, 0.5]},
								"up": {"uv": [30, 20], "uv_size": [0.5, 0.5]},
								"down": {"uv": [22, 30.5], "uv_size": [0.5, -0.5]}
							}
						},
						{
							"origin": [-2.375, -0.09946, 6],
							"size": [0.125, 0.19891, 0.25],
							"pivot": [0, 0, 6.5],
							"rotation": [-45, 0, 0],
							"uv": {
								"north": {"uv": [30, 22], "uv_size": [0.5, 0.5]},
								"east": {"uv": [24, 30], "uv_size": [0.5, 0.5]},
								"south": {"uv": [30, 24], "uv_size": [0.5, 0.5]},
								"west": {"uv": [26, 30], "uv_size": [0.5, 0.5]},
								"up": {"uv": [30, 26], "uv_size": [0.5, 0.5]},
								"down": {"uv": [28, 30.5], "uv_size": [0.5, -0.5]}
							}
						},
						{
							"origin": [-2.375, -0.09946, 6.75],
							"size": [0.125, 0.19891, 0.25],
							"pivot": [0, 0, 6.5],
							"rotation": [45, 0, 0],
							"uv": {
								"north": {"uv": [30, 28], "uv_size": [0.5, 0.5]},
								"east": {"uv": [30, 30], "uv_size": [0.5, 0.5]},
								"south": {"uv": [0, 32], "uv_size": [0.5, 0.5]},
								"west": {"uv": [32, 0], "uv_size": [0.5, 0.5]},
								"up": {"uv": [2, 32], "uv_size": [0.5, 0.5]},
								"down": {"uv": [32, 2.5], "uv_size": [0.5, -0.5]}
							}
						},
						{
							"origin": [-2.375, -0.09946, 6.75],
							"size": [0.125, 0.19891, 0.25],
							"pivot": [0, 0, 6.5],
							"rotation": [22.5, 0, 0],
							"uv": {
								"north": {"uv": [4, 32], "uv_size": [0.5, 0.5]},
								"east": {"uv": [32, 4], "uv_size": [0.5, 0.5]},
								"south": {"uv": [6, 32], "uv_size": [0.5, 0.5]},
								"west": {"uv": [32, 6], "uv_size": [0.5, 0.5]},
								"up": {"uv": [8, 32], "uv_size": [0.5, 0.5]},
								"down": {"uv": [32, 8.5], "uv_size": [0.5, -0.5]}
							}
						},
						{
							"origin": [-2.375, -0.09946, 6.75],
							"size": [0.125, 0.19891, 0.25],
							"uv": {
								"north": {"uv": [10, 32], "uv_size": [0.5, 0.5]},
								"east": {"uv": [32, 10], "uv_size": [0.5, 0.5]},
								"south": {"uv": [12, 32], "uv_size": [0.5, 0.5]},
								"west": {"uv": [32, 12], "uv_size": [0.5, 0.5]},
								"up": {"uv": [14, 32], "uv_size": [0.5, 0.5]},
								"down": {"uv": [32, 14.5], "uv_size": [0.5, -0.5]}
							}
						},
						{
							"origin": [-2.375, -0.09946, 6.75],
							"size": [0.125, 0.19891, 0.25],
							"pivot": [0, 0, 6.5],
							"rotation": [-22.5, 0, 0],
							"uv": {
								"north": {"uv": [16, 32], "uv_size": [0.5, 0.5]},
								"east": {"uv": [32, 16], "uv_size": [0.5, 0.5]},
								"south": {"uv": [18, 32], "uv_size": [0.5, 0.5]},
								"west": {"uv": [32, 18], "uv_size": [0.5, 0.5]},
								"up": {"uv": [20, 32], "uv_size": [0.5, 0.5]},
								"down": {"uv": [32, 20.5], "uv_size": [0.5, -0.5]}
							}
						},
						{
							"origin": [-2.375, -0.09946, 6.75],
							"size": [0.125, 0.19891, 0.25],
							"pivot": [0, 0, 6.5],
							"rotation": [-45, 0, 0],
							"uv": {
								"north": {"uv": [22, 32], "uv_size": [0.5, 0.5]},
								"east": {"uv": [32, 22], "uv_size": [0.5, 0.5]},
								"south": {"uv": [24, 32], "uv_size": [0.5, 0.5]},
								"west": {"uv": [32, 24], "uv_size": [0.5, 0.5]},
								"up": {"uv": [26, 32], "uv_size": [0.5, 0.5]},
								"down": {"uv": [32, 26.5], "uv_size": [0.5, -0.5]}
							}
						},
						{
							"origin": [-2.375, -0.5, 6.40054],
							"size": [0.125, 0.25, 0.19891],
							"pivot": [0, 0, 6.5],
							"rotation": [22.5, 0, 0],
							"uv": {
								"north": {"uv": [28, 32], "uv_size": [0.5, 0.5]},
								"east": {"uv": [32, 28], "uv_size": [0.5, 0.5]},
								"south": {"uv": [30, 32], "uv_size": [0.5, 0.5]},
								"west": {"uv": [32, 30], "uv_size": [0.5, 0.5]},
								"up": {"uv": [32, 32], "uv_size": [0.5, 0.5]},
								"down": {"uv": [0, 34.5], "uv_size": [0.5, -0.5]}
							}
						},
						{
							"origin": [-2.375, -0.5, 6.40054],
							"size": [0.125, 0.25, 0.19891],
							"uv": {
								"north": {"uv": [34, 0], "uv_size": [0.5, 0.5]},
								"east": {"uv": [2, 34], "uv_size": [0.5, 0.5]},
								"south": {"uv": [34, 2], "uv_size": [0.5, 0.5]},
								"west": {"uv": [4, 34], "uv_size": [0.5, 0.5]},
								"up": {"uv": [34, 4], "uv_size": [0.5, 0.5]},
								"down": {"uv": [6, 34.5], "uv_size": [0.5, -0.5]}
							}
						},
						{
							"origin": [-2.375, -0.5, 6.40054],
							"size": [0.125, 0.25, 0.19891],
							"pivot": [0, 0, 6.5],
							"rotation": [-22.5, 0, 0],
							"uv": {
								"north": {"uv": [34, 6], "uv_size": [0.5, 0.5]},
								"east": {"uv": [8, 34], "uv_size": [0.5, 0.5]},
								"south": {"uv": [34, 8], "uv_size": [0.5, 0.5]},
								"west": {"uv": [10, 34], "uv_size": [0.5, 0.5]},
								"up": {"uv": [34, 10], "uv_size": [0.5, 0.5]},
								"down": {"uv": [12, 34.5], "uv_size": [0.5, -0.5]}
							}
						},
						{
							"origin": [-2.375, 0.25, 6.40054],
							"size": [0.125, 0.25, 0.19891],
							"pivot": [0, 0, 6.5],
							"rotation": [22.5, 0, 0],
							"uv": {
								"north": {"uv": [34, 12], "uv_size": [0.5, 0.5]},
								"east": {"uv": [14, 34], "uv_size": [0.5, 0.5]},
								"south": {"uv": [34, 14], "uv_size": [0.5, 0.5]},
								"west": {"uv": [16, 34], "uv_size": [0.5, 0.5]},
								"up": {"uv": [34, 16], "uv_size": [0.5, 0.5]},
								"down": {"uv": [18, 34.5], "uv_size": [0.5, -0.5]}
							}
						},
						{
							"origin": [-2.375, 0.25, 6.40054],
							"size": [0.125, 0.25, 0.19891],
							"uv": {
								"north": {"uv": [34, 18], "uv_size": [0.5, 0.5]},
								"east": {"uv": [20, 34], "uv_size": [0.5, 0.5]},
								"south": {"uv": [34, 20], "uv_size": [0.5, 0.5]},
								"west": {"uv": [22, 34], "uv_size": [0.5, 0.5]},
								"up": {"uv": [34, 22], "uv_size": [0.5, 0.5]},
								"down": {"uv": [24, 34.5], "uv_size": [0.5, -0.5]}
							}
						},
						{
							"origin": [-2.375, 0.25, 6.40054],
							"size": [0.125, 0.25, 0.19891],
							"pivot": [0, 0, 6.5],
							"rotation": [-22.5, 0, 0],
							"uv": {
								"north": {"uv": [34, 24], "uv_size": [0.5, 0.5]},
								"east": {"uv": [26, 34], "uv_size": [0.5, 0.5]},
								"south": {"uv": [34, 26], "uv_size": [0.5, 0.5]},
								"west": {"uv": [28, 34], "uv_size": [0.5, 0.5]},
								"up": {"uv": [34, 28], "uv_size": [0.5, 0.5]},
								"down": {"uv": [30, 34.5], "uv_size": [0.5, -0.5]}
							}
						}
					]
				},
				{
					"name": "hexadecagon3",
					"parent": "srd762ti",
					"pivot": [0, 0, 4.0625],
					"rotation": [0, -90, 0],
					"cubes": [
						{
							"origin": [-0.0625, -0.12432, 3.4375],
							"size": [0.125, 0.24864, 0.375],
							"pivot": [0, 0, 4.0625],
							"rotation": [45, 0, 0],
							"uv": {
								"north": {"uv": [34, 30], "uv_size": [0.5, 0.5]},
								"east": {"uv": [32, 34], "uv_size": [0.5, 0.5]},
								"south": {"uv": [34, 32], "uv_size": [0.5, 0.5]},
								"west": {"uv": [34, 34], "uv_size": [0.5, 0.5]},
								"up": {"uv": [0, 36], "uv_size": [0.5, 0.5]},
								"down": {"uv": [36, 0.5], "uv_size": [0.5, -0.5]}
							}
						},
						{
							"origin": [-0.0625, -0.12432, 3.4375],
							"size": [0.125, 0.24864, 0.375],
							"pivot": [0, 0, 4.0625],
							"rotation": [22.5, 0, 0],
							"uv": {
								"north": {"uv": [2, 36], "uv_size": [0.5, 0.5]},
								"east": {"uv": [36, 2], "uv_size": [0.5, 0.5]},
								"south": {"uv": [4, 36], "uv_size": [0.5, 0.5]},
								"west": {"uv": [36, 4], "uv_size": [0.5, 0.5]},
								"up": {"uv": [6, 36], "uv_size": [0.5, 0.5]},
								"down": {"uv": [36, 6.5], "uv_size": [0.5, -0.5]}
							}
						},
						{
							"origin": [-0.0625, -0.12432, 3.4375],
							"size": [0.125, 0.24864, 0.375],
							"uv": {
								"north": {"uv": [8, 36], "uv_size": [0.5, 0.5]},
								"east": {"uv": [36, 8], "uv_size": [0.5, 0.5]},
								"south": {"uv": [10, 36], "uv_size": [0.5, 0.5]},
								"west": {"uv": [36, 10], "uv_size": [0.5, 0.5]},
								"up": {"uv": [12, 36], "uv_size": [0.5, 0.5]},
								"down": {"uv": [36, 12.5], "uv_size": [0.5, -0.5]}
							}
						},
						{
							"origin": [-0.0625, -0.12432, 3.4375],
							"size": [0.125, 0.24864, 0.375],
							"pivot": [0, 0, 4.0625],
							"rotation": [-22.5, 0, 0],
							"uv": {
								"north": {"uv": [14, 36], "uv_size": [0.5, 0.5]},
								"east": {"uv": [36, 14], "uv_size": [0.5, 0.5]},
								"south": {"uv": [16, 36], "uv_size": [0.5, 0.5]},
								"west": {"uv": [36, 16], "uv_size": [0.5, 0.5]},
								"up": {"uv": [18, 36], "uv_size": [0.5, 0.5]},
								"down": {"uv": [36, 18.5], "uv_size": [0.5, -0.5]}
							}
						},
						{
							"origin": [-0.0625, -0.12432, 3.4375],
							"size": [0.125, 0.24864, 0.375],
							"pivot": [0, 0, 4.0625],
							"rotation": [-45, 0, 0],
							"uv": {
								"north": {"uv": [20, 36], "uv_size": [0.5, 0.5]},
								"east": {"uv": [36, 20], "uv_size": [0.5, 0.5]},
								"south": {"uv": [22, 36], "uv_size": [0.5, 0.5]},
								"west": {"uv": [36, 22], "uv_size": [0.5, 0.5]},
								"up": {"uv": [24, 36], "uv_size": [0.5, 0.5]},
								"down": {"uv": [36, 24.5], "uv_size": [0.5, -0.5]}
							}
						},
						{
							"origin": [-0.0625, -0.12432, 4.3125],
							"size": [0.125, 0.24864, 0.375],
							"pivot": [0, 0, 4.0625],
							"rotation": [45, 0, 0],
							"uv": {
								"north": {"uv": [26, 36], "uv_size": [0.5, 0.5]},
								"east": {"uv": [36, 26], "uv_size": [0.5, 0.5]},
								"south": {"uv": [28, 36], "uv_size": [0.5, 0.5]},
								"west": {"uv": [36, 28], "uv_size": [0.5, 0.5]},
								"up": {"uv": [30, 36], "uv_size": [0.5, 0.5]},
								"down": {"uv": [36, 30.5], "uv_size": [0.5, -0.5]}
							}
						},
						{
							"origin": [-0.0625, -0.12432, 4.3125],
							"size": [0.125, 0.24864, 0.375],
							"pivot": [0, 0, 4.0625],
							"rotation": [22.5, 0, 0],
							"uv": {
								"north": {"uv": [32, 36], "uv_size": [0.5, 0.5]},
								"east": {"uv": [36, 32], "uv_size": [0.5, 0.5]},
								"south": {"uv": [34, 36], "uv_size": [0.5, 0.5]},
								"west": {"uv": [36, 34], "uv_size": [0.5, 0.5]},
								"up": {"uv": [36, 36], "uv_size": [0.5, 0.5]},
								"down": {"uv": [0, 38.5], "uv_size": [0.5, -0.5]}
							}
						},
						{
							"origin": [-0.0625, -0.12432, 4.3125],
							"size": [0.125, 0.24864, 0.375],
							"uv": {
								"north": {"uv": [38, 0], "uv_size": [0.5, 0.5]},
								"east": {"uv": [2, 38], "uv_size": [0.5, 0.5]},
								"south": {"uv": [38, 2], "uv_size": [0.5, 0.5]},
								"west": {"uv": [4, 38], "uv_size": [0.5, 0.5]},
								"up": {"uv": [38, 4], "uv_size": [0.5, 0.5]},
								"down": {"uv": [6, 38.5], "uv_size": [0.5, -0.5]}
							}
						},
						{
							"origin": [-0.0625, -0.12432, 4.3125],
							"size": [0.125, 0.24864, 0.375],
							"pivot": [0, 0, 4.0625],
							"rotation": [-22.5, 0, 0],
							"uv": {
								"north": {"uv": [38, 6], "uv_size": [0.5, 0.5]},
								"east": {"uv": [8, 38], "uv_size": [0.5, 0.5]},
								"south": {"uv": [38, 8], "uv_size": [0.5, 0.5]},
								"west": {"uv": [10, 38], "uv_size": [0.5, 0.5]},
								"up": {"uv": [38, 10], "uv_size": [0.5, 0.5]},
								"down": {"uv": [12, 38.5], "uv_size": [0.5, -0.5]}
							}
						},
						{
							"origin": [-0.0625, -0.12432, 4.3125],
							"size": [0.125, 0.24864, 0.375],
							"pivot": [0, 0, 4.0625],
							"rotation": [-45, 0, 0],
							"uv": {
								"north": {"uv": [38, 12], "uv_size": [0.5, 0.5]},
								"east": {"uv": [14, 38], "uv_size": [0.5, 0.5]},
								"south": {"uv": [38, 14], "uv_size": [0.5, 0.5]},
								"west": {"uv": [16, 38], "uv_size": [0.5, 0.5]},
								"up": {"uv": [38, 16], "uv_size": [0.5, 0.5]},
								"down": {"uv": [18, 38.5], "uv_size": [0.5, -0.5]}
							}
						},
						{
							"origin": [-0.0625, -0.625, 3.93818],
							"size": [0.125, 0.375, 0.24864],
							"pivot": [0, 0, 4.0625],
							"rotation": [22.5, 0, 0],
							"uv": {
								"north": {"uv": [38, 18], "uv_size": [0.5, 0.5]},
								"east": {"uv": [20, 38], "uv_size": [0.5, 0.5]},
								"south": {"uv": [38, 20], "uv_size": [0.5, 0.5]},
								"west": {"uv": [22, 38], "uv_size": [0.5, 0.5]},
								"up": {"uv": [38, 22], "uv_size": [0.5, 0.5]},
								"down": {"uv": [24, 38.5], "uv_size": [0.5, -0.5]}
							}
						},
						{
							"origin": [-0.0625, -0.625, 3.93818],
							"size": [0.125, 0.375, 0.24864],
							"uv": {
								"north": {"uv": [38, 24], "uv_size": [0.5, 0.5]},
								"east": {"uv": [26, 38], "uv_size": [0.5, 0.5]},
								"south": {"uv": [38, 26], "uv_size": [0.5, 0.5]},
								"west": {"uv": [28, 38], "uv_size": [0.5, 0.5]},
								"up": {"uv": [38, 28], "uv_size": [0.5, 0.5]},
								"down": {"uv": [30, 38.5], "uv_size": [0.5, -0.5]}
							}
						},
						{
							"origin": [-0.0625, -0.625, 3.93818],
							"size": [0.125, 0.375, 0.24864],
							"pivot": [0, 0, 4.0625],
							"rotation": [-22.5, 0, 0],
							"uv": {
								"north": {"uv": [38, 30], "uv_size": [0.5, 0.5]},
								"east": {"uv": [32, 38], "uv_size": [0.5, 0.5]},
								"south": {"uv": [38, 32], "uv_size": [0.5, 0.5]},
								"west": {"uv": [34, 38], "uv_size": [0.5, 0.5]},
								"up": {"uv": [38, 34], "uv_size": [0.5, 0.5]},
								"down": {"uv": [36, 38.5], "uv_size": [0.5, -0.5]}
							}
						},
						{
							"origin": [-0.0625, 0.25, 3.93818],
							"size": [0.125, 0.375, 0.24864],
							"pivot": [0, 0, 4.0625],
							"rotation": [22.5, 0, 0],
							"uv": {
								"north": {"uv": [38, 36], "uv_size": [0.5, 0.5]},
								"east": {"uv": [38, 38], "uv_size": [0.5, 0.5]},
								"south": {"uv": [0, 40], "uv_size": [0.5, 0.5]},
								"west": {"uv": [40, 0], "uv_size": [0.5, 0.5]},
								"up": {"uv": [2, 40], "uv_size": [0.5, 0.5]},
								"down": {"uv": [40, 2.5], "uv_size": [0.5, -0.5]}
							}
						},
						{
							"origin": [-0.0625, 0.25, 3.93818],
							"size": [0.125, 0.375, 0.24864],
							"uv": {
								"north": {"uv": [4, 40], "uv_size": [0.5, 0.5]},
								"east": {"uv": [40, 4], "uv_size": [0.5, 0.5]},
								"south": {"uv": [6, 40], "uv_size": [0.5, 0.5]},
								"west": {"uv": [40, 6], "uv_size": [0.5, 0.5]},
								"up": {"uv": [8, 40], "uv_size": [0.5, 0.5]},
								"down": {"uv": [40, 8.5], "uv_size": [0.5, -0.5]}
							}
						},
						{
							"origin": [-0.0625, 0.25, 3.93818],
							"size": [0.125, 0.375, 0.24864],
							"pivot": [0, 0, 4.0625],
							"rotation": [-22.5, 0, 0],
							"uv": {
								"north": {"uv": [10, 40], "uv_size": [0.5, 0.5]},
								"east": {"uv": [40, 10], "uv_size": [0.5, 0.5]},
								"south": {"uv": [12, 40], "uv_size": [0.5, 0.5]},
								"west": {"uv": [40, 12], "uv_size": [0.5, 0.5]},
								"up": {"uv": [14, 40], "uv_size": [0.5, 0.5]},
								"down": {"uv": [40, 14.5], "uv_size": [0.5, -0.5]}
							}
						}
					]
				}
			]
		}
	]
}