{
	"format_version": "1.12.0",
	"minecraft:geometry": [
		{
			"description": {
				"identifier": "geometry.unknown",
				"texture_width": 64,
				"texture_height": 64,
				"visible_bounds_width": 2,
				"visible_bounds_height": 1.5,
				"visible_bounds_offset": [0, 0.25, 0]
			},
			"bones": [
				{
					"name": "bamf_roze",
					"pivot": [0, 0, 0]
				},
				{
					"name": "hexadecagon",
					"parent": "bamf_roze",
					"pivot": [0, 0, -0.5],
					"rotation": [0, -90, 0],
					"cubes": [
						{
							"origin": [-1.625, 0.48231, -1.24372],
							"size": [0.26563, 0.27282, 0.25],
							"pivot": [-1.49219, 0.61872, -1.11872],
							"rotation": [-35.26439, -30, -35.26439],
							"uv": {
								"north": {"uv": [24, 18], "uv_size": [0.5, 0.5]},
								"east": {"uv": [20, 24], "uv_size": [0.5, 0.5]},
								"south": {"uv": [24, 20], "uv_size": [0.5, 0.5]},
								"west": {"uv": [22, 24], "uv_size": [0.5, 0.5]},
								"up": {"uv": [24, 22], "uv_size": [0.5, 0.5]},
								"down": {"uv": [24, 24.5], "uv_size": [0.5, -0.5]}
							}
						},
						{
							"origin": [-1.625, 0.48231, -0.00628],
							"size": [0.26563, 0.27282, 0.25],
							"pivot": [-1.49219, 0.61872, 0.11872],
							"rotation": [35.26439, 30, -35.26439],
							"uv": {
								"north": {"uv": [25, 0], "uv_size": [0.5, 0.5]},
								"east": {"uv": [25, 2], "uv_size": [0.5, 0.5]},
								"south": {"uv": [25, 4], "uv_size": [0.5, 0.5]},
								"west": {"uv": [25, 6], "uv_size": [0.5, 0.5]},
								"up": {"uv": [25, 8], "uv_size": [0.5, 0.5]},
								"down": {"uv": [25, 10.5], "uv_size": [0.5, -0.5]}
							}
						},
						{
							"origin": [-1.625, -0.75513, -0.00628],
							"size": [0.26563, 0.27282, 0.25],
							"pivot": [-1.49219, -0.61872, 0.11872],
							"rotation": [-35.26439, 30, 35.26439],
							"uv": {
								"north": {"uv": [0, 26], "uv_size": [0.5, 0.5]},
								"east": {"uv": [2, 26], "uv_size": [0.5, 0.5]},
								"south": {"uv": [4, 26], "uv_size": [0.5, 0.5]},
								"west": {"uv": [6, 26], "uv_size": [0.5, 0.5]},
								"up": {"uv": [8, 26], "uv_size": [0.5, 0.5]},
								"down": {"uv": [10, 26.5], "uv_size": [0.5, -0.5]}
							}
						},
						{
							"origin": [-1.625, -0.75513, -1.24372],
							"size": [0.26563, 0.27282, 0.25],
							"pivot": [-1.49219, -0.61872, -1.11872],
							"rotation": [35.26439, -30, 35.26439],
							"uv": {
								"north": {"uv": [12, 26], "uv_size": [0.5, 0.5]},
								"east": {"uv": [26, 12], "uv_size": [0.5, 0.5]},
								"south": {"uv": [14, 26], "uv_size": [0.5, 0.5]},
								"west": {"uv": [26, 14], "uv_size": [0.5, 0.5]},
								"up": {"uv": [16, 26], "uv_size": [0.5, 0.5]},
								"down": {"uv": [26, 16.5], "uv_size": [0.5, -0.5]}
							}
						},
						{
							"origin": [-1.62729, -1, -0.64194],
							"size": [0.26563, 0.25, 0.27282],
							"pivot": [-1.49448, 0, -0.50552],
							"rotation": [90, 0, -45],
							"uv": {
								"north": {"uv": [27, 6], "uv_size": [0.5, 0.5]},
								"east": {"uv": [27, 8], "uv_size": [0.5, 0.5]},
								"south": {"uv": [27, 10], "uv_size": [0.5, 0.5]},
								"west": {"uv": [0, 28], "uv_size": [0.5, 0.5]},
								"up": {"uv": [2, 28], "uv_size": [0.5, 0.5]},
								"down": {"uv": [4, 28.5], "uv_size": [0.5, -0.5]}
							}
						},
						{
							"origin": [-1.62729, 0.75, -0.64194],
							"size": [0.26563, 0.25, 0.27282],
							"pivot": [-1.49448, 0, -0.50552],
							"rotation": [90, 0, -45],
							"uv": {
								"north": {"uv": [6, 28], "uv_size": [0.5, 0.5]},
								"east": {"uv": [8, 28], "uv_size": [0.5, 0.5]},
								"south": {"uv": [10, 28], "uv_size": [0.5, 0.5]},
								"west": {"uv": [12, 28], "uv_size": [0.5, 0.5]},
								"up": {"uv": [28, 12], "uv_size": [0.5, 0.5]},
								"down": {"uv": [14, 28.5], "uv_size": [0.5, -0.5]}
							}
						},
						{
							"origin": [-1.625, -1, -0.63641],
							"size": [0.26563, 0.25, 0.27282],
							"pivot": [-1.5, 0, -0.5],
							"rotation": [0, 45, 0],
							"uv": {
								"north": {"uv": [28, 14], "uv_size": [0.5, 0.5]},
								"east": {"uv": [16, 28], "uv_size": [0.5, 0.5]},
								"south": {"uv": [28, 16], "uv_size": [0.5, 0.5]},
								"west": {"uv": [18, 28], "uv_size": [0.5, 0.5]},
								"up": {"uv": [28, 18], "uv_size": [0.5, 0.5]},
								"down": {"uv": [20, 28.5], "uv_size": [0.5, -0.5]}
							}
						},
						{
							"origin": [-1.625, 0.75, -0.63641],
							"size": [0.26563, 0.25, 0.27282],
							"pivot": [-1.5, 0, -0.5],
							"rotation": [0, 45, 0],
							"uv": {
								"north": {"uv": [28, 20], "uv_size": [0.5, 0.5]},
								"east": {"uv": [22, 28], "uv_size": [0.5, 0.5]},
								"south": {"uv": [28, 22], "uv_size": [0.5, 0.5]},
								"west": {"uv": [24, 28], "uv_size": [0.5, 0.5]},
								"up": {"uv": [28, 24], "uv_size": [0.5, 0.5]},
								"down": {"uv": [26, 28.5], "uv_size": [0.5, -0.5]}
							}
						}
					]
				},
				{
					"name": "bone",
					"parent": "hexadecagon",
					"pivot": [0, 0, -0.5],
					"cubes": [
						{
							"origin": [-0.5, -0.19891, -1.5],
							"size": [2, 0.39782, 0.5],
							"pivot": [0, 0, -0.5],
							"rotation": [45, 0, 0],
							"uv": {
								"north": {"uv": [0, 0], "uv_size": [2, 0.5]},
								"east": {"uv": [28, 26], "uv_size": [0.5, 0.5]},
								"south": {"uv": [0, 2], "uv_size": [2, 0.5]},
								"west": {"uv": [28, 28], "uv_size": [0.5, 0.5]},
								"up": {"uv": [3, 0], "uv_size": [2, 0.5]},
								"down": {"uv": [3, 2.5], "uv_size": [2, -0.5]}
							}
						},
						{
							"origin": [-0.5, -0.19891, -1.5],
							"size": [2, 0.39782, 0.5],
							"pivot": [0, 0, -0.5],
							"rotation": [22.5, 0, 0],
							"uv": {
								"north": {"uv": [0, 4], "uv_size": [2, 0.5]},
								"east": {"uv": [29, 0], "uv_size": [0.5, 0.5]},
								"south": {"uv": [3, 4], "uv_size": [2, 0.5]},
								"west": {"uv": [29, 2], "uv_size": [0.5, 0.5]},
								"up": {"uv": [0, 6], "uv_size": [2, 0.5]},
								"down": {"uv": [6, 0.5], "uv_size": [2, -0.5]}
							}
						},
						{
							"origin": [-0.5, -0.19891, -1.5],
							"size": [2, 0.39782, 0.5],
							"uv": {
								"north": {"uv": [6, 2], "uv_size": [2, 0.5]},
								"east": {"uv": [29, 4], "uv_size": [0.5, 0.5]},
								"south": {"uv": [3, 6], "uv_size": [2, 0.5]},
								"west": {"uv": [29, 6], "uv_size": [0.5, 0.5]},
								"up": {"uv": [6, 4], "uv_size": [2, 0.5]},
								"down": {"uv": [6, 6.5], "uv_size": [2, -0.5]}
							}
						},
						{
							"origin": [-0.5, -0.19891, -1.5],
							"size": [2, 0.39782, 0.5],
							"pivot": [0, 0, -0.5],
							"rotation": [-22.5, 0, 0],
							"uv": {
								"north": {"uv": [0, 8], "uv_size": [2, 0.5]},
								"east": {"uv": [29, 8], "uv_size": [0.5, 0.5]},
								"south": {"uv": [3, 8], "uv_size": [2, 0.5]},
								"west": {"uv": [29, 10], "uv_size": [0.5, 0.5]},
								"up": {"uv": [6, 8], "uv_size": [2, 0.5]},
								"down": {"uv": [9, 0.5], "uv_size": [2, -0.5]}
							}
						},
						{
							"origin": [-0.5, -0.19891, -1.5],
							"size": [2, 0.39782, 0.5],
							"pivot": [0, 0, -0.5],
							"rotation": [-45, 0, 0],
							"uv": {
								"north": {"uv": [9, 2], "uv_size": [2, 0.5]},
								"east": {"uv": [0, 30], "uv_size": [0.5, 0.5]},
								"south": {"uv": [9, 4], "uv_size": [2, 0.5]},
								"west": {"uv": [2, 30], "uv_size": [0.5, 0.5]},
								"up": {"uv": [9, 6], "uv_size": [2, 0.5]},
								"down": {"uv": [9, 8.5], "uv_size": [2, -0.5]}
							}
						},
						{
							"origin": [-0.5, -0.19891, 0],
							"size": [2, 0.39782, 0.5],
							"pivot": [0, 0, -0.5],
							"rotation": [45, 0, 0],
							"uv": {
								"north": {"uv": [0, 10], "uv_size": [2, 0.5]},
								"east": {"uv": [4, 30], "uv_size": [0.5, 0.5]},
								"south": {"uv": [3, 10], "uv_size": [2, 0.5]},
								"west": {"uv": [6, 30], "uv_size": [0.5, 0.5]},
								"up": {"uv": [6, 10], "uv_size": [2, 0.5]},
								"down": {"uv": [9, 10.5], "uv_size": [2, -0.5]}
							}
						},
						{
							"origin": [-0.5, -0.19891, 0],
							"size": [2, 0.39782, 0.5],
							"pivot": [0, 0, -0.5],
							"rotation": [22.5, 0, 0],
							"uv": {
								"north": {"uv": [0, 12], "uv_size": [2, 0.5]},
								"east": {"uv": [8, 30], "uv_size": [0.5, 0.5]},
								"south": {"uv": [12, 0], "uv_size": [2, 0.5]},
								"west": {"uv": [10, 30], "uv_size": [0.5, 0.5]},
								"up": {"uv": [12, 2], "uv_size": [2, 0.5]},
								"down": {"uv": [3, 12.5], "uv_size": [2, -0.5]}
							}
						},
						{
							"origin": [-0.5, -0.19891, 0],
							"size": [2, 0.39782, 0.5],
							"uv": {
								"north": {"uv": [12, 4], "uv_size": [2, 0.5]},
								"east": {"uv": [12, 30], "uv_size": [0.5, 0.5]},
								"south": {"uv": [6, 12], "uv_size": [2, 0.5]},
								"west": {"uv": [30, 12], "uv_size": [0.5, 0.5]},
								"up": {"uv": [12, 6], "uv_size": [2, 0.5]},
								"down": {"uv": [12, 8.5], "uv_size": [2, -0.5]}
							}
						},
						{
							"origin": [-0.5, -0.19891, 0],
							"size": [2, 0.39782, 0.5],
							"pivot": [0, 0, -0.5],
							"rotation": [-22.5, 0, 0],
							"uv": {
								"north": {"uv": [9, 12], "uv_size": [2, 0.5]},
								"east": {"uv": [14, 30], "uv_size": [0.5, 0.5]},
								"south": {"uv": [12, 10], "uv_size": [2, 0.5]},
								"west": {"uv": [30, 14], "uv_size": [0.5, 0.5]},
								"up": {"uv": [12, 12], "uv_size": [2, 0.5]},
								"down": {"uv": [0, 14.5], "uv_size": [2, -0.5]}
							}
						},
						{
							"origin": [-0.5, -0.19891, 0],
							"size": [2, 0.39782, 0.5],
							"pivot": [0, 0, -0.5],
							"rotation": [-45, 0, 0],
							"uv": {
								"north": {"uv": [3, 14], "uv_size": [2, 0.5]},
								"east": {"uv": [16, 30], "uv_size": [0.5, 0.5]},
								"south": {"uv": [6, 14], "uv_size": [2, 0.5]},
								"west": {"uv": [30, 16], "uv_size": [0.5, 0.5]},
								"up": {"uv": [9, 14], "uv_size": [2, 0.5]},
								"down": {"uv": [12, 14.5], "uv_size": [2, -0.5]}
							}
						},
						{
							"origin": [-0.5, -1, -0.69891],
							"size": [2, 0.5, 0.39782],
							"pivot": [0, 0, -0.5],
							"rotation": [22.5, 0, 0],
							"uv": {
								"north": {"uv": [15, 0], "uv_size": [2, 0.5]},
								"east": {"uv": [18, 30], "uv_size": [0.5, 0.5]},
								"south": {"uv": [15, 2], "uv_size": [2, 0.5]},
								"west": {"uv": [30, 18], "uv_size": [0.5, 0.5]},
								"up": {"uv": [15, 4], "uv_size": [2, 0.5]},
								"down": {"uv": [15, 6.5], "uv_size": [2, -0.5]}
							}
						},
						{
							"origin": [-0.5, -1, -0.69891],
							"size": [2, 0.5, 0.39782],
							"uv": {
								"north": {"uv": [15, 8], "uv_size": [2, 0.5]},
								"east": {"uv": [20, 30], "uv_size": [0.5, 0.5]},
								"south": {"uv": [15, 10], "uv_size": [2, 0.5]},
								"west": {"uv": [30, 20], "uv_size": [0.5, 0.5]},
								"up": {"uv": [15, 12], "uv_size": [2, 0.5]},
								"down": {"uv": [15, 14.5], "uv_size": [2, -0.5]}
							}
						},
						{
							"origin": [-0.5, -1, -0.69891],
							"size": [2, 0.5, 0.39782],
							"pivot": [0, 0, -0.5],
							"rotation": [-22.5, 0, 0],
							"uv": {
								"north": {"uv": [0, 16], "uv_size": [2, 0.5]},
								"east": {"uv": [22, 30], "uv_size": [0.5, 0.5]},
								"south": {"uv": [3, 16], "uv_size": [2, 0.5]},
								"west": {"uv": [30, 22], "uv_size": [0.5, 0.5]},
								"up": {"uv": [6, 16], "uv_size": [2, 0.5]},
								"down": {"uv": [9, 16.5], "uv_size": [2, -0.5]}
							}
						},
						{
							"origin": [-0.5, 0.5, -0.69891],
							"size": [2, 0.5, 0.39782],
							"pivot": [0, 0, -0.5],
							"rotation": [22.5, 0, 0],
							"uv": {
								"north": {"uv": [12, 16], "uv_size": [2, 0.5]},
								"east": {"uv": [24, 30], "uv_size": [0.5, 0.5]},
								"south": {"uv": [15, 16], "uv_size": [2, 0.5]},
								"west": {"uv": [30, 24], "uv_size": [0.5, 0.5]},
								"up": {"uv": [0, 18], "uv_size": [2, 0.5]},
								"down": {"uv": [18, 0.5], "uv_size": [2, -0.5]}
							}
						},
						{
							"origin": [-0.5, 0.5, -0.69891],
							"size": [2, 0.5, 0.39782],
							"uv": {
								"north": {"uv": [18, 2], "uv_size": [2, 0.5]},
								"east": {"uv": [26, 30], "uv_size": [0.5, 0.5]},
								"south": {"uv": [3, 18], "uv_size": [2, 0.5]},
								"west": {"uv": [30, 26], "uv_size": [0.5, 0.5]},
								"up": {"uv": [18, 4], "uv_size": [2, 0.5]},
								"down": {"uv": [6, 18.5], "uv_size": [2, -0.5]}
							}
						},
						{
							"origin": [-0.5, 0.5, -0.69891],
							"size": [2, 0.5, 0.39782],
							"pivot": [0, 0, -0.5],
							"rotation": [-22.5, 0, 0],
							"uv": {
								"north": {"uv": [18, 6], "uv_size": [2, 0.5]},
								"east": {"uv": [28, 30], "uv_size": [0.5, 0.5]},
								"south": {"uv": [18, 8], "uv_size": [2, 0.5]},
								"west": {"uv": [30, 28], "uv_size": [0.5, 0.5]},
								"up": {"uv": [9, 18], "uv_size": [2, 0.5]},
								"down": {"uv": [18, 10.5], "uv_size": [2, -0.5]}
							}
						}
					]
				},
				{
					"name": "hexadecagon2",
					"parent": "bamf_roze",
					"pivot": [0, 0, 2.5],
					"rotation": [0, -90, 0],
					"cubes": [
						{
							"origin": [-1.5, -0.14918, 1.75],
							"size": [0.5, 0.29837, 0.25],
							"pivot": [0, 0, 2.5],
							"rotation": [45, 0, 0],
							"uv": {
								"north": {"uv": [30, 30], "uv_size": [0.5, 0.5]},
								"east": {"uv": [31, 0], "uv_size": [0.5, 0.5]},
								"south": {"uv": [31, 2], "uv_size": [0.5, 0.5]},
								"west": {"uv": [31, 4], "uv_size": [0.5, 0.5]},
								"up": {"uv": [31, 6], "uv_size": [0.5, 0.5]},
								"down": {"uv": [31, 8.5], "uv_size": [0.5, -0.5]}
							}
						},
						{
							"origin": [-1.5, -0.14918, 1.75],
							"size": [0.5, 0.29837, 0.25],
							"pivot": [0, 0, 2.5],
							"rotation": [22.5, 0, 0],
							"uv": {
								"north": {"uv": [31, 10], "uv_size": [0.5, 0.5]},
								"east": {"uv": [0, 32], "uv_size": [0.5, 0.5]},
								"south": {"uv": [2, 32], "uv_size": [0.5, 0.5]},
								"west": {"uv": [4, 32], "uv_size": [0.5, 0.5]},
								"up": {"uv": [6, 32], "uv_size": [0.5, 0.5]},
								"down": {"uv": [8, 32.5], "uv_size": [0.5, -0.5]}
							}
						},
						{
							"origin": [-1.5, -0.14918, 1.75],
							"size": [0.5, 0.29837, 0.25],
							"uv": {
								"north": {"uv": [10, 32], "uv_size": [0.5, 0.5]},
								"east": {"uv": [12, 32], "uv_size": [0.5, 0.5]},
								"south": {"uv": [32, 12], "uv_size": [0.5, 0.5]},
								"west": {"uv": [14, 32], "uv_size": [0.5, 0.5]},
								"up": {"uv": [32, 14], "uv_size": [0.5, 0.5]},
								"down": {"uv": [16, 32.5], "uv_size": [0.5, -0.5]}
							}
						},
						{
							"origin": [-1.5, -0.14918, 1.75],
							"size": [0.5, 0.29837, 0.25],
							"pivot": [0, 0, 2.5],
							"rotation": [-22.5, 0, 0],
							"uv": {
								"north": {"uv": [32, 16], "uv_size": [0.5, 0.5]},
								"east": {"uv": [18, 32], "uv_size": [0.5, 0.5]},
								"south": {"uv": [32, 18], "uv_size": [0.5, 0.5]},
								"west": {"uv": [20, 32], "uv_size": [0.5, 0.5]},
								"up": {"uv": [32, 20], "uv_size": [0.5, 0.5]},
								"down": {"uv": [22, 32.5], "uv_size": [0.5, -0.5]}
							}
						},
						{
							"origin": [-1.5, -0.14918, 1.75],
							"size": [0.5, 0.29837, 0.25],
							"pivot": [0, 0, 2.5],
							"rotation": [-45, 0, 0],
							"uv": {
								"north": {"uv": [32, 22], "uv_size": [0.5, 0.5]},
								"east": {"uv": [24, 32], "uv_size": [0.5, 0.5]},
								"south": {"uv": [32, 24], "uv_size": [0.5, 0.5]},
								"west": {"uv": [26, 32], "uv_size": [0.5, 0.5]},
								"up": {"uv": [32, 26], "uv_size": [0.5, 0.5]},
								"down": {"uv": [28, 32.5], "uv_size": [0.5, -0.5]}
							}
						},
						{
							"origin": [-1.5, -0.14918, 3],
							"size": [0.5, 0.29837, 0.25],
							"pivot": [0, 0, 2.5],
							"rotation": [45, 0, 0],
							"uv": {
								"north": {"uv": [32, 28], "uv_size": [0.5, 0.5]},
								"east": {"uv": [30, 32], "uv_size": [0.5, 0.5]},
								"south": {"uv": [32, 30], "uv_size": [0.5, 0.5]},
								"west": {"uv": [32, 32], "uv_size": [0.5, 0.5]},
								"up": {"uv": [33, 0], "uv_size": [0.5, 0.5]},
								"down": {"uv": [33, 2.5], "uv_size": [0.5, -0.5]}
							}
						},
						{
							"origin": [-1.5, -0.14918, 3],
							"size": [0.5, 0.29837, 0.25],
							"pivot": [0, 0, 2.5],
							"rotation": [22.5, 0, 0],
							"uv": {
								"north": {"uv": [33, 4], "uv_size": [0.5, 0.5]},
								"east": {"uv": [33, 6], "uv_size": [0.5, 0.5]},
								"south": {"uv": [33, 8], "uv_size": [0.5, 0.5]},
								"west": {"uv": [33, 10], "uv_size": [0.5, 0.5]},
								"up": {"uv": [0, 34], "uv_size": [0.5, 0.5]},
								"down": {"uv": [2, 34.5], "uv_size": [0.5, -0.5]}
							}
						},
						{
							"origin": [-1.5, -0.14918, 3],
							"size": [0.5, 0.29837, 0.25],
							"uv": {
								"north": {"uv": [4, 34], "uv_size": [0.5, 0.5]},
								"east": {"uv": [6, 34], "uv_size": [0.5, 0.5]},
								"south": {"uv": [8, 34], "uv_size": [0.5, 0.5]},
								"west": {"uv": [10, 34], "uv_size": [0.5, 0.5]},
								"up": {"uv": [12, 34], "uv_size": [0.5, 0.5]},
								"down": {"uv": [34, 12.5], "uv_size": [0.5, -0.5]}
							}
						},
						{
							"origin": [-1.5, -0.14918, 3],
							"size": [0.5, 0.29837, 0.25],
							"pivot": [0, 0, 2.5],
							"rotation": [-22.5, 0, 0],
							"uv": {
								"north": {"uv": [14, 34], "uv_size": [0.5, 0.5]},
								"east": {"uv": [34, 14], "uv_size": [0.5, 0.5]},
								"south": {"uv": [16, 34], "uv_size": [0.5, 0.5]},
								"west": {"uv": [34, 16], "uv_size": [0.5, 0.5]},
								"up": {"uv": [18, 34], "uv_size": [0.5, 0.5]},
								"down": {"uv": [34, 18.5], "uv_size": [0.5, -0.5]}
							}
						},
						{
							"origin": [-1.5, -0.14918, 3],
							"size": [0.5, 0.29837, 0.25],
							"pivot": [0, 0, 2.5],
							"rotation": [-45, 0, 0],
							"uv": {
								"north": {"uv": [20, 34], "uv_size": [0.5, 0.5]},
								"east": {"uv": [34, 20], "uv_size": [0.5, 0.5]},
								"south": {"uv": [22, 34], "uv_size": [0.5, 0.5]},
								"west": {"uv": [34, 22], "uv_size": [0.5, 0.5]},
								"up": {"uv": [24, 34], "uv_size": [0.5, 0.5]},
								"down": {"uv": [34, 24.5], "uv_size": [0.5, -0.5]}
							}
						},
						{
							"origin": [-1.5, -0.75, 2.35082],
							"size": [0.5, 0.25, 0.29837],
							"pivot": [0, 0, 2.5],
							"rotation": [22.5, 0, 0],
							"uv": {
								"north": {"uv": [26, 34], "uv_size": [0.5, 0.5]},
								"east": {"uv": [34, 26], "uv_size": [0.5, 0.5]},
								"south": {"uv": [28, 34], "uv_size": [0.5, 0.5]},
								"west": {"uv": [34, 28], "uv_size": [0.5, 0.5]},
								"up": {"uv": [30, 34], "uv_size": [0.5, 0.5]},
								"down": {"uv": [34, 30.5], "uv_size": [0.5, -0.5]}
							}
						},
						{
							"origin": [-1.5, -0.75, 2.35082],
							"size": [0.5, 0.25, 0.29837],
							"uv": {
								"north": {"uv": [32, 34], "uv_size": [0.5, 0.5]},
								"east": {"uv": [34, 32], "uv_size": [0.5, 0.5]},
								"south": {"uv": [34, 34], "uv_size": [0.5, 0.5]},
								"west": {"uv": [35, 0], "uv_size": [0.5, 0.5]},
								"up": {"uv": [35, 2], "uv_size": [0.5, 0.5]},
								"down": {"uv": [35, 4.5], "uv_size": [0.5, -0.5]}
							}
						},
						{
							"origin": [-1.5, -0.75, 2.35082],
							"size": [0.5, 0.25, 0.29837],
							"pivot": [0, 0, 2.5],
							"rotation": [-22.5, 0, 0],
							"uv": {
								"north": {"uv": [35, 6], "uv_size": [0.5, 0.5]},
								"east": {"uv": [35, 8], "uv_size": [0.5, 0.5]},
								"south": {"uv": [35, 10], "uv_size": [0.5, 0.5]},
								"west": {"uv": [0, 36], "uv_size": [0.5, 0.5]},
								"up": {"uv": [2, 36], "uv_size": [0.5, 0.5]},
								"down": {"uv": [4, 36.5], "uv_size": [0.5, -0.5]}
							}
						},
						{
							"origin": [-1.5, 0.5, 2.35082],
							"size": [0.5, 0.25, 0.29837],
							"pivot": [0, 0, 2.5],
							"rotation": [22.5, 0, 0],
							"uv": {
								"north": {"uv": [6, 36], "uv_size": [0.5, 0.5]},
								"east": {"uv": [8, 36], "uv_size": [0.5, 0.5]},
								"south": {"uv": [10, 36], "uv_size": [0.5, 0.5]},
								"west": {"uv": [12, 36], "uv_size": [0.5, 0.5]},
								"up": {"uv": [36, 12], "uv_size": [0.5, 0.5]},
								"down": {"uv": [14, 36.5], "uv_size": [0.5, -0.5]}
							}
						},
						{
							"origin": [-1.5, 0.5, 2.35082],
							"size": [0.5, 0.25, 0.29837],
							"uv": {
								"north": {"uv": [36, 14], "uv_size": [0.5, 0.5]},
								"east": {"uv": [16, 36], "uv_size": [0.5, 0.5]},
								"south": {"uv": [36, 16], "uv_size": [0.5, 0.5]},
								"west": {"uv": [18, 36], "uv_size": [0.5, 0.5]},
								"up": {"uv": [36, 18], "uv_size": [0.5, 0.5]},
								"down": {"uv": [20, 36.5], "uv_size": [0.5, -0.5]}
							}
						},
						{
							"origin": [-1.5, 0.5, 2.35082],
							"size": [0.5, 0.25, 0.29837],
							"pivot": [0, 0, 2.5],
							"rotation": [-22.5, 0, 0],
							"uv": {
								"north": {"uv": [36, 20], "uv_size": [0.5, 0.5]},
								"east": {"uv": [22, 36], "uv_size": [0.5, 0.5]},
								"south": {"uv": [36, 22], "uv_size": [0.5, 0.5]},
								"west": {"uv": [24, 36], "uv_size": [0.5, 0.5]},
								"up": {"uv": [36, 24], "uv_size": [0.5, 0.5]},
								"down": {"uv": [26, 36.5], "uv_size": [0.5, -0.5]}
							}
						}
					]
				},
				{
					"name": "hexadecagon3",
					"parent": "bamf_roze",
					"pivot": [0, 0, -1.5],
					"rotation": [0, -90, 0],
					"cubes": [
						{
							"origin": [-0.5, -0.19891, -2.5],
							"size": [1, 0.39782, 0.25],
							"pivot": [0, 0, -1.5],
							"rotation": [45, 0, 0],
							"uv": {
								"north": {"uv": [12, 18], "uv_size": [1, 0.5]},
								"east": {"uv": [36, 26], "uv_size": [0.5, 0.5]},
								"south": {"uv": [18, 12], "uv_size": [1, 0.5]},
								"west": {"uv": [28, 36], "uv_size": [0.5, 0.5]},
								"up": {"uv": [14, 18], "uv_size": [1, 0.5]},
								"down": {"uv": [18, 14.5], "uv_size": [1, -0.5]}
							}
						},
						{
							"origin": [-0.5, -0.19891, -2.5],
							"size": [1, 0.39782, 0.25],
							"pivot": [0, 0, -1.5],
							"rotation": [22.5, 0, 0],
							"uv": {
								"north": {"uv": [16, 18], "uv_size": [1, 0.5]},
								"east": {"uv": [36, 28], "uv_size": [0.5, 0.5]},
								"south": {"uv": [18, 16], "uv_size": [1, 0.5]},
								"west": {"uv": [30, 36], "uv_size": [0.5, 0.5]},
								"up": {"uv": [18, 18], "uv_size": [1, 0.5]},
								"down": {"uv": [0, 20.5], "uv_size": [1, -0.5]}
							}
						},
						{
							"origin": [-0.5, -0.19891, -2.5],
							"size": [1, 0.39782, 0.25],
							"uv": {
								"north": {"uv": [2, 20], "uv_size": [1, 0.5]},
								"east": {"uv": [36, 30], "uv_size": [0.5, 0.5]},
								"south": {"uv": [4, 20], "uv_size": [1, 0.5]},
								"west": {"uv": [32, 36], "uv_size": [0.5, 0.5]},
								"up": {"uv": [6, 20], "uv_size": [1, 0.5]},
								"down": {"uv": [8, 20.5], "uv_size": [1, -0.5]}
							}
						},
						{
							"origin": [-0.5, -0.19891, -2.5],
							"size": [1, 0.39782, 0.25],
							"pivot": [0, 0, -1.5],
							"rotation": [-22.5, 0, 0],
							"uv": {
								"north": {"uv": [10, 20], "uv_size": [1, 0.5]},
								"east": {"uv": [36, 32], "uv_size": [0.5, 0.5]},
								"south": {"uv": [12, 20], "uv_size": [1, 0.5]},
								"west": {"uv": [34, 36], "uv_size": [0.5, 0.5]},
								"up": {"uv": [20, 12], "uv_size": [1, 0.5]},
								"down": {"uv": [14, 20.5], "uv_size": [1, -0.5]}
							}
						},
						{
							"origin": [-0.5, -0.19891, -2.5],
							"size": [1, 0.39782, 0.25],
							"pivot": [0, 0, -1.5],
							"rotation": [-45, 0, 0],
							"uv": {
								"north": {"uv": [20, 14], "uv_size": [1, 0.5]},
								"east": {"uv": [36, 34], "uv_size": [0.5, 0.5]},
								"south": {"uv": [16, 20], "uv_size": [1, 0.5]},
								"west": {"uv": [36, 36], "uv_size": [0.5, 0.5]},
								"up": {"uv": [20, 16], "uv_size": [1, 0.5]},
								"down": {"uv": [18, 20.5], "uv_size": [1, -0.5]}
							}
						},
						{
							"origin": [-0.5, -0.19891, -0.75],
							"size": [1, 0.39782, 0.25],
							"pivot": [0, 0, -1.5],
							"rotation": [45, 0, 0],
							"uv": {
								"north": {"uv": [20, 18], "uv_size": [1, 0.5]},
								"east": {"uv": [37, 0], "uv_size": [0.5, 0.5]},
								"south": {"uv": [20, 20], "uv_size": [1, 0.5]},
								"west": {"uv": [37, 2], "uv_size": [0.5, 0.5]},
								"up": {"uv": [21, 0], "uv_size": [1, 0.5]},
								"down": {"uv": [21, 2.5], "uv_size": [1, -0.5]}
							}
						},
						{
							"origin": [-0.5, -0.19891, -0.75],
							"size": [1, 0.39782, 0.25],
							"pivot": [0, 0, -1.5],
							"rotation": [22.5, 0, 0],
							"uv": {
								"north": {"uv": [21, 4], "uv_size": [1, 0.5]},
								"east": {"uv": [37, 4], "uv_size": [0.5, 0.5]},
								"south": {"uv": [21, 6], "uv_size": [1, 0.5]},
								"west": {"uv": [37, 6], "uv_size": [0.5, 0.5]},
								"up": {"uv": [21, 8], "uv_size": [1, 0.5]},
								"down": {"uv": [21, 10.5], "uv_size": [1, -0.5]}
							}
						},
						{
							"origin": [-0.5, -0.19891, -0.75],
							"size": [1, 0.39782, 0.25],
							"uv": {
								"north": {"uv": [0, 22], "uv_size": [1, 0.5]},
								"east": {"uv": [37, 8], "uv_size": [0.5, 0.5]},
								"south": {"uv": [2, 22], "uv_size": [1, 0.5]},
								"west": {"uv": [37, 10], "uv_size": [0.5, 0.5]},
								"up": {"uv": [4, 22], "uv_size": [1, 0.5]},
								"down": {"uv": [6, 22.5], "uv_size": [1, -0.5]}
							}
						},
						{
							"origin": [-0.5, -0.19891, -0.75],
							"size": [1, 0.39782, 0.25],
							"pivot": [0, 0, -1.5],
							"rotation": [-22.5, 0, 0],
							"uv": {
								"north": {"uv": [8, 22], "uv_size": [1, 0.5]},
								"east": {"uv": [0, 38], "uv_size": [0.5, 0.5]},
								"south": {"uv": [10, 22], "uv_size": [1, 0.5]},
								"west": {"uv": [2, 38], "uv_size": [0.5, 0.5]},
								"up": {"uv": [12, 22], "uv_size": [1, 0.5]},
								"down": {"uv": [22, 12.5], "uv_size": [1, -0.5]}
							}
						},
						{
							"origin": [-0.5, -0.19891, -0.75],
							"size": [1, 0.39782, 0.25],
							"pivot": [0, 0, -1.5],
							"rotation": [-45, 0, 0],
							"uv": {
								"north": {"uv": [14, 22], "uv_size": [1, 0.5]},
								"east": {"uv": [4, 38], "uv_size": [0.5, 0.5]},
								"south": {"uv": [22, 14], "uv_size": [1, 0.5]},
								"west": {"uv": [6, 38], "uv_size": [0.5, 0.5]},
								"up": {"uv": [16, 22], "uv_size": [1, 0.5]},
								"down": {"uv": [22, 16.5], "uv_size": [1, -0.5]}
							}
						},
						{
							"origin": [-0.5, -1, -1.69891],
							"size": [1, 0.25, 0.39782],
							"pivot": [0, 0, -1.5],
							"rotation": [22.5, 0, 0],
							"uv": {
								"north": {"uv": [18, 22], "uv_size": [1, 0.5]},
								"east": {"uv": [8, 38], "uv_size": [0.5, 0.5]},
								"south": {"uv": [22, 18], "uv_size": [1, 0.5]},
								"west": {"uv": [10, 38], "uv_size": [0.5, 0.5]},
								"up": {"uv": [20, 22], "uv_size": [1, 0.5]},
								"down": {"uv": [22, 20.5], "uv_size": [1, -0.5]}
							}
						},
						{
							"origin": [-0.5, -1, -1.69891],
							"size": [1, 0.25, 0.39782],
							"uv": {
								"north": {"uv": [22, 22], "uv_size": [1, 0.5]},
								"east": {"uv": [12, 38], "uv_size": [0.5, 0.5]},
								"south": {"uv": [23, 0], "uv_size": [1, 0.5]},
								"west": {"uv": [38, 12], "uv_size": [0.5, 0.5]},
								"up": {"uv": [23, 2], "uv_size": [1, 0.5]},
								"down": {"uv": [23, 4.5], "uv_size": [1, -0.5]}
							}
						},
						{
							"origin": [-0.5, -1, -1.69891],
							"size": [1, 0.25, 0.39782],
							"pivot": [0, 0, -1.5],
							"rotation": [-22.5, 0, 0],
							"uv": {
								"north": {"uv": [23, 6], "uv_size": [1, 0.5]},
								"east": {"uv": [14, 38], "uv_size": [0.5, 0.5]},
								"south": {"uv": [23, 8], "uv_size": [1, 0.5]},
								"west": {"uv": [38, 14], "uv_size": [0.5, 0.5]},
								"up": {"uv": [23, 10], "uv_size": [1, 0.5]},
								"down": {"uv": [0, 24.5], "uv_size": [1, -0.5]}
							}
						},
						{
							"origin": [-0.5, 0.75, -1.69891],
							"size": [1, 0.25, 0.39782],
							"pivot": [0, 0, -1.5],
							"rotation": [22.5, 0, 0],
							"uv": {
								"north": {"uv": [2, 24], "uv_size": [1, 0.5]},
								"east": {"uv": [16, 38], "uv_size": [0.5, 0.5]},
								"south": {"uv": [4, 24], "uv_size": [1, 0.5]},
								"west": {"uv": [38, 16], "uv_size": [0.5, 0.5]},
								"up": {"uv": [6, 24], "uv_size": [1, 0.5]},
								"down": {"uv": [8, 24.5], "uv_size": [1, -0.5]}
							}
						},
						{
							"origin": [-0.5, 0.75, -1.69891],
							"size": [1, 0.25, 0.39782],
							"uv": {
								"north": {"uv": [10, 24], "uv_size": [1, 0.5]},
								"east": {"uv": [18, 38], "uv_size": [0.5, 0.5]},
								"south": {"uv": [12, 24], "uv_size": [1, 0.5]},
								"west": {"uv": [38, 18], "uv_size": [0.5, 0.5]},
								"up": {"uv": [24, 12], "uv_size": [1, 0.5]},
								"down": {"uv": [14, 24.5], "uv_size": [1, -0.5]}
							}
						},
						{
							"origin": [-0.5, 0.75, -1.69891],
							"size": [1, 0.25, 0.39782],
							"pivot": [0, 0, -1.5],
							"rotation": [-22.5, 0, 0],
							"uv": {
								"north": {"uv": [24, 14], "uv_size": [1, 0.5]},
								"east": {"uv": [20, 38], "uv_size": [0.5, 0.5]},
								"south": {"uv": [16, 24], "uv_size": [1, 0.5]},
								"west": {"uv": [38, 20], "uv_size": [0.5, 0.5]},
								"up": {"uv": [24, 16], "uv_size": [1, 0.5]},
								"down": {"uv": [18, 24.5], "uv_size": [1, -0.5]}
							}
						}
					]
				}
			]
		}
	]
}