{
	"format_version": "1.12.0",
	"minecraft:geometry": [
		{
			"description": {
				"identifier": "geometry.unknown",
				"texture_width": 64,
				"texture_height": 64,
				"visible_bounds_width": 2,
				"visible_bounds_height": 1.5,
				"visible_bounds_offset": [0, 0.25, 0]
			},
			"bones": [
				{
					"name": "ghost_compensator",
					"pivot": [0, 0, 0]
				},
				{
					"name": "hexadecagon",
					"parent": "ghost_compensator",
					"pivot": [0, 0, -1],
					"rotation": [0, -90, 0],
					"cubes": [
						{
							"origin": [-1.5, -0.19891, -2],
							"size": [2.75, 0.39782, 0.125],
							"pivot": [0, 0, -1],
							"rotation": [45, 0, 0],
							"uv": {
								"north": {"uv": [0, 0], "uv_size": [3, 0.5]},
								"east": {"uv": [20, 18], "uv_size": [0.5, 0.5]},
								"south": {"uv": [0, 2], "uv_size": [3, 0.5]},
								"west": {"uv": [20, 20], "uv_size": [0.5, 0.5]},
								"up": {"uv": [0, 4], "uv_size": [3, 0.5]},
								"down": {"uv": [4, 0.5], "uv_size": [3, -0.5]}
							}
						},
						{
							"origin": [-1.5, -0.19891, -2],
							"size": [2.75, 0.39782, 0.125],
							"pivot": [0, 0, -1],
							"rotation": [22.5, 0, 0],
							"uv": {
								"north": {"uv": [4, 2], "uv_size": [3, 0.5]},
								"east": {"uv": [0, 22], "uv_size": [0.5, 0.5]},
								"south": {"uv": [4, 4], "uv_size": [3, 0.5]},
								"west": {"uv": [2, 22], "uv_size": [0.5, 0.5]},
								"up": {"uv": [0, 6], "uv_size": [3, 0.5]},
								"down": {"uv": [4, 6.5], "uv_size": [3, -0.5]}
							}
						},
						{
							"origin": [-1.5, -0.19891, -2],
							"size": [2.75, 0.39782, 0.125],
							"uv": {
								"north": {"uv": [0, 8], "uv_size": [3, 0.5]},
								"east": {"uv": [4, 22], "uv_size": [0.5, 0.5]},
								"south": {"uv": [8, 0], "uv_size": [3, 0.5]},
								"west": {"uv": [6, 22], "uv_size": [0.5, 0.5]},
								"up": {"uv": [8, 2], "uv_size": [3, 0.5]},
								"down": {"uv": [4, 8.5], "uv_size": [3, -0.5]}
							}
						},
						{
							"origin": [-1.5, -0.19891, -2],
							"size": [2.75, 0.39782, 0.125],
							"pivot": [0, 0, -1],
							"rotation": [-22.5, 0, 0],
							"uv": {
								"north": {"uv": [8, 4], "uv_size": [3, 0.5]},
								"east": {"uv": [8, 22], "uv_size": [0.5, 0.5]},
								"south": {"uv": [8, 6], "uv_size": [3, 0.5]},
								"west": {"uv": [10, 22], "uv_size": [0.5, 0.5]},
								"up": {"uv": [8, 8], "uv_size": [3, 0.5]},
								"down": {"uv": [0, 10.5], "uv_size": [3, -0.5]}
							}
						},
						{
							"origin": [-1.5, -0.19891, -2],
							"size": [2.75, 0.39782, 0.125],
							"pivot": [0, 0, -1],
							"rotation": [-45, 0, 0],
							"uv": {
								"north": {"uv": [4, 10], "uv_size": [3, 0.5]},
								"east": {"uv": [12, 22], "uv_size": [0.5, 0.5]},
								"south": {"uv": [8, 10], "uv_size": [3, 0.5]},
								"west": {"uv": [14, 22], "uv_size": [0.5, 0.5]},
								"up": {"uv": [0, 12], "uv_size": [3, 0.5]},
								"down": {"uv": [12, 0.5], "uv_size": [3, -0.5]}
							}
						},
						{
							"origin": [-1.5, -0.19891, -0.125],
							"size": [2.75, 0.39782, 0.125],
							"pivot": [0, 0, -1],
							"rotation": [45, 0, 0],
							"uv": {
								"north": {"uv": [12, 2], "uv_size": [3, 0.5]},
								"east": {"uv": [16, 22], "uv_size": [0.5, 0.5]},
								"south": {"uv": [4, 12], "uv_size": [3, 0.5]},
								"west": {"uv": [18, 22], "uv_size": [0.5, 0.5]},
								"up": {"uv": [12, 4], "uv_size": [3, 0.5]},
								"down": {"uv": [12, 6.5], "uv_size": [3, -0.5]}
							}
						},
						{
							"origin": [-1.5, -0.19891, -0.125],
							"size": [2.75, 0.39782, 0.125],
							"pivot": [0, 0, -1],
							"rotation": [22.5, 0, 0],
							"uv": {
								"north": {"uv": [8, 12], "uv_size": [3, 0.5]},
								"east": {"uv": [22, 18], "uv_size": [0.5, 0.5]},
								"south": {"uv": [12, 8], "uv_size": [3, 0.5]},
								"west": {"uv": [20, 22], "uv_size": [0.5, 0.5]},
								"up": {"uv": [12, 10], "uv_size": [3, 0.5]},
								"down": {"uv": [12, 12.5], "uv_size": [3, -0.5]}
							}
						},
						{
							"origin": [-1.5, -0.19891, -0.125],
							"size": [2.75, 0.39782, 0.125],
							"uv": {
								"north": {"uv": [0, 14], "uv_size": [3, 0.5]},
								"east": {"uv": [22, 20], "uv_size": [0.5, 0.5]},
								"south": {"uv": [4, 14], "uv_size": [3, 0.5]},
								"west": {"uv": [22, 22], "uv_size": [0.5, 0.5]},
								"up": {"uv": [8, 14], "uv_size": [3, 0.5]},
								"down": {"uv": [12, 14.5], "uv_size": [3, -0.5]}
							}
						},
						{
							"origin": [-1.5, -0.19891, -0.125],
							"size": [2.75, 0.39782, 0.125],
							"pivot": [0, 0, -1],
							"rotation": [-22.5, 0, 0],
							"uv": {
								"north": {"uv": [0, 16], "uv_size": [3, 0.5]},
								"east": {"uv": [0, 24], "uv_size": [0.5, 0.5]},
								"south": {"uv": [16, 0], "uv_size": [3, 0.5]},
								"west": {"uv": [24, 0], "uv_size": [0.5, 0.5]},
								"up": {"uv": [16, 2], "uv_size": [3, 0.5]},
								"down": {"uv": [4, 16.5], "uv_size": [3, -0.5]}
							}
						},
						{
							"origin": [-1.5, -0.19891, -0.125],
							"size": [2.75, 0.39782, 0.125],
							"pivot": [0, 0, -1],
							"rotation": [-45, 0, 0],
							"uv": {
								"north": {"uv": [16, 4], "uv_size": [3, 0.5]},
								"east": {"uv": [2, 24], "uv_size": [0.5, 0.5]},
								"south": {"uv": [16, 6], "uv_size": [3, 0.5]},
								"west": {"uv": [24, 2], "uv_size": [0.5, 0.5]},
								"up": {"uv": [8, 16], "uv_size": [3, 0.5]},
								"down": {"uv": [16, 8.5], "uv_size": [3, -0.5]}
							}
						},
						{
							"origin": [-1.5, -1, -1.19891],
							"size": [2.75, 0.125, 0.39782],
							"pivot": [0, 0, -1],
							"rotation": [22.5, 0, 0],
							"uv": {
								"north": {"uv": [16, 10], "uv_size": [3, 0.5]},
								"east": {"uv": [4, 24], "uv_size": [0.5, 0.5]},
								"south": {"uv": [12, 16], "uv_size": [3, 0.5]},
								"west": {"uv": [24, 4], "uv_size": [0.5, 0.5]},
								"up": {"uv": [16, 12], "uv_size": [3, 0.5]},
								"down": {"uv": [16, 14.5], "uv_size": [3, -0.5]}
							}
						},
						{
							"origin": [-1.5, -1, -1.19891],
							"size": [2.75, 0.125, 0.39782],
							"uv": {
								"north": {"uv": [16, 16], "uv_size": [3, 0.5]},
								"east": {"uv": [6, 24], "uv_size": [0.5, 0.5]},
								"south": {"uv": [0, 18], "uv_size": [3, 0.5]},
								"west": {"uv": [24, 6], "uv_size": [0.5, 0.5]},
								"up": {"uv": [4, 18], "uv_size": [3, 0.5]},
								"down": {"uv": [8, 18.5], "uv_size": [3, -0.5]}
							}
						},
						{
							"origin": [-1.5, -1, -1.19891],
							"size": [2.75, 0.125, 0.39782],
							"pivot": [0, 0, -1],
							"rotation": [-22.5, 0, 0],
							"uv": {
								"north": {"uv": [12, 18], "uv_size": [3, 0.5]},
								"east": {"uv": [8, 24], "uv_size": [0.5, 0.5]},
								"south": {"uv": [16, 18], "uv_size": [3, 0.5]},
								"west": {"uv": [24, 8], "uv_size": [0.5, 0.5]},
								"up": {"uv": [0, 20], "uv_size": [3, 0.5]},
								"down": {"uv": [20, 0.5], "uv_size": [3, -0.5]}
							}
						},
						{
							"origin": [-1.5, 0.875, -1.19891],
							"size": [2.75, 0.125, 0.39782],
							"pivot": [0, 0, -1],
							"rotation": [22.5, 0, 0],
							"uv": {
								"north": {"uv": [20, 2], "uv_size": [3, 0.5]},
								"east": {"uv": [10, 24], "uv_size": [0.5, 0.5]},
								"south": {"uv": [4, 20], "uv_size": [3, 0.5]},
								"west": {"uv": [24, 10], "uv_size": [0.5, 0.5]},
								"up": {"uv": [20, 4], "uv_size": [3, 0.5]},
								"down": {"uv": [20, 6.5], "uv_size": [3, -0.5]}
							}
						},
						{
							"origin": [-1.5, 0.875, -1.19891],
							"size": [2.75, 0.125, 0.39782],
							"uv": {
								"north": {"uv": [8, 20], "uv_size": [3, 0.5]},
								"east": {"uv": [12, 24], "uv_size": [0.5, 0.5]},
								"south": {"uv": [20, 8], "uv_size": [3, 0.5]},
								"west": {"uv": [24, 12], "uv_size": [0.5, 0.5]},
								"up": {"uv": [20, 10], "uv_size": [3, 0.5]},
								"down": {"uv": [12, 20.5], "uv_size": [3, -0.5]}
							}
						},
						{
							"origin": [-1.5, 0.875, -1.19891],
							"size": [2.75, 0.125, 0.39782],
							"pivot": [0, 0, -1],
							"rotation": [-22.5, 0, 0],
							"uv": {
								"north": {"uv": [20, 12], "uv_size": [3, 0.5]},
								"east": {"uv": [14, 24], "uv_size": [0.5, 0.5]},
								"south": {"uv": [20, 14], "uv_size": [3, 0.5]},
								"west": {"uv": [24, 14], "uv_size": [0.5, 0.5]},
								"up": {"uv": [16, 20], "uv_size": [3, 0.5]},
								"down": {"uv": [20, 16.5], "uv_size": [3, -0.5]}
							}
						}
					]
				},
				{
					"name": "hexadecagon",
					"parent": "ghost_compensator",
					"pivot": [0, 0, 0.375],
					"rotation": [0, -90, 0],
					"cubes": [
						{
							"origin": [-0.125, -0.19891, -0.625],
							"size": [0.25, 0.39782, 0.125],
							"pivot": [0, 0, 0.375],
							"rotation": [45, 0, 0],
							"uv": {
								"north": {"uv": [16, 24], "uv_size": [0.5, 0.5]},
								"east": {"uv": [24, 16], "uv_size": [0.5, 0.5]},
								"south": {"uv": [18, 24], "uv_size": [0.5, 0.5]},
								"west": {"uv": [24, 18], "uv_size": [0.5, 0.5]},
								"up": {"uv": [20, 24], "uv_size": [0.5, 0.5]},
								"down": {"uv": [24, 20.5], "uv_size": [0.5, -0.5]}
							}
						},
						{
							"origin": [-0.125, -0.19891, -0.625],
							"size": [0.25, 0.39782, 0.125],
							"pivot": [0, 0, 0.375],
							"rotation": [22.5, 0, 0],
							"uv": {
								"north": {"uv": [22, 24], "uv_size": [0.5, 0.5]},
								"east": {"uv": [24, 22], "uv_size": [0.5, 0.5]},
								"south": {"uv": [24, 24], "uv_size": [0.5, 0.5]},
								"west": {"uv": [0, 26], "uv_size": [0.5, 0.5]},
								"up": {"uv": [26, 0], "uv_size": [0.5, 0.5]},
								"down": {"uv": [2, 26.5], "uv_size": [0.5, -0.5]}
							}
						},
						{
							"origin": [-0.125, -0.19891, -0.625],
							"size": [0.25, 0.39782, 0.125],
							"uv": {
								"north": {"uv": [26, 2], "uv_size": [0.5, 0.5]},
								"east": {"uv": [4, 26], "uv_size": [0.5, 0.5]},
								"south": {"uv": [26, 4], "uv_size": [0.5, 0.5]},
								"west": {"uv": [6, 26], "uv_size": [0.5, 0.5]},
								"up": {"uv": [26, 6], "uv_size": [0.5, 0.5]},
								"down": {"uv": [8, 26.5], "uv_size": [0.5, -0.5]}
							}
						},
						{
							"origin": [-0.125, -0.19891, -0.625],
							"size": [0.25, 0.39782, 0.125],
							"pivot": [0, 0, 0.375],
							"rotation": [-22.5, 0, 0],
							"uv": {
								"north": {"uv": [26, 8], "uv_size": [0.5, 0.5]},
								"east": {"uv": [10, 26], "uv_size": [0.5, 0.5]},
								"south": {"uv": [26, 10], "uv_size": [0.5, 0.5]},
								"west": {"uv": [12, 26], "uv_size": [0.5, 0.5]},
								"up": {"uv": [26, 12], "uv_size": [0.5, 0.5]},
								"down": {"uv": [14, 26.5], "uv_size": [0.5, -0.5]}
							}
						},
						{
							"origin": [-0.125, -0.19891, -0.625],
							"size": [0.25, 0.39782, 0.125],
							"pivot": [0, 0, 0.375],
							"rotation": [-45, 0, 0],
							"uv": {
								"north": {"uv": [26, 14], "uv_size": [0.5, 0.5]},
								"east": {"uv": [16, 26], "uv_size": [0.5, 0.5]},
								"south": {"uv": [26, 16], "uv_size": [0.5, 0.5]},
								"west": {"uv": [18, 26], "uv_size": [0.5, 0.5]},
								"up": {"uv": [26, 18], "uv_size": [0.5, 0.5]},
								"down": {"uv": [20, 26.5], "uv_size": [0.5, -0.5]}
							}
						},
						{
							"origin": [-0.125, -0.19891, 1.25],
							"size": [0.25, 0.39782, 0.125],
							"pivot": [0, 0, 0.375],
							"rotation": [45, 0, 0],
							"uv": {
								"north": {"uv": [26, 20], "uv_size": [0.5, 0.5]},
								"east": {"uv": [22, 26], "uv_size": [0.5, 0.5]},
								"south": {"uv": [26, 22], "uv_size": [0.5, 0.5]},
								"west": {"uv": [24, 26], "uv_size": [0.5, 0.5]},
								"up": {"uv": [26, 24], "uv_size": [0.5, 0.5]},
								"down": {"uv": [26, 26.5], "uv_size": [0.5, -0.5]}
							}
						},
						{
							"origin": [-0.125, -0.19891, 1.25],
							"size": [0.25, 0.39782, 0.125],
							"pivot": [0, 0, 0.375],
							"rotation": [22.5, 0, 0],
							"uv": {
								"north": {"uv": [0, 28], "uv_size": [0.5, 0.5]},
								"east": {"uv": [28, 0], "uv_size": [0.5, 0.5]},
								"south": {"uv": [2, 28], "uv_size": [0.5, 0.5]},
								"west": {"uv": [28, 2], "uv_size": [0.5, 0.5]},
								"up": {"uv": [4, 28], "uv_size": [0.5, 0.5]},
								"down": {"uv": [28, 4.5], "uv_size": [0.5, -0.5]}
							}
						},
						{
							"origin": [-0.125, -0.19891, 1.25],
							"size": [0.25, 0.39782, 0.125],
							"uv": {
								"north": {"uv": [6, 28], "uv_size": [0.5, 0.5]},
								"east": {"uv": [28, 6], "uv_size": [0.5, 0.5]},
								"south": {"uv": [8, 28], "uv_size": [0.5, 0.5]},
								"west": {"uv": [28, 8], "uv_size": [0.5, 0.5]},
								"up": {"uv": [10, 28], "uv_size": [0.5, 0.5]},
								"down": {"uv": [28, 10.5], "uv_size": [0.5, -0.5]}
							}
						},
						{
							"origin": [-0.125, -0.19891, 1.25],
							"size": [0.25, 0.39782, 0.125],
							"pivot": [0, 0, 0.375],
							"rotation": [-22.5, 0, 0],
							"uv": {
								"north": {"uv": [12, 28], "uv_size": [0.5, 0.5]},
								"east": {"uv": [28, 12], "uv_size": [0.5, 0.5]},
								"south": {"uv": [14, 28], "uv_size": [0.5, 0.5]},
								"west": {"uv": [28, 14], "uv_size": [0.5, 0.5]},
								"up": {"uv": [16, 28], "uv_size": [0.5, 0.5]},
								"down": {"uv": [28, 16.5], "uv_size": [0.5, -0.5]}
							}
						},
						{
							"origin": [-0.125, -0.19891, 1.25],
							"size": [0.25, 0.39782, 0.125],
							"pivot": [0, 0, 0.375],
							"rotation": [-45, 0, 0],
							"uv": {
								"north": {"uv": [18, 28], "uv_size": [0.5, 0.5]},
								"east": {"uv": [28, 18], "uv_size": [0.5, 0.5]},
								"south": {"uv": [20, 28], "uv_size": [0.5, 0.5]},
								"west": {"uv": [28, 20], "uv_size": [0.5, 0.5]},
								"up": {"uv": [22, 28], "uv_size": [0.5, 0.5]},
								"down": {"uv": [28, 22.5], "uv_size": [0.5, -0.5]}
							}
						},
						{
							"origin": [-0.125, -1, 0.17609],
							"size": [0.25, 0.125, 0.39782],
							"pivot": [0, 0, 0.375],
							"rotation": [22.5, 0, 0],
							"uv": {
								"north": {"uv": [24, 28], "uv_size": [0.5, 0.5]},
								"east": {"uv": [28, 24], "uv_size": [0.5, 0.5]},
								"south": {"uv": [26, 28], "uv_size": [0.5, 0.5]},
								"west": {"uv": [28, 26], "uv_size": [0.5, 0.5]},
								"up": {"uv": [28, 28], "uv_size": [0.5, 0.5]},
								"down": {"uv": [0, 30.5], "uv_size": [0.5, -0.5]}
							}
						},
						{
							"origin": [-0.125, -1, 0.17609],
							"size": [0.25, 0.125, 0.39782],
							"uv": {
								"north": {"uv": [30, 0], "uv_size": [0.5, 0.5]},
								"east": {"uv": [2, 30], "uv_size": [0.5, 0.5]},
								"south": {"uv": [30, 2], "uv_size": [0.5, 0.5]},
								"west": {"uv": [4, 30], "uv_size": [0.5, 0.5]},
								"up": {"uv": [30, 4], "uv_size": [0.5, 0.5]},
								"down": {"uv": [6, 30.5], "uv_size": [0.5, -0.5]}
							}
						},
						{
							"origin": [-0.125, -1, 0.17609],
							"size": [0.25, 0.125, 0.39782],
							"pivot": [0, 0, 0.375],
							"rotation": [-22.5, 0, 0],
							"uv": {
								"north": {"uv": [30, 6], "uv_size": [0.5, 0.5]},
								"east": {"uv": [8, 30], "uv_size": [0.5, 0.5]},
								"south": {"uv": [30, 8], "uv_size": [0.5, 0.5]},
								"west": {"uv": [10, 30], "uv_size": [0.5, 0.5]},
								"up": {"uv": [30, 10], "uv_size": [0.5, 0.5]},
								"down": {"uv": [12, 30.5], "uv_size": [0.5, -0.5]}
							}
						},
						{
							"origin": [-0.125, 0.875, 0.17609],
							"size": [0.25, 0.125, 0.39782],
							"pivot": [0, 0, 0.375],
							"rotation": [22.5, 0, 0],
							"uv": {
								"north": {"uv": [30, 12], "uv_size": [0.5, 0.5]},
								"east": {"uv": [14, 30], "uv_size": [0.5, 0.5]},
								"south": {"uv": [30, 14], "uv_size": [0.5, 0.5]},
								"west": {"uv": [16, 30], "uv_size": [0.5, 0.5]},
								"up": {"uv": [30, 16], "uv_size": [0.5, 0.5]},
								"down": {"uv": [18, 30.5], "uv_size": [0.5, -0.5]}
							}
						},
						{
							"origin": [-0.125, 0.875, 0.17609],
							"size": [0.25, 0.125, 0.39782],
							"uv": {
								"north": {"uv": [30, 18], "uv_size": [0.5, 0.5]},
								"east": {"uv": [20, 30], "uv_size": [0.5, 0.5]},
								"south": {"uv": [30, 20], "uv_size": [0.5, 0.5]},
								"west": {"uv": [22, 30], "uv_size": [0.5, 0.5]},
								"up": {"uv": [30, 22], "uv_size": [0.5, 0.5]},
								"down": {"uv": [24, 30.5], "uv_size": [0.5, -0.5]}
							}
						},
						{
							"origin": [-0.125, 0.875, 0.17609],
							"size": [0.25, 0.125, 0.39782],
							"pivot": [0, 0, 0.375],
							"rotation": [-22.5, 0, 0],
							"uv": {
								"north": {"uv": [30, 24], "uv_size": [0.5, 0.5]},
								"east": {"uv": [26, 30], "uv_size": [0.5, 0.5]},
								"south": {"uv": [30, 26], "uv_size": [0.5, 0.5]},
								"west": {"uv": [28, 30], "uv_size": [0.5, 0.5]},
								"up": {"uv": [30, 28], "uv_size": [0.5, 0.5]},
								"down": {"uv": [30, 30.5], "uv_size": [0.5, -0.5]}
							}
						}
					]
				},
				{
					"name": "hexadecagon",
					"parent": "ghost_compensator",
					"pivot": [0, 0, 0.375],
					"rotation": [0, -90, 0],
					"cubes": [
						{
							"origin": [-0.125, -0.12432, -0.25],
							"size": [0.25, 0.24864, 0.25],
							"pivot": [0, 0, 0.375],
							"rotation": [45, 0, 0],
							"uv": {
								"north": {"uv": [0, 32], "uv_size": [0.5, 0.5]},
								"east": {"uv": [32, 0], "uv_size": [0.5, 0.5]},
								"south": {"uv": [2, 32], "uv_size": [0.5, 0.5]},
								"west": {"uv": [32, 2], "uv_size": [0.5, 0.5]},
								"up": {"uv": [4, 32], "uv_size": [0.5, 0.5]},
								"down": {"uv": [32, 4.5], "uv_size": [0.5, -0.5]}
							}
						},
						{
							"origin": [-0.125, -0.12432, -0.25],
							"size": [0.25, 0.24864, 0.25],
							"pivot": [0, 0, 0.375],
							"rotation": [22.5, 0, 0],
							"uv": {
								"north": {"uv": [6, 32], "uv_size": [0.5, 0.5]},
								"east": {"uv": [32, 6], "uv_size": [0.5, 0.5]},
								"south": {"uv": [8, 32], "uv_size": [0.5, 0.5]},
								"west": {"uv": [32, 8], "uv_size": [0.5, 0.5]},
								"up": {"uv": [10, 32], "uv_size": [0.5, 0.5]},
								"down": {"uv": [32, 10.5], "uv_size": [0.5, -0.5]}
							}
						},
						{
							"origin": [-0.125, -0.12432, -0.5],
							"size": [0.25, 0.24864, 0.5],
							"uv": {
								"north": {"uv": [12, 32], "uv_size": [0.5, 0.5]},
								"east": {"uv": [32, 12], "uv_size": [0.5, 0.5]},
								"south": {"uv": [14, 32], "uv_size": [0.5, 0.5]},
								"west": {"uv": [32, 14], "uv_size": [0.5, 0.5]},
								"up": {"uv": [16, 32], "uv_size": [0.5, 0.5]},
								"down": {"uv": [32, 16.5], "uv_size": [0.5, -0.5]}
							}
						},
						{
							"origin": [-0.125, -0.12432, -0.25],
							"size": [0.25, 0.24864, 0.25],
							"pivot": [0, 0, 0.375],
							"rotation": [-22.5, 0, 0],
							"uv": {
								"north": {"uv": [18, 32], "uv_size": [0.5, 0.5]},
								"east": {"uv": [32, 18], "uv_size": [0.5, 0.5]},
								"south": {"uv": [20, 32], "uv_size": [0.5, 0.5]},
								"west": {"uv": [32, 20], "uv_size": [0.5, 0.5]},
								"up": {"uv": [22, 32], "uv_size": [0.5, 0.5]},
								"down": {"uv": [32, 22.5], "uv_size": [0.5, -0.5]}
							}
						},
						{
							"origin": [-0.125, -0.12432, -0.25],
							"size": [0.25, 0.24864, 0.25],
							"pivot": [0, 0, 0.375],
							"rotation": [-45, 0, 0],
							"uv": {
								"north": {"uv": [24, 32], "uv_size": [0.5, 0.5]},
								"east": {"uv": [32, 24], "uv_size": [0.5, 0.5]},
								"south": {"uv": [26, 32], "uv_size": [0.5, 0.5]},
								"west": {"uv": [32, 26], "uv_size": [0.5, 0.5]},
								"up": {"uv": [28, 32], "uv_size": [0.5, 0.5]},
								"down": {"uv": [32, 28.5], "uv_size": [0.5, -0.5]}
							}
						},
						{
							"origin": [-0.125, -0.12432, 0.75],
							"size": [0.25, 0.24864, 0.25],
							"pivot": [0, 0, 0.375],
							"rotation": [45, 0, 0],
							"uv": {
								"north": {"uv": [30, 32], "uv_size": [0.5, 0.5]},
								"east": {"uv": [32, 30], "uv_size": [0.5, 0.5]},
								"south": {"uv": [32, 32], "uv_size": [0.5, 0.5]},
								"west": {"uv": [0, 34], "uv_size": [0.5, 0.5]},
								"up": {"uv": [34, 0], "uv_size": [0.5, 0.5]},
								"down": {"uv": [2, 34.5], "uv_size": [0.5, -0.5]}
							}
						},
						{
							"origin": [-0.125, -0.12432, 0.75],
							"size": [0.25, 0.24864, 0.25],
							"pivot": [0, 0, 0.375],
							"rotation": [22.5, 0, 0],
							"uv": {
								"north": {"uv": [34, 2], "uv_size": [0.5, 0.5]},
								"east": {"uv": [4, 34], "uv_size": [0.5, 0.5]},
								"south": {"uv": [34, 4], "uv_size": [0.5, 0.5]},
								"west": {"uv": [6, 34], "uv_size": [0.5, 0.5]},
								"up": {"uv": [34, 6], "uv_size": [0.5, 0.5]},
								"down": {"uv": [8, 34.5], "uv_size": [0.5, -0.5]}
							}
						},
						{
							"origin": [-0.125, -0.12432, 0.75],
							"size": [0.25, 0.24864, 0.5],
							"uv": {
								"north": {"uv": [34, 8], "uv_size": [0.5, 0.5]},
								"east": {"uv": [10, 34], "uv_size": [0.5, 0.5]},
								"south": {"uv": [34, 10], "uv_size": [0.5, 0.5]},
								"west": {"uv": [12, 34], "uv_size": [0.5, 0.5]},
								"up": {"uv": [34, 12], "uv_size": [0.5, 0.5]},
								"down": {"uv": [14, 34.5], "uv_size": [0.5, -0.5]}
							}
						},
						{
							"origin": [-0.125, -0.12432, 0.75],
							"size": [0.25, 0.24864, 0.25],
							"pivot": [0, 0, 0.375],
							"rotation": [-22.5, 0, 0],
							"uv": {
								"north": {"uv": [34, 14], "uv_size": [0.5, 0.5]},
								"east": {"uv": [16, 34], "uv_size": [0.5, 0.5]},
								"south": {"uv": [34, 16], "uv_size": [0.5, 0.5]},
								"west": {"uv": [18, 34], "uv_size": [0.5, 0.5]},
								"up": {"uv": [34, 18], "uv_size": [0.5, 0.5]},
								"down": {"uv": [20, 34.5], "uv_size": [0.5, -0.5]}
							}
						},
						{
							"origin": [-0.125, -0.12432, 0.75],
							"size": [0.25, 0.24864, 0.25],
							"pivot": [0, 0, 0.375],
							"rotation": [-45, 0, 0],
							"uv": {
								"north": {"uv": [34, 20], "uv_size": [0.5, 0.5]},
								"east": {"uv": [22, 34], "uv_size": [0.5, 0.5]},
								"south": {"uv": [34, 22], "uv_size": [0.5, 0.5]},
								"west": {"uv": [24, 34], "uv_size": [0.5, 0.5]},
								"up": {"uv": [34, 24], "uv_size": [0.5, 0.5]},
								"down": {"uv": [26, 34.5], "uv_size": [0.5, -0.5]}
							}
						},
						{
							"origin": [-0.125, -0.625, 0.25068],
							"size": [0.25, 0.25, 0.24864],
							"pivot": [0, 0, 0.375],
							"rotation": [22.5, 0, 0],
							"uv": {
								"north": {"uv": [34, 26], "uv_size": [0.5, 0.5]},
								"east": {"uv": [28, 34], "uv_size": [0.5, 0.5]},
								"south": {"uv": [34, 28], "uv_size": [0.5, 0.5]},
								"west": {"uv": [30, 34], "uv_size": [0.5, 0.5]},
								"up": {"uv": [34, 30], "uv_size": [0.5, 0.5]},
								"down": {"uv": [32, 34.5], "uv_size": [0.5, -0.5]}
							}
						},
						{
							"origin": [-0.125, -0.875, 0.25068],
							"size": [0.25, 0.5, 0.24864],
							"uv": {
								"north": {"uv": [34, 32], "uv_size": [0.5, 0.5]},
								"east": {"uv": [34, 34], "uv_size": [0.5, 0.5]},
								"south": {"uv": [0, 36], "uv_size": [0.5, 0.5]},
								"west": {"uv": [36, 0], "uv_size": [0.5, 0.5]},
								"up": {"uv": [2, 36], "uv_size": [0.5, 0.5]},
								"down": {"uv": [36, 2.5], "uv_size": [0.5, -0.5]}
							}
						},
						{
							"origin": [-0.125, -0.625, 0.25068],
							"size": [0.25, 0.25, 0.24864],
							"pivot": [0, 0, 0.375],
							"rotation": [-22.5, 0, 0],
							"uv": {
								"north": {"uv": [4, 36], "uv_size": [0.5, 0.5]},
								"east": {"uv": [36, 4], "uv_size": [0.5, 0.5]},
								"south": {"uv": [6, 36], "uv_size": [0.5, 0.5]},
								"west": {"uv": [36, 6], "uv_size": [0.5, 0.5]},
								"up": {"uv": [8, 36], "uv_size": [0.5, 0.5]},
								"down": {"uv": [36, 8.5], "uv_size": [0.5, -0.5]}
							}
						},
						{
							"origin": [-0.125, 0.375, 0.25068],
							"size": [0.25, 0.25, 0.24864],
							"pivot": [0, 0, 0.375],
							"rotation": [22.5, 0, 0],
							"uv": {
								"north": {"uv": [10, 36], "uv_size": [0.5, 0.5]},
								"east": {"uv": [36, 10], "uv_size": [0.5, 0.5]},
								"south": {"uv": [12, 36], "uv_size": [0.5, 0.5]},
								"west": {"uv": [36, 12], "uv_size": [0.5, 0.5]},
								"up": {"uv": [14, 36], "uv_size": [0.5, 0.5]},
								"down": {"uv": [36, 14.5], "uv_size": [0.5, -0.5]}
							}
						},
						{
							"origin": [-0.125, 0.375, 0.25068],
							"size": [0.25, 0.5, 0.24864],
							"uv": {
								"north": {"uv": [16, 36], "uv_size": [0.5, 0.5]},
								"east": {"uv": [36, 16], "uv_size": [0.5, 0.5]},
								"south": {"uv": [18, 36], "uv_size": [0.5, 0.5]},
								"west": {"uv": [36, 18], "uv_size": [0.5, 0.5]},
								"up": {"uv": [20, 36], "uv_size": [0.5, 0.5]},
								"down": {"uv": [36, 20.5], "uv_size": [0.5, -0.5]}
							}
						},
						{
							"origin": [-0.125, 0.375, 0.25068],
							"size": [0.25, 0.25, 0.24864],
							"pivot": [0, 0, 0.375],
							"rotation": [-22.5, 0, 0],
							"uv": {
								"north": {"uv": [22, 36], "uv_size": [0.5, 0.5]},
								"east": {"uv": [36, 22], "uv_size": [0.5, 0.5]},
								"south": {"uv": [24, 36], "uv_size": [0.5, 0.5]},
								"west": {"uv": [36, 24], "uv_size": [0.5, 0.5]},
								"up": {"uv": [26, 36], "uv_size": [0.5, 0.5]},
								"down": {"uv": [36, 26.5], "uv_size": [0.5, -0.5]}
							}
						}
					]
				}
			]
		}
	]
}