{
	"format_version": "1.12.0",
	"minecraft:geometry": [
		{
			"description": {
				"identifier": "geometry.unknown",
				"texture_width": 64,
				"texture_height": 64,
				"visible_bounds_width": 2,
				"visible_bounds_height": 1.5,
				"visible_bounds_offset": [0, 0.25, 0]
			},
			"bones": [
				{
					"name": "muzzle_brake",
					"pivot": [0, 0, 0]
				},
				{
					"name": "hexadecagon2",
					"parent": "muzzle_brake",
					"pivot": [0, 0, -2],
					"rotation": [0, 90, 0],
					"cubes": [
						{
							"origin": [-1.5, -0.12432, -2.625],
							"size": [3, 0.24864, 0.125],
							"pivot": [0, 0, -2],
							"rotation": [45, 0, 0],
							"uv": {
								"north": {"uv": [0, 0], "uv_size": [3, 0.5]},
								"east": {"uv": [9, 20], "uv_size": [0.5, 0.5]},
								"south": {"uv": [0, 2], "uv_size": [3, 0.5]},
								"west": {"uv": [11, 20], "uv_size": [0.5, 0.5]},
								"up": {"uv": [0, 4], "uv_size": [3, 0.5]},
								"down": {"uv": [4, 0.5], "uv_size": [3, -0.5]}
							}
						},
						{
							"origin": [1.25, -0.12432, -2.625],
							"size": [0.25, 0.24864, 0.125],
							"pivot": [0, 0, -2],
							"rotation": [22.5, 0, 0],
							"uv": {
								"north": {"uv": [13, 20], "uv_size": [0.5, 0.5]},
								"east": {"uv": [15, 20], "uv_size": [0.5, 0.5]},
								"south": {"uv": [17, 20], "uv_size": [0.5, 0.5]},
								"west": {"uv": [19, 20], "uv_size": [0.5, 0.5]},
								"up": {"uv": [21, 16], "uv_size": [0.5, 0.5]},
								"down": {"uv": [21, 18.5], "uv_size": [0.5, -0.5]}
							}
						},
						{
							"origin": [1.25, -0.12432, -2.625],
							"size": [0.25, 0.24864, 0.125],
							"uv": {
								"north": {"uv": [21, 20], "uv_size": [0.5, 0.5]},
								"east": {"uv": [0, 22], "uv_size": [0.5, 0.5]},
								"south": {"uv": [2, 22], "uv_size": [0.5, 0.5]},
								"west": {"uv": [4, 22], "uv_size": [0.5, 0.5]},
								"up": {"uv": [6, 22], "uv_size": [0.5, 0.5]},
								"down": {"uv": [8, 22.5], "uv_size": [0.5, -0.5]}
							}
						},
						{
							"origin": [1.25, -0.12432, -2.625],
							"size": [0.25, 0.24864, 0.125],
							"pivot": [0, 0, -2],
							"rotation": [-22.5, 0, 0],
							"uv": {
								"north": {"uv": [10, 22], "uv_size": [0.5, 0.5]},
								"east": {"uv": [22, 10], "uv_size": [0.5, 0.5]},
								"south": {"uv": [12, 22], "uv_size": [0.5, 0.5]},
								"west": {"uv": [22, 12], "uv_size": [0.5, 0.5]},
								"up": {"uv": [14, 22], "uv_size": [0.5, 0.5]},
								"down": {"uv": [22, 14.5], "uv_size": [0.5, -0.5]}
							}
						},
						{
							"origin": [-1.5, -0.12432, -2.625],
							"size": [3, 0.24864, 0.125],
							"pivot": [0, 0, -2],
							"rotation": [-45, 0, 0],
							"uv": {
								"north": {"uv": [4, 2], "uv_size": [3, 0.5]},
								"east": {"uv": [16, 22], "uv_size": [0.5, 0.5]},
								"south": {"uv": [4, 4], "uv_size": [3, 0.5]},
								"west": {"uv": [18, 22], "uv_size": [0.5, 0.5]},
								"up": {"uv": [0, 6], "uv_size": [3, 0.5]},
								"down": {"uv": [4, 6.5], "uv_size": [3, -0.5]}
							}
						},
						{
							"origin": [-1.5, -0.12432, -1.5],
							"size": [3, 0.24864, 0.125],
							"pivot": [0, 0, -2],
							"rotation": [45, 0, 0],
							"uv": {
								"north": {"uv": [0, 8], "uv_size": [3, 0.5]},
								"east": {"uv": [20, 22], "uv_size": [0.5, 0.5]},
								"south": {"uv": [8, 0], "uv_size": [3, 0.5]},
								"west": {"uv": [22, 22], "uv_size": [0.5, 0.5]},
								"up": {"uv": [8, 2], "uv_size": [3, 0.5]},
								"down": {"uv": [4, 8.5], "uv_size": [3, -0.5]}
							}
						},
						{
							"origin": [1.25, -0.12432, -1.5],
							"size": [0.25, 0.24864, 0.125],
							"pivot": [0, 0, -2],
							"rotation": [22.5, 0, 0],
							"uv": {
								"north": {"uv": [23, 0], "uv_size": [0.5, 0.5]},
								"east": {"uv": [23, 2], "uv_size": [0.5, 0.5]},
								"south": {"uv": [23, 4], "uv_size": [0.5, 0.5]},
								"west": {"uv": [23, 6], "uv_size": [0.5, 0.5]},
								"up": {"uv": [23, 8], "uv_size": [0.5, 0.5]},
								"down": {"uv": [23, 16.5], "uv_size": [0.5, -0.5]}
							}
						},
						{
							"origin": [1.25, -0.12432, -1.5],
							"size": [0.25, 0.24864, 0.125],
							"uv": {
								"north": {"uv": [23, 18], "uv_size": [0.5, 0.5]},
								"east": {"uv": [23, 20], "uv_size": [0.5, 0.5]},
								"south": {"uv": [0, 24], "uv_size": [0.5, 0.5]},
								"west": {"uv": [2, 24], "uv_size": [0.5, 0.5]},
								"up": {"uv": [4, 24], "uv_size": [0.5, 0.5]},
								"down": {"uv": [6, 24.5], "uv_size": [0.5, -0.5]}
							}
						},
						{
							"origin": [1.25, -0.12432, -1.5],
							"size": [0.25, 0.24864, 0.125],
							"pivot": [0, 0, -2],
							"rotation": [-22.5, 0, 0],
							"uv": {
								"north": {"uv": [8, 24], "uv_size": [0.5, 0.5]},
								"east": {"uv": [10, 24], "uv_size": [0.5, 0.5]},
								"south": {"uv": [24, 10], "uv_size": [0.5, 0.5]},
								"west": {"uv": [12, 24], "uv_size": [0.5, 0.5]},
								"up": {"uv": [24, 12], "uv_size": [0.5, 0.5]},
								"down": {"uv": [14, 24.5], "uv_size": [0.5, -0.5]}
							}
						},
						{
							"origin": [0.625, -0.12432, -1.5],
							"size": [0.25, 0.24864, 0.125],
							"pivot": [-0.625, 0, -2],
							"rotation": [22.5, 0, 0],
							"uv": {
								"north": {"uv": [24, 14], "uv_size": [0.5, 0.5]},
								"east": {"uv": [16, 24], "uv_size": [0.5, 0.5]},
								"south": {"uv": [18, 24], "uv_size": [0.5, 0.5]},
								"west": {"uv": [20, 24], "uv_size": [0.5, 0.5]},
								"up": {"uv": [22, 24], "uv_size": [0.5, 0.5]},
								"down": {"uv": [24, 22.5], "uv_size": [0.5, -0.5]}
							}
						},
						{
							"origin": [0.625, -0.12432, -1.5],
							"size": [0.25, 0.24864, 0.125],
							"uv": {
								"north": {"uv": [24, 24], "uv_size": [0.5, 0.5]},
								"east": {"uv": [25, 0], "uv_size": [0.5, 0.5]},
								"south": {"uv": [25, 2], "uv_size": [0.5, 0.5]},
								"west": {"uv": [25, 4], "uv_size": [0.5, 0.5]},
								"up": {"uv": [25, 6], "uv_size": [0.5, 0.5]},
								"down": {"uv": [25, 8.5], "uv_size": [0.5, -0.5]}
							}
						},
						{
							"origin": [0.625, -0.12432, -1.5],
							"size": [0.25, 0.24864, 0.125],
							"pivot": [-0.625, 0, -2],
							"rotation": [-22.5, 0, 0],
							"uv": {
								"north": {"uv": [25, 16], "uv_size": [0.5, 0.5]},
								"east": {"uv": [25, 18], "uv_size": [0.5, 0.5]},
								"south": {"uv": [25, 20], "uv_size": [0.5, 0.5]},
								"west": {"uv": [0, 26], "uv_size": [0.5, 0.5]},
								"up": {"uv": [2, 26], "uv_size": [0.5, 0.5]},
								"down": {"uv": [4, 26.5], "uv_size": [0.5, -0.5]}
							}
						},
						{
							"origin": [0.625, -0.12432, -2.625],
							"size": [0.25, 0.24864, 0.125],
							"pivot": [-0.625, 0, -2],
							"rotation": [-22.5, 0, 0],
							"uv": {
								"north": {"uv": [6, 26], "uv_size": [0.5, 0.5]},
								"east": {"uv": [8, 26], "uv_size": [0.5, 0.5]},
								"south": {"uv": [10, 26], "uv_size": [0.5, 0.5]},
								"west": {"uv": [26, 10], "uv_size": [0.5, 0.5]},
								"up": {"uv": [12, 26], "uv_size": [0.5, 0.5]},
								"down": {"uv": [26, 12.5], "uv_size": [0.5, -0.5]}
							}
						},
						{
							"origin": [0.625, -0.12432, -2.625],
							"size": [0.25, 0.24864, 0.125],
							"uv": {
								"north": {"uv": [14, 26], "uv_size": [0.5, 0.5]},
								"east": {"uv": [26, 14], "uv_size": [0.5, 0.5]},
								"south": {"uv": [16, 26], "uv_size": [0.5, 0.5]},
								"west": {"uv": [18, 26], "uv_size": [0.5, 0.5]},
								"up": {"uv": [20, 26], "uv_size": [0.5, 0.5]},
								"down": {"uv": [22, 26.5], "uv_size": [0.5, -0.5]}
							}
						},
						{
							"origin": [0.625, -0.12432, -2.625],
							"size": [0.25, 0.24864, 0.125],
							"pivot": [-0.625, 0, -2],
							"rotation": [22.5, 0, 0],
							"uv": {
								"north": {"uv": [26, 22], "uv_size": [0.5, 0.5]},
								"east": {"uv": [24, 26], "uv_size": [0.5, 0.5]},
								"south": {"uv": [26, 24], "uv_size": [0.5, 0.5]},
								"west": {"uv": [26, 26], "uv_size": [0.5, 0.5]},
								"up": {"uv": [27, 0], "uv_size": [0.5, 0.5]},
								"down": {"uv": [27, 2.5], "uv_size": [0.5, -0.5]}
							}
						},
						{
							"origin": [-1.5, -0.12432, -1.5],
							"size": [1.75, 0.24864, 0.125],
							"pivot": [-1.25, 0, -2],
							"rotation": [22.5, 0, 0],
							"uv": {
								"north": {"uv": [16, 10], "uv_size": [2, 0.5]},
								"east": {"uv": [27, 4], "uv_size": [0.5, 0.5]},
								"south": {"uv": [12, 16], "uv_size": [2, 0.5]},
								"west": {"uv": [27, 6], "uv_size": [0.5, 0.5]},
								"up": {"uv": [16, 12], "uv_size": [2, 0.5]},
								"down": {"uv": [16, 14.5], "uv_size": [2, -0.5]}
							}
						},
						{
							"origin": [-1.5, -0.12432, -1.5],
							"size": [1.75, 0.24864, 0.125],
							"uv": {
								"north": {"uv": [15, 16], "uv_size": [2, 0.5]},
								"east": {"uv": [27, 8], "uv_size": [0.5, 0.5]},
								"south": {"uv": [0, 18], "uv_size": [2, 0.5]},
								"west": {"uv": [27, 16], "uv_size": [0.5, 0.5]},
								"up": {"uv": [3, 18], "uv_size": [2, 0.5]},
								"down": {"uv": [6, 18.5], "uv_size": [2, -0.5]}
							}
						},
						{
							"origin": [-1.5, -0.12432, -1.5],
							"size": [1.75, 0.24864, 0.125],
							"pivot": [-1.25, 0, -2],
							"rotation": [-22.5, 0, 0],
							"uv": {
								"north": {"uv": [9, 18], "uv_size": [2, 0.5]},
								"east": {"uv": [27, 18], "uv_size": [0.5, 0.5]},
								"south": {"uv": [12, 18], "uv_size": [2, 0.5]},
								"west": {"uv": [27, 20], "uv_size": [0.5, 0.5]},
								"up": {"uv": [15, 18], "uv_size": [2, 0.5]},
								"down": {"uv": [18, 16.5], "uv_size": [2, -0.5]}
							}
						},
						{
							"origin": [-1.5, -0.12432, -2.625],
							"size": [1.75, 0.24864, 0.125],
							"pivot": [-1.25, 0, -2],
							"rotation": [-22.5, 0, 0],
							"uv": {
								"north": {"uv": [18, 18], "uv_size": [2, 0.5]},
								"east": {"uv": [0, 28], "uv_size": [0.5, 0.5]},
								"south": {"uv": [19, 10], "uv_size": [2, 0.5]},
								"west": {"uv": [2, 28], "uv_size": [0.5, 0.5]},
								"up": {"uv": [19, 12], "uv_size": [2, 0.5]},
								"down": {"uv": [19, 14.5], "uv_size": [2, -0.5]}
							}
						},
						{
							"origin": [-1.5, -0.12432, -2.625],
							"size": [1.75, 0.24864, 0.125],
							"uv": {
								"north": {"uv": [0, 20], "uv_size": [2, 0.5]},
								"east": {"uv": [4, 28], "uv_size": [0.5, 0.5]},
								"south": {"uv": [20, 0], "uv_size": [2, 0.5]},
								"west": {"uv": [6, 28], "uv_size": [0.5, 0.5]},
								"up": {"uv": [20, 2], "uv_size": [2, 0.5]},
								"down": {"uv": [3, 20.5], "uv_size": [2, -0.5]}
							}
						},
						{
							"origin": [-1.5, -0.12432, -2.625],
							"size": [1.75, 0.24864, 0.125],
							"pivot": [-1.25, 0, -2],
							"rotation": [22.5, 0, 0],
							"uv": {
								"north": {"uv": [20, 4], "uv_size": [2, 0.5]},
								"east": {"uv": [8, 28], "uv_size": [0.5, 0.5]},
								"south": {"uv": [6, 20], "uv_size": [2, 0.5]},
								"west": {"uv": [10, 28], "uv_size": [0.5, 0.5]},
								"up": {"uv": [20, 6], "uv_size": [2, 0.5]},
								"down": {"uv": [20, 8.5], "uv_size": [2, -0.5]}
							}
						},
						{
							"origin": [-1.5, -0.12432, -1.5],
							"size": [3, 0.24864, 0.125],
							"pivot": [0, 0, -2],
							"rotation": [-45, 0, 0],
							"uv": {
								"north": {"uv": [8, 4], "uv_size": [3, 0.5]},
								"east": {"uv": [28, 10], "uv_size": [0.5, 0.5]},
								"south": {"uv": [8, 6], "uv_size": [3, 0.5]},
								"west": {"uv": [12, 28], "uv_size": [0.5, 0.5]},
								"up": {"uv": [8, 8], "uv_size": [3, 0.5]},
								"down": {"uv": [0, 10.5], "uv_size": [3, -0.5]}
							}
						},
						{
							"origin": [-1.5, -0.625, -2.12432],
							"size": [3, 0.125, 0.24864],
							"pivot": [0, 0, -2],
							"rotation": [22.5, 0, 0],
							"uv": {
								"north": {"uv": [4, 10], "uv_size": [3, 0.5]},
								"east": {"uv": [28, 12], "uv_size": [0.5, 0.5]},
								"south": {"uv": [8, 10], "uv_size": [3, 0.5]},
								"west": {"uv": [14, 28], "uv_size": [0.5, 0.5]},
								"up": {"uv": [0, 12], "uv_size": [3, 0.5]},
								"down": {"uv": [12, 0.5], "uv_size": [3, -0.5]}
							}
						},
						{
							"origin": [-1.5, -0.625, -2.12432],
							"size": [3, 0.125, 0.24864],
							"uv": {
								"north": {"uv": [12, 2], "uv_size": [3, 0.5]},
								"east": {"uv": [28, 14], "uv_size": [0.5, 0.5]},
								"south": {"uv": [4, 12], "uv_size": [3, 0.5]},
								"west": {"uv": [16, 28], "uv_size": [0.5, 0.5]},
								"up": {"uv": [12, 4], "uv_size": [3, 0.5]},
								"down": {"uv": [12, 6.5], "uv_size": [3, -0.5]}
							}
						},
						{
							"origin": [-1.5, -0.625, -2.12432],
							"size": [3, 0.125, 0.24864],
							"pivot": [0, 0, -2],
							"rotation": [-22.5, 0, 0],
							"uv": {
								"north": {"uv": [8, 12], "uv_size": [3, 0.5]},
								"east": {"uv": [18, 28], "uv_size": [0.5, 0.5]},
								"south": {"uv": [12, 8], "uv_size": [3, 0.5]},
								"west": {"uv": [20, 28], "uv_size": [0.5, 0.5]},
								"up": {"uv": [12, 10], "uv_size": [3, 0.5]},
								"down": {"uv": [12, 12.5], "uv_size": [3, -0.5]}
							}
						},
						{
							"origin": [-1.5, 0.5, -2.12432],
							"size": [3, 0.125, 0.24864],
							"pivot": [0, 0, -2],
							"rotation": [22.5, 0, 0],
							"uv": {
								"north": {"uv": [0, 14], "uv_size": [3, 0.5]},
								"east": {"uv": [22, 28], "uv_size": [0.5, 0.5]},
								"south": {"uv": [4, 14], "uv_size": [3, 0.5]},
								"west": {"uv": [28, 22], "uv_size": [0.5, 0.5]},
								"up": {"uv": [8, 14], "uv_size": [3, 0.5]},
								"down": {"uv": [12, 14.5], "uv_size": [3, -0.5]}
							}
						},
						{
							"origin": [-1.5, 0.5, -2.12432],
							"size": [3, 0.125, 0.24864],
							"uv": {
								"north": {"uv": [0, 16], "uv_size": [3, 0.5]},
								"east": {"uv": [24, 28], "uv_size": [0.5, 0.5]},
								"south": {"uv": [16, 0], "uv_size": [3, 0.5]},
								"west": {"uv": [28, 24], "uv_size": [0.5, 0.5]},
								"up": {"uv": [16, 2], "uv_size": [3, 0.5]},
								"down": {"uv": [4, 16.5], "uv_size": [3, -0.5]}
							}
						},
						{
							"origin": [-1.5, 0.5, -2.12432],
							"size": [3, 0.125, 0.24864],
							"pivot": [0, 0, -2],
							"rotation": [-22.5, 0, 0],
							"uv": {
								"north": {"uv": [16, 4], "uv_size": [3, 0.5]},
								"east": {"uv": [26, 28], "uv_size": [0.5, 0.5]},
								"south": {"uv": [16, 6], "uv_size": [3, 0.5]},
								"west": {"uv": [28, 26], "uv_size": [0.5, 0.5]},
								"up": {"uv": [8, 16], "uv_size": [3, 0.5]},
								"down": {"uv": [16, 8.5], "uv_size": [3, -0.5]}
							}
						}
					]
				},
				{
					"name": "hexadecagon3",
					"parent": "muzzle_brake",
					"pivot": [0, 0, -0.125],
					"rotation": [0, 90, 0],
					"cubes": [
						{
							"origin": [-0.125, -0.12432, -0.75],
							"size": [0.25, 0.24864, 0.125],
							"pivot": [0, 0, -0.125],
							"rotation": [45, 0, 0],
							"uv": {
								"north": {"uv": [28, 28], "uv_size": [0.5, 0.5]},
								"east": {"uv": [29, 0], "uv_size": [0.5, 0.5]},
								"south": {"uv": [29, 2], "uv_size": [0.5, 0.5]},
								"west": {"uv": [29, 4], "uv_size": [0.5, 0.5]},
								"up": {"uv": [29, 6], "uv_size": [0.5, 0.5]},
								"down": {"uv": [29, 8.5], "uv_size": [0.5, -0.5]}
							}
						},
						{
							"origin": [-0.125, -0.12432, -0.75],
							"size": [0.25, 0.24864, 0.125],
							"pivot": [0, 0, -0.125],
							"rotation": [22.5, 0, 0],
							"uv": {
								"north": {"uv": [29, 16], "uv_size": [0.5, 0.5]},
								"east": {"uv": [29, 18], "uv_size": [0.5, 0.5]},
								"south": {"uv": [29, 20], "uv_size": [0.5, 0.5]},
								"west": {"uv": [0, 30], "uv_size": [0.5, 0.5]},
								"up": {"uv": [2, 30], "uv_size": [0.5, 0.5]},
								"down": {"uv": [4, 30.5], "uv_size": [0.5, -0.5]}
							}
						},
						{
							"origin": [-0.125, -0.12432, -0.75],
							"size": [0.25, 0.24864, 0.125],
							"uv": {
								"north": {"uv": [6, 30], "uv_size": [0.5, 0.5]},
								"east": {"uv": [8, 30], "uv_size": [0.5, 0.5]},
								"south": {"uv": [10, 30], "uv_size": [0.5, 0.5]},
								"west": {"uv": [30, 10], "uv_size": [0.5, 0.5]},
								"up": {"uv": [12, 30], "uv_size": [0.5, 0.5]},
								"down": {"uv": [30, 12.5], "uv_size": [0.5, -0.5]}
							}
						},
						{
							"origin": [-0.125, -0.12432, -0.75],
							"size": [0.25, 0.24864, 0.125],
							"pivot": [0, 0, -0.125],
							"rotation": [-22.5, 0, 0],
							"uv": {
								"north": {"uv": [14, 30], "uv_size": [0.5, 0.5]},
								"east": {"uv": [30, 14], "uv_size": [0.5, 0.5]},
								"south": {"uv": [16, 30], "uv_size": [0.5, 0.5]},
								"west": {"uv": [18, 30], "uv_size": [0.5, 0.5]},
								"up": {"uv": [20, 30], "uv_size": [0.5, 0.5]},
								"down": {"uv": [22, 30.5], "uv_size": [0.5, -0.5]}
							}
						},
						{
							"origin": [-0.125, -0.12432, -0.75],
							"size": [0.25, 0.24864, 0.125],
							"pivot": [0, 0, -0.125],
							"rotation": [-45, 0, 0],
							"uv": {
								"north": {"uv": [30, 22], "uv_size": [0.5, 0.5]},
								"east": {"uv": [24, 30], "uv_size": [0.5, 0.5]},
								"south": {"uv": [30, 24], "uv_size": [0.5, 0.5]},
								"west": {"uv": [26, 30], "uv_size": [0.5, 0.5]},
								"up": {"uv": [30, 26], "uv_size": [0.5, 0.5]},
								"down": {"uv": [28, 30.5], "uv_size": [0.5, -0.5]}
							}
						},
						{
							"origin": [-0.125, -0.12432, 0.375],
							"size": [0.25, 0.24864, 0.125],
							"pivot": [0, 0, -0.125],
							"rotation": [45, 0, 0],
							"uv": {
								"north": {"uv": [30, 28], "uv_size": [0.5, 0.5]},
								"east": {"uv": [30, 30], "uv_size": [0.5, 0.5]},
								"south": {"uv": [31, 0], "uv_size": [0.5, 0.5]},
								"west": {"uv": [31, 2], "uv_size": [0.5, 0.5]},
								"up": {"uv": [31, 4], "uv_size": [0.5, 0.5]},
								"down": {"uv": [31, 6.5], "uv_size": [0.5, -0.5]}
							}
						},
						{
							"origin": [-0.125, -0.12432, 0.375],
							"size": [0.25, 0.24864, 0.125],
							"pivot": [0, 0, -0.125],
							"rotation": [22.5, 0, 0],
							"uv": {
								"north": {"uv": [31, 8], "uv_size": [0.5, 0.5]},
								"east": {"uv": [31, 16], "uv_size": [0.5, 0.5]},
								"south": {"uv": [31, 18], "uv_size": [0.5, 0.5]},
								"west": {"uv": [31, 20], "uv_size": [0.5, 0.5]},
								"up": {"uv": [0, 32], "uv_size": [0.5, 0.5]},
								"down": {"uv": [2, 32.5], "uv_size": [0.5, -0.5]}
							}
						},
						{
							"origin": [-0.125, -0.12432, 0.375],
							"size": [0.25, 0.24864, 0.125],
							"uv": {
								"north": {"uv": [4, 32], "uv_size": [0.5, 0.5]},
								"east": {"uv": [6, 32], "uv_size": [0.5, 0.5]},
								"south": {"uv": [8, 32], "uv_size": [0.5, 0.5]},
								"west": {"uv": [10, 32], "uv_size": [0.5, 0.5]},
								"up": {"uv": [32, 10], "uv_size": [0.5, 0.5]},
								"down": {"uv": [12, 32.5], "uv_size": [0.5, -0.5]}
							}
						},
						{
							"origin": [-0.125, -0.12432, 0.375],
							"size": [0.25, 0.24864, 0.125],
							"pivot": [0, 0, -0.125],
							"rotation": [-22.5, 0, 0],
							"uv": {
								"north": {"uv": [32, 12], "uv_size": [0.5, 0.5]},
								"east": {"uv": [14, 32], "uv_size": [0.5, 0.5]},
								"south": {"uv": [32, 14], "uv_size": [0.5, 0.5]},
								"west": {"uv": [16, 32], "uv_size": [0.5, 0.5]},
								"up": {"uv": [18, 32], "uv_size": [0.5, 0.5]},
								"down": {"uv": [20, 32.5], "uv_size": [0.5, -0.5]}
							}
						},
						{
							"origin": [-0.125, -0.12432, 0.375],
							"size": [0.25, 0.24864, 0.125],
							"pivot": [0, 0, -0.125],
							"rotation": [-45, 0, 0],
							"uv": {
								"north": {"uv": [22, 32], "uv_size": [0.5, 0.5]},
								"east": {"uv": [32, 22], "uv_size": [0.5, 0.5]},
								"south": {"uv": [24, 32], "uv_size": [0.5, 0.5]},
								"west": {"uv": [32, 24], "uv_size": [0.5, 0.5]},
								"up": {"uv": [26, 32], "uv_size": [0.5, 0.5]},
								"down": {"uv": [32, 26.5], "uv_size": [0.5, -0.5]}
							}
						},
						{
							"origin": [-0.125, -0.625, -0.24932],
							"size": [0.25, 0.125, 0.24864],
							"pivot": [0, 0, -0.125],
							"rotation": [22.5, 0, 0],
							"uv": {
								"north": {"uv": [28, 32], "uv_size": [0.5, 0.5]},
								"east": {"uv": [32, 28], "uv_size": [0.5, 0.5]},
								"south": {"uv": [30, 32], "uv_size": [0.5, 0.5]},
								"west": {"uv": [32, 30], "uv_size": [0.5, 0.5]},
								"up": {"uv": [32, 32], "uv_size": [0.5, 0.5]},
								"down": {"uv": [33, 0.5], "uv_size": [0.5, -0.5]}
							}
						},
						{
							"origin": [-0.125, -0.625, -0.24932],
							"size": [0.25, 0.125, 0.24864],
							"uv": {
								"north": {"uv": [33, 2], "uv_size": [0.5, 0.5]},
								"east": {"uv": [33, 4], "uv_size": [0.5, 0.5]},
								"south": {"uv": [33, 6], "uv_size": [0.5, 0.5]},
								"west": {"uv": [33, 8], "uv_size": [0.5, 0.5]},
								"up": {"uv": [33, 16], "uv_size": [0.5, 0.5]},
								"down": {"uv": [33, 18.5], "uv_size": [0.5, -0.5]}
							}
						},
						{
							"origin": [-0.125, -0.625, -0.24932],
							"size": [0.25, 0.125, 0.24864],
							"pivot": [0, 0, -0.125],
							"rotation": [-22.5, 0, 0],
							"uv": {
								"north": {"uv": [33, 20], "uv_size": [0.5, 0.5]},
								"east": {"uv": [0, 34], "uv_size": [0.5, 0.5]},
								"south": {"uv": [2, 34], "uv_size": [0.5, 0.5]},
								"west": {"uv": [4, 34], "uv_size": [0.5, 0.5]},
								"up": {"uv": [6, 34], "uv_size": [0.5, 0.5]},
								"down": {"uv": [8, 34.5], "uv_size": [0.5, -0.5]}
							}
						},
						{
							"origin": [-0.125, 0.5, -0.24932],
							"size": [0.25, 0.125, 0.24864],
							"pivot": [0, 0, -0.125],
							"rotation": [22.5, 0, 0],
							"uv": {
								"north": {"uv": [10, 34], "uv_size": [0.5, 0.5]},
								"east": {"uv": [34, 10], "uv_size": [0.5, 0.5]},
								"south": {"uv": [12, 34], "uv_size": [0.5, 0.5]},
								"west": {"uv": [34, 12], "uv_size": [0.5, 0.5]},
								"up": {"uv": [14, 34], "uv_size": [0.5, 0.5]},
								"down": {"uv": [34, 14.5], "uv_size": [0.5, -0.5]}
							}
						},
						{
							"origin": [-0.125, 0.5, -0.24932],
							"size": [0.25, 0.125, 0.24864],
							"uv": {
								"north": {"uv": [16, 34], "uv_size": [0.5, 0.5]},
								"east": {"uv": [18, 34], "uv_size": [0.5, 0.5]},
								"south": {"uv": [20, 34], "uv_size": [0.5, 0.5]},
								"west": {"uv": [22, 34], "uv_size": [0.5, 0.5]},
								"up": {"uv": [34, 22], "uv_size": [0.5, 0.5]},
								"down": {"uv": [24, 34.5], "uv_size": [0.5, -0.5]}
							}
						},
						{
							"origin": [-0.125, 0.5, -0.24932],
							"size": [0.25, 0.125, 0.24864],
							"pivot": [0, 0, -0.125],
							"rotation": [-22.5, 0, 0],
							"uv": {
								"north": {"uv": [34, 24], "uv_size": [0.5, 0.5]},
								"east": {"uv": [26, 34], "uv_size": [0.5, 0.5]},
								"south": {"uv": [34, 26], "uv_size": [0.5, 0.5]},
								"west": {"uv": [28, 34], "uv_size": [0.5, 0.5]},
								"up": {"uv": [34, 28], "uv_size": [0.5, 0.5]},
								"down": {"uv": [30, 34.5], "uv_size": [0.5, -0.5]}
							}
						}
					]
				},
				{
					"name": "hexadecagon",
					"parent": "muzzle_brake",
					"pivot": [0, 0, -0.375],
					"rotation": [0, 90, 0],
					"cubes": [
						{
							"origin": [-0.125, -0.09946, -0.875],
							"size": [0.25, 0.19891, 0.125],
							"pivot": [0, 0, -0.375],
							"rotation": [45, 0, 0],
							"uv": {
								"north": {"uv": [34, 30], "uv_size": [0.5, 0.5]},
								"east": {"uv": [32, 34], "uv_size": [0.5, 0.5]},
								"south": {"uv": [34, 32], "uv_size": [0.5, 0.5]},
								"west": {"uv": [34, 34], "uv_size": [0.5, 0.5]},
								"up": {"uv": [35, 0], "uv_size": [0.5, 0.5]},
								"down": {"uv": [35, 2.5], "uv_size": [0.5, -0.5]}
							}
						},
						{
							"origin": [-0.125, -0.09946, -0.875],
							"size": [0.25, 0.19891, 0.125],
							"pivot": [0, 0, -0.375],
							"rotation": [22.5, 0, 0],
							"uv": {
								"north": {"uv": [35, 4], "uv_size": [0.5, 0.5]},
								"east": {"uv": [35, 6], "uv_size": [0.5, 0.5]},
								"south": {"uv": [35, 8], "uv_size": [0.5, 0.5]},
								"west": {"uv": [35, 16], "uv_size": [0.5, 0.5]},
								"up": {"uv": [35, 18], "uv_size": [0.5, 0.5]},
								"down": {"uv": [35, 20.5], "uv_size": [0.5, -0.5]}
							}
						},
						{
							"origin": [-0.125, -0.09946, -0.875],
							"size": [0.25, 0.19891, 0.125],
							"uv": {
								"north": {"uv": [0, 36], "uv_size": [0.5, 0.5]},
								"east": {"uv": [2, 36], "uv_size": [0.5, 0.5]},
								"south": {"uv": [4, 36], "uv_size": [0.5, 0.5]},
								"west": {"uv": [6, 36], "uv_size": [0.5, 0.5]},
								"up": {"uv": [8, 36], "uv_size": [0.5, 0.5]},
								"down": {"uv": [10, 36.5], "uv_size": [0.5, -0.5]}
							}
						},
						{
							"origin": [-0.125, -0.09946, -0.875],
							"size": [0.25, 0.19891, 0.125],
							"pivot": [0, 0, -0.375],
							"rotation": [-22.5, 0, 0],
							"uv": {
								"north": {"uv": [36, 10], "uv_size": [0.5, 0.5]},
								"east": {"uv": [12, 36], "uv_size": [0.5, 0.5]},
								"south": {"uv": [36, 12], "uv_size": [0.5, 0.5]},
								"west": {"uv": [14, 36], "uv_size": [0.5, 0.5]},
								"up": {"uv": [36, 14], "uv_size": [0.5, 0.5]},
								"down": {"uv": [16, 36.5], "uv_size": [0.5, -0.5]}
							}
						},
						{
							"origin": [-0.125, -0.09946, -0.875],
							"size": [0.25, 0.19891, 0.125],
							"pivot": [0, 0, -0.375],
							"rotation": [-45, 0, 0],
							"uv": {
								"north": {"uv": [18, 36], "uv_size": [0.5, 0.5]},
								"east": {"uv": [20, 36], "uv_size": [0.5, 0.5]},
								"south": {"uv": [22, 36], "uv_size": [0.5, 0.5]},
								"west": {"uv": [36, 22], "uv_size": [0.5, 0.5]},
								"up": {"uv": [24, 36], "uv_size": [0.5, 0.5]},
								"down": {"uv": [36, 24.5], "uv_size": [0.5, -0.5]}
							}
						},
						{
							"origin": [-0.125, -0.09946, 0],
							"size": [0.25, 0.19891, 0.125],
							"pivot": [0, 0, -0.375],
							"rotation": [45, 0, 0],
							"uv": {
								"north": {"uv": [26, 36], "uv_size": [0.5, 0.5]},
								"east": {"uv": [36, 26], "uv_size": [0.5, 0.5]},
								"south": {"uv": [28, 36], "uv_size": [0.5, 0.5]},
								"west": {"uv": [36, 28], "uv_size": [0.5, 0.5]},
								"up": {"uv": [30, 36], "uv_size": [0.5, 0.5]},
								"down": {"uv": [36, 30.5], "uv_size": [0.5, -0.5]}
							}
						},
						{
							"origin": [-0.125, -0.09946, 0],
							"size": [0.25, 0.19891, 0.125],
							"pivot": [0, 0, -0.375],
							"rotation": [22.5, 0, 0],
							"uv": {
								"north": {"uv": [32, 36], "uv_size": [0.5, 0.5]},
								"east": {"uv": [36, 32], "uv_size": [0.5, 0.5]},
								"south": {"uv": [34, 36], "uv_size": [0.5, 0.5]},
								"west": {"uv": [36, 34], "uv_size": [0.5, 0.5]},
								"up": {"uv": [36, 36], "uv_size": [0.5, 0.5]},
								"down": {"uv": [37, 0.5], "uv_size": [0.5, -0.5]}
							}
						},
						{
							"origin": [-0.125, -0.09946, 0],
							"size": [0.25, 0.19891, 0.125],
							"uv": {
								"north": {"uv": [37, 2], "uv_size": [0.5, 0.5]},
								"east": {"uv": [37, 4], "uv_size": [0.5, 0.5]},
								"south": {"uv": [37, 6], "uv_size": [0.5, 0.5]},
								"west": {"uv": [37, 8], "uv_size": [0.5, 0.5]},
								"up": {"uv": [37, 16], "uv_size": [0.5, 0.5]},
								"down": {"uv": [37, 18.5], "uv_size": [0.5, -0.5]}
							}
						},
						{
							"origin": [-0.125, -0.09946, 0],
							"size": [0.25, 0.19891, 0.125],
							"pivot": [0, 0, -0.375],
							"rotation": [-22.5, 0, 0],
							"uv": {
								"north": {"uv": [37, 20], "uv_size": [0.5, 0.5]},
								"east": {"uv": [0, 38], "uv_size": [0.5, 0.5]},
								"south": {"uv": [2, 38], "uv_size": [0.5, 0.5]},
								"west": {"uv": [4, 38], "uv_size": [0.5, 0.5]},
								"up": {"uv": [6, 38], "uv_size": [0.5, 0.5]},
								"down": {"uv": [8, 38.5], "uv_size": [0.5, -0.5]}
							}
						},
						{
							"origin": [-0.125, -0.09946, 0],
							"size": [0.25, 0.19891, 0.125],
							"pivot": [0, 0, -0.375],
							"rotation": [-45, 0, 0],
							"uv": {
								"north": {"uv": [10, 38], "uv_size": [0.5, 0.5]},
								"east": {"uv": [38, 10], "uv_size": [0.5, 0.5]},
								"south": {"uv": [12, 38], "uv_size": [0.5, 0.5]},
								"west": {"uv": [38, 12], "uv_size": [0.5, 0.5]},
								"up": {"uv": [14, 38], "uv_size": [0.5, 0.5]},
								"down": {"uv": [38, 14.5], "uv_size": [0.5, -0.5]}
							}
						},
						{
							"origin": [-0.125, -0.5, -0.47446],
							"size": [0.25, 0.125, 0.19891],
							"pivot": [0, 0, -0.375],
							"rotation": [22.5, 0, 0],
							"uv": {
								"north": {"uv": [16, 38], "uv_size": [0.5, 0.5]},
								"east": {"uv": [18, 38], "uv_size": [0.5, 0.5]},
								"south": {"uv": [20, 38], "uv_size": [0.5, 0.5]},
								"west": {"uv": [22, 38], "uv_size": [0.5, 0.5]},
								"up": {"uv": [38, 22], "uv_size": [0.5, 0.5]},
								"down": {"uv": [24, 38.5], "uv_size": [0.5, -0.5]}
							}
						},
						{
							"origin": [-0.125, -0.5, -0.47446],
							"size": [0.25, 0.125, 0.19891],
							"uv": {
								"north": {"uv": [38, 24], "uv_size": [0.5, 0.5]},
								"east": {"uv": [26, 38], "uv_size": [0.5, 0.5]},
								"south": {"uv": [38, 26], "uv_size": [0.5, 0.5]},
								"west": {"uv": [28, 38], "uv_size": [0.5, 0.5]},
								"up": {"uv": [38, 28], "uv_size": [0.5, 0.5]},
								"down": {"uv": [30, 38.5], "uv_size": [0.5, -0.5]}
							}
						},
						{
							"origin": [-0.125, -0.5, -0.47446],
							"size": [0.25, 0.125, 0.19891],
							"pivot": [0, 0, -0.375],
							"rotation": [-22.5, 0, 0],
							"uv": {
								"north": {"uv": [38, 30], "uv_size": [0.5, 0.5]},
								"east": {"uv": [32, 38], "uv_size": [0.5, 0.5]},
								"south": {"uv": [38, 32], "uv_size": [0.5, 0.5]},
								"west": {"uv": [34, 38], "uv_size": [0.5, 0.5]},
								"up": {"uv": [38, 34], "uv_size": [0.5, 0.5]},
								"down": {"uv": [36, 38.5], "uv_size": [0.5, -0.5]}
							}
						},
						{
							"origin": [-0.125, 0.375, -0.47446],
							"size": [0.25, 0.125, 0.19891],
							"pivot": [0, 0, -0.375],
							"rotation": [22.5, 0, 0],
							"uv": {
								"north": {"uv": [38, 36], "uv_size": [0.5, 0.5]},
								"east": {"uv": [38, 38], "uv_size": [0.5, 0.5]},
								"south": {"uv": [39, 0], "uv_size": [0.5, 0.5]},
								"west": {"uv": [39, 2], "uv_size": [0.5, 0.5]},
								"up": {"uv": [39, 4], "uv_size": [0.5, 0.5]},
								"down": {"uv": [39, 6.5], "uv_size": [0.5, -0.5]}
							}
						},
						{
							"origin": [-0.125, 0.375, -0.47446],
							"size": [0.25, 0.125, 0.19891],
							"uv": {
								"north": {"uv": [39, 8], "uv_size": [0.5, 0.5]},
								"east": {"uv": [39, 16], "uv_size": [0.5, 0.5]},
								"south": {"uv": [39, 18], "uv_size": [0.5, 0.5]},
								"west": {"uv": [39, 20], "uv_size": [0.5, 0.5]},
								"up": {"uv": [0, 40], "uv_size": [0.5, 0.5]},
								"down": {"uv": [2, 40.5], "uv_size": [0.5, -0.5]}
							}
						},
						{
							"origin": [-0.125, 0.375, -0.47446],
							"size": [0.25, 0.125, 0.19891],
							"pivot": [0, 0, -0.375],
							"rotation": [-22.5, 0, 0],
							"uv": {
								"north": {"uv": [4, 40], "uv_size": [0.5, 0.5]},
								"east": {"uv": [6, 40], "uv_size": [0.5, 0.5]},
								"south": {"uv": [8, 40], "uv_size": [0.5, 0.5]},
								"west": {"uv": [10, 40], "uv_size": [0.5, 0.5]},
								"up": {"uv": [40, 10], "uv_size": [0.5, 0.5]},
								"down": {"uv": [12, 40.5], "uv_size": [0.5, -0.5]}
							}
						}
					]
				}
			]
		}
	]
}