{
	"format_version": "1.12.0",
	"minecraft:geometry": [
		{
			"description": {
				"identifier": "geometry.unknown",
				"texture_width": 64,
				"texture_height": 64,
				"visible_bounds_width": 2,
				"visible_bounds_height": 1.5,
				"visible_bounds_offset": [0, 0.25, 0]
			},
			"bones": [
				{
					"name": "oilcan",
					"pivot": [0, 0, 0]
				},
				{
					"name": "hexadecagon3",
					"parent": "oilcan",
					"pivot": [0, 0, -2],
					"rotation": [0, 90, 0],
					"cubes": [
						{
							"origin": [-1.5, -0.29837, -3.5],
							"size": [4.5, 0.59674, 1.25],
							"pivot": [0, 0, -2],
							"rotation": [45, 0, 0],
							"uv": {
								"north": {"uv": [0, 24], "uv_size": [4.5, 0.5]},
								"east": {"uv": [32, 30], "uv_size": [1.5, 0.5]},
								"south": {"uv": [24, 0], "uv_size": [4.5, 0.5]},
								"west": {"uv": [32, 32], "uv_size": [1.5, 0.5]},
								"up": {"uv": [0, 0], "uv_size": [4.5, 1.5]},
								"down": {"uv": [0, 4.5], "uv_size": [4.5, -1.5]}
							}
						},
						{
							"origin": [-1.5, -0.29837, -3.5],
							"size": [4.5, 0.59674, 1.25],
							"pivot": [0, 0, -2],
							"rotation": [22.5, 0, 0],
							"uv": {
								"north": {"uv": [24, 2], "uv_size": [4.5, 0.5]},
								"east": {"uv": [12, 33], "uv_size": [1.5, 0.5]},
								"south": {"uv": [24, 4], "uv_size": [4.5, 0.5]},
								"west": {"uv": [15, 33], "uv_size": [1.5, 0.5]},
								"up": {"uv": [0, 6], "uv_size": [4.5, 1.5]},
								"down": {"uv": [6, 1.5], "uv_size": [4.5, -1.5]}
							}
						},
						{
							"origin": [-1.5, -0.29837, -3.5],
							"size": [4.5, 0.59674, 1.25],
							"uv": {
								"north": {"uv": [6, 24], "uv_size": [4.5, 0.5]},
								"east": {"uv": [18, 33], "uv_size": [1.5, 0.5]},
								"south": {"uv": [24, 6], "uv_size": [4.5, 0.5]},
								"west": {"uv": [21, 33], "uv_size": [1.5, 0.5]},
								"up": {"uv": [6, 3], "uv_size": [4.5, 1.5]},
								"down": {"uv": [6, 7.5], "uv_size": [4.5, -1.5]}
							}
						},
						{
							"origin": [-1.5, -0.29837, -3.5],
							"size": [4.5, 0.59674, 1.25],
							"pivot": [0, 0, -2],
							"rotation": [-22.5, 0, 0],
							"uv": {
								"north": {"uv": [24, 8], "uv_size": [4.5, 0.5]},
								"east": {"uv": [24, 33], "uv_size": [1.5, 0.5]},
								"south": {"uv": [24, 10], "uv_size": [4.5, 0.5]},
								"west": {"uv": [27, 33], "uv_size": [1.5, 0.5]},
								"up": {"uv": [0, 9], "uv_size": [4.5, 1.5]},
								"down": {"uv": [6, 10.5], "uv_size": [4.5, -1.5]}
							}
						},
						{
							"origin": [-1.5, -0.29837, -3.5],
							"size": [4.5, 0.59674, 1.25],
							"pivot": [0, 0, -2],
							"rotation": [-45, 0, 0],
							"uv": {
								"north": {"uv": [12, 24], "uv_size": [4.5, 0.5]},
								"east": {"uv": [34, 6], "uv_size": [1.5, 0.5]},
								"south": {"uv": [24, 12], "uv_size": [4.5, 0.5]},
								"west": {"uv": [34, 8], "uv_size": [1.5, 0.5]},
								"up": {"uv": [0, 12], "uv_size": [4.5, 1.5]},
								"down": {"uv": [12, 1.5], "uv_size": [4.5, -1.5]}
							}
						},
						{
							"origin": [-1.5, -0.29837, -1.75],
							"size": [4.5, 0.59674, 1.25],
							"pivot": [0, 0, -2],
							"rotation": [45, 0, 0],
							"uv": {
								"north": {"uv": [24, 14], "uv_size": [4.5, 0.5]},
								"east": {"uv": [34, 10], "uv_size": [1.5, 0.5]},
								"south": {"uv": [24, 16], "uv_size": [4.5, 0.5]},
								"west": {"uv": [34, 12], "uv_size": [1.5, 0.5]},
								"up": {"uv": [12, 3], "uv_size": [4.5, 1.5]},
								"down": {"uv": [6, 13.5], "uv_size": [4.5, -1.5]}
							}
						},
						{
							"origin": [-1.5, -0.29837, -1.75],
							"size": [4.5, 0.59674, 1.25],
							"pivot": [0, 0, -2],
							"rotation": [22.5, 0, 0],
							"uv": {
								"north": {"uv": [18, 24], "uv_size": [4.5, 0.5]},
								"east": {"uv": [34, 14], "uv_size": [1.5, 0.5]},
								"south": {"uv": [24, 18], "uv_size": [4.5, 0.5]},
								"west": {"uv": [34, 16], "uv_size": [1.5, 0.5]},
								"up": {"uv": [12, 6], "uv_size": [4.5, 1.5]},
								"down": {"uv": [12, 10.5], "uv_size": [4.5, -1.5]}
							}
						},
						{
							"origin": [-1.5, -0.29837, -1.75],
							"size": [4.5, 0.59674, 1.25],
							"uv": {
								"north": {"uv": [24, 20], "uv_size": [4.5, 0.5]},
								"east": {"uv": [34, 18], "uv_size": [1.5, 0.5]},
								"south": {"uv": [24, 22], "uv_size": [4.5, 0.5]},
								"west": {"uv": [34, 20], "uv_size": [1.5, 0.5]},
								"up": {"uv": [12, 12], "uv_size": [4.5, 1.5]},
								"down": {"uv": [0, 16.5], "uv_size": [4.5, -1.5]}
							}
						},
						{
							"origin": [-1.5, -0.29837, -1.75],
							"size": [4.5, 0.59674, 1.25],
							"pivot": [0, 0, -2],
							"rotation": [-22.5, 0, 0],
							"uv": {
								"north": {"uv": [24, 24], "uv_size": [4.5, 0.5]},
								"east": {"uv": [34, 22], "uv_size": [1.5, 0.5]},
								"south": {"uv": [0, 26], "uv_size": [4.5, 0.5]},
								"west": {"uv": [34, 24], "uv_size": [1.5, 0.5]},
								"up": {"uv": [6, 15], "uv_size": [4.5, 1.5]},
								"down": {"uv": [12, 16.5], "uv_size": [4.5, -1.5]}
							}
						},
						{
							"origin": [-1.5, -0.29837, -1.75],
							"size": [4.5, 0.59674, 1.25],
							"pivot": [0, 0, -2],
							"rotation": [-45, 0, 0],
							"uv": {
								"north": {"uv": [6, 26], "uv_size": [4.5, 0.5]},
								"east": {"uv": [34, 26], "uv_size": [1.5, 0.5]},
								"south": {"uv": [12, 26], "uv_size": [4.5, 0.5]},
								"west": {"uv": [34, 28], "uv_size": [1.5, 0.5]},
								"up": {"uv": [0, 18], "uv_size": [4.5, 1.5]},
								"down": {"uv": [18, 1.5], "uv_size": [4.5, -1.5]}
							}
						},
						{
							"origin": [-1.5, -1.5, -2.29837],
							"size": [4.5, 1.25, 0.59674],
							"pivot": [0, 0, -2],
							"rotation": [22.5, 0, 0],
							"uv": {
								"north": {"uv": [18, 3], "uv_size": [4.5, 1.5]},
								"east": {"uv": [30, 33], "uv_size": [0.5, 1.5]},
								"south": {"uv": [6, 18], "uv_size": [4.5, 1.5]},
								"west": {"uv": [32, 34], "uv_size": [0.5, 1.5]},
								"up": {"uv": [18, 26], "uv_size": [4.5, 0.5]},
								"down": {"uv": [24, 26.5], "uv_size": [4.5, -0.5]}
							}
						},
						{
							"origin": [-1.5, -1.5, -2.29837],
							"size": [4.5, 1.25, 0.59674],
							"uv": {
								"north": {"uv": [18, 6], "uv_size": [4.5, 1.5]},
								"east": {"uv": [34, 34], "uv_size": [0.5, 1.5]},
								"south": {"uv": [18, 9], "uv_size": [4.5, 1.5]},
								"west": {"uv": [0, 35], "uv_size": [0.5, 1.5]},
								"up": {"uv": [0, 28], "uv_size": [4.5, 0.5]},
								"down": {"uv": [6, 28.5], "uv_size": [4.5, -0.5]}
							}
						},
						{
							"origin": [-1.5, -1.5, -2.29837],
							"size": [4.5, 1.25, 0.59674],
							"pivot": [0, 0, -2],
							"rotation": [-22.5, 0, 0],
							"uv": {
								"north": {"uv": [12, 18], "uv_size": [4.5, 1.5]},
								"east": {"uv": [2, 35], "uv_size": [0.5, 1.5]},
								"south": {"uv": [18, 12], "uv_size": [4.5, 1.5]},
								"west": {"uv": [4, 35], "uv_size": [0.5, 1.5]},
								"up": {"uv": [12, 28], "uv_size": [4.5, 0.5]},
								"down": {"uv": [18, 28.5], "uv_size": [4.5, -0.5]}
							}
						},
						{
							"origin": [-1.5, 0.25, -2.29837],
							"size": [4.5, 1.25, 0.59674],
							"pivot": [0, 0, -2],
							"rotation": [22.5, 0, 0],
							"uv": {
								"north": {"uv": [18, 15], "uv_size": [4.5, 1.5]},
								"east": {"uv": [6, 35], "uv_size": [0.5, 1.5]},
								"south": {"uv": [18, 18], "uv_size": [4.5, 1.5]},
								"west": {"uv": [8, 35], "uv_size": [0.5, 1.5]},
								"up": {"uv": [24, 28], "uv_size": [4.5, 0.5]},
								"down": {"uv": [0, 30.5], "uv_size": [4.5, -0.5]}
							}
						},
						{
							"origin": [-1.5, 0.25, -2.29837],
							"size": [4.5, 1.25, 0.59674],
							"uv": {
								"north": {"uv": [0, 21], "uv_size": [4.5, 1.5]},
								"east": {"uv": [10, 35], "uv_size": [0.5, 1.5]},
								"south": {"uv": [6, 21], "uv_size": [4.5, 1.5]},
								"west": {"uv": [12, 35], "uv_size": [0.5, 1.5]},
								"up": {"uv": [30, 0], "uv_size": [4.5, 0.5]},
								"down": {"uv": [30, 2.5], "uv_size": [4.5, -0.5]}
							}
						},
						{
							"origin": [-1.5, 0.25, -2.29837],
							"size": [4.5, 1.25, 0.59674],
							"pivot": [0, 0, -2],
							"rotation": [-22.5, 0, 0],
							"uv": {
								"north": {"uv": [12, 21], "uv_size": [4.5, 1.5]},
								"east": {"uv": [14, 35], "uv_size": [0.5, 1.5]},
								"south": {"uv": [18, 21], "uv_size": [4.5, 1.5]},
								"west": {"uv": [16, 35], "uv_size": [0.5, 1.5]},
								"up": {"uv": [30, 4], "uv_size": [4.5, 0.5]},
								"down": {"uv": [6, 30.5], "uv_size": [4.5, -0.5]}
							}
						}
					]
				},
				{
					"name": "hexadecagon2",
					"parent": "oilcan",
					"pivot": [0, 0, -3],
					"rotation": [0, 90, 0],
					"cubes": [
						{
							"origin": [2, -0.29837, -4.5],
							"size": [1, 0.59674, 1.25],
							"pivot": [0, 0, -3],
							"rotation": [45, 0, 0],
							"uv": {
								"north": {"uv": [37, 28], "uv_size": [1, 0.5]},
								"east": {"uv": [18, 35], "uv_size": [1.5, 0.5]},
								"south": {"uv": [6, 38], "uv_size": [1, 0.5]},
								"west": {"uv": [21, 35], "uv_size": [1.5, 0.5]},
								"up": {"uv": [30, 6], "uv_size": [1, 1.5]},
								"down": {"uv": [30, 10.5], "uv_size": [1, -1.5]}
							}
						},
						{
							"origin": [2, -0.29837, -4.5],
							"size": [1, 0.59674, 1.25],
							"pivot": [0, 0, -3],
							"rotation": [22.5, 0, 0],
							"uv": {
								"north": {"uv": [8, 38], "uv_size": [1, 0.5]},
								"east": {"uv": [24, 35], "uv_size": [1.5, 0.5]},
								"south": {"uv": [10, 38], "uv_size": [1, 0.5]},
								"west": {"uv": [27, 35], "uv_size": [1.5, 0.5]},
								"up": {"uv": [12, 30], "uv_size": [1, 1.5]},
								"down": {"uv": [30, 13.5], "uv_size": [1, -1.5]}
							}
						},
						{
							"origin": [2, -0.29837, -4.5],
							"size": [1, 0.59674, 1.25],
							"uv": {
								"north": {"uv": [12, 38], "uv_size": [1, 0.5]},
								"east": {"uv": [35, 30], "uv_size": [1.5, 0.5]},
								"south": {"uv": [14, 38], "uv_size": [1, 0.5]},
								"west": {"uv": [35, 32], "uv_size": [1.5, 0.5]},
								"up": {"uv": [14, 30], "uv_size": [1, 1.5]},
								"down": {"uv": [30, 16.5], "uv_size": [1, -1.5]}
							}
						},
						{
							"origin": [2, -0.29837, -4.5],
							"size": [1, 0.59674, 1.25],
							"pivot": [0, 0, -3],
							"rotation": [-22.5, 0, 0],
							"uv": {
								"north": {"uv": [16, 38], "uv_size": [1, 0.5]},
								"east": {"uv": [36, 0], "uv_size": [1.5, 0.5]},
								"south": {"uv": [38, 30], "uv_size": [1, 0.5]},
								"west": {"uv": [36, 2], "uv_size": [1.5, 0.5]},
								"up": {"uv": [16, 30], "uv_size": [1, 1.5]},
								"down": {"uv": [18, 31.5], "uv_size": [1, -1.5]}
							}
						},
						{
							"origin": [2, -0.29837, -4.5],
							"size": [1, 0.59674, 1.25],
							"pivot": [0, 0, -3],
							"rotation": [-45, 0, 0],
							"uv": {
								"north": {"uv": [38, 32], "uv_size": [1, 0.5]},
								"east": {"uv": [36, 4], "uv_size": [1.5, 0.5]},
								"south": {"uv": [36, 38], "uv_size": [1, 0.5]},
								"west": {"uv": [36, 34], "uv_size": [1.5, 0.5]},
								"up": {"uv": [30, 18], "uv_size": [1, 1.5]},
								"down": {"uv": [20, 31.5], "uv_size": [1, -1.5]}
							}
						},
						{
							"origin": [2, -0.29837, -2.75],
							"size": [1, 0.59674, 1.25],
							"pivot": [0, 0, -3],
							"rotation": [45, 0, 0],
							"uv": {
								"north": {"uv": [38, 38], "uv_size": [1, 0.5]},
								"east": {"uv": [36, 36], "uv_size": [1.5, 0.5]},
								"south": {"uv": [39, 0], "uv_size": [1, 0.5]},
								"west": {"uv": [37, 6], "uv_size": [1.5, 0.5]},
								"up": {"uv": [30, 21], "uv_size": [1, 1.5]},
								"down": {"uv": [22, 31.5], "uv_size": [1, -1.5]}
							}
						},
						{
							"origin": [2, -0.29837, -2.75],
							"size": [1, 0.59674, 1.25],
							"pivot": [0, 0, -3],
							"rotation": [22.5, 0, 0],
							"uv": {
								"north": {"uv": [39, 2], "uv_size": [1, 0.5]},
								"east": {"uv": [37, 8], "uv_size": [1.5, 0.5]},
								"south": {"uv": [39, 4], "uv_size": [1, 0.5]},
								"west": {"uv": [37, 10], "uv_size": [1.5, 0.5]},
								"up": {"uv": [24, 30], "uv_size": [1, 1.5]},
								"down": {"uv": [30, 25.5], "uv_size": [1, -1.5]}
							}
						},
						{
							"origin": [2, -0.29837, -2.75],
							"size": [1, 0.59674, 1.25],
							"uv": {
								"north": {"uv": [18, 39], "uv_size": [1, 0.5]},
								"east": {"uv": [37, 12], "uv_size": [1.5, 0.5]},
								"south": {"uv": [39, 22], "uv_size": [1, 0.5]},
								"west": {"uv": [37, 14], "uv_size": [1.5, 0.5]},
								"up": {"uv": [26, 30], "uv_size": [1, 1.5]},
								"down": {"uv": [30, 28.5], "uv_size": [1, -1.5]}
							}
						},
						{
							"origin": [2, -0.29837, -2.75],
							"size": [1, 0.59674, 1.25],
							"pivot": [0, 0, -3],
							"rotation": [-22.5, 0, 0],
							"uv": {
								"north": {"uv": [39, 24], "uv_size": [1, 0.5]},
								"east": {"uv": [37, 16], "uv_size": [1.5, 0.5]},
								"south": {"uv": [39, 26], "uv_size": [1, 0.5]},
								"west": {"uv": [18, 37], "uv_size": [1.5, 0.5]},
								"up": {"uv": [28, 30], "uv_size": [1, 1.5]},
								"down": {"uv": [30, 31.5], "uv_size": [1, -1.5]}
							}
						},
						{
							"origin": [2, -0.29837, -2.75],
							"size": [1, 0.59674, 1.25],
							"pivot": [0, 0, -3],
							"rotation": [-45, 0, 0],
							"uv": {
								"north": {"uv": [39, 28], "uv_size": [1, 0.5]},
								"east": {"uv": [37, 18], "uv_size": [1.5, 0.5]},
								"south": {"uv": [29, 39], "uv_size": [1, 0.5]},
								"west": {"uv": [37, 20], "uv_size": [1.5, 0.5]},
								"up": {"uv": [0, 32], "uv_size": [1, 1.5]},
								"down": {"uv": [2, 33.5], "uv_size": [1, -1.5]}
							}
						},
						{
							"origin": [2, -1.5, -3.29837],
							"size": [1, 1.25, 0.59674],
							"pivot": [0, 0, -3],
							"rotation": [22.5, 0, 0],
							"uv": {
								"north": {"uv": [4, 32], "uv_size": [1, 1.5]},
								"east": {"uv": [30, 36], "uv_size": [0.5, 1.5]},
								"south": {"uv": [6, 32], "uv_size": [1, 1.5]},
								"west": {"uv": [21, 37], "uv_size": [0.5, 1.5]},
								"up": {"uv": [39, 34], "uv_size": [1, 0.5]},
								"down": {"uv": [39, 36.5], "uv_size": [1, -0.5]}
							}
						},
						{
							"origin": [2, -1.5, -3.29837],
							"size": [1, 1.25, 0.59674],
							"uv": {
								"north": {"uv": [32, 6], "uv_size": [1, 1.5]},
								"east": {"uv": [37, 22], "uv_size": [0.5, 1.5]},
								"south": {"uv": [8, 32], "uv_size": [1, 1.5]},
								"west": {"uv": [23, 37], "uv_size": [0.5, 1.5]},
								"up": {"uv": [6, 40], "uv_size": [1, 0.5]},
								"down": {"uv": [40, 6.5], "uv_size": [1, -0.5]}
							}
						},
						{
							"origin": [2, -1.5, -3.29837],
							"size": [1, 1.25, 0.59674],
							"pivot": [0, 0, -3],
							"rotation": [-22.5, 0, 0],
							"uv": {
								"north": {"uv": [32, 9], "uv_size": [1, 1.5]},
								"east": {"uv": [25, 37], "uv_size": [0.5, 1.5]},
								"south": {"uv": [10, 32], "uv_size": [1, 1.5]},
								"west": {"uv": [37, 25], "uv_size": [0.5, 1.5]},
								"up": {"uv": [8, 40], "uv_size": [1, 0.5]},
								"down": {"uv": [40, 8.5], "uv_size": [1, -0.5]}
							}
						},
						{
							"origin": [2, 0.25, -3.29837],
							"size": [1, 1.25, 0.59674],
							"pivot": [0, 0, -3],
							"rotation": [22.5, 0, 0],
							"uv": {
								"north": {"uv": [32, 12], "uv_size": [1, 1.5]},
								"east": {"uv": [27, 37], "uv_size": [0.5, 1.5]},
								"south": {"uv": [32, 15], "uv_size": [1, 1.5]},
								"west": {"uv": [32, 37], "uv_size": [0.5, 1.5]},
								"up": {"uv": [10, 40], "uv_size": [1, 0.5]},
								"down": {"uv": [40, 10.5], "uv_size": [1, -0.5]}
							}
						},
						{
							"origin": [2, 0.25, -3.29837],
							"size": [1, 1.25, 0.59674],
							"uv": {
								"north": {"uv": [32, 18], "uv_size": [1, 1.5]},
								"east": {"uv": [34, 37], "uv_size": [0.5, 1.5]},
								"south": {"uv": [32, 21], "uv_size": [1, 1.5]},
								"west": {"uv": [0, 38], "uv_size": [0.5, 1.5]},
								"up": {"uv": [12, 40], "uv_size": [1, 0.5]},
								"down": {"uv": [40, 12.5], "uv_size": [1, -0.5]}
							}
						},
						{
							"origin": [2, 0.25, -3.29837],
							"size": [1, 1.25, 0.59674],
							"pivot": [0, 0, -3],
							"rotation": [-22.5, 0, 0],
							"uv": {
								"north": {"uv": [32, 24], "uv_size": [1, 1.5]},
								"east": {"uv": [2, 38], "uv_size": [0.5, 1.5]},
								"south": {"uv": [32, 27], "uv_size": [1, 1.5]},
								"west": {"uv": [4, 38], "uv_size": [0.5, 1.5]},
								"up": {"uv": [14, 40], "uv_size": [1, 0.5]},
								"down": {"uv": [40, 14.5], "uv_size": [1, -0.5]}
							}
						}
					]
				},
				{
					"name": "hexadecagon",
					"parent": "oilcan",
					"pivot": [0, 0, 0],
					"rotation": [0, 90, 0],
					"cubes": [
						{
							"origin": [0, -0.09946, -0.5],
							"size": [0.5, 0.19891, 0.25],
							"pivot": [0, 0, 0],
							"rotation": [45, 0, 0],
							"uv": {
								"north": {"uv": [16, 40], "uv_size": [0.5, 0.5]},
								"east": {"uv": [40, 16], "uv_size": [0.5, 0.5]},
								"south": {"uv": [40, 18], "uv_size": [0.5, 0.5]},
								"west": {"uv": [20, 40], "uv_size": [0.5, 0.5]},
								"up": {"uv": [40, 20], "uv_size": [0.5, 0.5]},
								"down": {"uv": [22, 40.5], "uv_size": [0.5, -0.5]}
							}
						},
						{
							"origin": [0, -0.09946, -0.5],
							"size": [0.5, 0.19891, 0.25],
							"pivot": [0, 0, 0],
							"rotation": [22.5, 0, 0],
							"uv": {
								"north": {"uv": [24, 40], "uv_size": [0.5, 0.5]},
								"east": {"uv": [26, 40], "uv_size": [0.5, 0.5]},
								"south": {"uv": [40, 30], "uv_size": [0.5, 0.5]},
								"west": {"uv": [31, 40], "uv_size": [0.5, 0.5]},
								"up": {"uv": [40, 32], "uv_size": [0.5, 0.5]},
								"down": {"uv": [33, 40.5], "uv_size": [0.5, -0.5]}
							}
						},
						{
							"origin": [0, -0.09946, -0.5],
							"size": [0.5, 0.19891, 0.25],
							"uv": {
								"north": {"uv": [35, 40], "uv_size": [0.5, 0.5]},
								"east": {"uv": [37, 40], "uv_size": [0.5, 0.5]},
								"south": {"uv": [40, 38], "uv_size": [0.5, 0.5]},
								"west": {"uv": [39, 40], "uv_size": [0.5, 0.5]},
								"up": {"uv": [0, 41], "uv_size": [0.5, 0.5]},
								"down": {"uv": [41, 0.5], "uv_size": [0.5, -0.5]}
							}
						},
						{
							"origin": [0, -0.09946, -0.5],
							"size": [0.5, 0.19891, 0.25],
							"pivot": [0, 0, 0],
							"rotation": [-22.5, 0, 0],
							"uv": {
								"north": {"uv": [2, 41], "uv_size": [0.5, 0.5]},
								"east": {"uv": [41, 2], "uv_size": [0.5, 0.5]},
								"south": {"uv": [4, 41], "uv_size": [0.5, 0.5]},
								"west": {"uv": [41, 4], "uv_size": [0.5, 0.5]},
								"up": {"uv": [18, 41], "uv_size": [0.5, 0.5]},
								"down": {"uv": [41, 22.5], "uv_size": [0.5, -0.5]}
							}
						},
						{
							"origin": [0, -0.09946, -0.5],
							"size": [0.5, 0.19891, 0.25],
							"pivot": [0, 0, 0],
							"rotation": [-45, 0, 0],
							"uv": {
								"north": {"uv": [41, 24], "uv_size": [0.5, 0.5]},
								"east": {"uv": [41, 26], "uv_size": [0.5, 0.5]},
								"south": {"uv": [28, 41], "uv_size": [0.5, 0.5]},
								"west": {"uv": [41, 28], "uv_size": [0.5, 0.5]},
								"up": {"uv": [41, 34], "uv_size": [0.5, 0.5]},
								"down": {"uv": [41, 36.5], "uv_size": [0.5, -0.5]}
							}
						},
						{
							"origin": [0, -0.09946, 0.25],
							"size": [0.5, 0.19891, 0.25],
							"pivot": [0, 0, 0],
							"rotation": [45, 0, 0],
							"uv": {
								"north": {"uv": [41, 40], "uv_size": [0.5, 0.5]},
								"east": {"uv": [6, 42], "uv_size": [0.5, 0.5]},
								"south": {"uv": [42, 6], "uv_size": [0.5, 0.5]},
								"west": {"uv": [8, 42], "uv_size": [0.5, 0.5]},
								"up": {"uv": [42, 8], "uv_size": [0.5, 0.5]},
								"down": {"uv": [10, 42.5], "uv_size": [0.5, -0.5]}
							}
						},
						{
							"origin": [0, -0.09946, 0.25],
							"size": [0.5, 0.19891, 0.25],
							"pivot": [0, 0, 0],
							"rotation": [22.5, 0, 0],
							"uv": {
								"north": {"uv": [42, 10], "uv_size": [0.5, 0.5]},
								"east": {"uv": [12, 42], "uv_size": [0.5, 0.5]},
								"south": {"uv": [42, 12], "uv_size": [0.5, 0.5]},
								"west": {"uv": [14, 42], "uv_size": [0.5, 0.5]},
								"up": {"uv": [42, 14], "uv_size": [0.5, 0.5]},
								"down": {"uv": [16, 42.5], "uv_size": [0.5, -0.5]}
							}
						},
						{
							"origin": [0, -0.09946, 0.25],
							"size": [0.5, 0.19891, 0.25],
							"uv": {
								"north": {"uv": [42, 16], "uv_size": [0.5, 0.5]},
								"east": {"uv": [42, 18], "uv_size": [0.5, 0.5]},
								"south": {"uv": [20, 42], "uv_size": [0.5, 0.5]},
								"west": {"uv": [42, 20], "uv_size": [0.5, 0.5]},
								"up": {"uv": [22, 42], "uv_size": [0.5, 0.5]},
								"down": {"uv": [24, 42.5], "uv_size": [0.5, -0.5]}
							}
						},
						{
							"origin": [0, -0.09946, 0.25],
							"size": [0.5, 0.19891, 0.25],
							"pivot": [0, 0, 0],
							"rotation": [-22.5, 0, 0],
							"uv": {
								"north": {"uv": [26, 42], "uv_size": [0.5, 0.5]},
								"east": {"uv": [30, 42], "uv_size": [0.5, 0.5]},
								"south": {"uv": [42, 30], "uv_size": [0.5, 0.5]},
								"west": {"uv": [32, 42], "uv_size": [0.5, 0.5]},
								"up": {"uv": [42, 32], "uv_size": [0.5, 0.5]},
								"down": {"uv": [34, 42.5], "uv_size": [0.5, -0.5]}
							}
						},
						{
							"origin": [0, -0.09946, 0.25],
							"size": [0.5, 0.19891, 0.25],
							"pivot": [0, 0, 0],
							"rotation": [-45, 0, 0],
							"uv": {
								"north": {"uv": [36, 42], "uv_size": [0.5, 0.5]},
								"east": {"uv": [38, 42], "uv_size": [0.5, 0.5]},
								"south": {"uv": [42, 38], "uv_size": [0.5, 0.5]},
								"west": {"uv": [40, 42], "uv_size": [0.5, 0.5]},
								"up": {"uv": [42, 42], "uv_size": [0.5, 0.5]},
								"down": {"uv": [0, 43.5], "uv_size": [0.5, -0.5]}
							}
						},
						{
							"origin": [0, -0.5, -0.09946],
							"size": [0.5, 0.25, 0.19891],
							"pivot": [0, 0, 0],
							"rotation": [22.5, 0, 0],
							"uv": {
								"north": {"uv": [43, 0], "uv_size": [0.5, 0.5]},
								"east": {"uv": [2, 43], "uv_size": [0.5, 0.5]},
								"south": {"uv": [43, 2], "uv_size": [0.5, 0.5]},
								"west": {"uv": [4, 43], "uv_size": [0.5, 0.5]},
								"up": {"uv": [43, 4], "uv_size": [0.5, 0.5]},
								"down": {"uv": [18, 43.5], "uv_size": [0.5, -0.5]}
							}
						},
						{
							"origin": [0, -0.5, -0.09946],
							"size": [0.5, 0.25, 0.19891],
							"uv": {
								"north": {"uv": [43, 22], "uv_size": [0.5, 0.5]},
								"east": {"uv": [43, 24], "uv_size": [0.5, 0.5]},
								"south": {"uv": [43, 26], "uv_size": [0.5, 0.5]},
								"west": {"uv": [28, 43], "uv_size": [0.5, 0.5]},
								"up": {"uv": [43, 28], "uv_size": [0.5, 0.5]},
								"down": {"uv": [43, 34.5], "uv_size": [0.5, -0.5]}
							}
						},
						{
							"origin": [0, -0.5, -0.09946],
							"size": [0.5, 0.25, 0.19891],
							"pivot": [0, 0, 0],
							"rotation": [-22.5, 0, 0],
							"uv": {
								"north": {"uv": [43, 36], "uv_size": [0.5, 0.5]},
								"east": {"uv": [43, 40], "uv_size": [0.5, 0.5]},
								"south": {"uv": [6, 44], "uv_size": [0.5, 0.5]},
								"west": {"uv": [44, 6], "uv_size": [0.5, 0.5]},
								"up": {"uv": [8, 44], "uv_size": [0.5, 0.5]},
								"down": {"uv": [44, 8.5], "uv_size": [0.5, -0.5]}
							}
						},
						{
							"origin": [0, 0.25, -0.09946],
							"size": [0.5, 0.25, 0.19891],
							"pivot": [0, 0, 0],
							"rotation": [22.5, 0, 0],
							"uv": {
								"north": {"uv": [10, 44], "uv_size": [0.5, 0.5]},
								"east": {"uv": [44, 10], "uv_size": [0.5, 0.5]},
								"south": {"uv": [12, 44], "uv_size": [0.5, 0.5]},
								"west": {"uv": [44, 12], "uv_size": [0.5, 0.5]},
								"up": {"uv": [14, 44], "uv_size": [0.5, 0.5]},
								"down": {"uv": [44, 14.5], "uv_size": [0.5, -0.5]}
							}
						},
						{
							"origin": [0, 0.25, -0.09946],
							"size": [0.5, 0.25, 0.19891],
							"uv": {
								"north": {"uv": [16, 44], "uv_size": [0.5, 0.5]},
								"east": {"uv": [44, 16], "uv_size": [0.5, 0.5]},
								"south": {"uv": [44, 18], "uv_size": [0.5, 0.5]},
								"west": {"uv": [20, 44], "uv_size": [0.5, 0.5]},
								"up": {"uv": [44, 20], "uv_size": [0.5, 0.5]},
								"down": {"uv": [22, 44.5], "uv_size": [0.5, -0.5]}
							}
						},
						{
							"origin": [0, 0.25, -0.09946],
							"size": [0.5, 0.25, 0.19891],
							"pivot": [0, 0, 0],
							"rotation": [-22.5, 0, 0],
							"uv": {
								"north": {"uv": [24, 44], "uv_size": [0.5, 0.5]},
								"east": {"uv": [26, 44], "uv_size": [0.5, 0.5]},
								"south": {"uv": [30, 44], "uv_size": [0.5, 0.5]},
								"west": {"uv": [44, 30], "uv_size": [0.5, 0.5]},
								"up": {"uv": [32, 44], "uv_size": [0.5, 0.5]},
								"down": {"uv": [44, 32.5], "uv_size": [0.5, -0.5]}
							}
						}
					]
				}
			]
		}
	]
}