{
	"format_version": "1.12.0",
	"minecraft:geometry": [
		{
			"description": {
				"identifier": "geometry.unknown",
				"texture_width": 64,
				"texture_height": 64,
				"visible_bounds_width": 8,
				"visible_bounds_height": 1.5,
				"visible_bounds_offset": [0, 0.25, 0]
			},
			"bones": [
				{
					"name": "scope_body",
					"pivot": [0, 0, 0]
				},
				{
					"name": "sight",
					"parent": "scope_body",
					"pivot": [0, -0.3, -4]
				},
				{
					"name": "red_dot_scope",
					"parent": "sight",
					"pivot": [0, -4, 2],
					"cubes": [
						{
							"origin": [-0.5, 0, -1.75],
							"size": [1, 0.5, 3.5],
							"uv": {
								"north": {"uv": [40, 16], "uv_size": [1, 0.5]},
								"east": {"uv": [32, 4], "uv_size": [3.5, 0.5]},
								"south": {"uv": [18, 40], "uv_size": [1, 0.5]},
								"west": {"uv": [12, 32], "uv_size": [3.5, 0.5]},
								"up": {"uv": [7, 20], "uv_size": [1, 3.5]},
								"down": {"uv": [9, 23.5], "uv_size": [1, -3.5]}
							}
						},
						{
							"origin": [-1, 1.6875, -2.6875],
							"size": [2, 0.3125, 4.9375],
							"uv": {
								"north": {"uv": [36, 6], "uv_size": [2, 0.5]},
								"east": {"uv": [23, 2], "uv_size": [5, 0.5]},
								"south": {"uv": [22, 36], "uv_size": [2, 0.5]},
								"west": {"uv": [23, 4], "uv_size": [5, 0.5]},
								"up": {"uv": [0, 0], "uv_size": [2, 5]},
								"down": {"uv": [3, 5], "uv_size": [2, -5]}
							}
						},
						{
							"origin": [-0.9375, 1.875, -2.625],
							"size": [1.875, 1.0625, 4.375],
							"uv": {
								"north": {"uv": [30, 12], "uv_size": [2, 1]},
								"east": {"uv": [17, 4], "uv_size": [4.5, 1]},
								"south": {"uv": [20, 30], "uv_size": [2, 1]},
								"west": {"uv": [17, 16], "uv_size": [4.5, 1]},
								"up": {"uv": [0, 6], "uv_size": [2, 4.5]},
								"down": {"uv": [6, 4.5], "uv_size": [2, -4.5]}
							}
						},
						{
							"origin": [-0.9375, 2.9375, -2.625],
							"size": [0.1875, 0.1875, 4.5],
							"uv": {
								"north": {"uv": [47, 0], "uv_size": [0.5, 0.5]},
								"east": {"uv": [28, 14], "uv_size": [4.5, 0.5]},
								"south": {"uv": [2, 47], "uv_size": [0.5, 0.5]},
								"west": {"uv": [18, 28], "uv_size": [4.5, 0.5]},
								"up": {"uv": [28, 26], "uv_size": [0.5, 4.5]},
								"down": {"uv": [30, 4.5], "uv_size": [0.5, -4.5]}
							}
						},
						{
							"origin": [0.75, 2.9375, -2.625],
							"size": [0.1875, 0.1875, 4.5],
							"uv": {
								"north": {"uv": [4, 47], "uv_size": [0.5, 0.5]},
								"east": {"uv": [29, 8], "uv_size": [4.5, 0.5]},
								"south": {"uv": [6, 47], "uv_size": [0.5, 0.5]},
								"west": {"uv": [29, 16], "uv_size": [4.5, 0.5]},
								"up": {"uv": [18, 30], "uv_size": [0.5, 4.5]},
								"down": {"uv": [30, 22.5], "uv_size": [0.5, -4.5]}
							}
						},
						{
							"origin": [-1.0625, 1.25, 1.75],
							"size": [2.125, 0.5625, 0.625],
							"uv": {
								"north": {"uv": [36, 28], "uv_size": [2, 0.5]},
								"east": {"uv": [8, 47], "uv_size": [0.5, 0.5]},
								"south": {"uv": [36, 30], "uv_size": [2, 0.5]},
								"west": {"uv": [12, 47], "uv_size": [0.5, 0.5]},
								"up": {"uv": [33, 36], "uv_size": [2, 0.5]},
								"down": {"uv": [36, 36.5], "uv_size": [2, -0.5]}
							}
						},
						{
							"origin": [-0.51377, 2.6915, -2.621],
							"size": [0.96504, 0.2545, 0.992],
							"pivot": [0, 3.9375, -2.125],
							"rotation": [0, 0, 45],
							"uv": {
								"north": {"uv": [20, 40], "uv_size": [1, 0.5]},
								"east": {"uv": [40, 20], "uv_size": [1, 0.5]},
								"south": {"uv": [22, 40], "uv_size": [1, 0.5]},
								"west": {"uv": [40, 22], "uv_size": [1, 0.5]},
								"up": {"uv": [29, 36], "uv_size": [1, 1]},
								"down": {"uv": [0, 38], "uv_size": [1, -1]}
							}
						},
						{
							"origin": [-0.51777, 4.925, -2.625],
							"size": [1.03554, 0.2625, 1],
							"pivot": [0, 3.9375, -2.125],
							"rotation": [0, 0, 45],
							"uv": {
								"north": {"uv": [28, 40], "uv_size": [1, 0.5]},
								"east": {"uv": [40, 32], "uv_size": [1, 0.5]},
								"south": {"uv": [33, 40], "uv_size": [1, 0.5]},
								"west": {"uv": [40, 34], "uv_size": [1, 0.5]},
								"up": {"uv": [37, 0], "uv_size": [1, 1]},
								"down": {"uv": [2, 38], "uv_size": [1, -1]}
							}
						},
						{
							"origin": [-0.51777, 4.925, -2.625],
							"size": [1.03554, 0.2625, 1],
							"uv": {
								"north": {"uv": [35, 40], "uv_size": [1, 0.5]},
								"east": {"uv": [37, 40], "uv_size": [1, 0.5]},
								"south": {"uv": [0, 41], "uv_size": [1, 0.5]},
								"west": {"uv": [41, 0], "uv_size": [1, 0.5]},
								"up": {"uv": [37, 2], "uv_size": [1, 1]},
								"down": {"uv": [37, 5], "uv_size": [1, -1]}
							}
						},
						{
							"origin": [0.9915, 3.48623, -2.621],
							"size": [0.2545, 0.96504, 0.992],
							"pivot": [0, 3.9375, -2.125],
							"rotation": [0, 0, 45],
							"uv": {
								"north": {"uv": [2, 41], "uv_size": [0.5, 1]},
								"east": {"uv": [10, 37], "uv_size": [1, 1]},
								"south": {"uv": [41, 18], "uv_size": [0.5, 1]},
								"west": {"uv": [37, 18], "uv_size": [1, 1]},
								"up": {"uv": [41, 24], "uv_size": [0.5, 1]},
								"down": {"uv": [41, 27], "uv_size": [0.5, -1]}
							}
						},
						{
							"origin": [0.9875, 3.41973, -2.625],
							"size": [0.2625, 1.03554, 1],
							"uv": {
								"north": {"uv": [41, 28], "uv_size": [0.5, 1]},
								"east": {"uv": [37, 24], "uv_size": [1, 1]},
								"south": {"uv": [41, 30], "uv_size": [0.5, 1]},
								"west": {"uv": [25, 37], "uv_size": [1, 1]},
								"up": {"uv": [41, 36], "uv_size": [0.5, 1]},
								"down": {"uv": [41, 39], "uv_size": [0.5, -1]}
							}
						},
						{
							"origin": [-1.25, 3.41973, -2.625],
							"size": [0.2625, 1.03554, 1],
							"pivot": [0, 3.9375, -2.125],
							"rotation": [0, 0, 45],
							"uv": {
								"north": {"uv": [41, 40], "uv_size": [0.5, 1]},
								"east": {"uv": [37, 26], "uv_size": [1, 1]},
								"south": {"uv": [42, 2], "uv_size": [0.5, 1]},
								"west": {"uv": [27, 37], "uv_size": [1, 1]},
								"up": {"uv": [42, 4], "uv_size": [0.5, 1]},
								"down": {"uv": [42, 7], "uv_size": [0.5, -1]}
							}
						},
						{
							"origin": [-1.25, 3.85723, -1.625],
							"size": [0.1375, 0.59804, 3.5],
							"pivot": [0, 3.9375, -1.125],
							"rotation": [0, 0, 45],
							"uv": {
								"north": {"uv": [14, 47], "uv_size": [0.5, 0.5]},
								"east": {"uv": [32, 18], "uv_size": [3.5, 0.5]},
								"south": {"uv": [16, 47], "uv_size": [0.5, 0.5]},
								"west": {"uv": [20, 32], "uv_size": [3.5, 0.5]},
								"up": {"uv": [25, 32], "uv_size": [0.5, 3.5]},
								"down": {"uv": [27, 35.5], "uv_size": [0.5, -3.5]}
							}
						},
						{
							"origin": [-1.5, 3.41973, -2.625],
							"size": [0.5125, 1.03554, 1],
							"uv": {
								"north": {"uv": [42, 8], "uv_size": [0.5, 1]},
								"east": {"uv": [4, 38], "uv_size": [1, 1]},
								"south": {"uv": [10, 42], "uv_size": [0.5, 1]},
								"west": {"uv": [38, 10], "uv_size": [1, 1]},
								"up": {"uv": [42, 10], "uv_size": [0.5, 1]},
								"down": {"uv": [42, 13], "uv_size": [0.5, -1]}
							}
						},
						{
							"origin": [-0.51377, 2.6915, 1.879],
							"size": [1.02754, 0.2545, 0.742],
							"pivot": [0, 3.9375, 2.125],
							"rotation": [0, 0, 45],
							"uv": {
								"north": {"uv": [42, 14], "uv_size": [1, 0.5]},
								"east": {"uv": [47, 18], "uv_size": [0.5, 0.5]},
								"south": {"uv": [42, 16], "uv_size": [1, 0.5]},
								"west": {"uv": [47, 24], "uv_size": [0.5, 0.5]},
								"up": {"uv": [18, 42], "uv_size": [1, 0.5]},
								"down": {"uv": [20, 42.5], "uv_size": [1, -0.5]}
							}
						},
						{
							"origin": [-0.51777, 2.6875, 1.875],
							"size": [1.03554, 0.2625, 0.75],
							"uv": {
								"north": {"uv": [42, 20], "uv_size": [1, 0.5]},
								"east": {"uv": [22, 42], "uv_size": [1, 0.5]},
								"south": {"uv": [42, 22], "uv_size": [1, 0.5]},
								"west": {"uv": [24, 42], "uv_size": [1, 0.5]},
								"up": {"uv": [12, 38], "uv_size": [1, 1]},
								"down": {"uv": [38, 13], "uv_size": [1, -1]}
							}
						},
						{
							"origin": [-0.51777, 4.925, 1.875],
							"size": [1.03554, 0.2625, 0.75],
							"pivot": [0, 3.9375, 2.125],
							"rotation": [0, 0, 45],
							"uv": {
								"north": {"uv": [26, 42], "uv_size": [1, 0.5]},
								"east": {"uv": [28, 42], "uv_size": [1, 0.5]},
								"south": {"uv": [30, 42], "uv_size": [1, 0.5]},
								"west": {"uv": [32, 42], "uv_size": [1, 0.5]},
								"up": {"uv": [14, 38], "uv_size": [1, 1]},
								"down": {"uv": [38, 15], "uv_size": [1, -1]}
							}
						},
						{
							"origin": [0.9915, 3.42373, 1.879],
							"size": [0.2545, 1.02754, 0.742],
							"pivot": [0, 3.9375, 2.125],
							"rotation": [0, 0, 45],
							"uv": {
								"north": {"uv": [42, 32], "uv_size": [0.5, 1]},
								"east": {"uv": [34, 42], "uv_size": [0.5, 1]},
								"south": {"uv": [42, 34], "uv_size": [0.5, 1]},
								"west": {"uv": [36, 42], "uv_size": [0.5, 1]},
								"up": {"uv": [47, 26], "uv_size": [0.5, 0.5]},
								"down": {"uv": [47, 28.5], "uv_size": [0.5, -0.5]}
							}
						},
						{
							"origin": [0.9875, 3.41973, 1.875],
							"size": [0.2625, 1.03554, 0.75],
							"uv": {
								"north": {"uv": [38, 42], "uv_size": [0.5, 1]},
								"east": {"uv": [16, 38], "uv_size": [1, 1]},
								"south": {"uv": [40, 42], "uv_size": [0.5, 1]},
								"west": {"uv": [38, 16], "uv_size": [1, 1]},
								"up": {"uv": [42, 42], "uv_size": [0.5, 1]},
								"down": {"uv": [0, 44], "uv_size": [0.5, -1]}
							}
						},
						{
							"origin": [-1.25, 3.41973, 1.875],
							"size": [0.2625, 1.03554, 0.75],
							"pivot": [0, 3.9375, 2.125],
							"rotation": [0, 0, 45],
							"uv": {
								"north": {"uv": [43, 0], "uv_size": [0.5, 1]},
								"east": {"uv": [38, 20], "uv_size": [1, 1]},
								"south": {"uv": [2, 43], "uv_size": [0.5, 1]},
								"west": {"uv": [22, 38], "uv_size": [1, 1]},
								"up": {"uv": [4, 43], "uv_size": [0.5, 1]},
								"down": {"uv": [6, 44], "uv_size": [0.5, -1]}
							}
						},
						{
							"origin": [-0.51777, 4.925, -1.625],
							"size": [1.03554, 0.2625, 4.25],
							"uv": {
								"north": {"uv": [8, 43], "uv_size": [1, 0.5]},
								"east": {"uv": [29, 24], "uv_size": [4.5, 0.5]},
								"south": {"uv": [12, 43], "uv_size": [1, 0.5]},
								"west": {"uv": [30, 10], "uv_size": [4.5, 0.5]},
								"up": {"uv": [0, 18], "uv_size": [1, 4.5]},
								"down": {"uv": [2, 22.5], "uv_size": [1, -4.5]}
							}
						},
						{
							"origin": [-1.5, 3.41973, 1.875],
							"size": [0.5125, 1.03554, 0.75],
							"uv": {
								"north": {"uv": [14, 43], "uv_size": [0.5, 1]},
								"east": {"uv": [38, 22], "uv_size": [1, 1]},
								"south": {"uv": [16, 43], "uv_size": [0.5, 1]},
								"west": {"uv": [29, 38], "uv_size": [1, 1]},
								"up": {"uv": [43, 18], "uv_size": [0.5, 1]},
								"down": {"uv": [43, 25], "uv_size": [0.5, -1]}
							}
						},
						{
							"origin": [-0.15533, 2, -2.71094],
							"size": [0.31066, 0.75, 0.98438],
							"pivot": [0, 2.375, -2.47656],
							"rotation": [0, 0, 45],
							"uv": {
								"north": {"uv": [43, 26], "uv_size": [0.5, 1]},
								"east": {"uv": [38, 32], "uv_size": [1, 1]},
								"south": {"uv": [43, 28], "uv_size": [0.5, 1]},
								"west": {"uv": [33, 38], "uv_size": [1, 1]},
								"up": {"uv": [43, 30], "uv_size": [0.5, 1]},
								"down": {"uv": [43, 37], "uv_size": [0.5, -1]}
							}
						},
						{
							"origin": [-0.15533, 2, -2.71094],
							"size": [0.31066, 0.75, 0.98438],
							"uv": {
								"north": {"uv": [43, 38], "uv_size": [0.5, 1]},
								"east": {"uv": [38, 34], "uv_size": [1, 1]},
								"south": {"uv": [43, 40], "uv_size": [0.5, 1]},
								"west": {"uv": [35, 38], "uv_size": [1, 1]},
								"up": {"uv": [44, 2], "uv_size": [0.5, 1]},
								"down": {"uv": [44, 5], "uv_size": [0.5, -1]}
							}
						},
						{
							"origin": [-0.375, 2.21967, -2.71094],
							"size": [0.75, 0.31066, 0.98438],
							"pivot": [0, 2.375, -2.47656],
							"rotation": [0, 0, 45],
							"uv": {
								"north": {"uv": [44, 6], "uv_size": [1, 0.5]},
								"east": {"uv": [44, 8], "uv_size": [1, 0.5]},
								"south": {"uv": [10, 44], "uv_size": [1, 0.5]},
								"west": {"uv": [44, 10], "uv_size": [1, 0.5]},
								"up": {"uv": [37, 38], "uv_size": [1, 1]},
								"down": {"uv": [0, 40], "uv_size": [1, -1]}
							}
						},
						{
							"origin": [-0.375, 2.21967, -2.71094],
							"size": [0.75, 0.31066, 0.98438],
							"uv": {
								"north": {"uv": [44, 12], "uv_size": [1, 0.5]},
								"east": {"uv": [44, 14], "uv_size": [1, 0.5]},
								"south": {"uv": [44, 16], "uv_size": [1, 0.5]},
								"west": {"uv": [18, 44], "uv_size": [1, 0.5]},
								"up": {"uv": [39, 0], "uv_size": [1, 1]},
								"down": {"uv": [2, 40], "uv_size": [1, -1]}
							}
						}
					]
				},
				{
					"name": "Gun_rails6",
					"parent": "red_dot_scope",
					"pivot": [0.09283, -1.63049, -5.59375],
					"cubes": [
						{
							"origin": [-0.375, 5.08125, -2.62499],
							"size": [0.75, 0.2875, 5.25],
							"uv": {
								"north": {"uv": [20, 44], "uv_size": [1, 0.5]},
								"east": {"uv": [21, 10], "uv_size": [5.5, 0.5]},
								"south": {"uv": [44, 20], "uv_size": [1, 0.5]},
								"west": {"uv": [21, 12], "uv_size": [5.5, 0.5]},
								"up": {"uv": [9, 0], "uv_size": [1, 5.5]},
								"down": {"uv": [9, 12.5], "uv_size": [1, -5.5]}
							}
						},
						{
							"origin": [-0.375, 5.36875, -0.56249],
							"size": [0.75, 0.125, 0.4375],
							"uv": {
								"north": {"uv": [22, 44], "uv_size": [1, 0.5]},
								"east": {"uv": [47, 30], "uv_size": [0.5, 0.5]},
								"south": {"uv": [44, 22], "uv_size": [1, 0.5]},
								"west": {"uv": [47, 36], "uv_size": [0.5, 0.5]},
								"up": {"uv": [24, 44], "uv_size": [1, 0.5]},
								"down": {"uv": [26, 44.5], "uv_size": [1, -0.5]}
							}
						},
						{
							"origin": [-0.34886, 5.01692, -0.56249],
							"size": [0.177, 0.177, 0.4375],
							"pivot": [0, 5.37539, 0.40626],
							"rotation": [0, 0, 45],
							"uv": {
								"north": {"uv": [47, 38], "uv_size": [0.5, 0.5]},
								"east": {"uv": [47, 40], "uv_size": [0.5, 0.5]},
								"south": {"uv": [48, 2], "uv_size": [0.5, 0.5]},
								"west": {"uv": [48, 4], "uv_size": [0.5, 0.5]},
								"up": {"uv": [48, 6], "uv_size": [0.5, 0.5]},
								"down": {"uv": [48, 8.5], "uv_size": [0.5, -0.5]}
							}
						},
						{
							"origin": [0.18147, 5.54725, -0.56249],
							"size": [0.177, 0.177, 0.4375],
							"pivot": [0, 5.37539, 0.40626],
							"rotation": [0, 0, 45],
							"uv": {
								"north": {"uv": [10, 48], "uv_size": [0.5, 0.5]},
								"east": {"uv": [48, 10], "uv_size": [0.5, 0.5]},
								"south": {"uv": [48, 12], "uv_size": [0.5, 0.5]},
								"west": {"uv": [48, 14], "uv_size": [0.5, 0.5]},
								"up": {"uv": [48, 16], "uv_size": [0.5, 0.5]},
								"down": {"uv": [18, 48.5], "uv_size": [0.5, -0.5]}
							}
						},
						{
							"origin": [-0.375, 5.36875, -1.24999],
							"size": [0.75, 0.125, 0.4375],
							"uv": {
								"north": {"uv": [28, 44], "uv_size": [1, 0.5]},
								"east": {"uv": [20, 48], "uv_size": [0.5, 0.5]},
								"south": {"uv": [30, 44], "uv_size": [1, 0.5]},
								"west": {"uv": [48, 20], "uv_size": [0.5, 0.5]},
								"up": {"uv": [32, 44], "uv_size": [1, 0.5]},
								"down": {"uv": [44, 32.5], "uv_size": [1, -0.5]}
							}
						},
						{
							"origin": [0.18147, 5.54725, -1.24999],
							"size": [0.177, 0.177, 0.4375],
							"pivot": [0, 5.37539, 0.40626],
							"rotation": [0, 0, 45],
							"uv": {
								"north": {"uv": [22, 48], "uv_size": [0.5, 0.5]},
								"east": {"uv": [48, 22], "uv_size": [0.5, 0.5]},
								"south": {"uv": [24, 48], "uv_size": [0.5, 0.5]},
								"west": {"uv": [26, 48], "uv_size": [0.5, 0.5]},
								"up": {"uv": [28, 48], "uv_size": [0.5, 0.5]},
								"down": {"uv": [30, 48.5], "uv_size": [0.5, -0.5]}
							}
						},
						{
							"origin": [-0.34886, 5.01692, -1.24999],
							"size": [0.177, 0.177, 0.4375],
							"pivot": [0, 5.37539, 0.40626],
							"rotation": [0, 0, 45],
							"uv": {
								"north": {"uv": [32, 48], "uv_size": [0.5, 0.5]},
								"east": {"uv": [48, 32], "uv_size": [0.5, 0.5]},
								"south": {"uv": [34, 48], "uv_size": [0.5, 0.5]},
								"west": {"uv": [48, 34], "uv_size": [0.5, 0.5]},
								"up": {"uv": [36, 48], "uv_size": [0.5, 0.5]},
								"down": {"uv": [38, 48.5], "uv_size": [0.5, -0.5]}
							}
						},
						{
							"origin": [-0.375, 5.36875, -1.87499],
							"size": [0.75, 0.125, 0.4375],
							"uv": {
								"north": {"uv": [34, 44], "uv_size": [1, 0.5]},
								"east": {"uv": [40, 48], "uv_size": [0.5, 0.5]},
								"south": {"uv": [44, 34], "uv_size": [1, 0.5]},
								"west": {"uv": [42, 48], "uv_size": [0.5, 0.5]},
								"up": {"uv": [36, 44], "uv_size": [1, 0.5]},
								"down": {"uv": [38, 44.5], "uv_size": [1, -0.5]}
							}
						},
						{
							"origin": [0.18147, 5.54725, -1.87499],
							"size": [0.177, 0.177, 0.4375],
							"pivot": [0, 5.37539, -0.46874],
							"rotation": [0, 0, 45],
							"uv": {
								"north": {"uv": [48, 42], "uv_size": [0.5, 0.5]},
								"east": {"uv": [44, 48], "uv_size": [0.5, 0.5]},
								"south": {"uv": [48, 44], "uv_size": [0.5, 0.5]},
								"west": {"uv": [46, 48], "uv_size": [0.5, 0.5]},
								"up": {"uv": [48, 46], "uv_size": [0.5, 0.5]},
								"down": {"uv": [48, 48.5], "uv_size": [0.5, -0.5]}
							}
						},
						{
							"origin": [-0.34886, 5.01692, -1.87499],
							"size": [0.177, 0.177, 0.4375],
							"pivot": [0, 5.37539, -0.46874],
							"rotation": [0, 0, 45],
							"uv": {
								"north": {"uv": [0, 49], "uv_size": [0.5, 0.5]},
								"east": {"uv": [49, 0], "uv_size": [0.5, 0.5]},
								"south": {"uv": [2, 49], "uv_size": [0.5, 0.5]},
								"west": {"uv": [4, 49], "uv_size": [0.5, 0.5]},
								"up": {"uv": [6, 49], "uv_size": [0.5, 0.5]},
								"down": {"uv": [8, 49.5], "uv_size": [0.5, -0.5]}
							}
						},
						{
							"origin": [-0.375, 5.36875, 0.75001],
							"size": [0.75, 0.125, 0.4375],
							"uv": {
								"north": {"uv": [40, 44], "uv_size": [1, 0.5]},
								"east": {"uv": [12, 49], "uv_size": [0.5, 0.5]},
								"south": {"uv": [42, 44], "uv_size": [1, 0.5]},
								"west": {"uv": [14, 49], "uv_size": [0.5, 0.5]},
								"up": {"uv": [44, 42], "uv_size": [1, 0.5]},
								"down": {"uv": [44, 44.5], "uv_size": [1, -0.5]}
							}
						},
						{
							"origin": [-0.375, 5.36875, -2.62499],
							"size": [0.75, 0.125, 0.5625],
							"uv": {
								"north": {"uv": [0, 45], "uv_size": [1, 0.5]},
								"east": {"uv": [16, 49], "uv_size": [0.5, 0.5]},
								"south": {"uv": [45, 0], "uv_size": [1, 0.5]},
								"west": {"uv": [49, 18], "uv_size": [0.5, 0.5]},
								"up": {"uv": [2, 45], "uv_size": [1, 0.5]},
								"down": {"uv": [4, 45.5], "uv_size": [1, -0.5]}
							}
						},
						{
							"origin": [-0.34886, 5.01692, -2.62499],
							"size": [0.177, 0.177, 0.5625],
							"pivot": [0, 5.37539, -0.84374],
							"rotation": [0, 0, 45],
							"uv": {
								"north": {"uv": [49, 24], "uv_size": [0.5, 0.5]},
								"east": {"uv": [49, 26], "uv_size": [0.5, 0.5]},
								"south": {"uv": [49, 28], "uv_size": [0.5, 0.5]},
								"west": {"uv": [49, 30], "uv_size": [0.5, 0.5]},
								"up": {"uv": [49, 36], "uv_size": [0.5, 0.5]},
								"down": {"uv": [49, 38.5], "uv_size": [0.5, -0.5]}
							}
						},
						{
							"origin": [0.18147, 5.54725, -2.62499],
							"size": [0.177, 0.177, 0.5625],
							"pivot": [0, 5.37539, -0.84374],
							"rotation": [0, 0, 45],
							"uv": {
								"north": {"uv": [49, 40], "uv_size": [0.5, 0.5]},
								"east": {"uv": [50, 2], "uv_size": [0.5, 0.5]},
								"south": {"uv": [50, 4], "uv_size": [0.5, 0.5]},
								"west": {"uv": [50, 6], "uv_size": [0.5, 0.5]},
								"up": {"uv": [50, 8], "uv_size": [0.5, 0.5]},
								"down": {"uv": [10, 50.5], "uv_size": [0.5, -0.5]}
							}
						},
						{
							"origin": [0.18147, 5.54725, 0.75001],
							"size": [0.177, 0.177, 0.4375],
							"pivot": [0, 5.37539, 0.40626],
							"rotation": [0, 0, 45],
							"uv": {
								"north": {"uv": [50, 10], "uv_size": [0.5, 0.5]},
								"east": {"uv": [50, 12], "uv_size": [0.5, 0.5]},
								"south": {"uv": [50, 14], "uv_size": [0.5, 0.5]},
								"west": {"uv": [50, 16], "uv_size": [0.5, 0.5]},
								"up": {"uv": [18, 50], "uv_size": [0.5, 0.5]},
								"down": {"uv": [20, 50.5], "uv_size": [0.5, -0.5]}
							}
						},
						{
							"origin": [-0.34886, 5.01692, 0.75001],
							"size": [0.177, 0.177, 0.4375],
							"pivot": [0, 5.37539, 0.40626],
							"rotation": [0, 0, 45],
							"uv": {
								"north": {"uv": [50, 20], "uv_size": [0.5, 0.5]},
								"east": {"uv": [22, 50], "uv_size": [0.5, 0.5]},
								"south": {"uv": [50, 22], "uv_size": [0.5, 0.5]},
								"west": {"uv": [24, 50], "uv_size": [0.5, 0.5]},
								"up": {"uv": [26, 50], "uv_size": [0.5, 0.5]},
								"down": {"uv": [28, 50.5], "uv_size": [0.5, -0.5]}
							}
						},
						{
							"origin": [0.18147, 5.54725, 1.43751],
							"size": [0.177, 0.177, 0.4375],
							"pivot": [0, 5.37539, 0.65626],
							"rotation": [0, 0, 45],
							"uv": {
								"north": {"uv": [30, 50], "uv_size": [0.5, 0.5]},
								"east": {"uv": [32, 50], "uv_size": [0.5, 0.5]},
								"south": {"uv": [50, 32], "uv_size": [0.5, 0.5]},
								"west": {"uv": [34, 50], "uv_size": [0.5, 0.5]},
								"up": {"uv": [50, 34], "uv_size": [0.5, 0.5]},
								"down": {"uv": [36, 50.5], "uv_size": [0.5, -0.5]}
							}
						},
						{
							"origin": [-0.375, 5.36875, 1.43751],
							"size": [0.75, 0.125, 0.4375],
							"uv": {
								"north": {"uv": [6, 45], "uv_size": [1, 0.5]},
								"east": {"uv": [38, 50], "uv_size": [0.5, 0.5]},
								"south": {"uv": [8, 45], "uv_size": [1, 0.5]},
								"west": {"uv": [40, 50], "uv_size": [0.5, 0.5]},
								"up": {"uv": [12, 45], "uv_size": [1, 0.5]},
								"down": {"uv": [14, 45.5], "uv_size": [1, -0.5]}
							}
						},
						{
							"origin": [-0.34886, 5.01692, 1.43751],
							"size": [0.177, 0.177, 0.4375],
							"pivot": [0, 5.37539, 0.65626],
							"rotation": [0, 0, 45],
							"uv": {
								"north": {"uv": [42, 50], "uv_size": [0.5, 0.5]},
								"east": {"uv": [50, 42], "uv_size": [0.5, 0.5]},
								"south": {"uv": [44, 50], "uv_size": [0.5, 0.5]},
								"west": {"uv": [50, 44], "uv_size": [0.5, 0.5]},
								"up": {"uv": [46, 50], "uv_size": [0.5, 0.5]},
								"down": {"uv": [50, 46.5], "uv_size": [0.5, -0.5]}
							}
						},
						{
							"origin": [0.18147, 5.54725, 2.12501],
							"size": [0.177, 0.177, 0.5],
							"pivot": [0, 5.37539, 0.84376],
							"rotation": [0, 0, 45],
							"uv": {
								"north": {"uv": [48, 50], "uv_size": [0.5, 0.5]},
								"east": {"uv": [50, 48], "uv_size": [0.5, 0.5]},
								"south": {"uv": [50, 50], "uv_size": [0.5, 0.5]},
								"west": {"uv": [0, 51], "uv_size": [0.5, 0.5]},
								"up": {"uv": [51, 0], "uv_size": [0.5, 0.5]},
								"down": {"uv": [2, 51.5], "uv_size": [0.5, -0.5]}
							}
						},
						{
							"origin": [-0.375, 5.36875, 2.12501],
							"size": [0.75, 0.125, 0.5],
							"uv": {
								"north": {"uv": [16, 45], "uv_size": [1, 0.5]},
								"east": {"uv": [4, 51], "uv_size": [0.5, 0.5]},
								"south": {"uv": [45, 18], "uv_size": [1, 0.5]},
								"west": {"uv": [6, 51], "uv_size": [0.5, 0.5]},
								"up": {"uv": [45, 24], "uv_size": [1, 0.5]},
								"down": {"uv": [45, 26.5], "uv_size": [1, -0.5]}
							}
						},
						{
							"origin": [-0.34886, 5.01692, 2.12501],
							"size": [0.177, 0.177, 0.5],
							"pivot": [0, 5.37539, 0.84376],
							"rotation": [0, 0, 45],
							"uv": {
								"north": {"uv": [8, 51], "uv_size": [0.5, 0.5]},
								"east": {"uv": [12, 51], "uv_size": [0.5, 0.5]},
								"south": {"uv": [14, 51], "uv_size": [0.5, 0.5]},
								"west": {"uv": [16, 51], "uv_size": [0.5, 0.5]},
								"up": {"uv": [51, 18], "uv_size": [0.5, 0.5]},
								"down": {"uv": [51, 24.5], "uv_size": [0.5, -0.5]}
							}
						},
						{
							"origin": [-0.34886, 5.01692, 0.06252],
							"size": [0.177, 0.177, 0.4375],
							"pivot": [0, 5.37539, 0.40626],
							"rotation": [0, 0, 45],
							"uv": {
								"north": {"uv": [51, 26], "uv_size": [0.5, 0.5]},
								"east": {"uv": [51, 28], "uv_size": [0.5, 0.5]},
								"south": {"uv": [51, 30], "uv_size": [0.5, 0.5]},
								"west": {"uv": [51, 36], "uv_size": [0.5, 0.5]},
								"up": {"uv": [51, 38], "uv_size": [0.5, 0.5]},
								"down": {"uv": [51, 40.5], "uv_size": [0.5, -0.5]}
							}
						},
						{
							"origin": [-0.375, 5.36875, 0.06251],
							"size": [0.75, 0.125, 0.4375],
							"uv": {
								"north": {"uv": [45, 28], "uv_size": [1, 0.5]},
								"east": {"uv": [52, 2], "uv_size": [0.5, 0.5]},
								"south": {"uv": [45, 30], "uv_size": [1, 0.5]},
								"west": {"uv": [52, 4], "uv_size": [0.5, 0.5]},
								"up": {"uv": [45, 36], "uv_size": [1, 0.5]},
								"down": {"uv": [45, 38.5], "uv_size": [1, -0.5]}
							}
						},
						{
							"origin": [0.18147, 5.54725, 0.06252],
							"size": [0.177, 0.177, 0.4375],
							"pivot": [0, 5.37539, 0.40626],
							"rotation": [0, 0, 45],
							"uv": {
								"north": {"uv": [52, 6], "uv_size": [0.5, 0.5]},
								"east": {"uv": [52, 8], "uv_size": [0.5, 0.5]},
								"south": {"uv": [10, 52], "uv_size": [0.5, 0.5]},
								"west": {"uv": [52, 10], "uv_size": [0.5, 0.5]},
								"up": {"uv": [52, 12], "uv_size": [0.5, 0.5]},
								"down": {"uv": [52, 14.5], "uv_size": [0.5, -0.5]}
							}
						},
						{
							"origin": [0.35847, 5.54725, -2.62499],
							"size": [0, 0.177, 5.25],
							"pivot": [0, 5.37539, 0.65626],
							"rotation": [0, 0, 45],
							"uv": {
								"north": {"uv": [2, 12], "uv_size": [0, 0.5]},
								"east": {"uv": [21, 14], "uv_size": [5.5, 0.5]},
								"south": {"uv": [2, 14], "uv_size": [0, 0.5]},
								"west": {"uv": [11, 22], "uv_size": [5.5, 0.5]},
								"up": {"uv": [18, 56], "uv_size": [0, 5.5]},
								"down": {"uv": [19, 61.5], "uv_size": [0, -5.5]}
							}
						},
						{
							"origin": [-0.5, 5.36874, -2.62499],
							"size": [1, 0, 5.25],
							"uv": {
								"north": {"uv": [13, 6], "uv_size": [1, 0]},
								"east": {"uv": [56, 12], "uv_size": [5.5, 0]},
								"south": {"uv": [56, 13], "uv_size": [1, 0]},
								"west": {"uv": [56, 14], "uv_size": [5.5, 0]},
								"up": {"uv": [11, 0], "uv_size": [1, 5.5]},
								"down": {"uv": [3, 16.5], "uv_size": [1, -5.5]}
							}
						},
						{
							"origin": [-0.35848, 5.54724, -2.62499],
							"size": [0, 0.177, 5.25],
							"pivot": [0, 5.37539, 0.65626],
							"rotation": [0, 0, -45],
							"uv": {
								"north": {"uv": [2, 16], "uv_size": [0, 0.5]},
								"east": {"uv": [18, 22], "uv_size": [5.5, 0.5]},
								"south": {"uv": [4, 18], "uv_size": [0, 0.5]},
								"west": {"uv": [23, 0], "uv_size": [5.5, 0.5]},
								"up": {"uv": [20, 56], "uv_size": [0, 5.5]},
								"down": {"uv": [21, 61.5], "uv_size": [0, -5.5]}
							}
						}
					]
				},
				{
					"name": "group2",
					"parent": "red_dot_scope",
					"pivot": [0.23045, 1.02671, 0],
					"cubes": [
						{
							"origin": [-1.25, 0.875, -1.75],
							"size": [0.125, 1.0625, 3.125],
							"uv": {
								"north": {"uv": [45, 40], "uv_size": [0.5, 1]},
								"east": {"uv": [20, 18], "uv_size": [3, 1]},
								"south": {"uv": [46, 2], "uv_size": [0.5, 1]},
								"west": {"uv": [20, 20], "uv_size": [3, 1]},
								"up": {"uv": [32, 20], "uv_size": [0.5, 3]},
								"down": {"uv": [32, 31], "uv_size": [0.5, -3]}
							}
						},
						{
							"origin": [-1.25, 1.9375, 0.0625],
							"size": [0.125, 2.3125, 1.3125],
							"uv": {
								"north": {"uv": [34, 12], "uv_size": [0.5, 2.5]},
								"east": {"uv": [11, 18], "uv_size": [1.5, 2.5]},
								"south": {"uv": [14, 34], "uv_size": [0.5, 2.5]},
								"west": {"uv": [14, 18], "uv_size": [1.5, 2.5]},
								"up": {"uv": [4, 40], "uv_size": [0.5, 1.5]},
								"down": {"uv": [6, 41.5], "uv_size": [0.5, -1.5]}
							}
						},
						{
							"origin": [-1.25, 0.875, 1.375],
							"size": [0.125, 1.58498, 0.75],
							"uv": {
								"north": {"uv": [8, 40], "uv_size": [0.5, 1.5]},
								"east": {"uv": [32, 32], "uv_size": [1, 1.5]},
								"south": {"uv": [40, 10], "uv_size": [0.5, 1.5]},
								"west": {"uv": [29, 33], "uv_size": [1, 1.5]},
								"up": {"uv": [46, 4], "uv_size": [0.5, 1]},
								"down": {"uv": [46, 7], "uv_size": [0.5, -1]}
							}
						},
						{
							"origin": [-1.23045, 0.71421, -1.75],
							"size": [0.25, 0.5625, 3.875],
							"pivot": [-0.23045, 1.02671, 0],
							"rotation": [0, 0, -22.5],
							"uv": {
								"north": {"uv": [52, 16], "uv_size": [0.5, 0.5]},
								"east": {"uv": [23, 30], "uv_size": [4, 0.5]},
								"south": {"uv": [18, 52], "uv_size": [0.5, 0.5]},
								"west": {"uv": [30, 26], "uv_size": [4, 0.5]},
								"up": {"uv": [30, 28], "uv_size": [0.5, 4]},
								"down": {"uv": [6, 35], "uv_size": [0.5, -4]}
							}
						},
						{
							"origin": [-1.03474, 0.35532, -1.75],
							"size": [2.06948, 0.26968, 3.875],
							"uv": {
								"north": {"uv": [39, 2], "uv_size": [2, 0.5]},
								"east": {"uv": [31, 6], "uv_size": [4, 0.5]},
								"south": {"uv": [39, 4], "uv_size": [2, 0.5]},
								"west": {"uv": [0, 32], "uv_size": [4, 0.5]},
								"up": {"uv": [3, 6], "uv_size": [2, 4]},
								"down": {"uv": [6, 10], "uv_size": [2, -4]}
							}
						},
						{
							"origin": [-1.25, 0.3125, -1],
							"size": [2.5, 0.25, 2],
							"uv": {
								"north": {"uv": [20, 34], "uv_size": [2.5, 0.5]},
								"east": {"uv": [39, 6], "uv_size": [2, 0.5]},
								"south": {"uv": [34, 20], "uv_size": [2.5, 0.5]},
								"west": {"uv": [39, 8], "uv_size": [2, 0.5]},
								"up": {"uv": [5, 11], "uv_size": [2.5, 2]},
								"down": {"uv": [11, 9], "uv_size": [2.5, -2]}
							}
						},
						{
							"origin": [1.125, 1.9375, 0.0625],
							"size": [0.125, 2.3125, 1.3125],
							"uv": {
								"north": {"uv": [16, 34], "uv_size": [0.5, 2.5]},
								"east": {"uv": [17, 18], "uv_size": [1.5, 2.5]},
								"south": {"uv": [34, 28], "uv_size": [0.5, 2.5]},
								"west": {"uv": [4, 20], "uv_size": [1.5, 2.5]},
								"up": {"uv": [12, 40], "uv_size": [0.5, 1.5]},
								"down": {"uv": [40, 14.5], "uv_size": [0.5, -1.5]}
							}
						},
						{
							"origin": [1.126, 2.15038, 1.18093],
							"size": [0.123, 1.9355, 0.6855],
							"pivot": [1.125, 2.93063, 1.21118],
							"rotation": [22.5, 0, 0],
							"uv": {
								"north": {"uv": [10, 39], "uv_size": [0.5, 2]},
								"east": {"uv": [24, 39], "uv_size": [0.5, 2]},
								"south": {"uv": [39, 24], "uv_size": [0.5, 2]},
								"west": {"uv": [26, 39], "uv_size": [0.5, 2]},
								"up": {"uv": [20, 52], "uv_size": [0.5, 0.5]},
								"down": {"uv": [52, 20.5], "uv_size": [0.5, -0.5]}
							}
						},
						{
							"origin": [-1.249, 2.15038, 1.18093],
							"size": [0.123, 1.9355, 0.6855],
							"pivot": [-1.125, 2.93063, 1.21118],
							"rotation": [22.5, 0, 0],
							"uv": {
								"north": {"uv": [39, 27], "uv_size": [0.5, 2]},
								"east": {"uv": [31, 39], "uv_size": [0.5, 2]},
								"south": {"uv": [39, 36], "uv_size": [0.5, 2]},
								"west": {"uv": [39, 39], "uv_size": [0.5, 2]},
								"up": {"uv": [22, 52], "uv_size": [0.5, 0.5]},
								"down": {"uv": [52, 22.5], "uv_size": [0.5, -0.5]}
							}
						},
						{
							"origin": [1.125, 0.875, 1.375],
							"size": [0.125, 1.58498, 0.75],
							"uv": {
								"north": {"uv": [14, 40], "uv_size": [0.5, 1.5]},
								"east": {"uv": [0, 34], "uv_size": [1, 1.5]},
								"south": {"uv": [16, 40], "uv_size": [0.5, 1.5]},
								"west": {"uv": [2, 34], "uv_size": [1, 1.5]},
								"up": {"uv": [46, 8], "uv_size": [0.5, 1]},
								"down": {"uv": [10, 47], "uv_size": [0.5, -1]}
							}
						},
						{
							"origin": [1.125, 0.875, -1.75],
							"size": [0.125, 1.0625, 3.125],
							"uv": {
								"north": {"uv": [46, 10], "uv_size": [0.5, 1]},
								"east": {"uv": [21, 6], "uv_size": [3, 1]},
								"south": {"uv": [46, 12], "uv_size": [0.5, 1]},
								"west": {"uv": [21, 8], "uv_size": [3, 1]},
								"up": {"uv": [4, 34], "uv_size": [0.5, 3]},
								"down": {"uv": [12, 37], "uv_size": [0.5, -3]}
							}
						},
						{
							"origin": [0.98045, 0.71421, -1.75],
							"size": [0.25, 0.5625, 3.875],
							"pivot": [0.23045, 1.02671, 0],
							"rotation": [0, 0, 22.5],
							"uv": {
								"north": {"uv": [24, 52], "uv_size": [0.5, 0.5]},
								"east": {"uv": [32, 0], "uv_size": [4, 0.5]},
								"south": {"uv": [26, 52], "uv_size": [0.5, 0.5]},
								"west": {"uv": [32, 2], "uv_size": [4, 0.5]},
								"up": {"uv": [8, 31], "uv_size": [0.5, 4]},
								"down": {"uv": [10, 36], "uv_size": [0.5, -4]}
							}
						}
					]
				},
				{
					"name": "octagon2",
					"parent": "red_dot_scope",
					"pivot": [0, -4, 2],
					"cubes": [
						{
							"origin": [-0.46599, 2.8125, -2.375],
							"size": [0.93198, 0.21875, 4.75],
							"pivot": [0, 3.9375, 2],
							"rotation": [0, 0, 45],
							"uv": {
								"north": {"uv": [46, 14], "uv_size": [1, 0.5]},
								"east": {"uv": [23, 16], "uv_size": [5, 0.5]},
								"south": {"uv": [46, 16], "uv_size": [1, 0.5]},
								"west": {"uv": [0, 24], "uv_size": [5, 0.5]},
								"up": {"uv": [11, 10], "uv_size": [1, 5]},
								"down": {"uv": [0, 17], "uv_size": [1, -5]}
							}
						},
						{
							"origin": [-0.46599, 2.8125, -2.375],
							"size": [0.93198, 0.21875, 4.75],
							"uv": {
								"north": {"uv": [18, 46], "uv_size": [1, 0.5]},
								"east": {"uv": [11, 24], "uv_size": [5, 0.5]},
								"south": {"uv": [20, 46], "uv_size": [1, 0.5]},
								"west": {"uv": [17, 24], "uv_size": [5, 0.5]},
								"up": {"uv": [13, 0], "uv_size": [1, 5]},
								"down": {"uv": [13, 15], "uv_size": [1, -5]}
							}
						},
						{
							"origin": [-0.46599, 4.84375, -2.375],
							"size": [0.93198, 0.21875, 4.75],
							"pivot": [0, 3.9375, 2],
							"rotation": [0, 0, 45],
							"uv": {
								"north": {"uv": [46, 20], "uv_size": [1, 0.5]},
								"east": {"uv": [24, 18], "uv_size": [5, 0.5]},
								"south": {"uv": [22, 46], "uv_size": [1, 0.5]},
								"west": {"uv": [24, 20], "uv_size": [5, 0.5]},
								"up": {"uv": [5, 14], "uv_size": [1, 5]},
								"down": {"uv": [7, 19], "uv_size": [1, -5]}
							}
						},
						{
							"origin": [-0.46599, 4.84375, -2.375],
							"size": [0.93198, 0.21875, 4.75],
							"uv": {
								"north": {"uv": [46, 22], "uv_size": [1, 0.5]},
								"east": {"uv": [23, 24], "uv_size": [5, 0.5]},
								"south": {"uv": [24, 46], "uv_size": [1, 0.5]},
								"west": {"uv": [25, 6], "uv_size": [5, 0.5]},
								"up": {"uv": [9, 14], "uv_size": [1, 5]},
								"down": {"uv": [15, 5], "uv_size": [1, -5]}
							}
						},
						{
							"origin": [0.90625, 3.47151, -2.375],
							"size": [0.21875, 0.93198, 4.75],
							"pivot": [0, 3.9375, 2],
							"rotation": [0, 0, 45],
							"uv": {
								"north": {"uv": [26, 46], "uv_size": [0.5, 1]},
								"east": {"uv": [15, 6], "uv_size": [5, 1]},
								"south": {"uv": [28, 46], "uv_size": [0.5, 1]},
								"west": {"uv": [15, 8], "uv_size": [5, 1]},
								"up": {"uv": [6, 25], "uv_size": [0.5, 5]},
								"down": {"uv": [8, 30], "uv_size": [0.5, -5]}
							}
						},
						{
							"origin": [0.9375, 3.47151, -2.375],
							"size": [0.1875, 0.93198, 4.75],
							"uv": {
								"north": {"uv": [30, 46], "uv_size": [0.5, 1]},
								"east": {"uv": [15, 10], "uv_size": [5, 1]},
								"south": {"uv": [32, 46], "uv_size": [0.5, 1]},
								"west": {"uv": [15, 12], "uv_size": [5, 1]},
								"up": {"uv": [0, 26], "uv_size": [0.5, 5]},
								"down": {"uv": [2, 31], "uv_size": [0.5, -5]}
							}
						},
						{
							"origin": [-1.125, 3.47151, -2.375],
							"size": [0.21875, 0.93198, 4.75],
							"pivot": [0, 3.9375, 2],
							"rotation": [0, 0, 45],
							"uv": {
								"north": {"uv": [46, 32], "uv_size": [0.5, 1]},
								"east": {"uv": [15, 14], "uv_size": [5, 1]},
								"south": {"uv": [34, 46], "uv_size": [0.5, 1]},
								"west": {"uv": [11, 16], "uv_size": [5, 1]},
								"up": {"uv": [4, 26], "uv_size": [0.5, 5]},
								"down": {"uv": [10, 31], "uv_size": [0.5, -5]}
							}
						},
						{
							"origin": [-1.125, 3.47151, -2.375],
							"size": [0.21875, 0.93198, 4.75],
							"uv": {
								"north": {"uv": [46, 34], "uv_size": [0.5, 1]},
								"east": {"uv": [17, 0], "uv_size": [5, 1]},
								"south": {"uv": [36, 46], "uv_size": [0.5, 1]},
								"west": {"uv": [17, 2], "uv_size": [5, 1]},
								"up": {"uv": [12, 26], "uv_size": [0.5, 5]},
								"down": {"uv": [14, 31], "uv_size": [0.5, -5]}
							}
						}
					]
				},
				{
					"name": "sight_screws",
					"parent": "sight",
					"pivot": [0, -0.3, -4],
					"cubes": [
						{
							"origin": [-1.34375, 1.79473, 0.375],
							"size": [2.6875, 0.25, 0.25],
							"pivot": [-0.84375, 1.91973, 0.5],
							"rotation": [-45, 0, 0],
							"uv": {
								"north": {"uv": [34, 22], "uv_size": [2.5, 0.5]},
								"east": {"uv": [28, 52], "uv_size": [0.5, 0.5]},
								"south": {"uv": [34, 32], "uv_size": [2.5, 0.5]},
								"west": {"uv": [30, 52], "uv_size": [0.5, 0.5]},
								"up": {"uv": [34, 34], "uv_size": [2.5, 0.5]},
								"down": {"uv": [35, 8.5], "uv_size": [2.5, -0.5]}
							}
						},
						{
							"origin": [-1.3125, 1.04473, 1.3125],
							"size": [0.1875, 0.25, 0.25],
							"pivot": [-0.8125, 1.16973, 1.4375],
							"rotation": [-45, 0, 0],
							"uv": {
								"north": {"uv": [32, 52], "uv_size": [0.5, 0.5]},
								"east": {"uv": [52, 32], "uv_size": [0.5, 0.5]},
								"south": {"uv": [34, 52], "uv_size": [0.5, 0.5]},
								"west": {"uv": [52, 34], "uv_size": [0.5, 0.5]},
								"up": {"uv": [36, 52], "uv_size": [0.5, 0.5]},
								"down": {"uv": [38, 52.5], "uv_size": [0.5, -0.5]}
							}
						},
						{
							"origin": [-1.3125, 1.04473, -1.5625],
							"size": [0.1875, 0.25, 0.25],
							"pivot": [-0.8125, 1.16973, -1.4375],
							"rotation": [-45, 0, 0],
							"uv": {
								"north": {"uv": [40, 52], "uv_size": [0.5, 0.5]},
								"east": {"uv": [42, 52], "uv_size": [0.5, 0.5]},
								"south": {"uv": [52, 42], "uv_size": [0.5, 0.5]},
								"west": {"uv": [44, 52], "uv_size": [0.5, 0.5]},
								"up": {"uv": [52, 44], "uv_size": [0.5, 0.5]},
								"down": {"uv": [46, 52.5], "uv_size": [0.5, -0.5]}
							}
						},
						{
							"origin": [-1.625, 3.95895, 2],
							"size": [0.25, 0.0821, 0.5],
							"uv": {
								"north": {"uv": [52, 46], "uv_size": [0.5, 0.5]},
								"east": {"uv": [48, 52], "uv_size": [0.5, 0.5]},
								"south": {"uv": [52, 48], "uv_size": [0.5, 0.5]},
								"west": {"uv": [50, 52], "uv_size": [0.5, 0.5]},
								"up": {"uv": [52, 50], "uv_size": [0.5, 0.5]},
								"down": {"uv": [52, 52.5], "uv_size": [0.5, -0.5]}
							}
						},
						{
							"origin": [-1.625, 3.83395, 2],
							"size": [0.25, 0.2071, 0.10938],
							"pivot": [-1.25, 3.9375, 2.25],
							"rotation": [-45, 0, 0],
							"uv": {
								"north": {"uv": [0, 53], "uv_size": [0.5, 0.5]},
								"east": {"uv": [53, 0], "uv_size": [0.5, 0.5]},
								"south": {"uv": [2, 53], "uv_size": [0.5, 0.5]},
								"west": {"uv": [4, 53], "uv_size": [0.5, 0.5]},
								"up": {"uv": [6, 53], "uv_size": [0.5, 0.5]},
								"down": {"uv": [8, 53.5], "uv_size": [0.5, -0.5]}
							}
						},
						{
							"origin": [-1.625, 4.01563, 2.14645],
							"size": [0.25, 0.17187, 0.2071],
							"uv": {
								"north": {"uv": [12, 53], "uv_size": [0.5, 0.5]},
								"east": {"uv": [14, 53], "uv_size": [0.5, 0.5]},
								"south": {"uv": [16, 53], "uv_size": [0.5, 0.5]},
								"west": {"uv": [53, 18], "uv_size": [0.5, 0.5]},
								"up": {"uv": [53, 24], "uv_size": [0.5, 0.5]},
								"down": {"uv": [53, 26.5], "uv_size": [0.5, -0.5]}
							}
						},
						{
							"origin": [-1.625, 4.07813, 2.14645],
							"size": [0.25, 0.10937, 0.2071],
							"pivot": [-1.25, 3.9375, 2.25],
							"rotation": [-45, 0, 0],
							"uv": {
								"north": {"uv": [53, 28], "uv_size": [0.5, 0.5]},
								"east": {"uv": [53, 30], "uv_size": [0.5, 0.5]},
								"south": {"uv": [53, 36], "uv_size": [0.5, 0.5]},
								"west": {"uv": [53, 38], "uv_size": [0.5, 0.5]},
								"up": {"uv": [53, 40], "uv_size": [0.5, 0.5]},
								"down": {"uv": [54, 2.5], "uv_size": [0.5, -0.5]}
							}
						},
						{
							"origin": [-1.625, 3.83395, 2],
							"size": [0.25, 0.0821, 0.5],
							"uv": {
								"north": {"uv": [54, 4], "uv_size": [0.5, 0.5]},
								"east": {"uv": [54, 6], "uv_size": [0.5, 0.5]},
								"south": {"uv": [54, 8], "uv_size": [0.5, 0.5]},
								"west": {"uv": [10, 54], "uv_size": [0.5, 0.5]},
								"up": {"uv": [54, 10], "uv_size": [0.5, 0.5]},
								"down": {"uv": [54, 12.5], "uv_size": [0.5, -0.5]}
							}
						},
						{
							"origin": [-1.625, 3.83395, 2.39063],
							"size": [0.25, 0.2071, 0.10937],
							"pivot": [-1.25, 3.9375, 2.25],
							"rotation": [-45, 0, 0],
							"uv": {
								"north": {"uv": [54, 14], "uv_size": [0.5, 0.5]},
								"east": {"uv": [54, 16], "uv_size": [0.5, 0.5]},
								"south": {"uv": [18, 54], "uv_size": [0.5, 0.5]},
								"west": {"uv": [20, 54], "uv_size": [0.5, 0.5]},
								"up": {"uv": [54, 20], "uv_size": [0.5, 0.5]},
								"down": {"uv": [22, 54.5], "uv_size": [0.5, -0.5]}
							}
						},
						{
							"origin": [-1.625, 3.6875, 2.14645],
							"size": [0.25, 0.15625, 0.2071],
							"uv": {
								"north": {"uv": [54, 22], "uv_size": [0.5, 0.5]},
								"east": {"uv": [24, 54], "uv_size": [0.5, 0.5]},
								"south": {"uv": [26, 54], "uv_size": [0.5, 0.5]},
								"west": {"uv": [28, 54], "uv_size": [0.5, 0.5]},
								"up": {"uv": [30, 54], "uv_size": [0.5, 0.5]},
								"down": {"uv": [32, 54.5], "uv_size": [0.5, -0.5]}
							}
						},
						{
							"origin": [-1.625, 3.6875, 2.14645],
							"size": [0.25, 0.10938, 0.2071],
							"pivot": [-1.25, 3.9375, 2.25],
							"rotation": [-45, 0, 0],
							"uv": {
								"north": {"uv": [54, 32], "uv_size": [0.5, 0.5]},
								"east": {"uv": [34, 54], "uv_size": [0.5, 0.5]},
								"south": {"uv": [54, 34], "uv_size": [0.5, 0.5]},
								"west": {"uv": [36, 54], "uv_size": [0.5, 0.5]},
								"up": {"uv": [38, 54], "uv_size": [0.5, 0.5]},
								"down": {"uv": [40, 54.5], "uv_size": [0.5, -0.5]}
							}
						},
						{
							"origin": [-1.4375, 3.79473, -2.6875],
							"size": [0.25, 0.25, 0.25],
							"pivot": [-1.3125, 3.91973, -2.9375],
							"rotation": [0, 0, -45],
							"uv": {
								"north": {"uv": [42, 54], "uv_size": [0.5, 0.5]},
								"east": {"uv": [54, 42], "uv_size": [0.5, 0.5]},
								"south": {"uv": [44, 54], "uv_size": [0.5, 0.5]},
								"west": {"uv": [54, 44], "uv_size": [0.5, 0.5]},
								"up": {"uv": [46, 54], "uv_size": [0.5, 0.5]},
								"down": {"uv": [54, 46.5], "uv_size": [0.5, -0.5]}
							}
						},
						{
							"origin": [-0.8125, 2.66973, -2.6875],
							"size": [0.25, 0.25, 0.25],
							"pivot": [-0.6875, 2.79473, -2.9375],
							"rotation": [0, 0, -45],
							"uv": {
								"north": {"uv": [48, 54], "uv_size": [0.5, 0.5]},
								"east": {"uv": [54, 48], "uv_size": [0.5, 0.5]},
								"south": {"uv": [50, 54], "uv_size": [0.5, 0.5]},
								"west": {"uv": [54, 50], "uv_size": [0.5, 0.5]},
								"up": {"uv": [52, 54], "uv_size": [0.5, 0.5]},
								"down": {"uv": [54, 52.5], "uv_size": [0.5, -0.5]}
							}
						},
						{
							"origin": [0.625, 2.79473, -2.6875],
							"size": [0.25, 0.25, 0.25],
							"pivot": [0.75, 2.91973, -2.9375],
							"rotation": [0, 0, 45],
							"uv": {
								"north": {"uv": [54, 54], "uv_size": [0.5, 0.5]},
								"east": {"uv": [0, 55], "uv_size": [0.5, 0.5]},
								"south": {"uv": [55, 0], "uv_size": [0.5, 0.5]},
								"west": {"uv": [2, 55], "uv_size": [0.5, 0.5]},
								"up": {"uv": [4, 55], "uv_size": [0.5, 0.5]},
								"down": {"uv": [6, 55.5], "uv_size": [0.5, -0.5]}
							}
						},
						{
							"origin": [-0.125, 5.10723, -2.6875],
							"size": [0.25, 0.25, 0.25],
							"pivot": [0, 5.23223, -2.9375],
							"rotation": [0, 0, -45],
							"uv": {
								"north": {"uv": [8, 55], "uv_size": [0.5, 0.5]},
								"east": {"uv": [12, 55], "uv_size": [0.5, 0.5]},
								"south": {"uv": [14, 55], "uv_size": [0.5, 0.5]},
								"west": {"uv": [16, 55], "uv_size": [0.5, 0.5]},
								"up": {"uv": [55, 18], "uv_size": [0.5, 0.5]},
								"down": {"uv": [55, 24.5], "uv_size": [0.5, -0.5]}
							}
						},
						{
							"origin": [1.125, 1.04473, -1.5625],
							"size": [0.1875, 0.25, 0.25],
							"pivot": [0.8125, 1.16973, -1.4375],
							"rotation": [-45, 0, 0],
							"uv": {
								"north": {"uv": [55, 26], "uv_size": [0.5, 0.5]},
								"east": {"uv": [55, 28], "uv_size": [0.5, 0.5]},
								"south": {"uv": [55, 30], "uv_size": [0.5, 0.5]},
								"west": {"uv": [55, 36], "uv_size": [0.5, 0.5]},
								"up": {"uv": [55, 38], "uv_size": [0.5, 0.5]},
								"down": {"uv": [55, 40.5], "uv_size": [0.5, -0.5]}
							}
						},
						{
							"origin": [1.125, 1.04473, 1.3125],
							"size": [0.1875, 0.25, 0.25],
							"pivot": [0.8125, 1.16973, 1.4375],
							"rotation": [-45, 0, 0],
							"uv": {
								"north": {"uv": [56, 2], "uv_size": [0.5, 0.5]},
								"east": {"uv": [56, 4], "uv_size": [0.5, 0.5]},
								"south": {"uv": [56, 6], "uv_size": [0.5, 0.5]},
								"west": {"uv": [56, 8], "uv_size": [0.5, 0.5]},
								"up": {"uv": [10, 56], "uv_size": [0.5, 0.5]},
								"down": {"uv": [56, 10.5], "uv_size": [0.5, -0.5]}
							}
						}
					]
				},
				{
					"name": "division",
					"pivot": [-0.7, 3.7, -64]
				},
				{
					"name": "division_illuminated",
					"parent": "division",
					"pivot": [0.00711, 3.92855, -65],
					"cubes": [
						{
							"origin": [-0.43039, 3.49105, -65],
							"size": [0.875, 0.875, 0],
							"pivot": [0.00711, 3.92855, -65],
							"rotation": [0, 0, 45],
							"uv": {
								"north": {"uv": [39, 18], "uv_size": [1, 1]},
								"east": {"uv": [29, 2], "uv_size": [0, 1]},
								"south": {"uv": [39, 30], "uv_size": [1, 1]},
								"west": {"uv": [29, 4], "uv_size": [0, 1]},
								"up": {"uv": [56, 15], "uv_size": [1, 0]},
								"down": {"uv": [56, 16], "uv_size": [1, 0]}
							}
						}
					]
				},
				{
					"name": "ocular",
					"pivot": [0, 4, -0.725]
				},
				{
					"name": "octagon",
					"parent": "ocular",
					"pivot": [0, 3.9375, 2.5],
					"rotation": [0, -90, 0],
					"cubes": [
						{
							"origin": [-0.0625, 3.47151, 1.375],
							"size": [0.125, 0.93198, 2.25],
							"pivot": [0, 3.9375, 2.5],
							"rotation": [-45, 0, 0],
							"uv": {
								"north": {"uv": [38, 46], "uv_size": [0.5, 1]},
								"east": {"uv": [25, 8], "uv_size": [2.5, 1]},
								"south": {"uv": [40, 46], "uv_size": [0.5, 1]},
								"west": {"uv": [25, 22], "uv_size": [2.5, 1]},
								"up": {"uv": [35, 24], "uv_size": [0.5, 2.5]},
								"down": {"uv": [31, 37.5], "uv_size": [0.5, -2.5]}
							}
						},
						{
							"origin": [-0.0625, 3.47151, 1.375],
							"size": [0.125, 0.93198, 2.25],
							"uv": {
								"north": {"uv": [42, 46], "uv_size": [0.5, 1]},
								"east": {"uv": [16, 26], "uv_size": [2.5, 1]},
								"south": {"uv": [46, 42], "uv_size": [0.5, 1]},
								"west": {"uv": [20, 26], "uv_size": [2.5, 1]},
								"up": {"uv": [6, 36], "uv_size": [0.5, 2.5]},
								"down": {"uv": [8, 38.5], "uv_size": [0.5, -2.5]}
							}
						},
						{
							"origin": [-0.0625, 2.8125, 2.03401],
							"size": [0.125, 2.25, 0.93198],
							"pivot": [0, 3.9375, 2.5],
							"rotation": [-45, 0, 0],
							"uv": {
								"north": {"uv": [36, 10], "uv_size": [0.5, 2.5]},
								"east": {"uv": [24, 26], "uv_size": [1, 2.5]},
								"south": {"uv": [36, 14], "uv_size": [0.5, 2.5]},
								"west": {"uv": [26, 26], "uv_size": [1, 2.5]},
								"up": {"uv": [44, 46], "uv_size": [0.5, 1]},
								"down": {"uv": [46, 45], "uv_size": [0.5, -1]}
							}
						},
						{
							"origin": [-0.0625, 2.8125, 2.03401],
							"size": [0.125, 2.25, 0.93198],
							"uv": {
								"north": {"uv": [18, 36], "uv_size": [0.5, 2.5]},
								"east": {"uv": [28, 10], "uv_size": [1, 2.5]},
								"south": {"uv": [20, 36], "uv_size": [0.5, 2.5]},
								"west": {"uv": [16, 28], "uv_size": [1, 2.5]},
								"up": {"uv": [46, 46], "uv_size": [0.5, 1]},
								"down": {"uv": [0, 48], "uv_size": [0.5, -1]}
							}
						}
					]
				},
				{
					"name": "scope_view",
					"pivot": [0, 3.92188, 10]
				}
			]
		}
	]
}