{
	"format_version": "1.12.0",
	"minecraft:geometry": [
		{
			"description": {
				"identifier": "geometry.unknown",
				"texture_width": 16,
				"texture_height": 16,
				"visible_bounds_width": 2,
				"visible_bounds_height": 1.5,
				"visible_bounds_offset": [0, 0.25, 0]
			},
			"bones": [
				{
					"name": "cronen_shark_2",
					"pivot": [0, 0, 0]
				},
				{
					"name": "base",
					"parent": "cronen_shark_2",
					"pivot": [0, 0, 0.125],
					"cubes": [
						{
							"origin": [-0.6, -0.62187, -2],
							"size": [1.2, 0.75, 4],
							"uv": {
								"north": {"uv": [10, 6], "uv_size": [1, 1]},
								"east": {"uv": [0, 0], "uv_size": [4, 1]},
								"south": {"uv": [10, 8], "uv_size": [1, 1]},
								"west": {"uv": [0, 2], "uv_size": [4, 1]},
								"up": {"uv": [0, 4], "uv_size": [1, 4]},
								"down": {"uv": [2, 8], "uv_size": [1, -4]}
							}
						},
						{
							"origin": [0.29822, 0.00313, -2.001],
							"size": [0.25, 0.25, 4],
							"pivot": [0.42322, 0.12813, -0.125],
							"rotation": [0, 0, -45],
							"uv": {
								"north": {"uv": [12, 2], "uv_size": [0.5, 0.5]},
								"south": {"uv": [12, 6], "uv_size": [0.5, 0.5]},
								"west": {"uv": [5, 2], "uv_size": [4, 0.5]},
								"up": {"uv": [8, 6], "uv_size": [0.5, 4]}
							}
						},
						{
							"origin": [-0.54822, 0.00313, -2.001],
							"size": [0.25, 0.25, 4],
							"pivot": [-0.42322, 0.12813, -0.125],
							"rotation": [0, 0, 45],
							"uv": {
								"north": {"uv": [12, 8], "uv_size": [0.5, 0.5]},
								"east": {"uv": [9, 4], "uv_size": [4, 0.5]},
								"south": {"uv": [10, 12], "uv_size": [0.5, 0.5]},
								"up": {"uv": [0, 9], "uv_size": [0.5, 4]}
							}
						}
					]
				},
				{
					"name": "grip",
					"parent": "cronen_shark_2",
					"pivot": [0, 0, 0],
					"cubes": [
						{
							"origin": [-0.6, -1.70518, -1.95701],
							"size": [1.2, 0.75, 3.9375],
							"inflate": -0.001,
							"pivot": [0, -1.08331, 0.04299],
							"rotation": [-30, 0, 0],
							"uv": {
								"north": {"uv": [10, 10], "uv_size": [1, 1]},
								"east": {"uv": [4, 4], "uv_size": [4, 1]},
								"south": {"uv": [4, 11], "uv_size": [1, 1]},
								"west": {"uv": [5, 0], "uv_size": [4, 1]},
								"up": {"uv": [4, 6], "uv_size": [1, 4]},
								"down": {"uv": [6, 10], "uv_size": [1, -4]}
							}
						},
						{
							"origin": [-0.475, -1.99926, 1.31866],
							"size": [0.95, 1.5, 0.5],
							"pivot": [0, -1.24926, 1.44366],
							"rotation": [-15, 0, 0],
							"uv": {
								"north": {"uv": [2, 9], "uv_size": [1, 1.5]},
								"east": {"uv": [6, 11], "uv_size": [0.5, 1.5]},
								"south": {"uv": [10, 0], "uv_size": [1, 1.5]},
								"west": {"uv": [8, 11], "uv_size": [0.5, 1.5]},
								"up": {"uv": [12, 0], "uv_size": [1, 0.5]},
								"down": {"uv": [2, 12.5], "uv_size": [1, -0.5]}
							}
						}
					]
				}
			]
		}
	]
}