{
	"format_version": "1.12.0",
	"minecraft:geometry": [
		{
			"description": {
				"identifier": "geometry.unknown",
				"texture_width": 64,
				"texture_height": 64,
				"visible_bounds_width": 3,
				"visible_bounds_height": 1.5,
				"visible_bounds_offset": [0, 0.25, 0]
			},
			"bones": [
				{
					"name": "Sig_Skel",
					"pivot": [0.03857, -2.02227, -12.92701],
					"cubes": [
						{
							"origin": [-0.625, -0.60414, 0.81317],
							"size": [1.25, 0.375, 5.5],
							"uv": {
								"north": {"uv": [22, 7], "uv_size": [1.5, 0.5]},
								"east": {"uv": [12, 8], "uv_size": [5.5, 0.5]},
								"west": {"uv": [0, 14], "uv_size": [5.5, 0.5]},
								"up": {"uv": [6, 0], "uv_size": [1.5, 5.5]},
								"down": {"uv": [6, 12.5], "uv_size": [1.5, -5.5]}
							}
						},
						{
							"origin": [-0.5, -0.35414, 3.81317],
							"size": [1, 0.375, 1.25],
							"pivot": [0.00018, 0.08336, 4.68817],
							"rotation": [-45, 0, 0],
							"uv": {
								"north": {"uv": [26, 16], "uv_size": [1, 0.5]},
								"east": {"uv": [17, 22], "uv_size": [1.5, 0.5]},
								"south": {"uv": [19, 26], "uv_size": [1, 0.5]},
								"west": {"uv": [22, 19], "uv_size": [1.5, 0.5]},
								"up": {"uv": [17, 5], "uv_size": [1, 1.5]},
								"down": {"uv": [15, 19.5], "uv_size": [1, -1.5]}
							}
						},
						{
							"origin": [-0.625, -0.22914, 0.81317],
							"size": [1.25, 0.3125, 1.125],
							"uv": {
								"north": {"uv": [20, 22], "uv_size": [1.5, 0.5]},
								"east": {"uv": [26, 20], "uv_size": [1, 0.5]},
								"south": {"uv": [0, 23], "uv_size": [1.5, 0.5]},
								"west": {"uv": [21, 26], "uv_size": [1, 0.5]}
							}
						},
						{
							"origin": [-0.625, 0.02815, 0.77757],
							"size": [1.25, 0.375, 1.875],
							"uv": {
								"north": {"uv": [3, 23], "uv_size": [1.5, 0.5]},
								"east": {"uv": [6, 20], "uv_size": [2, 0.5]},
								"west": {"uv": [20, 12], "uv_size": [2, 0.5]},
								"up": {"uv": [12, 2], "uv_size": [1.5, 2]},
								"down": {"uv": [12, 7], "uv_size": [1.5, -2]}
							}
						},
						{
							"origin": [-0.625, 0.39586, 2.81317],
							"size": [1.25, 0.375, 6.75],
							"uv": {
								"east": {"uv": [9, 10], "uv_size": [7, 0.5]},
								"west": {"uv": [12, 0], "uv_size": [7, 0.5]},
								"up": {"uv": [0, 0], "uv_size": [1.5, 7]},
								"down": {"uv": [3, 7], "uv_size": [1.5, -7]}
							}
						},
						{
							"origin": [-0.5, 0.14586, 8.2663],
							"size": [1, 0.25, 0.25],
							"uv": {
								"north": {"uv": [26, 22], "uv_size": [1, 0.5]},
								"east": {"uv": [30, 17], "uv_size": [0.5, 0.5]},
								"west": {"uv": [18, 30], "uv_size": [0.5, 0.5]}
							}
						},
						{
							"origin": [-0.5, 0.20836, 8.87567],
							"size": [1, 0.3125, 0.75],
							"uv": {
								"east": {"uv": [26, 24], "uv_size": [1, 0.5]},
								"west": {"uv": [26, 26], "uv_size": [1, 0.5]},
								"down": {"uv": [17, 21], "uv_size": [1, -1]}
							}
						},
						{
							"origin": [-0.5, -0.22914, 4.12567],
							"size": [1, 0.625, 0.5],
							"uv": {
								"north": {"uv": [0, 27], "uv_size": [1, 0.5]},
								"east": {"uv": [30, 19], "uv_size": [0.5, 0.5]},
								"south": {"uv": [27, 0], "uv_size": [1, 0.5]},
								"west": {"uv": [20, 30], "uv_size": [0.5, 0.5]}
							}
						},
						{
							"origin": [-0.625, -1.9174, 8.48627],
							"size": [1.25, 0.41161, 1.26373],
							"inflate": -0.0001,
							"pivot": [-0.12482, -1.6674, 11.77288],
							"rotation": [-45, 0, 0],
							"uv": {
								"east": {"uv": [8, 23], "uv_size": [1.5, 0.5]},
								"west": {"uv": [11, 23], "uv_size": [1.5, 0.5]},
								"up": {"uv": [15, 12], "uv_size": [1.5, 1.5]},
								"down": {"uv": [13, 16.5], "uv_size": [1.5, -1.5]}
							}
						},
						{
							"origin": [-0.625, 0.16781, 2.38761],
							"size": [1.25, 0.41161, 0.63873],
							"pivot": [-0.12482, 0.41781, 2.68868],
							"rotation": [45, 0, 0],
							"uv": {
								"east": {"uv": [30, 21], "uv_size": [0.5, 0.5]},
								"west": {"uv": [30, 23], "uv_size": [0.5, 0.5]},
								"up": {"uv": [23, 12], "uv_size": [1.5, 0.5]},
								"down": {"uv": [14, 23.5], "uv_size": [1.5, -0.5]}
							}
						},
						{
							"origin": [-0.625, -4.62279, 10.11387],
							"size": [1.25, 5, 0.5],
							"uv": {
								"north": {"uv": [0, 8], "uv_size": [1.5, 5]},
								"east": {"uv": [7, 14], "uv_size": [0.5, 5]},
								"south": {"uv": [3, 8], "uv_size": [1.5, 5]},
								"west": {"uv": [15, 2], "uv_size": [0.5, 5]},
								"up": {"uv": [23, 14], "uv_size": [1.5, 0.5]}
							}
						},
						{
							"origin": [-0.625, -4.87279, 10.11387],
							"size": [1.25, 0.25, 0.25],
							"uv": {
								"east": {"uv": [25, 30], "uv_size": [0.5, 0.5]},
								"west": {"uv": [30, 25], "uv_size": [0.5, 0.5]},
								"down": {"uv": [23, 16.5], "uv_size": [1.5, -0.5]}
							}
						},
						{
							"origin": [-0.625, -4.82101, 10.23887],
							"size": [1.25, 0.25, 0.35355],
							"pivot": [-0.12482, -4.69601, 10.36387],
							"rotation": [45, 0, 0],
							"uv": {
								"east": {"uv": [27, 30], "uv_size": [0.5, 0.5]},
								"west": {"uv": [29, 30], "uv_size": [0.5, 0.5]},
								"down": {"uv": [23, 21.5], "uv_size": [1.5, -0.5]}
							}
						},
						{
							"origin": [-0.625, -0.01296, 10.77548],
							"size": [1.25, 0.35355, 0.25],
							"inflate": -0.0001,
							"pivot": [-0.12482, 0.16382, 10.90048],
							"rotation": [45, 0, 0],
							"uv": {
								"east": {"uv": [0, 31], "uv_size": [0.5, 0.5]},
								"south": {"uv": [23, 23], "uv_size": [1.5, 0.5]},
								"west": {"uv": [31, 0], "uv_size": [0.5, 0.5]}
							}
						},
						{
							"origin": [-0.5, -1.81029, 7.86387],
							"size": [1, 0.5, 2],
							"uv": {
								"east": {"uv": [20, 17], "uv_size": [2, 0.5]},
								"south": {"uv": [27, 5], "uv_size": [1, 0.5]},
								"west": {"uv": [19, 20], "uv_size": [2, 0.5]},
								"up": {"uv": [16, 15], "uv_size": [1, 2]},
								"down": {"uv": [17, 4], "uv_size": [1, -2]}
							}
						},
						{
							"origin": [-0.5, -1.31029, 9.98887],
							"size": [1, 0.25, 0.125],
							"uv": {
								"east": {"uv": [31, 4], "uv_size": [0.5, 0.5]},
								"west": {"uv": [31, 10], "uv_size": [0.5, 0.5]},
								"down": {"uv": [13, 27.5], "uv_size": [1, -0.5]}
							}
						},
						{
							"origin": [-0.5, -2.06029, 9.98887],
							"size": [1, 0.25, 0.125],
							"uv": {
								"east": {"uv": [12, 31], "uv_size": [0.5, 0.5]},
								"west": {"uv": [31, 12], "uv_size": [0.5, 0.5]},
								"up": {"uv": [23, 27], "uv_size": [1, 0.5]}
							}
						},
						{
							"origin": [-0.5, -2.56029, 8.23887],
							"size": [1, 0.75, 0.25],
							"uv": {
								"east": {"uv": [2, 28], "uv_size": [0.5, 1]},
								"south": {"uv": [0, 21], "uv_size": [1, 1]},
								"west": {"uv": [28, 2], "uv_size": [0.5, 1]}
							}
						},
						{
							"origin": [-0.5, -2.06029, 8.30137],
							"size": [1, 0.25, 0.25],
							"pivot": [0.00018, -1.93529, 8.61387],
							"rotation": [-45, 0, 0],
							"uv": {
								"east": {"uv": [22, 31], "uv_size": [0.5, 0.5]},
								"south": {"uv": [4, 28], "uv_size": [1, 0.5]},
								"west": {"uv": [31, 27], "uv_size": [0.5, 0.5]}
							}
						},
						{
							"origin": [-0.5, -0.65496, 9.5],
							"size": [1, 0.25, 0.75],
							"pivot": [0.00018, -0.77996, 10.74775],
							"rotation": [45, 0, 0],
							"uv": {
								"east": {"uv": [6, 28], "uv_size": [1, 0.5]},
								"west": {"uv": [28, 7], "uv_size": [1, 0.5]},
								"up": {"uv": [2, 21], "uv_size": [1, 1]},
								"down": {"uv": [4, 22], "uv_size": [1, -1]}
							}
						},
						{
							"origin": [-0.5, -1.84531, 10.07885],
							"size": [1, 0.25, 0.75],
							"pivot": [0.00018, -1.22031, 9.95385],
							"rotation": [-45, 0, 0],
							"uv": {
								"east": {"uv": [8, 28], "uv_size": [1, 0.5]},
								"west": {"uv": [28, 9], "uv_size": [1, 0.5]},
								"up": {"uv": [9, 21], "uv_size": [1, 1]},
								"down": {"uv": [11, 22], "uv_size": [1, -1]}
							}
						},
						{
							"origin": [-0.625, -0.87279, 10.61387],
							"size": [1.25, 1, 0.5],
							"uv": {
								"east": {"uv": [10, 28], "uv_size": [0.5, 1]},
								"south": {"uv": [18, 15], "uv_size": [1.5, 1]},
								"west": {"uv": [15, 28], "uv_size": [0.5, 1]}
							}
						},
						{
							"origin": [-0.625, 0.12721, 10.61387],
							"size": [1.25, 0.25, 0.25],
							"uv": {
								"east": {"uv": [31, 29], "uv_size": [0.5, 0.5]},
								"west": {"uv": [31, 31], "uv_size": [0.5, 0.5]},
								"up": {"uv": [24, 0], "uv_size": [1.5, 0.5]}
							}
						},
						{
							"origin": [-0.625, -2.10455, 10.39372],
							"size": [1.25, 1.375, 0.5],
							"inflate": -0.0001,
							"pivot": [-0.12482, -1.35455, 10.64372],
							"rotation": [-22.5, 0, 0],
							"uv": {
								"east": {"uv": [24, 2], "uv_size": [0.5, 1.5]},
								"south": {"uv": [0, 16], "uv_size": [1.5, 1.5]},
								"west": {"uv": [24, 9], "uv_size": [0.5, 1.5]}
							}
						},
						{
							"origin": [-0.625, -0.06023, 9.81216],
							"size": [1.25, 0.43744, 0.30171],
							"uv": {
								"east": {"uv": [2, 32], "uv_size": [0.5, 0.5]},
								"west": {"uv": [32, 2], "uv_size": [0.5, 0.5]},
								"up": {"uv": [24, 5], "uv_size": [1.5, 0.5]}
							}
						},
						{
							"origin": [-0.625, -4.87279, 9.11387],
							"size": [1.25, 0.5, 1],
							"uv": {
								"east": {"uv": [28, 16], "uv_size": [1, 0.5]},
								"west": {"uv": [17, 28], "uv_size": [1, 0.5]},
								"up": {"uv": [17, 18], "uv_size": [1.5, 1]},
								"down": {"uv": [0, 20], "uv_size": [1.5, -1]}
							}
						},
						{
							"origin": [-0.625, -4.56029, 9.61387],
							"size": [1.25, 0.25, 0.5],
							"pivot": [-0.12482, -4.12279, 9.86387],
							"rotation": [45, 0, 0],
							"uv": {
								"east": {"uv": [4, 32], "uv_size": [0.5, 0.5]},
								"west": {"uv": [6, 32], "uv_size": [0.5, 0.5]},
								"up": {"uv": [17, 24], "uv_size": [1.5, 0.5]}
							}
						},
						{
							"origin": [-0.625, -4.49779, 9.23887],
							"size": [1.25, 0.25, 0.75],
							"pivot": [-0.12482, -3.87279, 9.61387],
							"rotation": [-45, 0, 0],
							"uv": {
								"east": {"uv": [28, 18], "uv_size": [1, 0.5]},
								"west": {"uv": [19, 28], "uv_size": [1, 0.5]},
								"up": {"uv": [19, 2], "uv_size": [1.5, 1]}
							}
						},
						{
							"origin": [-0.375, -4.18529, 9.17637],
							"size": [0.75, 0.25, 0.75],
							"pivot": [-0.37482, -3.37279, 9.61387],
							"rotation": [-45, 0, 0],
							"uv": {
								"east": {"uv": [28, 20], "uv_size": [1, 0.5]},
								"west": {"uv": [21, 28], "uv_size": [1, 0.5]},
								"up": {"uv": [21, 14], "uv_size": [1, 1]}
							}
						},
						{
							"origin": [-0.375, -4.06029, 9.61387],
							"size": [0.75, 0.25, 0.5],
							"pivot": [-0.37482, -3.62279, 9.86387],
							"rotation": [45, 0, 0],
							"uv": {
								"east": {"uv": [32, 6], "uv_size": [0.5, 0.5]},
								"west": {"uv": [8, 32], "uv_size": [0.5, 0.5]},
								"up": {"uv": [28, 22], "uv_size": [1, 0.5]}
							}
						},
						{
							"origin": [-0.375, -4.06029, 9.11387],
							"size": [0.75, 0.1875, 1],
							"uv": {
								"east": {"uv": [28, 24], "uv_size": [1, 0.5]},
								"west": {"uv": [25, 28], "uv_size": [1, 0.5]},
								"up": {"uv": [15, 21], "uv_size": [1, 1]},
								"down": {"uv": [22, 3], "uv_size": [1, -1]}
							}
						},
						{
							"origin": [-0.375, -4.31029, 9.73887],
							"size": [0.75, 0.25, 0.375],
							"uv": {
								"north": {"uv": [28, 26], "uv_size": [1, 0.5]},
								"east": {"uv": [32, 8], "uv_size": [0.5, 0.5]},
								"west": {"uv": [10, 32], "uv_size": [0.5, 0.5]}
							}
						},
						{
							"origin": [-0.375, -4.43529, 9.48887],
							"size": [0.75, 0.125, 0.5],
							"uv": {
								"east": {"uv": [14, 32], "uv_size": [0.5, 0.5]},
								"west": {"uv": [32, 14], "uv_size": [0.5, 0.5]},
								"up": {"uv": [27, 28], "uv_size": [1, 0.5]}
							}
						},
						{
							"origin": [-0.375, -4.31029, 9.30137],
							"size": [0.75, 0.25, 0.1875],
							"uv": {
								"east": {"uv": [16, 32], "uv_size": [0.5, 0.5]},
								"south": {"uv": [0, 29], "uv_size": [1, 0.5]},
								"west": {"uv": [32, 16], "uv_size": [0.5, 0.5]}
							}
						},
						{
							"origin": [-0.375, -4.31029, 9.36387],
							"size": [0.75, 0.25, 0.125],
							"pivot": [-0.125, -4.18529, 9.61387],
							"rotation": [45, 0, 0],
							"uv": {
								"east": {"uv": [18, 32], "uv_size": [0.5, 0.5]},
								"south": {"uv": [29, 0], "uv_size": [1, 0.5]},
								"west": {"uv": [32, 18], "uv_size": [0.5, 0.5]}
							}
						},
						{
							"origin": [-0.375, -4.43529, 9.48887],
							"size": [0.75, 0.125, 0.25],
							"pivot": [-0.125, -4.18529, 9.61387],
							"rotation": [45, 0, 0],
							"uv": {
								"east": {"uv": [20, 32], "uv_size": [0.5, 0.5]},
								"west": {"uv": [32, 20], "uv_size": [0.5, 0.5]},
								"up": {"uv": [29, 4], "uv_size": [1, 0.5]}
							}
						},
						{
							"origin": [-0.375, -4.31029, 9.73887],
							"size": [0.75, 0.25, 0.125],
							"pivot": [-0.125, -4.18529, 9.61387],
							"rotation": [45, 0, 0],
							"uv": {
								"north": {"uv": [29, 11], "uv_size": [1, 0.5]},
								"east": {"uv": [32, 22], "uv_size": [0.5, 0.5]},
								"west": {"uv": [24, 32], "uv_size": [0.5, 0.5]}
							}
						},
						{
							"origin": [-0.375, -4.06029, 9.48887],
							"size": [0.75, 0.125, 0.25],
							"pivot": [-0.125, -4.18529, 9.61387],
							"rotation": [45, 0, 0],
							"uv": {
								"east": {"uv": [32, 24], "uv_size": [0.5, 0.5]},
								"west": {"uv": [26, 32], "uv_size": [0.5, 0.5]},
								"down": {"uv": [12, 29.5], "uv_size": [1, -0.5]}
							}
						},
						{
							"origin": [-0.625, -4.86224, 8.16694],
							"size": [1.25, 3.5, 0.375],
							"pivot": [-0.12482, -2.48724, 8.66694],
							"rotation": [22.5, 0, 0],
							"uv": {
								"north": {"uv": [9, 0], "uv_size": [1.5, 3.5]},
								"east": {"uv": [18, 10], "uv_size": [0.5, 3.5]},
								"south": {"uv": [9, 5], "uv_size": [1.5, 3.5]},
								"west": {"uv": [13, 18], "uv_size": [0.5, 3.5]}
							}
						},
						{
							"origin": [-0.625, -2.14844, 6.67011],
							"size": [1.25, 1.25, 0.375],
							"pivot": [-0.12482, -0.52344, 6.79511],
							"rotation": [45, 0, 0],
							"uv": {
								"north": {"uv": [3, 19], "uv_size": [1.5, 1]},
								"east": {"uv": [29, 13], "uv_size": [0.5, 1]},
								"south": {"uv": [19, 4], "uv_size": [1.5, 1]},
								"west": {"uv": [23, 29], "uv_size": [0.5, 1]}
							}
						},
						{
							"origin": [-0.5, -1.58594, 6.92011],
							"size": [1, 0.5, 2.25],
							"pivot": [0.00018, -0.52344, 6.79511],
							"rotation": [45, 0, 0],
							"uv": {
								"east": {"uv": [20, 0], "uv_size": [2.5, 0.5]},
								"west": {"uv": [20, 10], "uv_size": [2.5, 0.5]},
								"up": {"uv": [9, 15], "uv_size": [1, 2.5]},
								"down": {"uv": [11, 17.5], "uv_size": [1, -2.5]}
							}
						},
						{
							"origin": [-0.625, -1.01563, 6.13186],
							"size": [1.25, 0.375, 1],
							"pivot": [-0.12482, -0.89063, 7.25686],
							"rotation": [-22.5, 0, 0],
							"uv": {
								"north": {"uv": [20, 24], "uv_size": [1.5, 0.5]},
								"east": {"uv": [29, 28], "uv_size": [1, 0.5]},
								"south": {"uv": [0, 25], "uv_size": [1.5, 0.5]},
								"west": {"uv": [2, 30], "uv_size": [1, 0.5]},
								"up": {"uv": [19, 6], "uv_size": [1.5, 1]},
								"down": {"uv": [19, 9], "uv_size": [1.5, -1]}
							}
						}
					]
				},
				{
					"name": "Hinges",
					"parent": "Sig_Skel",
					"pivot": [0, -2, -12.5],
					"cubes": [
						{
							"origin": [0.56878, -1.09375, -0.1875],
							"size": [0.36244, 1.65625, 0.875],
							"pivot": [0.75, 0.0625, 0.25],
							"rotation": [0, -45, 0],
							"uv": {
								"north": {"uv": [3, 25], "uv_size": [0.5, 1.5]},
								"up": {"uv": [30, 2], "uv_size": [0.5, 1]},
								"down": {"uv": [4, 31], "uv_size": [0.5, -1]}
							}
						},
						{
							"origin": [0.56878, -1.09375, -0.1875],
							"size": [0.36244, 1.65625, 0.875],
							"uv": {
								"north": {"uv": [5, 25], "uv_size": [0.5, 1.5]},
								"south": {"uv": [7, 25], "uv_size": [0.5, 1.5]},
								"up": {"uv": [6, 30], "uv_size": [0.5, 1]},
								"down": {"uv": [30, 7], "uv_size": [0.5, -1]}
							}
						},
						{
							"origin": [0.3125, -1.09375, 0.06878],
							"size": [0.875, 1.65625, 0.36244],
							"pivot": [0.75, 0.0625, 0.25],
							"rotation": [0, -45, 0],
							"uv": {
								"west": {"uv": [9, 25], "uv_size": [0.5, 1.5]},
								"up": {"uv": [8, 30], "uv_size": [1, 0.5]},
								"down": {"uv": [30, 8.5], "uv_size": [1, -0.5]}
							}
						},
						{
							"origin": [0.3125, -1.09375, 0.06878],
							"size": [0.875, 1.65625, 0.36244],
							"uv": {
								"west": {"uv": [11, 25], "uv_size": [0.5, 1.5]},
								"up": {"uv": [10, 30], "uv_size": [1, 0.5]},
								"down": {"uv": [14, 30.5], "uv_size": [1, -0.5]}
							}
						},
						{
							"origin": [-0.74853, -1.4375, -0.1875],
							"size": [1.5, 0.34375, 0.875],
							"uv": {
								"north": {"uv": [25, 7], "uv_size": [1.5, 0.5]},
								"east": {"uv": [30, 15], "uv_size": [1, 0.5]},
								"south": {"uv": [13, 25], "uv_size": [1.5, 0.5]},
								"west": {"uv": [16, 30], "uv_size": [1, 0.5]},
								"down": {"uv": [9, 20], "uv_size": [1.5, -1]}
							}
						},
						{
							"origin": [-0.75182, -1.10414, -0.26732],
							"size": [1.5, 1.95138, 0.50358],
							"uv": {
								"north": {"uv": [9, 12], "uv_size": [1.5, 2]},
								"east": {"uv": [22, 4], "uv_size": [0.5, 2]},
								"south": {"uv": [12, 12], "uv_size": [1.5, 2]},
								"west": {"uv": [6, 22], "uv_size": [0.5, 2]},
								"up": {"uv": [25, 18], "uv_size": [1.5, 0.5]},
								"down": {"uv": [23, 25.5], "uv_size": [1.5, -0.5]}
							}
						},
						{
							"origin": [-0.74782, -1.10414, 0.23626],
							"size": [1.496, 1.71242, 0.57691],
							"uv": {
								"east": {"uv": [26, 2], "uv_size": [0.5, 1.5]},
								"south": {"uv": [3, 16], "uv_size": [1.5, 1.5]},
								"west": {"uv": [26, 9], "uv_size": [0.5, 1.5]},
								"down": {"uv": [26, 12.5], "uv_size": [1.5, -0.5]}
							}
						},
						{
							"origin": [-0.74782, 4.97379, -1.78773],
							"size": [1.496, 0.30971, 0.62445],
							"pivot": [0.03857, -2.02227, -11.92701],
							"rotation": [-22.5, 0, 0],
							"uv": {
								"east": {"uv": [28, 32], "uv_size": [0.5, 0.5]},
								"south": {"uv": [26, 14], "uv_size": [1.5, 0.5]},
								"west": {"uv": [0, 33], "uv_size": [0.5, 0.5]},
								"up": {"uv": [16, 26], "uv_size": [1.5, 0.5]}
							}
						}
					]
				}
			]
		}
	]
}