{
	"format_version": "1.12.0",
	"minecraft:geometry": [
		{
			"description": {
				"identifier": "geometry.unknown",
				"texture_width": 32,
				"texture_height": 32,
				"visible_bounds_width": 2,
				"visible_bounds_height": 1.5,
				"visible_bounds_offset": [0, 0.25, 0]
			},
			"bones": [
				{
					"name": "sig_telescoping_stock",
					"pivot": [0, 0, 0]
				},
				{
					"name": "line",
					"parent": "sig_telescoping_stock",
					"pivot": [0, 0, 0],
					"cubes": [
						{
							"origin": [0.75, 0.625, -2],
							"size": [0.25, 0.25, 9],
							"uv": {
								"north": {"uv": [19, 0], "uv_size": [0.5, 0.5]},
								"east": {"uv": [0, 0], "uv_size": [9, 0.5]},
								"south": {"uv": [19, 6], "uv_size": [0.5, 0.5]},
								"west": {"uv": [0, 2], "uv_size": [9, 0.5]},
								"up": {"uv": [0, 4], "uv_size": [0.5, 9]},
								"down": {"uv": [2, 13], "uv_size": [0.5, -9]}
							}
						},
						{
							"origin": [-1, 0.625, -2],
							"size": [0.25, 0.25, 9],
							"uv": {
								"north": {"uv": [8, 19], "uv_size": [0.5, 0.5]},
								"east": {"uv": [4, 4], "uv_size": [9, 0.5]},
								"south": {"uv": [19, 8], "uv_size": [0.5, 0.5]},
								"west": {"uv": [4, 6], "uv_size": [9, 0.5]},
								"up": {"uv": [4, 8], "uv_size": [0.5, 9]},
								"down": {"uv": [6, 17], "uv_size": [0.5, -9]}
							}
						}
					]
				},
				{
					"name": "bone",
					"parent": "sig_telescoping_stock",
					"pivot": [0, 0, 0],
					"cubes": [
						{
							"origin": [-1, -0.625, 0],
							"size": [2, 1.75, 0.25],
							"uv": {
								"north": {"uv": [8, 8], "uv_size": [2, 2]},
								"east": {"uv": [14, 6], "uv_size": [0.5, 2]},
								"south": {"uv": [10, 0], "uv_size": [2, 2]},
								"west": {"uv": [8, 14], "uv_size": [0.5, 2]},
								"up": {"uv": [14, 9], "uv_size": [2, 0.5]},
								"down": {"uv": [10, 14.5], "uv_size": [2, -0.5]}
							}
						},
						{
							"origin": [-1.25, 0.375, 0],
							"size": [0.25, 0.75, 0.25],
							"uv": {
								"north": {"uv": [8, 17], "uv_size": [0.5, 1]},
								"east": {"uv": [17, 8], "uv_size": [0.5, 1]},
								"south": {"uv": [17, 10], "uv_size": [0.5, 1]},
								"west": {"uv": [17, 15], "uv_size": [0.5, 1]},
								"up": {"uv": [10, 19], "uv_size": [0.5, 0.5]},
								"down": {"uv": [19, 10.5], "uv_size": [0.5, -0.5]}
							}
						},
						{
							"origin": [1, 0.375, 0],
							"size": [0.25, 0.75, 0.25],
							"uv": {
								"north": {"uv": [17, 17], "uv_size": [0.5, 1]},
								"east": {"uv": [4, 18], "uv_size": [0.5, 1]},
								"south": {"uv": [6, 18], "uv_size": [0.5, 1]},
								"west": {"uv": [14, 18], "uv_size": [0.5, 1]},
								"up": {"uv": [12, 19], "uv_size": [0.5, 0.5]},
								"down": {"uv": [19, 12.5], "uv_size": [0.5, -0.5]}
							}
						}
					]
				},
				{
					"name": "stock",
					"parent": "sig_telescoping_stock",
					"pivot": [0, 0, 0],
					"cubes": [
						{
							"origin": [-1.0625, 0.5625, 5],
							"size": [2.125, 0.375, 2],
							"uv": {
								"north": {"uv": [14, 11], "uv_size": [2, 0.5]},
								"east": {"uv": [13, 14], "uv_size": [2, 0.5]},
								"south": {"uv": [16, 0], "uv_size": [2, 0.5]},
								"west": {"uv": [16, 6], "uv_size": [2, 0.5]},
								"up": {"uv": [8, 11], "uv_size": [2, 2]},
								"down": {"uv": [11, 10], "uv_size": [2, -2]}
							}
						},
						{
							"origin": [-1, -1.375, 6.5],
							"size": [2, 2, 0.5],
							"uv": {
								"north": {"uv": [11, 11], "uv_size": [2, 2]},
								"east": {"uv": [10, 16], "uv_size": [0.5, 2]},
								"south": {"uv": [13, 0], "uv_size": [2, 2]},
								"west": {"uv": [12, 16], "uv_size": [0.5, 2]},
								"up": {"uv": [16, 13], "uv_size": [2, 0.5]},
								"down": {"uv": [14, 16.5], "uv_size": [2, -0.5]}
							}
						},
						{
							"origin": [-1, -1.39019, 6.32635],
							"size": [2, 2, 0.5],
							"pivot": [0, -0.39019, 6.32635],
							"rotation": [10, 0, 0],
							"uv": {
								"north": {"uv": [0, 14], "uv_size": [2, 2]},
								"east": {"uv": [0, 17], "uv_size": [0.5, 2]},
								"south": {"uv": [14, 3], "uv_size": [2, 2]},
								"west": {"uv": [2, 17], "uv_size": [0.5, 2]},
								"up": {"uv": [17, 2], "uv_size": [2, 0.5]},
								"down": {"uv": [17, 4.5], "uv_size": [2, -0.5]}
							}
						}
					]
				}
			]
		}
	]
}