{
	"format_version": "1.12.0",
	"minecraft:geometry": [
		{
			"description": {
				"identifier": "geometry.unknown",
				"texture_width": 64,
				"texture_height": 64,
				"visible_bounds_width": 3,
				"visible_bounds_height": 1.5,
				"visible_bounds_offset": [0, 0.25, 0]
			},
			"bones": [
				{
					"name": "ftac_hunter",
					"pivot": [0, 0, 0]
				},
				{
					"name": "hexadecagon",
					"parent": "ftac_hunter",
					"pivot": [0, 0, 4],
					"rotation": [0, -90, 0],
					"cubes": [
						{
							"origin": [-4.5, -0.14918, 3.25],
							"size": [9.5, 0.29837, 1.5],
							"pivot": [0, 0, 4],
							"rotation": [45, 0, 0],
							"uv": {
								"north": {"uv": [31, 18], "uv_size": [9.5, 0.5]},
								"east": {"uv": [10, 46], "uv_size": [1.5, 0.5]},
								"south": {"uv": [28, 31], "uv_size": [9.5, 0.5]},
								"west": {"uv": [46, 12], "uv_size": [1.5, 0.5]},
								"up": {"uv": [9, 18], "uv_size": [9.5, 1.5]},
								"down": {"uv": [18, 10.5], "uv_size": [9.5, -1.5]}
							}
						},
						{
							"origin": [-4.5, -0.14918, 3.25],
							"size": [9.5, 0.29837, 1.5],
							"pivot": [0, 0, 4],
							"rotation": [22.5, 0, 0],
							"uv": {
								"north": {"uv": [13, 32], "uv_size": [9.5, 0.5]},
								"east": {"uv": [13, 46], "uv_size": [1.5, 0.5]},
								"south": {"uv": [32, 13], "uv_size": [9.5, 0.5]},
								"west": {"uv": [46, 33], "uv_size": [1.5, 0.5]},
								"up": {"uv": [18, 12], "uv_size": [9.5, 1.5]},
								"down": {"uv": [18, 16.5], "uv_size": [9.5, -1.5]}
							}
						},
						{
							"origin": [-4.5, -0.14918, 3.25],
							"size": [9.5, 0.29837, 1.5],
							"uv": {
								"north": {"uv": [32, 15], "uv_size": [9.5, 0.5]},
								"east": {"uv": [47, 0], "uv_size": [1.5, 0.5]},
								"south": {"uv": [32, 27], "uv_size": [9.5, 0.5]},
								"west": {"uv": [47, 2], "uv_size": [1.5, 0.5]},
								"up": {"uv": [20, 18], "uv_size": [9.5, 1.5]},
								"down": {"uv": [0, 22.5], "uv_size": [9.5, -1.5]}
							}
						},
						{
							"origin": [-4.5, -0.14918, 3.25],
							"size": [9.5, 0.29837, 1.5],
							"pivot": [0, 0, 4],
							"rotation": [-22.5, 0, 0],
							"uv": {
								"north": {"uv": [32, 29], "uv_size": [9.5, 0.5]},
								"east": {"uv": [47, 4], "uv_size": [1.5, 0.5]},
								"south": {"uv": [33, 9], "uv_size": [9.5, 0.5]},
								"west": {"uv": [47, 6], "uv_size": [1.5, 0.5]},
								"up": {"uv": [11, 21], "uv_size": [9.5, 1.5]},
								"down": {"uv": [22, 22.5], "uv_size": [9.5, -1.5]}
							}
						},
						{
							"origin": [-4.5, -0.14918, 3.25],
							"size": [9.5, 0.29837, 1.5],
							"pivot": [0, 0, 4],
							"rotation": [-45, 0, 0],
							"uv": {
								"north": {"uv": [33, 11], "uv_size": [9.5, 0.5]},
								"east": {"uv": [47, 8], "uv_size": [1.5, 0.5]},
								"south": {"uv": [33, 20], "uv_size": [9.5, 0.5]},
								"west": {"uv": [47, 10], "uv_size": [1.5, 0.5]},
								"up": {"uv": [0, 24], "uv_size": [9.5, 1.5]},
								"down": {"uv": [11, 25.5], "uv_size": [9.5, -1.5]}
							}
						},
						{
							"origin": [-4.5, -0.75, 3.85082],
							"size": [9.5, 1.5, 0.29837],
							"pivot": [0, 0, 4],
							"rotation": [22.5, 0, 0],
							"uv": {
								"north": {"uv": [22, 24], "uv_size": [9.5, 1.5]},
								"east": {"uv": [16, 47], "uv_size": [0.5, 1.5]},
								"south": {"uv": [0, 27], "uv_size": [9.5, 1.5]},
								"west": {"uv": [18, 47], "uv_size": [0.5, 1.5]},
								"up": {"uv": [33, 22], "uv_size": [9.5, 0.5]},
								"down": {"uv": [24, 33.5], "uv_size": [9.5, -0.5]}
							}
						},
						{
							"origin": [-4.5, -0.75, 3.85082],
							"size": [9.5, 1.5, 0.29837],
							"uv": {
								"north": {"uv": [27, 0], "uv_size": [9.5, 1.5]},
								"east": {"uv": [47, 19], "uv_size": [0.5, 1.5]},
								"south": {"uv": [27, 3], "uv_size": [9.5, 1.5]},
								"west": {"uv": [20, 47], "uv_size": [0.5, 1.5]},
								"up": {"uv": [33, 24], "uv_size": [9.5, 0.5]},
								"down": {"uv": [13, 34.5], "uv_size": [9.5, -0.5]}
							}
						},
						{
							"origin": [-4.5, -0.75, 3.85082],
							"size": [9.5, 1.5, 0.29837],
							"pivot": [0, 0, 4],
							"rotation": [-22.5, 0, 0],
							"uv": {
								"north": {"uv": [27, 6], "uv_size": [9.5, 1.5]},
								"east": {"uv": [47, 22], "uv_size": [0.5, 1.5]},
								"south": {"uv": [11, 27], "uv_size": [9.5, 1.5]},
								"west": {"uv": [47, 35], "uv_size": [0.5, 1.5]},
								"up": {"uv": [24, 35], "uv_size": [9.5, 0.5]},
								"down": {"uv": [35, 33.5], "uv_size": [9.5, -0.5]}
							}
						}
					]
				},
				{
					"name": "hexadecagon2",
					"parent": "ftac_hunter",
					"pivot": [0, 0, 5.5],
					"rotation": [0, -90, 0],
					"cubes": [
						{
							"origin": [-4.5, -0.19891, 4.5],
							"size": [8, 0.39782, 2],
							"pivot": [0, 0, 5.5],
							"rotation": [45, 0, 0],
							"uv": {
								"north": {"uv": [13, 30], "uv_size": [8, 0.5]},
								"east": {"uv": [44, 8], "uv_size": [2, 0.5]},
								"south": {"uv": [9, 36], "uv_size": [8, 0.5]},
								"west": {"uv": [10, 44], "uv_size": [2, 0.5]},
								"up": {"uv": [0, 0], "uv_size": [8, 2]},
								"down": {"uv": [0, 5], "uv_size": [8, -2]}
							}
						},
						{
							"origin": [-4.5, -0.19891, 4.5],
							"size": [8, 0.39782, 2],
							"pivot": [0, 0, 5.5],
							"rotation": [22.5, 0, 0],
							"uv": {
								"north": {"uv": [18, 37], "uv_size": [8, 0.5]},
								"east": {"uv": [44, 10], "uv_size": [2, 0.5]},
								"south": {"uv": [38, 0], "uv_size": [8, 0.5]},
								"west": {"uv": [13, 44], "uv_size": [2, 0.5]},
								"up": {"uv": [0, 6], "uv_size": [8, 2]},
								"down": {"uv": [0, 11], "uv_size": [8, -2]}
							}
						},
						{
							"origin": [-4.5, -0.19891, 4.5],
							"size": [8, 0.39782, 2],
							"uv": {
								"north": {"uv": [38, 2], "uv_size": [8, 0.5]},
								"east": {"uv": [44, 19], "uv_size": [2, 0.5]},
								"south": {"uv": [38, 4], "uv_size": [8, 0.5]},
								"west": {"uv": [44, 21], "uv_size": [2, 0.5]},
								"up": {"uv": [9, 0], "uv_size": [8, 2]},
								"down": {"uv": [9, 5], "uv_size": [8, -2]}
							}
						},
						{
							"origin": [-4.5, -0.19891, 4.5],
							"size": [8, 0.39782, 2],
							"pivot": [0, 0, 5.5],
							"rotation": [-22.5, 0, 0],
							"uv": {
								"north": {"uv": [38, 6], "uv_size": [8, 0.5]},
								"east": {"uv": [44, 23], "uv_size": [2, 0.5]},
								"south": {"uv": [9, 38], "uv_size": [8, 0.5]},
								"west": {"uv": [44, 41], "uv_size": [2, 0.5]},
								"up": {"uv": [9, 6], "uv_size": [8, 2]},
								"down": {"uv": [9, 11], "uv_size": [8, -2]}
							}
						},
						{
							"origin": [-4.5, -0.19891, 4.5],
							"size": [8, 0.39782, 2],
							"pivot": [0, 0, 5.5],
							"rotation": [-45, 0, 0],
							"uv": {
								"north": {"uv": [38, 35], "uv_size": [8, 0.5]},
								"east": {"uv": [16, 45], "uv_size": [2, 0.5]},
								"south": {"uv": [38, 37], "uv_size": [8, 0.5]},
								"west": {"uv": [19, 45], "uv_size": [2, 0.5]},
								"up": {"uv": [0, 12], "uv_size": [8, 2]},
								"down": {"uv": [9, 14], "uv_size": [8, -2]}
							}
						},
						{
							"origin": [-4.5, -1, 5.30109],
							"size": [8, 2, 0.39782],
							"pivot": [0, 0, 5.5],
							"rotation": [22.5, 0, 0],
							"uv": {
								"north": {"uv": [0, 15], "uv_size": [8, 2]},
								"east": {"uv": [22, 45], "uv_size": [0.5, 2]},
								"south": {"uv": [9, 15], "uv_size": [8, 2]},
								"west": {"uv": [24, 45], "uv_size": [0.5, 2]},
								"up": {"uv": [0, 39], "uv_size": [8, 0.5]},
								"down": {"uv": [18, 39.5], "uv_size": [8, -0.5]}
							}
						},
						{
							"origin": [-4.5, -1, 5.30109],
							"size": [8, 2, 0.39782],
							"uv": {
								"north": {"uv": [0, 18], "uv_size": [8, 2]},
								"east": {"uv": [26, 45], "uv_size": [0.5, 2]},
								"south": {"uv": [18, 0], "uv_size": [8, 2]},
								"west": {"uv": [28, 45], "uv_size": [0.5, 2]},
								"up": {"uv": [27, 39], "uv_size": [8, 0.5]},
								"down": {"uv": [39, 31.5], "uv_size": [8, -0.5]}
							}
						},
						{
							"origin": [-4.5, -1, 5.30109],
							"size": [8, 2, 0.39782],
							"pivot": [0, 0, 5.5],
							"rotation": [-22.5, 0, 0],
							"uv": {
								"north": {"uv": [18, 3], "uv_size": [8, 2]},
								"east": {"uv": [30, 45], "uv_size": [0.5, 2]},
								"south": {"uv": [18, 6], "uv_size": [8, 2]},
								"west": {"uv": [32, 45], "uv_size": [0.5, 2]},
								"up": {"uv": [36, 39], "uv_size": [8, 0.5]},
								"down": {"uv": [9, 40.5], "uv_size": [8, -0.5]}
							}
						}
					]
				},
				{
					"name": "bone",
					"parent": "ftac_hunter",
					"pivot": [0, 0, 0],
					"cubes": [
						{
							"origin": [-1, -4, 8],
							"size": [2, 4, 1],
							"uv": {
								"north": {"uv": [22, 27], "uv_size": [2, 4]},
								"east": {"uv": [0, 41], "uv_size": [1, 4]},
								"south": {"uv": [25, 27], "uv_size": [2, 4]},
								"west": {"uv": [2, 41], "uv_size": [1, 4]},
								"up": {"uv": [14, 42], "uv_size": [2, 1]},
								"down": {"uv": [43, 14], "uv_size": [2, -1]}
							}
						},
						{
							"origin": [-0.75, -2.25, 1.25],
							"size": [1.5, 2.25, 2.75],
							"uv": {
								"north": {"uv": [18, 41], "uv_size": [1.5, 2.5]},
								"east": {"uv": [28, 27], "uv_size": [3, 2.5]},
								"south": {"uv": [21, 41], "uv_size": [1.5, 2.5]},
								"west": {"uv": [29, 9], "uv_size": [3, 2.5]},
								"up": {"uv": [6, 35], "uv_size": [1.5, 3]},
								"down": {"uv": [35, 38], "uv_size": [1.5, -3]}
							}
						},
						{
							"origin": [-0.75, -1, 4],
							"size": [1.5, 0.5, 4],
							"uv": {
								"north": {"uv": [0, 48], "uv_size": [1.5, 0.5]},
								"east": {"uv": [43, 15], "uv_size": [4, 0.5]},
								"south": {"uv": [3, 48], "uv_size": [1.5, 0.5]},
								"west": {"uv": [43, 26], "uv_size": [4, 0.5]},
								"up": {"uv": [29, 13], "uv_size": [1.5, 4]},
								"down": {"uv": [6, 34], "uv_size": [1.5, -4]}
							}
						},
						{
							"origin": [-0.5, -1.25, 4],
							"size": [1, 0.25, 4],
							"uv": {
								"north": {"uv": [12, 48], "uv_size": [1, 0.5]},
								"east": {"uv": [43, 28], "uv_size": [4, 0.5]},
								"south": {"uv": [14, 48], "uv_size": [1, 0.5]},
								"west": {"uv": [38, 43], "uv_size": [4, 0.5]},
								"up": {"uv": [4, 41], "uv_size": [1, 4]},
								"down": {"uv": [6, 45], "uv_size": [1, -4]}
							}
						},
						{
							"origin": [-0.5, -3.5, 7.25],
							"size": [1, 2.25, 0.75],
							"uv": {
								"north": {"uv": [30, 41], "uv_size": [1, 2.5]},
								"east": {"uv": [32, 41], "uv_size": [1, 2.5]},
								"south": {"uv": [34, 41], "uv_size": [1, 2.5]},
								"west": {"uv": [36, 41], "uv_size": [1, 2.5]},
								"up": {"uv": [33, 37], "uv_size": [1, 1]},
								"down": {"uv": [38, 46], "uv_size": [1, -1]}
							}
						},
						{
							"origin": [-0.5, -1.8125, 6.375],
							"size": [1, 0.75, 0.75],
							"pivot": [0, -0.6875, 6.75],
							"rotation": [45, 0, 0],
							"uv": {
								"north": {"uv": [45, 43], "uv_size": [1, 1]},
								"east": {"uv": [45, 45], "uv_size": [1, 1]},
								"south": {"uv": [0, 46], "uv_size": [1, 1]},
								"west": {"uv": [2, 46], "uv_size": [1, 1]},
								"up": {"uv": [4, 46], "uv_size": [1, 1]},
								"down": {"uv": [6, 47], "uv_size": [1, -1]}
							}
						},
						{
							"origin": [-0.5, -2, 4],
							"size": [1, 0.75, 0.25],
							"uv": {
								"north": {"uv": [45, 39], "uv_size": [1, 1]},
								"east": {"uv": [22, 48], "uv_size": [0.5, 1]},
								"south": {"uv": [40, 45], "uv_size": [1, 1]},
								"west": {"uv": [24, 48], "uv_size": [0.5, 1]},
								"up": {"uv": [48, 25], "uv_size": [1, 0.5]},
								"down": {"uv": [26, 48.5], "uv_size": [1, -0.5]}
							}
						},
						{
							"origin": [-0.75, -3.5, 7.5],
							"size": [1.5, 2.5, 0.5],
							"uv": {
								"north": {"uv": [24, 41], "uv_size": [1.5, 2.5]},
								"east": {"uv": [43, 43], "uv_size": [0.5, 2.5]},
								"south": {"uv": [27, 41], "uv_size": [1.5, 2.5]},
								"west": {"uv": [8, 44], "uv_size": [0.5, 2.5]},
								"up": {"uv": [6, 48], "uv_size": [1.5, 0.5]},
								"down": {"uv": [9, 48.5], "uv_size": [1.5, -0.5]}
							}
						},
						{
							"origin": [-0.75, -3.16829, 3.66488],
							"size": [1.5, 0.49038, 4.59618],
							"pivot": [0, -2.9279, 6.03988],
							"rotation": [-22.5, 0, 0],
							"uv": {
								"north": {"uv": [47, 44], "uv_size": [1.5, 0.5]},
								"east": {"uv": [8, 42], "uv_size": [4.5, 0.5]},
								"south": {"uv": [47, 46], "uv_size": [1.5, 0.5]},
								"west": {"uv": [42, 17], "uv_size": [4.5, 0.5]},
								"up": {"uv": [0, 30], "uv_size": [1.5, 4.5]},
								"down": {"uv": [3, 34.5], "uv_size": [1.5, -4.5]}
							}
						},
						{
							"origin": [-0.5, -2.68391, 3.41488],
							"size": [1, 0.25601, 4.84618],
							"pivot": [0, -2.9279, 6.03988],
							"rotation": [-22.5, 0, 0],
							"uv": {
								"north": {"uv": [48, 14], "uv_size": [1, 0.5]},
								"east": {"uv": [27, 37], "uv_size": [5, 0.5]},
								"south": {"uv": [48, 16], "uv_size": [1, 0.5]},
								"west": {"uv": [38, 41], "uv_size": [5, 0.5]},
								"up": {"uv": [9, 30], "uv_size": [1, 5]},
								"down": {"uv": [11, 35], "uv_size": [1, -5]}
							}
						},
						{
							"origin": [-0.75, -2, 1],
							"size": [1.5, 2, 0.25],
							"uv": {
								"north": {"uv": [0, 36], "uv_size": [1.5, 2]},
								"east": {"uv": [34, 45], "uv_size": [0.5, 2]},
								"south": {"uv": [3, 36], "uv_size": [1.5, 2]},
								"west": {"uv": [36, 45], "uv_size": [0.5, 2]},
								"up": {"uv": [38, 47], "uv_size": [1.5, 0.5]},
								"down": {"uv": [47, 38.5], "uv_size": [1.5, -0.5]}
							}
						},
						{
							"origin": [-0.75, -2.177, 1.07332],
							"size": [1.5, 0.354, 0.354],
							"pivot": [0, -2, 1.25032],
							"rotation": [45, 0, 0],
							"uv": {
								"north": {"uv": [47, 40], "uv_size": [1.5, 0.5]},
								"east": {"uv": [48, 27], "uv_size": [0.5, 0.5]},
								"south": {"uv": [41, 47], "uv_size": [1.5, 0.5]},
								"west": {"uv": [28, 48], "uv_size": [0.5, 0.5]},
								"up": {"uv": [47, 42], "uv_size": [1.5, 0.5]},
								"down": {"uv": [44, 47.5], "uv_size": [1.5, -0.5]}
							}
						}
					]
				}
			]
		}
	]
}