{
	"format_version": "1.12.0",
	"minecraft:geometry": [
		{
			"description": {
				"identifier": "geometry.unknown",
				"texture_width": 64,
				"texture_height": 64,
				"visible_bounds_width": 3,
				"visible_bounds_height": 1.5,
				"visible_bounds_offset": [0, 0.25, 0]
			},
			"bones": [
				{
					"name": "ftac_stalker",
					"pivot": [0, 0, 0]
				},
				{
					"name": "hexadecagon",
					"parent": "ftac_stalker",
					"pivot": [0, 0, 2.5],
					"rotation": [0, -90, 0],
					"cubes": [
						{
							"origin": [-3, -0.14918, 1.75],
							"size": [8.5, 0.29837, 1.5],
							"pivot": [0, 0, 2.5],
							"rotation": [45, 0, 0],
							"uv": {
								"north": {"uv": [26, 15], "uv_size": [8.5, 0.5]},
								"east": {"uv": [41, 30], "uv_size": [1.5, 0.5]},
								"south": {"uv": [18, 27], "uv_size": [8.5, 0.5]},
								"west": {"uv": [32, 41], "uv_size": [1.5, 0.5]},
								"up": {"uv": [16, 12], "uv_size": [8.5, 1.5]},
								"down": {"uv": [16, 16.5], "uv_size": [8.5, -1.5]}
							}
						},
						{
							"origin": [-3, -0.14918, 1.75],
							"size": [8.5, 0.29837, 1.5],
							"pivot": [0, 0, 2.5],
							"rotation": [22.5, 0, 0],
							"uv": {
								"north": {"uv": [28, 27], "uv_size": [8.5, 0.5]},
								"east": {"uv": [41, 35], "uv_size": [1.5, 0.5]},
								"south": {"uv": [18, 29], "uv_size": [8.5, 0.5]},
								"west": {"uv": [41, 37], "uv_size": [1.5, 0.5]},
								"up": {"uv": [0, 18], "uv_size": [8.5, 1.5]},
								"down": {"uv": [10, 19.5], "uv_size": [8.5, -1.5]}
							}
						},
						{
							"origin": [-3, -0.14918, 1.75],
							"size": [8.5, 0.29837, 1.5],
							"uv": {
								"north": {"uv": [28, 29], "uv_size": [8.5, 0.5]},
								"east": {"uv": [38, 41], "uv_size": [1.5, 0.5]},
								"south": {"uv": [30, 17], "uv_size": [8.5, 0.5]},
								"west": {"uv": [41, 39], "uv_size": [1.5, 0.5]},
								"up": {"uv": [20, 18], "uv_size": [8.5, 1.5]},
								"down": {"uv": [0, 22.5], "uv_size": [8.5, -1.5]}
							}
						},
						{
							"origin": [-3, -0.14918, 1.75],
							"size": [8.5, 0.29837, 1.5],
							"pivot": [0, 0, 2.5],
							"rotation": [-22.5, 0, 0],
							"uv": {
								"north": {"uv": [30, 19], "uv_size": [8.5, 0.5]},
								"east": {"uv": [41, 41], "uv_size": [1.5, 0.5]},
								"south": {"uv": [30, 21], "uv_size": [8.5, 0.5]},
								"west": {"uv": [42, 4], "uv_size": [1.5, 0.5]},
								"up": {"uv": [10, 21], "uv_size": [8.5, 1.5]},
								"down": {"uv": [20, 22.5], "uv_size": [8.5, -1.5]}
							}
						},
						{
							"origin": [-3, -0.14918, 1.75],
							"size": [8.5, 0.29837, 1.5],
							"pivot": [0, 0, 2.5],
							"rotation": [-45, 0, 0],
							"uv": {
								"north": {"uv": [30, 23], "uv_size": [8.5, 0.5]},
								"east": {"uv": [42, 6], "uv_size": [1.5, 0.5]},
								"south": {"uv": [30, 25], "uv_size": [8.5, 0.5]},
								"west": {"uv": [42, 8], "uv_size": [1.5, 0.5]},
								"up": {"uv": [0, 24], "uv_size": [8.5, 1.5]},
								"down": {"uv": [24, 1.5], "uv_size": [8.5, -1.5]}
							}
						},
						{
							"origin": [-3, -0.75, 2.35082],
							"size": [8.5, 1.5, 0.29837],
							"pivot": [0, 0, 2.5],
							"rotation": [22.5, 0, 0],
							"uv": {
								"north": {"uv": [24, 3], "uv_size": [8.5, 1.5]},
								"east": {"uv": [35, 42], "uv_size": [0.5, 1.5]},
								"south": {"uv": [24, 6], "uv_size": [8.5, 1.5]},
								"west": {"uv": [0, 43], "uv_size": [0.5, 1.5]},
								"up": {"uv": [18, 31], "uv_size": [8.5, 0.5]},
								"down": {"uv": [28, 31.5], "uv_size": [8.5, -0.5]}
							}
						},
						{
							"origin": [-3, -0.75, 2.35082],
							"size": [8.5, 1.5, 0.29837],
							"uv": {
								"north": {"uv": [24, 9], "uv_size": [8.5, 1.5]},
								"east": {"uv": [2, 43], "uv_size": [0.5, 1.5]},
								"south": {"uv": [10, 24], "uv_size": [8.5, 1.5]},
								"west": {"uv": [4, 43], "uv_size": [0.5, 1.5]},
								"up": {"uv": [0, 32], "uv_size": [8.5, 0.5]},
								"down": {"uv": [10, 33.5], "uv_size": [8.5, -0.5]}
							}
						},
						{
							"origin": [-3, -0.75, 2.35082],
							"size": [8.5, 1.5, 0.29837],
							"pivot": [0, 0, 2.5],
							"rotation": [-22.5, 0, 0],
							"uv": {
								"north": {"uv": [20, 24], "uv_size": [8.5, 1.5]},
								"east": {"uv": [6, 43], "uv_size": [0.5, 1.5]},
								"south": {"uv": [26, 12], "uv_size": [8.5, 1.5]},
								"west": {"uv": [8, 43], "uv_size": [0.5, 1.5]},
								"up": {"uv": [20, 33], "uv_size": [8.5, 0.5]},
								"down": {"uv": [30, 33.5], "uv_size": [8.5, -0.5]}
							}
						}
					]
				},
				{
					"name": "hexadecagon2",
					"parent": "ftac_stalker",
					"pivot": [0, 0, 4],
					"rotation": [0, -90, 0],
					"cubes": [
						{
							"origin": [-3, -0.19891, 3],
							"size": [7, 0.39782, 2],
							"pivot": [0, 0, 4],
							"rotation": [45, 0, 0],
							"uv": {
								"north": {"uv": [34, 5], "uv_size": [7, 0.5]},
								"east": {"uv": [40, 25], "uv_size": [2, 0.5]},
								"south": {"uv": [34, 7], "uv_size": [7, 0.5]},
								"west": {"uv": [40, 33], "uv_size": [2, 0.5]},
								"up": {"uv": [0, 0], "uv_size": [7, 2]},
								"down": {"uv": [0, 5], "uv_size": [7, -2]}
							}
						},
						{
							"origin": [-3, -0.19891, 3],
							"size": [7, 0.39782, 2],
							"pivot": [0, 0, 4],
							"rotation": [22.5, 0, 0],
							"uv": {
								"north": {"uv": [34, 9], "uv_size": [7, 0.5]},
								"east": {"uv": [0, 41], "uv_size": [2, 0.5]},
								"south": {"uv": [6, 35], "uv_size": [7, 0.5]},
								"west": {"uv": [3, 41], "uv_size": [2, 0.5]},
								"up": {"uv": [0, 6], "uv_size": [7, 2]},
								"down": {"uv": [8, 2], "uv_size": [7, -2]}
							}
						},
						{
							"origin": [-3, -0.19891, 3],
							"size": [7, 0.39782, 2],
							"uv": {
								"north": {"uv": [14, 35], "uv_size": [7, 0.5]},
								"east": {"uv": [6, 41], "uv_size": [2, 0.5]},
								"south": {"uv": [22, 35], "uv_size": [7, 0.5]},
								"west": {"uv": [9, 41], "uv_size": [2, 0.5]},
								"up": {"uv": [8, 3], "uv_size": [7, 2]},
								"down": {"uv": [8, 8], "uv_size": [7, -2]}
							}
						},
						{
							"origin": [-3, -0.19891, 3],
							"size": [7, 0.39782, 2],
							"pivot": [0, 0, 4],
							"rotation": [-22.5, 0, 0],
							"uv": {
								"north": {"uv": [30, 35], "uv_size": [7, 0.5]},
								"east": {"uv": [12, 41], "uv_size": [2, 0.5]},
								"south": {"uv": [36, 0], "uv_size": [7, 0.5]},
								"west": {"uv": [15, 41], "uv_size": [2, 0.5]},
								"up": {"uv": [0, 9], "uv_size": [7, 2]},
								"down": {"uv": [8, 11], "uv_size": [7, -2]}
							}
						},
						{
							"origin": [-3, -0.19891, 3],
							"size": [7, 0.39782, 2],
							"pivot": [0, 0, 4],
							"rotation": [-45, 0, 0],
							"uv": {
								"north": {"uv": [36, 2], "uv_size": [7, 0.5]},
								"east": {"uv": [18, 41], "uv_size": [2, 0.5]},
								"south": {"uv": [36, 11], "uv_size": [7, 0.5]},
								"west": {"uv": [21, 41], "uv_size": [2, 0.5]},
								"up": {"uv": [0, 12], "uv_size": [7, 2]},
								"down": {"uv": [8, 14], "uv_size": [7, -2]}
							}
						},
						{
							"origin": [-3, -1, 3.80109],
							"size": [7, 2, 0.39782],
							"pivot": [0, 0, 4],
							"rotation": [22.5, 0, 0],
							"uv": {
								"north": {"uv": [0, 15], "uv_size": [7, 2]},
								"east": {"uv": [36, 39], "uv_size": [0.5, 2]},
								"south": {"uv": [8, 15], "uv_size": [7, 2]},
								"west": {"uv": [24, 41], "uv_size": [0.5, 2]},
								"up": {"uv": [36, 13], "uv_size": [7, 0.5]},
								"down": {"uv": [36, 15.5], "uv_size": [7, -0.5]}
							}
						},
						{
							"origin": [-3, -1, 3.80109],
							"size": [7, 2, 0.39782],
							"uv": {
								"north": {"uv": [16, 0], "uv_size": [7, 2]},
								"east": {"uv": [26, 41], "uv_size": [0.5, 2]},
								"south": {"uv": [16, 3], "uv_size": [7, 2]},
								"west": {"uv": [41, 27], "uv_size": [0.5, 2]},
								"up": {"uv": [6, 37], "uv_size": [7, 0.5]},
								"down": {"uv": [14, 37.5], "uv_size": [7, -0.5]}
							}
						},
						{
							"origin": [-3, -1, 3.80109],
							"size": [7, 2, 0.39782],
							"pivot": [0, 0, 4],
							"rotation": [-22.5, 0, 0],
							"uv": {
								"north": {"uv": [16, 6], "uv_size": [7, 2]},
								"east": {"uv": [28, 41], "uv_size": [0.5, 2]},
								"south": {"uv": [16, 9], "uv_size": [7, 2]},
								"west": {"uv": [30, 41], "uv_size": [0.5, 2]},
								"up": {"uv": [22, 37], "uv_size": [7, 0.5]},
								"down": {"uv": [30, 37.5], "uv_size": [7, -0.5]}
							}
						}
					]
				},
				{
					"name": "other",
					"parent": "ftac_stalker",
					"pivot": [0, 0, 0],
					"cubes": [
						{
							"origin": [-1, -4, 7],
							"size": [2, 4, 1],
							"uv": {
								"north": {"uv": [0, 27], "uv_size": [2, 4]},
								"east": {"uv": [0, 34], "uv_size": [1, 4]},
								"south": {"uv": [3, 27], "uv_size": [2, 4]},
								"west": {"uv": [34, 0], "uv_size": [1, 4]},
								"up": {"uv": [12, 39], "uv_size": [2, 1]},
								"down": {"uv": [15, 40], "uv_size": [2, -1]}
							}
						},
						{
							"origin": [-1, -3.95578, 6.33592],
							"size": [2, 4, 1],
							"pivot": [0, -1.45578, 6.83592],
							"rotation": [15, 0, 0],
							"uv": {
								"north": {"uv": [6, 27], "uv_size": [2, 4]},
								"east": {"uv": [2, 34], "uv_size": [1, 4]},
								"south": {"uv": [9, 27], "uv_size": [2, 4]},
								"west": {"uv": [4, 34], "uv_size": [1, 4]},
								"up": {"uv": [18, 39], "uv_size": [2, 1]},
								"down": {"uv": [21, 40], "uv_size": [2, -1]}
							}
						},
						{
							"origin": [-0.75, -1, 1],
							"size": [1.5, 1, 2],
							"uv": {
								"north": {"uv": [40, 17], "uv_size": [1.5, 1]},
								"east": {"uv": [24, 39], "uv_size": [2, 1]},
								"south": {"uv": [40, 19], "uv_size": [1.5, 1]},
								"west": {"uv": [27, 39], "uv_size": [2, 1]},
								"up": {"uv": [38, 27], "uv_size": [1.5, 2]},
								"down": {"uv": [38, 32], "uv_size": [1.5, -2]}
							}
						},
						{
							"origin": [-0.75, -1.37217, 1.1107],
							"size": [1.5, 1.125, 2],
							"pivot": [0, -0.87217, 2.1107],
							"rotation": [-20, 0, 0],
							"uv": {
								"north": {"uv": [40, 21], "uv_size": [1.5, 1]},
								"east": {"uv": [30, 39], "uv_size": [2, 1]},
								"south": {"uv": [40, 23], "uv_size": [1.5, 1]},
								"west": {"uv": [33, 39], "uv_size": [2, 1]},
								"up": {"uv": [38, 35], "uv_size": [1.5, 2]},
								"down": {"uv": [38, 40], "uv_size": [1.5, -2]}
							}
						},
						{
							"origin": [-0.75, -1.37217, 3.1107],
							"size": [1.5, 0.25, 4.25],
							"pivot": [0, -0.87217, 2.1107],
							"rotation": [-20, 0, 0],
							"uv": {
								"north": {"uv": [10, 43], "uv_size": [1.5, 0.5]},
								"east": {"uv": [0, 39], "uv_size": [4.5, 0.5]},
								"south": {"uv": [13, 43], "uv_size": [1.5, 0.5]},
								"west": {"uv": [6, 39], "uv_size": [4.5, 0.5]},
								"up": {"uv": [12, 27], "uv_size": [1.5, 4.5]},
								"down": {"uv": [15, 31.5], "uv_size": [1.5, -4.5]}
							}
						}
					]
				}
			]
		}
	]
}