{
	"format_version": "1.12.0",
	"minecraft:geometry": [
		{
			"description": {
				"identifier": "geometry.unknown",
				"texture_width": 128,
				"texture_height": 128,
				"visible_bounds_width": 64,
				"visible_bounds_height": 1.5,
				"visible_bounds_offset": [0, 0.25, 0]
			},
			"bones": [
				{
					"name": "tac_laser",
					"pivot": [0, 0, 0]
				},
				{
					"name": "base",
					"parent": "tac_laser",
					"pivot": [0, 0, 0],
					"cubes": [
						{
							"origin": [0.125, -0.875, -1.5],
							"size": [0.75, 1.75, 3],
							"uv": {
								"north": {"uv": [10, 13], "uv_size": [1, 2]},
								"east": {"uv": [4, 4], "uv_size": [3, 2]},
								"south": {"uv": [14, 4], "uv_size": [1, 2]},
								"west": {"uv": [4, 7], "uv_size": [3, 2]},
								"up": {"uv": [12, 4], "uv_size": [1, 3]},
								"down": {"uv": [12, 11], "uv_size": [1, -3]}
							}
						},
						{
							"origin": [0.125, 0.875, -1.5],
							"size": [0.75, 0.125, 3],
							"uv": {
								"north": {"uv": [22, 18], "uv_size": [1, 0.5]},
								"east": {"uv": [14, 7], "uv_size": [3, 0.5]},
								"south": {"uv": [20, 22], "uv_size": [1, 0.5]},
								"west": {"uv": [14, 9], "uv_size": [3, 0.5]},
								"up": {"uv": [12, 12], "uv_size": [1, 3]},
								"down": {"uv": [4, 16], "uv_size": [1, -3]}
							}
						},
						{
							"origin": [0.80034, 0.8125, -1.5],
							"size": [0.17678, 0.11774, 3],
							"pivot": [0.92188, 0.875, 0],
							"rotation": [0, 0, 45],
							"uv": {
								"north": {"uv": [4, 27], "uv_size": [0.5, 0.5]},
								"east": {"uv": [14, 11], "uv_size": [3, 0.5]},
								"south": {"uv": [27, 4], "uv_size": [0.5, 0.5]},
								"west": {"uv": [14, 13], "uv_size": [3, 0.5]},
								"up": {"uv": [14, 15], "uv_size": [0.5, 3]},
								"down": {"uv": [10, 19], "uv_size": [0.5, -3]}
							}
						},
						{
							"origin": [0.00346, 0.85938, -1.5],
							"size": [0.17678, 0.11774, 3],
							"pivot": [0.125, 0.92188, 0],
							"rotation": [0, 0, -45],
							"uv": {
								"north": {"uv": [10, 27], "uv_size": [0.5, 0.5]},
								"east": {"uv": [16, 4], "uv_size": [3, 0.5]},
								"south": {"uv": [12, 27], "uv_size": [0.5, 0.5]},
								"west": {"uv": [16, 15], "uv_size": [3, 0.5]},
								"up": {"uv": [12, 16], "uv_size": [0.5, 3]},
								"down": {"uv": [4, 20], "uv_size": [0.5, -3]}
							}
						},
						{
							"origin": [0.13216, -0.67825, -1.5],
							"size": [0.17678, 0.11584, 3],
							"pivot": [0.50134, -0.89844, 0],
							"rotation": [0, 0, 135],
							"uv": {
								"north": {"uv": [14, 27], "uv_size": [0.5, 0.5]},
								"east": {"uv": [6, 17], "uv_size": [3, 0.5]},
								"south": {"uv": [16, 27], "uv_size": [0.5, 0.5]},
								"west": {"uv": [16, 17], "uv_size": [3, 0.5]},
								"up": {"uv": [18, 6], "uv_size": [0.5, 3]},
								"down": {"uv": [18, 13], "uv_size": [0.5, -3]}
							}
						},
						{
							"origin": [0.69564, -0.68015, -1.5],
							"size": [0.17678, 0.11964, 3],
							"pivot": [0.50134, -0.89844, 0],
							"rotation": [0, 0, -135],
							"uv": {
								"north": {"uv": [18, 27], "uv_size": [0.5, 0.5]},
								"east": {"uv": [6, 19], "uv_size": [3, 0.5]},
								"south": {"uv": [6, 28], "uv_size": [0.5, 0.5]},
								"west": {"uv": [14, 19], "uv_size": [3, 0.5]},
								"up": {"uv": [18, 19], "uv_size": [0.5, 3]},
								"down": {"uv": [20, 7], "uv_size": [0.5, -3]}
							}
						},
						{
							"origin": [0.125, -1, -1.5],
							"size": [0.75, 0.125, 3],
							"uv": {
								"north": {"uv": [22, 20], "uv_size": [1, 0.5]},
								"east": {"uv": [20, 8], "uv_size": [3, 0.5]},
								"south": {"uv": [22, 22], "uv_size": [1, 0.5]},
								"west": {"uv": [10, 20], "uv_size": [3, 0.5]},
								"up": {"uv": [6, 13], "uv_size": [1, 3]},
								"down": {"uv": [8, 16], "uv_size": [1, -3]}
							}
						},
						{
							"origin": [0.875, -0.875, -1.5],
							"size": [0.125, 1.75, 3],
							"uv": {
								"north": {"uv": [6, 21], "uv_size": [0.5, 2]},
								"east": {"uv": [8, 4], "uv_size": [3, 2]},
								"south": {"uv": [8, 21], "uv_size": [0.5, 2]},
								"west": {"uv": [8, 7], "uv_size": [3, 2]},
								"up": {"uv": [20, 10], "uv_size": [0.5, 3]},
								"down": {"uv": [20, 17], "uv_size": [0.5, -3]}
							}
						},
						{
							"origin": [1, -0.6875, -1.5],
							"size": [0.125, 0.125, 1.98438],
							"uv": {
								"north": {"uv": [28, 6], "uv_size": [0.5, 0.5]},
								"east": {"uv": [14, 21], "uv_size": [2, 0.5]},
								"south": {"uv": [8, 28], "uv_size": [0.5, 0.5]},
								"west": {"uv": [22, 4], "uv_size": [2, 0.5]},
								"up": {"uv": [10, 22], "uv_size": [0.5, 2]},
								"down": {"uv": [22, 12], "uv_size": [0.5, -2]}
							}
						},
						{
							"origin": [1, -0.28125, 0.26563],
							"size": [0.125, 0.125, 0.85938],
							"pivot": [1.0625, -0.21875, 0.875],
							"rotation": [45, 0, 0],
							"uv": {
								"north": {"uv": [28, 8], "uv_size": [0.5, 0.5]},
								"east": {"uv": [14, 23], "uv_size": [1, 0.5]},
								"south": {"uv": [28, 10], "uv_size": [0.5, 0.5]},
								"west": {"uv": [16, 23], "uv_size": [1, 0.5]},
								"up": {"uv": [18, 23], "uv_size": [0.5, 1]},
								"down": {"uv": [6, 25], "uv_size": [0.5, -1]}
							}
						},
						{
							"origin": [1, -0.125, 1],
							"size": [0.125, 0.125, 0.5],
							"uv": {
								"north": {"uv": [28, 12], "uv_size": [0.5, 0.5]},
								"east": {"uv": [28, 14], "uv_size": [0.5, 0.5]},
								"south": {"uv": [28, 16], "uv_size": [0.5, 0.5]},
								"west": {"uv": [28, 18], "uv_size": [0.5, 0.5]},
								"up": {"uv": [20, 28], "uv_size": [0.5, 0.5]},
								"down": {"uv": [28, 20.5], "uv_size": [0.5, -0.5]}
							}
						},
						{
							"origin": [0, -0.875, -1.5],
							"size": [0.125, 1.75, 3],
							"uv": {
								"north": {"uv": [12, 22], "uv_size": [0.5, 2]},
								"east": {"uv": [4, 10], "uv_size": [3, 2]},
								"south": {"uv": [22, 13], "uv_size": [0.5, 2]},
								"west": {"uv": [8, 10], "uv_size": [3, 2]},
								"up": {"uv": [20, 18], "uv_size": [0.5, 3]},
								"down": {"uv": [4, 24], "uv_size": [0.5, -3]}
							}
						}
					]
				},
				{
					"name": "hexadecagon2",
					"parent": "base",
					"pivot": [0.5, 0.5, -1.625],
					"rotation": [0, 90, 0],
					"cubes": [
						{
							"origin": [0.3125, 0.42541, -2],
							"size": [0.375, 0.14918, 0.75],
							"pivot": [0.5, 0.5, -1.625],
							"rotation": [45, 0, 0],
							"uv": {
								"north": {"uv": [22, 28], "uv_size": [0.5, 0.5]},
								"east": {"uv": [24, 6], "uv_size": [1, 0.5]},
								"south": {"uv": [28, 22], "uv_size": [0.5, 0.5]},
								"west": {"uv": [8, 24], "uv_size": [1, 0.5]},
								"up": {"uv": [24, 8], "uv_size": [0.5, 1]},
								"down": {"uv": [24, 11], "uv_size": [0.5, -1]}
							}
						},
						{
							"origin": [0.3125, 0.42541, -2],
							"size": [0.375, 0.14918, 0.75],
							"pivot": [0.5, 0.5, -1.625],
							"rotation": [22.5, 0, 0],
							"uv": {
								"north": {"uv": [24, 28], "uv_size": [0.5, 0.5]},
								"east": {"uv": [24, 12], "uv_size": [1, 0.5]},
								"south": {"uv": [28, 24], "uv_size": [0.5, 0.5]},
								"west": {"uv": [24, 14], "uv_size": [1, 0.5]},
								"up": {"uv": [24, 16], "uv_size": [0.5, 1]},
								"down": {"uv": [24, 19], "uv_size": [0.5, -1]}
							}
						},
						{
							"origin": [0.3125, 0.42541, -2],
							"size": [0.375, 0.14918, 0.75],
							"uv": {
								"north": {"uv": [26, 28], "uv_size": [0.5, 0.5]},
								"east": {"uv": [20, 24], "uv_size": [1, 0.5]},
								"south": {"uv": [28, 26], "uv_size": [0.5, 0.5]},
								"west": {"uv": [24, 20], "uv_size": [1, 0.5]},
								"up": {"uv": [22, 24], "uv_size": [0.5, 1]},
								"down": {"uv": [24, 23], "uv_size": [0.5, -1]}
							}
						},
						{
							"origin": [0.3125, 0.42541, -2],
							"size": [0.375, 0.14918, 0.75],
							"pivot": [0.5, 0.5, -1.625],
							"rotation": [-22.5, 0, 0],
							"uv": {
								"north": {"uv": [28, 28], "uv_size": [0.5, 0.5]},
								"east": {"uv": [24, 24], "uv_size": [1, 0.5]},
								"south": {"uv": [4, 29], "uv_size": [0.5, 0.5]},
								"west": {"uv": [4, 25], "uv_size": [1, 0.5]},
								"up": {"uv": [25, 4], "uv_size": [0.5, 1]},
								"down": {"uv": [10, 26], "uv_size": [0.5, -1]}
							}
						},
						{
							"origin": [0.3125, 0.42541, -2],
							"size": [0.375, 0.14918, 0.75],
							"pivot": [0.5, 0.5, -1.625],
							"rotation": [-45, 0, 0],
							"uv": {
								"north": {"uv": [29, 4], "uv_size": [0.5, 0.5]},
								"east": {"uv": [12, 25], "uv_size": [1, 0.5]},
								"south": {"uv": [10, 29], "uv_size": [0.5, 0.5]},
								"west": {"uv": [14, 25], "uv_size": [1, 0.5]},
								"up": {"uv": [16, 25], "uv_size": [0.5, 1]},
								"down": {"uv": [18, 26], "uv_size": [0.5, -1]}
							}
						},
						{
							"origin": [0.3125, 0.125, -1.69959],
							"size": [0.375, 0.75, 0.14918],
							"pivot": [0.5, 0.5, -1.625],
							"rotation": [22.5, 0, 0],
							"uv": {
								"north": {"uv": [6, 26], "uv_size": [0.5, 1]},
								"east": {"uv": [26, 6], "uv_size": [0.5, 1]},
								"south": {"uv": [8, 26], "uv_size": [0.5, 1]},
								"west": {"uv": [26, 8], "uv_size": [0.5, 1]},
								"up": {"uv": [12, 29], "uv_size": [0.5, 0.5]},
								"down": {"uv": [14, 29.5], "uv_size": [0.5, -0.5]}
							}
						},
						{
							"origin": [0.3125, 0.125, -1.69959],
							"size": [0.375, 0.75, 0.14918],
							"uv": {
								"north": {"uv": [26, 10], "uv_size": [0.5, 1]},
								"east": {"uv": [26, 12], "uv_size": [0.5, 1]},
								"south": {"uv": [26, 14], "uv_size": [0.5, 1]},
								"west": {"uv": [26, 16], "uv_size": [0.5, 1]},
								"up": {"uv": [16, 29], "uv_size": [0.5, 0.5]},
								"down": {"uv": [18, 29.5], "uv_size": [0.5, -0.5]}
							}
						},
						{
							"origin": [0.3125, 0.125, -1.69959],
							"size": [0.375, 0.75, 0.14918],
							"pivot": [0.5, 0.5, -1.625],
							"rotation": [-22.5, 0, 0],
							"uv": {
								"north": {"uv": [26, 18], "uv_size": [0.5, 1]},
								"east": {"uv": [20, 26], "uv_size": [0.5, 1]},
								"south": {"uv": [26, 20], "uv_size": [0.5, 1]},
								"west": {"uv": [22, 26], "uv_size": [0.5, 1]},
								"up": {"uv": [6, 30], "uv_size": [0.5, 0.5]},
								"down": {"uv": [30, 6.5], "uv_size": [0.5, -0.5]}
							}
						}
					]
				},
				{
					"name": "hexadecagon",
					"parent": "base",
					"pivot": [0.5, 0.5, -1.875],
					"rotation": [0, 90, 0],
					"cubes": [
						{
							"origin": [0.4375, 0.42541, -2.25],
							"size": [0.125, 0.14918, 0.125],
							"pivot": [0.5, 0.5, -1.875],
							"rotation": [45, 0, 0],
							"uv": {
								"north": {"uv": [8, 30], "uv_size": [0.5, 0.5]},
								"east": {"uv": [30, 8], "uv_size": [0.5, 0.5]},
								"south": {"uv": [30, 10], "uv_size": [0.5, 0.5]},
								"west": {"uv": [30, 12], "uv_size": [0.5, 0.5]},
								"up": {"uv": [30, 14], "uv_size": [0.5, 0.5]},
								"down": {"uv": [30, 16.5], "uv_size": [0.5, -0.5]}
							}
						},
						{
							"origin": [0.4375, 0.42541, -2.25],
							"size": [0.125, 0.14918, 0.125],
							"pivot": [0.5, 0.5, -1.875],
							"rotation": [22.5, 0, 0],
							"uv": {
								"north": {"uv": [30, 18], "uv_size": [0.5, 0.5]},
								"east": {"uv": [20, 30], "uv_size": [0.5, 0.5]},
								"south": {"uv": [30, 20], "uv_size": [0.5, 0.5]},
								"west": {"uv": [22, 30], "uv_size": [0.5, 0.5]},
								"up": {"uv": [30, 22], "uv_size": [0.5, 0.5]},
								"down": {"uv": [24, 30.5], "uv_size": [0.5, -0.5]}
							}
						},
						{
							"origin": [0.4375, 0.42541, -2.25],
							"size": [0.125, 0.14918, 0.125],
							"uv": {
								"north": {"uv": [30, 24], "uv_size": [0.5, 0.5]},
								"east": {"uv": [26, 30], "uv_size": [0.5, 0.5]},
								"south": {"uv": [30, 26], "uv_size": [0.5, 0.5]},
								"west": {"uv": [28, 30], "uv_size": [0.5, 0.5]},
								"up": {"uv": [30, 28], "uv_size": [0.5, 0.5]},
								"down": {"uv": [30, 30.5], "uv_size": [0.5, -0.5]}
							}
						},
						{
							"origin": [0.4375, 0.42541, -2.25],
							"size": [0.125, 0.14918, 0.125],
							"pivot": [0.5, 0.5, -1.875],
							"rotation": [-22.5, 0, 0],
							"uv": {
								"north": {"uv": [4, 31], "uv_size": [0.5, 0.5]},
								"east": {"uv": [31, 4], "uv_size": [0.5, 0.5]},
								"south": {"uv": [10, 31], "uv_size": [0.5, 0.5]},
								"west": {"uv": [12, 31], "uv_size": [0.5, 0.5]},
								"up": {"uv": [14, 31], "uv_size": [0.5, 0.5]},
								"down": {"uv": [16, 31.5], "uv_size": [0.5, -0.5]}
							}
						},
						{
							"origin": [0.4375, 0.42541, -2.25],
							"size": [0.125, 0.14918, 0.125],
							"pivot": [0.5, 0.5, -1.875],
							"rotation": [-45, 0, 0],
							"uv": {
								"north": {"uv": [18, 31], "uv_size": [0.5, 0.5]},
								"east": {"uv": [6, 32], "uv_size": [0.5, 0.5]},
								"south": {"uv": [32, 6], "uv_size": [0.5, 0.5]},
								"west": {"uv": [8, 32], "uv_size": [0.5, 0.5]},
								"up": {"uv": [32, 8], "uv_size": [0.5, 0.5]},
								"down": {"uv": [32, 10.5], "uv_size": [0.5, -0.5]}
							}
						},
						{
							"origin": [0.4375, 0.42541, -1.625],
							"size": [0.125, 0.14918, 0.125],
							"pivot": [0.5, 0.5, -1.875],
							"rotation": [45, 0, 0],
							"uv": {
								"north": {"uv": [32, 12], "uv_size": [0.5, 0.5]},
								"east": {"uv": [32, 14], "uv_size": [0.5, 0.5]},
								"south": {"uv": [32, 16], "uv_size": [0.5, 0.5]},
								"west": {"uv": [32, 18], "uv_size": [0.5, 0.5]},
								"up": {"uv": [20, 32], "uv_size": [0.5, 0.5]},
								"down": {"uv": [32, 20.5], "uv_size": [0.5, -0.5]}
							}
						},
						{
							"origin": [0.4375, 0.42541, -1.625],
							"size": [0.125, 0.14918, 0.125],
							"pivot": [0.5, 0.5, -1.875],
							"rotation": [22.5, 0, 0],
							"uv": {
								"north": {"uv": [22, 32], "uv_size": [0.5, 0.5]},
								"east": {"uv": [32, 22], "uv_size": [0.5, 0.5]},
								"south": {"uv": [24, 32], "uv_size": [0.5, 0.5]},
								"west": {"uv": [32, 24], "uv_size": [0.5, 0.5]},
								"up": {"uv": [26, 32], "uv_size": [0.5, 0.5]},
								"down": {"uv": [32, 26.5], "uv_size": [0.5, -0.5]}
							}
						},
						{
							"origin": [0.4375, 0.42541, -1.625],
							"size": [0.125, 0.14918, 0.125],
							"uv": {
								"north": {"uv": [28, 32], "uv_size": [0.5, 0.5]},
								"east": {"uv": [32, 28], "uv_size": [0.5, 0.5]},
								"south": {"uv": [30, 32], "uv_size": [0.5, 0.5]},
								"west": {"uv": [32, 30], "uv_size": [0.5, 0.5]},
								"up": {"uv": [32, 32], "uv_size": [0.5, 0.5]},
								"down": {"uv": [4, 33.5], "uv_size": [0.5, -0.5]}
							}
						},
						{
							"origin": [0.4375, 0.42541, -1.625],
							"size": [0.125, 0.14918, 0.125],
							"pivot": [0.5, 0.5, -1.875],
							"rotation": [-22.5, 0, 0],
							"uv": {
								"north": {"uv": [33, 4], "uv_size": [0.5, 0.5]},
								"east": {"uv": [10, 33], "uv_size": [0.5, 0.5]},
								"south": {"uv": [12, 33], "uv_size": [0.5, 0.5]},
								"west": {"uv": [14, 33], "uv_size": [0.5, 0.5]},
								"up": {"uv": [16, 33], "uv_size": [0.5, 0.5]},
								"down": {"uv": [18, 33.5], "uv_size": [0.5, -0.5]}
							}
						},
						{
							"origin": [0.4375, 0.42541, -1.625],
							"size": [0.125, 0.14918, 0.125],
							"pivot": [0.5, 0.5, -1.875],
							"rotation": [-45, 0, 0],
							"uv": {
								"north": {"uv": [6, 34], "uv_size": [0.5, 0.5]},
								"east": {"uv": [34, 6], "uv_size": [0.5, 0.5]},
								"south": {"uv": [8, 34], "uv_size": [0.5, 0.5]},
								"west": {"uv": [34, 8], "uv_size": [0.5, 0.5]},
								"up": {"uv": [34, 10], "uv_size": [0.5, 0.5]},
								"down": {"uv": [34, 12.5], "uv_size": [0.5, -0.5]}
							}
						},
						{
							"origin": [0.4375, 0.125, -1.94959],
							"size": [0.125, 0.125, 0.14918],
							"pivot": [0.5, 0.5, -1.875],
							"rotation": [22.5, 0, 0],
							"uv": {
								"north": {"uv": [34, 14], "uv_size": [0.5, 0.5]},
								"east": {"uv": [34, 16], "uv_size": [0.5, 0.5]},
								"south": {"uv": [34, 18], "uv_size": [0.5, 0.5]},
								"west": {"uv": [20, 34], "uv_size": [0.5, 0.5]},
								"up": {"uv": [34, 20], "uv_size": [0.5, 0.5]},
								"down": {"uv": [22, 34.5], "uv_size": [0.5, -0.5]}
							}
						},
						{
							"origin": [0.4375, 0.125, -1.94959],
							"size": [0.125, 0.125, 0.14918],
							"uv": {
								"north": {"uv": [34, 22], "uv_size": [0.5, 0.5]},
								"east": {"uv": [24, 34], "uv_size": [0.5, 0.5]},
								"south": {"uv": [34, 24], "uv_size": [0.5, 0.5]},
								"west": {"uv": [26, 34], "uv_size": [0.5, 0.5]},
								"up": {"uv": [34, 26], "uv_size": [0.5, 0.5]},
								"down": {"uv": [28, 34.5], "uv_size": [0.5, -0.5]}
							}
						},
						{
							"origin": [0.4375, 0.125, -1.94959],
							"size": [0.125, 0.125, 0.14918],
							"pivot": [0.5, 0.5, -1.875],
							"rotation": [-22.5, 0, 0],
							"uv": {
								"north": {"uv": [34, 28], "uv_size": [0.5, 0.5]},
								"east": {"uv": [30, 34], "uv_size": [0.5, 0.5]},
								"south": {"uv": [34, 30], "uv_size": [0.5, 0.5]},
								"west": {"uv": [32, 34], "uv_size": [0.5, 0.5]},
								"up": {"uv": [34, 32], "uv_size": [0.5, 0.5]},
								"down": {"uv": [34, 34.5], "uv_size": [0.5, -0.5]}
							}
						},
						{
							"origin": [0.4375, 0.75, -1.94959],
							"size": [0.125, 0.125, 0.14918],
							"pivot": [0.5, 0.5, -1.875],
							"rotation": [22.5, 0, 0],
							"uv": {
								"north": {"uv": [4, 35], "uv_size": [0.5, 0.5]},
								"east": {"uv": [35, 4], "uv_size": [0.5, 0.5]},
								"south": {"uv": [10, 35], "uv_size": [0.5, 0.5]},
								"west": {"uv": [12, 35], "uv_size": [0.5, 0.5]},
								"up": {"uv": [14, 35], "uv_size": [0.5, 0.5]},
								"down": {"uv": [16, 35.5], "uv_size": [0.5, -0.5]}
							}
						},
						{
							"origin": [0.4375, 0.75, -1.94959],
							"size": [0.125, 0.125, 0.14918],
							"uv": {
								"north": {"uv": [18, 35], "uv_size": [0.5, 0.5]},
								"east": {"uv": [6, 36], "uv_size": [0.5, 0.5]},
								"south": {"uv": [36, 6], "uv_size": [0.5, 0.5]},
								"west": {"uv": [8, 36], "uv_size": [0.5, 0.5]},
								"up": {"uv": [36, 8], "uv_size": [0.5, 0.5]},
								"down": {"uv": [36, 10.5], "uv_size": [0.5, -0.5]}
							}
						},
						{
							"origin": [0.4375, 0.75, -1.94959],
							"size": [0.125, 0.125, 0.14918],
							"pivot": [0.5, 0.5, -1.875],
							"rotation": [-22.5, 0, 0],
							"uv": {
								"north": {"uv": [36, 12], "uv_size": [0.5, 0.5]},
								"east": {"uv": [36, 14], "uv_size": [0.5, 0.5]},
								"south": {"uv": [36, 16], "uv_size": [0.5, 0.5]},
								"west": {"uv": [36, 18], "uv_size": [0.5, 0.5]},
								"up": {"uv": [20, 36], "uv_size": [0.5, 0.5]},
								"down": {"uv": [36, 20.5], "uv_size": [0.5, -0.5]}
							}
						}
					]
				},
				{
					"name": "button1",
					"parent": "base",
					"pivot": [1.0625, -0.5, 1.125],
					"cubes": [
						{
							"origin": [1, -0.54973, 0.875],
							"size": [0.125, 0.09946, 0.5],
							"pivot": [1.0625, -0.5, 1.125],
							"rotation": [45, 0, 0],
							"uv": {
								"north": {"uv": [22, 36], "uv_size": [0.5, 0.5]},
								"east": {"uv": [36, 22], "uv_size": [0.5, 0.5]},
								"south": {"uv": [24, 36], "uv_size": [0.5, 0.5]},
								"west": {"uv": [36, 24], "uv_size": [0.5, 0.5]},
								"up": {"uv": [26, 36], "uv_size": [0.5, 0.5]},
								"down": {"uv": [36, 26.5], "uv_size": [0.5, -0.5]}
							}
						},
						{
							"origin": [1, -0.54973, 0.875],
							"size": [0.125, 0.09946, 0.5],
							"pivot": [1.0625, -0.5, 1.125],
							"rotation": [22.5, 0, 0],
							"uv": {
								"north": {"uv": [28, 36], "uv_size": [0.5, 0.5]},
								"east": {"uv": [36, 28], "uv_size": [0.5, 0.5]},
								"south": {"uv": [30, 36], "uv_size": [0.5, 0.5]},
								"west": {"uv": [36, 30], "uv_size": [0.5, 0.5]},
								"up": {"uv": [32, 36], "uv_size": [0.5, 0.5]},
								"down": {"uv": [36, 32.5], "uv_size": [0.5, -0.5]}
							}
						},
						{
							"origin": [1, -0.54973, 0.875],
							"size": [0.125, 0.09946, 0.5],
							"uv": {
								"north": {"uv": [34, 36], "uv_size": [0.5, 0.5]},
								"east": {"uv": [36, 34], "uv_size": [0.5, 0.5]},
								"south": {"uv": [36, 36], "uv_size": [0.5, 0.5]},
								"west": {"uv": [4, 37], "uv_size": [0.5, 0.5]},
								"up": {"uv": [37, 4], "uv_size": [0.5, 0.5]},
								"down": {"uv": [10, 37.5], "uv_size": [0.5, -0.5]}
							}
						},
						{
							"origin": [1, -0.54973, 0.875],
							"size": [0.125, 0.09946, 0.5],
							"pivot": [1.0625, -0.5, 1.125],
							"rotation": [-22.5, 0, 0],
							"uv": {
								"north": {"uv": [12, 37], "uv_size": [0.5, 0.5]},
								"east": {"uv": [14, 37], "uv_size": [0.5, 0.5]},
								"south": {"uv": [16, 37], "uv_size": [0.5, 0.5]},
								"west": {"uv": [18, 37], "uv_size": [0.5, 0.5]},
								"up": {"uv": [6, 38], "uv_size": [0.5, 0.5]},
								"down": {"uv": [38, 6.5], "uv_size": [0.5, -0.5]}
							}
						},
						{
							"origin": [1, -0.54973, 0.875],
							"size": [0.125, 0.09946, 0.5],
							"pivot": [1.0625, -0.5, 1.125],
							"rotation": [-45, 0, 0],
							"uv": {
								"north": {"uv": [8, 38], "uv_size": [0.5, 0.5]},
								"east": {"uv": [38, 8], "uv_size": [0.5, 0.5]},
								"south": {"uv": [38, 10], "uv_size": [0.5, 0.5]},
								"west": {"uv": [38, 12], "uv_size": [0.5, 0.5]},
								"up": {"uv": [38, 14], "uv_size": [0.5, 0.5]},
								"down": {"uv": [38, 16.5], "uv_size": [0.5, -0.5]}
							}
						},
						{
							"origin": [1, -0.75, 1.07527],
							"size": [0.125, 0.5, 0.09946],
							"pivot": [1.0625, -0.5, 1.125],
							"rotation": [22.5, 0, 0],
							"uv": {
								"north": {"uv": [38, 18], "uv_size": [0.5, 0.5]},
								"east": {"uv": [20, 38], "uv_size": [0.5, 0.5]},
								"south": {"uv": [38, 20], "uv_size": [0.5, 0.5]},
								"west": {"uv": [22, 38], "uv_size": [0.5, 0.5]},
								"up": {"uv": [38, 22], "uv_size": [0.5, 0.5]},
								"down": {"uv": [24, 38.5], "uv_size": [0.5, -0.5]}
							}
						},
						{
							"origin": [1, -0.75, 1.07527],
							"size": [0.125, 0.5, 0.09946],
							"uv": {
								"north": {"uv": [38, 24], "uv_size": [0.5, 0.5]},
								"east": {"uv": [26, 38], "uv_size": [0.5, 0.5]},
								"south": {"uv": [38, 26], "uv_size": [0.5, 0.5]},
								"west": {"uv": [28, 38], "uv_size": [0.5, 0.5]},
								"up": {"uv": [38, 28], "uv_size": [0.5, 0.5]},
								"down": {"uv": [30, 38.5], "uv_size": [0.5, -0.5]}
							}
						},
						{
							"origin": [1, -0.75, 1.07527],
							"size": [0.125, 0.5, 0.09946],
							"pivot": [1.0625, -0.5, 1.125],
							"rotation": [-22.5, 0, 0],
							"uv": {
								"north": {"uv": [38, 30], "uv_size": [0.5, 0.5]},
								"east": {"uv": [32, 38], "uv_size": [0.5, 0.5]},
								"south": {"uv": [38, 32], "uv_size": [0.5, 0.5]},
								"west": {"uv": [34, 38], "uv_size": [0.5, 0.5]},
								"up": {"uv": [38, 34], "uv_size": [0.5, 0.5]},
								"down": {"uv": [36, 38.5], "uv_size": [0.5, -0.5]}
							}
						}
					]
				},
				{
					"name": "button2",
					"parent": "base",
					"pivot": [0.5, 0.5, 1.625],
					"rotation": [0, 90, 0],
					"cubes": [
						{
							"origin": [0.375, 0.45027, 1.375],
							"size": [0.25, 0.09946, 0.5],
							"pivot": [0.5, 0.5, 1.625],
							"rotation": [45, 0, 0],
							"uv": {
								"north": {"uv": [38, 36], "uv_size": [0.5, 0.5]},
								"east": {"uv": [38, 38], "uv_size": [0.5, 0.5]},
								"south": {"uv": [4, 39], "uv_size": [0.5, 0.5]},
								"west": {"uv": [39, 4], "uv_size": [0.5, 0.5]},
								"up": {"uv": [10, 39], "uv_size": [0.5, 0.5]},
								"down": {"uv": [12, 39.5], "uv_size": [0.5, -0.5]}
							}
						},
						{
							"origin": [0.375, 0.45027, 1.375],
							"size": [0.25, 0.09946, 0.5],
							"pivot": [0.5, 0.5, 1.625],
							"rotation": [22.5, 0, 0],
							"uv": {
								"north": {"uv": [14, 39], "uv_size": [0.5, 0.5]},
								"east": {"uv": [16, 39], "uv_size": [0.5, 0.5]},
								"south": {"uv": [18, 39], "uv_size": [0.5, 0.5]},
								"west": {"uv": [6, 40], "uv_size": [0.5, 0.5]},
								"up": {"uv": [40, 6], "uv_size": [0.5, 0.5]},
								"down": {"uv": [8, 40.5], "uv_size": [0.5, -0.5]}
							}
						},
						{
							"origin": [0.375, 0.45027, 1.375],
							"size": [0.25, 0.09946, 0.5],
							"uv": {
								"north": {"uv": [40, 8], "uv_size": [0.5, 0.5]},
								"east": {"uv": [40, 10], "uv_size": [0.5, 0.5]},
								"south": {"uv": [40, 12], "uv_size": [0.5, 0.5]},
								"west": {"uv": [40, 14], "uv_size": [0.5, 0.5]},
								"up": {"uv": [40, 16], "uv_size": [0.5, 0.5]},
								"down": {"uv": [40, 18.5], "uv_size": [0.5, -0.5]}
							}
						},
						{
							"origin": [0.375, 0.45027, 1.375],
							"size": [0.25, 0.09946, 0.5],
							"pivot": [0.5, 0.5, 1.625],
							"rotation": [-22.5, 0, 0],
							"uv": {
								"north": {"uv": [20, 40], "uv_size": [0.5, 0.5]},
								"east": {"uv": [40, 20], "uv_size": [0.5, 0.5]},
								"south": {"uv": [22, 40], "uv_size": [0.5, 0.5]},
								"west": {"uv": [40, 22], "uv_size": [0.5, 0.5]},
								"up": {"uv": [24, 40], "uv_size": [0.5, 0.5]},
								"down": {"uv": [40, 24.5], "uv_size": [0.5, -0.5]}
							}
						},
						{
							"origin": [0.375, 0.45027, 1.375],
							"size": [0.25, 0.09946, 0.5],
							"pivot": [0.5, 0.5, 1.625],
							"rotation": [-45, 0, 0],
							"uv": {
								"north": {"uv": [26, 40], "uv_size": [0.5, 0.5]},
								"east": {"uv": [40, 26], "uv_size": [0.5, 0.5]},
								"south": {"uv": [28, 40], "uv_size": [0.5, 0.5]},
								"west": {"uv": [40, 28], "uv_size": [0.5, 0.5]},
								"up": {"uv": [30, 40], "uv_size": [0.5, 0.5]},
								"down": {"uv": [40, 30.5], "uv_size": [0.5, -0.5]}
							}
						},
						{
							"origin": [0.375, 0.25, 1.57527],
							"size": [0.25, 0.5, 0.09946],
							"pivot": [0.5, 0.5, 1.625],
							"rotation": [22.5, 0, 0],
							"uv": {
								"north": {"uv": [32, 40], "uv_size": [0.5, 0.5]},
								"east": {"uv": [40, 32], "uv_size": [0.5, 0.5]},
								"south": {"uv": [34, 40], "uv_size": [0.5, 0.5]},
								"west": {"uv": [40, 34], "uv_size": [0.5, 0.5]},
								"up": {"uv": [36, 40], "uv_size": [0.5, 0.5]},
								"down": {"uv": [40, 36.5], "uv_size": [0.5, -0.5]}
							}
						},
						{
							"origin": [0.375, 0.25, 1.57527],
							"size": [0.25, 0.5, 0.09946],
							"uv": {
								"north": {"uv": [38, 40], "uv_size": [0.5, 0.5]},
								"east": {"uv": [40, 38], "uv_size": [0.5, 0.5]},
								"south": {"uv": [40, 40], "uv_size": [0.5, 0.5]},
								"west": {"uv": [4, 41], "uv_size": [0.5, 0.5]},
								"up": {"uv": [41, 4], "uv_size": [0.5, 0.5]},
								"down": {"uv": [10, 41.5], "uv_size": [0.5, -0.5]}
							}
						},
						{
							"origin": [0.375, 0.25, 1.57527],
							"size": [0.25, 0.5, 0.09946],
							"pivot": [0.5, 0.5, 1.625],
							"rotation": [-22.5, 0, 0],
							"uv": {
								"north": {"uv": [12, 41], "uv_size": [0.5, 0.5]},
								"east": {"uv": [14, 41], "uv_size": [0.5, 0.5]},
								"south": {"uv": [16, 41], "uv_size": [0.5, 0.5]},
								"west": {"uv": [18, 41], "uv_size": [0.5, 0.5]},
								"up": {"uv": [6, 42], "uv_size": [0.5, 0.5]},
								"down": {"uv": [42, 6.5], "uv_size": [0.5, -0.5]}
							}
						}
					]
				},
				{
					"name": "wtfisthis",
					"parent": "base",
					"pivot": [0, 0, 0],
					"cubes": [
						{
							"origin": [1, -0.375, -1.25],
							"size": [0.125, 0.75, 1],
							"uv": {
								"north": {"uv": [26, 22], "uv_size": [0.5, 1]},
								"east": {"uv": [22, 6], "uv_size": [1, 1]},
								"south": {"uv": [24, 26], "uv_size": [0.5, 1]},
								"west": {"uv": [22, 16], "uv_size": [1, 1]},
								"up": {"uv": [26, 24], "uv_size": [0.5, 1]},
								"down": {"uv": [26, 27], "uv_size": [0.5, -1]}
							}
						}
					]
				},
				{
					"name": "laser_illuminated",
					"parent": "tac_laser",
					"pivot": [0, 0, 0],
					"cubes": [
						{
							"origin": [0.43751, 0.43751, -513.5],
							"size": [0.125, 0.125, 512],
							"uv": {
								"north": {"uv": [8, 42], "uv_size": [0.5, 0.5]},
								"east": {"uv": [0, 0], "uv_size": [96.5, 0.5]},
								"south": {"uv": [42, 8], "uv_size": [0.5, 0.5]},
								"west": {"uv": [0, 2], "uv_size": [96.5, 0.5]},
								"up": {"uv": [0, 4], "uv_size": [0.5, 96.5]},
								"down": {"uv": [2, 100.5], "uv_size": [0.5, -96.5]}
							}
						}
					]
				}
			]
		}
	]
}