{
	"format_version": "1.12.0",
	"minecraft:geometry": [
		{
			"description": {
				"identifier": "geometry.unknown",
				"texture_width": 1024,
				"texture_height": 1024,
				"visible_bounds_width": 64,
				"visible_bounds_height": 1.5,
				"visible_bounds_offset": [0, 0.25, 0]
			},
			"bones": [
				{
					"name": "laser",
					"pivot": [0, 0, 0]
				},
				{
					"name": "base",
					"parent": "laser",
					"pivot": [0.75, 0, 0],
					"rotation": [0, -90, 0],
					"cubes": [
						{
							"origin": [-1.75, -0.14918, -0.75],
							"size": [5.5, 0.29837, 1.5],
							"pivot": [0.75, 0, 0],
							"rotation": [45, 0, 0],
							"uv": {
								"north": {"uv": [25, 27], "uv_size": [5.5, 0.5]},
								"east": {"uv": [12, 34], "uv_size": [1.5, 0.5]},
								"south": {"uv": [25, 29], "uv_size": [5.5, 0.5]},
								"west": {"uv": [15, 34], "uv_size": [1.5, 0.5]},
								"up": {"uv": [12, 12], "uv_size": [5.5, 1.5]},
								"down": {"uv": [12, 16.5], "uv_size": [5.5, -1.5]}
							}
						},
						{
							"origin": [-1.75, -0.14918, -0.75],
							"size": [5.5, 0.29837, 1.5],
							"pivot": [0.75, 0, 0],
							"rotation": [22.5, 0, 0],
							"uv": {
								"north": {"uv": [12, 30], "uv_size": [5.5, 0.5]},
								"east": {"uv": [32, 34], "uv_size": [1.5, 0.5]},
								"south": {"uv": [19, 31], "uv_size": [5.5, 0.5]},
								"west": {"uv": [18, 35], "uv_size": [1.5, 0.5]},
								"up": {"uv": [12, 18], "uv_size": [5.5, 1.5]},
								"down": {"uv": [19, 13.5], "uv_size": [5.5, -1.5]}
							}
						},
						{
							"origin": [-1.75, -0.14918, -0.75],
							"size": [5.5, 0.29837, 1.5],
							"uv": {
								"north": {"uv": [26, 31], "uv_size": [5.5, 0.5]},
								"east": {"uv": [21, 35], "uv_size": [1.5, 0.5]},
								"south": {"uv": [12, 32], "uv_size": [5.5, 0.5]},
								"west": {"uv": [35, 31], "uv_size": [1.5, 0.5]},
								"up": {"uv": [19, 15], "uv_size": [5.5, 1.5]},
								"down": {"uv": [19, 19.5], "uv_size": [5.5, -1.5]}
							}
						},
						{
							"origin": [-1.75, -0.14918, -0.75],
							"size": [5.5, 0.29837, 1.5],
							"pivot": [0.75, 0, 0],
							"rotation": [-22.5, 0, 0],
							"uv": {
								"north": {"uv": [32, 27], "uv_size": [5.5, 0.5]},
								"east": {"uv": [35, 33], "uv_size": [1.5, 0.5]},
								"south": {"uv": [32, 29], "uv_size": [5.5, 0.5]},
								"west": {"uv": [35, 35], "uv_size": [1.5, 0.5]},
								"up": {"uv": [12, 21], "uv_size": [5.5, 1.5]},
								"down": {"uv": [19, 22.5], "uv_size": [5.5, -1.5]}
							}
						},
						{
							"origin": [-1.75, -0.14918, -0.75],
							"size": [5.5, 0.29837, 1.5],
							"pivot": [0.75, 0, 0],
							"rotation": [-45, 0, 0],
							"uv": {
								"north": {"uv": [33, 12], "uv_size": [5.5, 0.5]},
								"east": {"uv": [12, 36], "uv_size": [1.5, 0.5]},
								"south": {"uv": [33, 14], "uv_size": [5.5, 0.5]},
								"west": {"uv": [15, 36], "uv_size": [1.5, 0.5]},
								"up": {"uv": [12, 24], "uv_size": [5.5, 1.5]},
								"down": {"uv": [19, 25.5], "uv_size": [5.5, -1.5]}
							}
						},
						{
							"origin": [-1.75, -0.75, -0.14918],
							"size": [5.5, 1.5, 0.29837],
							"pivot": [0.75, 0, 0],
							"rotation": [22.5, 0, 0],
							"uv": {
								"north": {"uv": [26, 12], "uv_size": [5.5, 1.5]},
								"east": {"uv": [24, 35], "uv_size": [0.5, 1.5]},
								"south": {"uv": [26, 15], "uv_size": [5.5, 1.5]},
								"west": {"uv": [26, 36], "uv_size": [0.5, 1.5]},
								"up": {"uv": [33, 16], "uv_size": [5.5, 0.5]},
								"down": {"uv": [33, 18.5], "uv_size": [5.5, -0.5]}
							}
						},
						{
							"origin": [-1.75, -0.75, -0.14918],
							"size": [5.5, 1.5, 0.29837],
							"uv": {
								"north": {"uv": [26, 18], "uv_size": [5.5, 1.5]},
								"east": {"uv": [28, 36], "uv_size": [0.5, 1.5]},
								"south": {"uv": [26, 21], "uv_size": [5.5, 1.5]},
								"west": {"uv": [30, 36], "uv_size": [0.5, 1.5]},
								"up": {"uv": [19, 33], "uv_size": [5.5, 0.5]},
								"down": {"uv": [33, 20.5], "uv_size": [5.5, -0.5]}
							}
						},
						{
							"origin": [-1.75, -0.75, -0.14918],
							"size": [5.5, 1.5, 0.29837],
							"pivot": [0.75, 0, 0],
							"rotation": [-22.5, 0, 0],
							"uv": {
								"north": {"uv": [26, 24], "uv_size": [5.5, 1.5]},
								"east": {"uv": [32, 36], "uv_size": [0.5, 1.5]},
								"south": {"uv": [12, 27], "uv_size": [5.5, 1.5]},
								"west": {"uv": [18, 37], "uv_size": [0.5, 1.5]},
								"up": {"uv": [33, 22], "uv_size": [5.5, 0.5]},
								"down": {"uv": [33, 24.5], "uv_size": [5.5, -0.5]}
							}
						}
					]
				},
				{
					"name": "connect",
					"parent": "laser",
					"pivot": [-0.5, 0, 0],
					"cubes": [
						{
							"origin": [-0.5, -0.625, -1],
							"size": [1, 1.25, 2],
							"uv": {
								"north": {"uv": [30, 33], "uv_size": [1, 1.5]},
								"east": {"uv": [19, 27], "uv_size": [2, 1.5]},
								"south": {"uv": [33, 31], "uv_size": [1, 1.5]},
								"west": {"uv": [22, 27], "uv_size": [2, 1.5]},
								"up": {"uv": [26, 33], "uv_size": [1, 2]},
								"down": {"uv": [28, 35], "uv_size": [1, -2]}
							}
						}
					]
				},
				{
					"name": "top",
					"parent": "laser",
					"pivot": [0.75, 0, -2.75],
					"rotation": [0, -90, 0],
					"cubes": [
						{
							"origin": [0.5, -0.14918, -3.5],
							"size": [0.5, 0.29837, 0.125],
							"pivot": [0.75, 0, -2.75],
							"rotation": [45, 0, 0],
							"uv": {
								"north": {"uv": [20, 37], "uv_size": [0.5, 0.5]},
								"east": {"uv": [22, 37], "uv_size": [0.5, 0.5]},
								"south": {"uv": [34, 37], "uv_size": [0.5, 0.5]},
								"west": {"uv": [36, 37], "uv_size": [0.5, 0.5]},
								"up": {"uv": [12, 38], "uv_size": [0.5, 0.5]},
								"down": {"uv": [14, 38.5], "uv_size": [0.5, -0.5]}
							}
						},
						{
							"origin": [0.5, -0.14918, -3.5],
							"size": [0.5, 0.29837, 0.125],
							"pivot": [0.75, 0, -2.75],
							"rotation": [22.5, 0, 0],
							"uv": {
								"north": {"uv": [16, 38], "uv_size": [0.5, 0.5]},
								"east": {"uv": [24, 38], "uv_size": [0.5, 0.5]},
								"south": {"uv": [38, 31], "uv_size": [0.5, 0.5]},
								"west": {"uv": [38, 33], "uv_size": [0.5, 0.5]},
								"up": {"uv": [38, 35], "uv_size": [0.5, 0.5]},
								"down": {"uv": [38, 37.5], "uv_size": [0.5, -0.5]}
							}
						},
						{
							"origin": [0.5, -0.14918, -3.5],
							"size": [0.5, 0.29837, 0.125],
							"uv": {
								"north": {"uv": [20, 39], "uv_size": [0.5, 0.5]},
								"east": {"uv": [22, 39], "uv_size": [0.5, 0.5]},
								"south": {"uv": [26, 39], "uv_size": [0.5, 0.5]},
								"west": {"uv": [39, 26], "uv_size": [0.5, 0.5]},
								"up": {"uv": [28, 39], "uv_size": [0.5, 0.5]},
								"down": {"uv": [39, 28.5], "uv_size": [0.5, -0.5]}
							}
						},
						{
							"origin": [0.5, -0.14918, -3.5],
							"size": [0.5, 0.29837, 0.125],
							"pivot": [0.75, 0, -2.75],
							"rotation": [-22.5, 0, 0],
							"uv": {
								"north": {"uv": [30, 39], "uv_size": [0.5, 0.5]},
								"east": {"uv": [32, 39], "uv_size": [0.5, 0.5]},
								"south": {"uv": [34, 39], "uv_size": [0.5, 0.5]},
								"west": {"uv": [36, 39], "uv_size": [0.5, 0.5]},
								"up": {"uv": [38, 39], "uv_size": [0.5, 0.5]},
								"down": {"uv": [12, 40.5], "uv_size": [0.5, -0.5]}
							}
						},
						{
							"origin": [0.5, -0.14918, -3.5],
							"size": [0.5, 0.29837, 0.125],
							"pivot": [0.75, 0, -2.75],
							"rotation": [-45, 0, 0],
							"uv": {
								"north": {"uv": [40, 12], "uv_size": [0.5, 0.5]},
								"east": {"uv": [14, 40], "uv_size": [0.5, 0.5]},
								"south": {"uv": [40, 14], "uv_size": [0.5, 0.5]},
								"west": {"uv": [16, 40], "uv_size": [0.5, 0.5]},
								"up": {"uv": [40, 16], "uv_size": [0.5, 0.5]},
								"down": {"uv": [18, 40.5], "uv_size": [0.5, -0.5]}
							}
						},
						{
							"origin": [0.5, -0.14918, -2.125],
							"size": [0.5, 0.29837, 0.125],
							"pivot": [0.75, 0, -2.75],
							"rotation": [45, 0, 0],
							"uv": {
								"north": {"uv": [40, 18], "uv_size": [0.5, 0.5]},
								"east": {"uv": [40, 20], "uv_size": [0.5, 0.5]},
								"south": {"uv": [40, 22], "uv_size": [0.5, 0.5]},
								"west": {"uv": [24, 40], "uv_size": [0.5, 0.5]},
								"up": {"uv": [40, 24], "uv_size": [0.5, 0.5]},
								"down": {"uv": [40, 30.5], "uv_size": [0.5, -0.5]}
							}
						},
						{
							"origin": [0.5, -0.14918, -2.125],
							"size": [0.5, 0.29837, 0.125],
							"pivot": [0.75, 0, -2.75],
							"rotation": [22.5, 0, 0],
							"uv": {
								"north": {"uv": [40, 32], "uv_size": [0.5, 0.5]},
								"east": {"uv": [40, 34], "uv_size": [0.5, 0.5]},
								"south": {"uv": [40, 36], "uv_size": [0.5, 0.5]},
								"west": {"uv": [40, 38], "uv_size": [0.5, 0.5]},
								"up": {"uv": [40, 40], "uv_size": [0.5, 0.5]},
								"down": {"uv": [20, 41.5], "uv_size": [0.5, -0.5]}
							}
						},
						{
							"origin": [0.5, -0.14918, -2.125],
							"size": [0.5, 0.29837, 0.125],
							"uv": {
								"north": {"uv": [22, 41], "uv_size": [0.5, 0.5]},
								"east": {"uv": [26, 41], "uv_size": [0.5, 0.5]},
								"south": {"uv": [41, 26], "uv_size": [0.5, 0.5]},
								"west": {"uv": [28, 41], "uv_size": [0.5, 0.5]},
								"up": {"uv": [41, 28], "uv_size": [0.5, 0.5]},
								"down": {"uv": [30, 41.5], "uv_size": [0.5, -0.5]}
							}
						},
						{
							"origin": [0.5, -0.14918, -2.125],
							"size": [0.5, 0.29837, 0.125],
							"pivot": [0.75, 0, -2.75],
							"rotation": [-22.5, 0, 0],
							"uv": {
								"north": {"uv": [32, 41], "uv_size": [0.5, 0.5]},
								"east": {"uv": [34, 41], "uv_size": [0.5, 0.5]},
								"south": {"uv": [36, 41], "uv_size": [0.5, 0.5]},
								"west": {"uv": [38, 41], "uv_size": [0.5, 0.5]},
								"up": {"uv": [12, 42], "uv_size": [0.5, 0.5]},
								"down": {"uv": [42, 12.5], "uv_size": [0.5, -0.5]}
							}
						},
						{
							"origin": [0.5, -0.14918, -2.125],
							"size": [0.5, 0.29837, 0.125],
							"pivot": [0.75, 0, -2.75],
							"rotation": [-45, 0, 0],
							"uv": {
								"north": {"uv": [14, 42], "uv_size": [0.5, 0.5]},
								"east": {"uv": [42, 14], "uv_size": [0.5, 0.5]},
								"south": {"uv": [16, 42], "uv_size": [0.5, 0.5]},
								"west": {"uv": [42, 16], "uv_size": [0.5, 0.5]},
								"up": {"uv": [18, 42], "uv_size": [0.5, 0.5]},
								"down": {"uv": [42, 18.5], "uv_size": [0.5, -0.5]}
							}
						},
						{
							"origin": [0.5, -0.75, -2.89918],
							"size": [0.5, 0.125, 0.29837],
							"pivot": [0.75, 0, -2.75],
							"rotation": [22.5, 0, 0],
							"uv": {
								"north": {"uv": [42, 20], "uv_size": [0.5, 0.5]},
								"east": {"uv": [42, 22], "uv_size": [0.5, 0.5]},
								"south": {"uv": [24, 42], "uv_size": [0.5, 0.5]},
								"west": {"uv": [42, 24], "uv_size": [0.5, 0.5]},
								"up": {"uv": [42, 30], "uv_size": [0.5, 0.5]},
								"down": {"uv": [42, 32.5], "uv_size": [0.5, -0.5]}
							}
						},
						{
							"origin": [0.5, -0.75, -2.89918],
							"size": [0.5, 0.125, 0.29837],
							"uv": {
								"north": {"uv": [42, 34], "uv_size": [0.5, 0.5]},
								"east": {"uv": [42, 36], "uv_size": [0.5, 0.5]},
								"south": {"uv": [42, 38], "uv_size": [0.5, 0.5]},
								"west": {"uv": [40, 42], "uv_size": [0.5, 0.5]},
								"up": {"uv": [42, 40], "uv_size": [0.5, 0.5]},
								"down": {"uv": [42, 42.5], "uv_size": [0.5, -0.5]}
							}
						},
						{
							"origin": [0.5, -0.75, -2.89918],
							"size": [0.5, 0.125, 0.29837],
							"pivot": [0.75, 0, -2.75],
							"rotation": [-22.5, 0, 0],
							"uv": {
								"north": {"uv": [20, 43], "uv_size": [0.5, 0.5]},
								"east": {"uv": [22, 43], "uv_size": [0.5, 0.5]},
								"south": {"uv": [26, 43], "uv_size": [0.5, 0.5]},
								"west": {"uv": [43, 26], "uv_size": [0.5, 0.5]},
								"up": {"uv": [28, 43], "uv_size": [0.5, 0.5]},
								"down": {"uv": [43, 28.5], "uv_size": [0.5, -0.5]}
							}
						},
						{
							"origin": [0.5, 0.625, -2.89918],
							"size": [0.5, 0.125, 0.29837],
							"pivot": [0.75, 0, -2.75],
							"rotation": [22.5, 0, 0],
							"uv": {
								"north": {"uv": [30, 43], "uv_size": [0.5, 0.5]},
								"east": {"uv": [32, 43], "uv_size": [0.5, 0.5]},
								"south": {"uv": [34, 43], "uv_size": [0.5, 0.5]},
								"west": {"uv": [36, 43], "uv_size": [0.5, 0.5]},
								"up": {"uv": [38, 43], "uv_size": [0.5, 0.5]},
								"down": {"uv": [12, 44.5], "uv_size": [0.5, -0.5]}
							}
						},
						{
							"origin": [0.5, 0.625, -2.89918],
							"size": [0.5, 0.125, 0.29837],
							"uv": {
								"north": {"uv": [44, 12], "uv_size": [0.5, 0.5]},
								"east": {"uv": [14, 44], "uv_size": [0.5, 0.5]},
								"south": {"uv": [44, 14], "uv_size": [0.5, 0.5]},
								"west": {"uv": [16, 44], "uv_size": [0.5, 0.5]},
								"up": {"uv": [44, 16], "uv_size": [0.5, 0.5]},
								"down": {"uv": [18, 44.5], "uv_size": [0.5, -0.5]}
							}
						},
						{
							"origin": [0.5, 0.625, -2.89918],
							"size": [0.5, 0.125, 0.29837],
							"pivot": [0.75, 0, -2.75],
							"rotation": [-22.5, 0, 0],
							"uv": {
								"north": {"uv": [44, 18], "uv_size": [0.5, 0.5]},
								"east": {"uv": [44, 20], "uv_size": [0.5, 0.5]},
								"south": {"uv": [44, 22], "uv_size": [0.5, 0.5]},
								"west": {"uv": [24, 44], "uv_size": [0.5, 0.5]},
								"up": {"uv": [44, 24], "uv_size": [0.5, 0.5]},
								"down": {"uv": [44, 30.5], "uv_size": [0.5, -0.5]}
							}
						}
					]
				},
				{
					"name": "laser_base",
					"parent": "laser",
					"pivot": [0, 0, 0]
				},
				{
					"name": "hexadecagon",
					"parent": "laser_base",
					"pivot": [0.75, 0.375, -2.625],
					"rotation": [0, -90, 0],
					"cubes": [
						{
							"origin": [0.625, 0.35014, -2.75],
							"size": [0.25, 0.04973, 0.25],
							"pivot": [0.75, 0.375, -2.625],
							"rotation": [45, 0, 0],
							"uv": {
								"north": {"uv": [44, 32], "uv_size": [0.5, 0.5]},
								"east": {"uv": [44, 34], "uv_size": [0.5, 0.5]},
								"south": {"uv": [44, 36], "uv_size": [0.5, 0.5]},
								"west": {"uv": [44, 38], "uv_size": [0.5, 0.5]},
								"up": {"uv": [40, 44], "uv_size": [0.5, 0.5]},
								"down": {"uv": [44, 40.5], "uv_size": [0.5, -0.5]}
							}
						},
						{
							"origin": [0.625, 0.35014, -2.75],
							"size": [0.25, 0.04973, 0.25],
							"pivot": [0.75, 0.375, -2.625],
							"rotation": [22.5, 0, 0],
							"uv": {
								"north": {"uv": [42, 44], "uv_size": [0.5, 0.5]},
								"east": {"uv": [44, 42], "uv_size": [0.5, 0.5]},
								"south": {"uv": [44, 44], "uv_size": [0.5, 0.5]},
								"west": {"uv": [20, 45], "uv_size": [0.5, 0.5]},
								"up": {"uv": [22, 45], "uv_size": [0.5, 0.5]},
								"down": {"uv": [26, 45.5], "uv_size": [0.5, -0.5]}
							}
						},
						{
							"origin": [0.625, 0.35014, -2.75],
							"size": [0.25, 0.04973, 0.25],
							"uv": {
								"north": {"uv": [45, 26], "uv_size": [0.5, 0.5]},
								"east": {"uv": [28, 45], "uv_size": [0.5, 0.5]},
								"south": {"uv": [45, 28], "uv_size": [0.5, 0.5]},
								"west": {"uv": [30, 45], "uv_size": [0.5, 0.5]},
								"up": {"uv": [32, 45], "uv_size": [0.5, 0.5]},
								"down": {"uv": [34, 45.5], "uv_size": [0.5, -0.5]}
							}
						},
						{
							"origin": [0.625, 0.35014, -2.75],
							"size": [0.25, 0.04973, 0.25],
							"pivot": [0.75, 0.375, -2.625],
							"rotation": [-22.5, 0, 0],
							"uv": {
								"north": {"uv": [36, 45], "uv_size": [0.5, 0.5]},
								"east": {"uv": [38, 45], "uv_size": [0.5, 0.5]},
								"south": {"uv": [12, 46], "uv_size": [0.5, 0.5]},
								"west": {"uv": [46, 12], "uv_size": [0.5, 0.5]},
								"up": {"uv": [14, 46], "uv_size": [0.5, 0.5]},
								"down": {"uv": [46, 14.5], "uv_size": [0.5, -0.5]}
							}
						},
						{
							"origin": [0.625, 0.35014, -2.75],
							"size": [0.25, 0.04973, 0.25],
							"pivot": [0.75, 0.375, -2.625],
							"rotation": [-45, 0, 0],
							"uv": {
								"north": {"uv": [16, 46], "uv_size": [0.5, 0.5]},
								"east": {"uv": [46, 16], "uv_size": [0.5, 0.5]},
								"south": {"uv": [18, 46], "uv_size": [0.5, 0.5]},
								"west": {"uv": [46, 18], "uv_size": [0.5, 0.5]},
								"up": {"uv": [46, 20], "uv_size": [0.5, 0.5]},
								"down": {"uv": [46, 22.5], "uv_size": [0.5, -0.5]}
							}
						},
						{
							"origin": [0.625, 0.25, -2.64986],
							"size": [0.25, 0.25, 0.04973],
							"pivot": [0.75, 0.375, -2.625],
							"rotation": [22.5, 0, 0],
							"uv": {
								"north": {"uv": [24, 46], "uv_size": [0.5, 0.5]},
								"east": {"uv": [46, 24], "uv_size": [0.5, 0.5]},
								"south": {"uv": [46, 30], "uv_size": [0.5, 0.5]},
								"west": {"uv": [46, 32], "uv_size": [0.5, 0.5]},
								"up": {"uv": [46, 34], "uv_size": [0.5, 0.5]},
								"down": {"uv": [46, 36.5], "uv_size": [0.5, -0.5]}
							}
						},
						{
							"origin": [0.625, 0.25, -2.64986],
							"size": [0.25, 0.25, 0.04973],
							"uv": {
								"north": {"uv": [46, 38], "uv_size": [0.5, 0.5]},
								"east": {"uv": [40, 46], "uv_size": [0.5, 0.5]},
								"south": {"uv": [46, 40], "uv_size": [0.5, 0.5]},
								"west": {"uv": [42, 46], "uv_size": [0.5, 0.5]},
								"up": {"uv": [46, 42], "uv_size": [0.5, 0.5]},
								"down": {"uv": [44, 46.5], "uv_size": [0.5, -0.5]}
							}
						},
						{
							"origin": [0.625, 0.25, -2.64986],
							"size": [0.25, 0.25, 0.04973],
							"pivot": [0.75, 0.375, -2.625],
							"rotation": [-22.5, 0, 0],
							"uv": {
								"north": {"uv": [46, 44], "uv_size": [0.5, 0.5]},
								"east": {"uv": [46, 46], "uv_size": [0.5, 0.5]},
								"south": {"uv": [20, 47], "uv_size": [0.5, 0.5]},
								"west": {"uv": [22, 47], "uv_size": [0.5, 0.5]},
								"up": {"uv": [26, 47], "uv_size": [0.5, 0.5]},
								"down": {"uv": [47, 26.5], "uv_size": [0.5, -0.5]}
							}
						}
					]
				},
				{
					"name": "hexadecagon2",
					"parent": "laser_base",
					"pivot": [0.75, -0.375, -2.625],
					"rotation": [0, -90, 0],
					"cubes": [
						{
							"origin": [0.625, -0.39986, -2.75],
							"size": [0.25, 0.04973, 0.25],
							"pivot": [0.75, -0.375, -2.625],
							"rotation": [45, 0, 0],
							"uv": {
								"north": {"uv": [28, 47], "uv_size": [0.5, 0.5]},
								"east": {"uv": [47, 28], "uv_size": [0.5, 0.5]},
								"south": {"uv": [30, 47], "uv_size": [0.5, 0.5]},
								"west": {"uv": [32, 47], "uv_size": [0.5, 0.5]},
								"up": {"uv": [34, 47], "uv_size": [0.5, 0.5]},
								"down": {"uv": [36, 47.5], "uv_size": [0.5, -0.5]}
							}
						},
						{
							"origin": [0.625, -0.39986, -2.75],
							"size": [0.25, 0.04973, 0.25],
							"pivot": [0.75, -0.375, -2.625],
							"rotation": [22.5, 0, 0],
							"uv": {
								"north": {"uv": [38, 47], "uv_size": [0.5, 0.5]},
								"east": {"uv": [12, 48], "uv_size": [0.5, 0.5]},
								"south": {"uv": [48, 12], "uv_size": [0.5, 0.5]},
								"west": {"uv": [14, 48], "uv_size": [0.5, 0.5]},
								"up": {"uv": [48, 14], "uv_size": [0.5, 0.5]},
								"down": {"uv": [16, 48.5], "uv_size": [0.5, -0.5]}
							}
						},
						{
							"origin": [0.625, -0.39986, -2.75],
							"size": [0.25, 0.04973, 0.25],
							"uv": {
								"north": {"uv": [48, 16], "uv_size": [0.5, 0.5]},
								"east": {"uv": [18, 48], "uv_size": [0.5, 0.5]},
								"south": {"uv": [48, 18], "uv_size": [0.5, 0.5]},
								"west": {"uv": [48, 20], "uv_size": [0.5, 0.5]},
								"up": {"uv": [48, 22], "uv_size": [0.5, 0.5]},
								"down": {"uv": [24, 48.5], "uv_size": [0.5, -0.5]}
							}
						},
						{
							"origin": [0.625, -0.39986, -2.75],
							"size": [0.25, 0.04973, 0.25],
							"pivot": [0.75, -0.375, -2.625],
							"rotation": [-22.5, 0, 0],
							"uv": {
								"north": {"uv": [48, 24], "uv_size": [0.5, 0.5]},
								"east": {"uv": [48, 30], "uv_size": [0.5, 0.5]},
								"south": {"uv": [48, 32], "uv_size": [0.5, 0.5]},
								"west": {"uv": [48, 34], "uv_size": [0.5, 0.5]},
								"up": {"uv": [48, 36], "uv_size": [0.5, 0.5]},
								"down": {"uv": [48, 38.5], "uv_size": [0.5, -0.5]}
							}
						},
						{
							"origin": [0.625, -0.39986, -2.75],
							"size": [0.25, 0.04973, 0.25],
							"pivot": [0.75, -0.375, -2.625],
							"rotation": [-45, 0, 0],
							"uv": {
								"north": {"uv": [40, 48], "uv_size": [0.5, 0.5]},
								"east": {"uv": [48, 40], "uv_size": [0.5, 0.5]},
								"south": {"uv": [42, 48], "uv_size": [0.5, 0.5]},
								"west": {"uv": [48, 42], "uv_size": [0.5, 0.5]},
								"up": {"uv": [44, 48], "uv_size": [0.5, 0.5]},
								"down": {"uv": [48, 44.5], "uv_size": [0.5, -0.5]}
							}
						},
						{
							"origin": [0.625, -0.5, -2.64986],
							"size": [0.25, 0.25, 0.04973],
							"pivot": [0.75, -0.375, -2.625],
							"rotation": [22.5, 0, 0],
							"uv": {
								"north": {"uv": [46, 48], "uv_size": [0.5, 0.5]},
								"east": {"uv": [48, 46], "uv_size": [0.5, 0.5]},
								"south": {"uv": [48, 48], "uv_size": [0.5, 0.5]},
								"west": {"uv": [20, 49], "uv_size": [0.5, 0.5]},
								"up": {"uv": [22, 49], "uv_size": [0.5, 0.5]},
								"down": {"uv": [26, 49.5], "uv_size": [0.5, -0.5]}
							}
						},
						{
							"origin": [0.625, -0.5, -2.64986],
							"size": [0.25, 0.25, 0.04973],
							"uv": {
								"north": {"uv": [49, 26], "uv_size": [0.5, 0.5]},
								"east": {"uv": [28, 49], "uv_size": [0.5, 0.5]},
								"south": {"uv": [49, 28], "uv_size": [0.5, 0.5]},
								"west": {"uv": [30, 49], "uv_size": [0.5, 0.5]},
								"up": {"uv": [32, 49], "uv_size": [0.5, 0.5]},
								"down": {"uv": [34, 49.5], "uv_size": [0.5, -0.5]}
							}
						},
						{
							"origin": [0.625, -0.5, -2.64986],
							"size": [0.25, 0.25, 0.04973],
							"pivot": [0.75, -0.375, -2.625],
							"rotation": [-22.5, 0, 0],
							"uv": {
								"north": {"uv": [36, 49], "uv_size": [0.5, 0.5]},
								"east": {"uv": [38, 49], "uv_size": [0.5, 0.5]},
								"south": {"uv": [12, 50], "uv_size": [0.5, 0.5]},
								"west": {"uv": [50, 12], "uv_size": [0.5, 0.5]},
								"up": {"uv": [14, 50], "uv_size": [0.5, 0.5]},
								"down": {"uv": [50, 14.5], "uv_size": [0.5, -0.5]}
							}
						}
					]
				},
				{
					"name": "hexadecagon3",
					"parent": "laser_base",
					"pivot": [0.375, 0, -2.625],
					"rotation": [0, -90, 0],
					"cubes": [
						{
							"origin": [0.25, -0.02486, -2.75],
							"size": [0.25, 0.04973, 0.25],
							"pivot": [0.375, 0, -2.625],
							"rotation": [45, 0, 0],
							"uv": {
								"north": {"uv": [16, 50], "uv_size": [0.5, 0.5]},
								"east": {"uv": [50, 16], "uv_size": [0.5, 0.5]},
								"south": {"uv": [18, 50], "uv_size": [0.5, 0.5]},
								"west": {"uv": [50, 18], "uv_size": [0.5, 0.5]},
								"up": {"uv": [50, 20], "uv_size": [0.5, 0.5]},
								"down": {"uv": [50, 22.5], "uv_size": [0.5, -0.5]}
							}
						},
						{
							"origin": [0.25, -0.02486, -2.75],
							"size": [0.25, 0.04973, 0.25],
							"pivot": [0.375, 0, -2.625],
							"rotation": [22.5, 0, 0],
							"uv": {
								"north": {"uv": [24, 50], "uv_size": [0.5, 0.5]},
								"east": {"uv": [50, 24], "uv_size": [0.5, 0.5]},
								"south": {"uv": [50, 30], "uv_size": [0.5, 0.5]},
								"west": {"uv": [50, 32], "uv_size": [0.5, 0.5]},
								"up": {"uv": [50, 34], "uv_size": [0.5, 0.5]},
								"down": {"uv": [50, 36.5], "uv_size": [0.5, -0.5]}
							}
						},
						{
							"origin": [0.25, -0.02486, -2.75],
							"size": [0.25, 0.04973, 0.25],
							"uv": {
								"north": {"uv": [50, 38], "uv_size": [0.5, 0.5]},
								"east": {"uv": [40, 50], "uv_size": [0.5, 0.5]},
								"south": {"uv": [50, 40], "uv_size": [0.5, 0.5]},
								"west": {"uv": [42, 50], "uv_size": [0.5, 0.5]},
								"up": {"uv": [50, 42], "uv_size": [0.5, 0.5]},
								"down": {"uv": [44, 50.5], "uv_size": [0.5, -0.5]}
							}
						},
						{
							"origin": [0.25, -0.02486, -2.75],
							"size": [0.25, 0.04973, 0.25],
							"pivot": [0.375, 0, -2.625],
							"rotation": [-22.5, 0, 0],
							"uv": {
								"north": {"uv": [50, 44], "uv_size": [0.5, 0.5]},
								"east": {"uv": [46, 50], "uv_size": [0.5, 0.5]},
								"south": {"uv": [50, 46], "uv_size": [0.5, 0.5]},
								"west": {"uv": [48, 50], "uv_size": [0.5, 0.5]},
								"up": {"uv": [50, 48], "uv_size": [0.5, 0.5]},
								"down": {"uv": [50, 50.5], "uv_size": [0.5, -0.5]}
							}
						},
						{
							"origin": [0.25, -0.02486, -2.75],
							"size": [0.25, 0.04973, 0.25],
							"pivot": [0.375, 0, -2.625],
							"rotation": [-45, 0, 0],
							"uv": {
								"north": {"uv": [20, 51], "uv_size": [0.5, 0.5]},
								"east": {"uv": [22, 51], "uv_size": [0.5, 0.5]},
								"south": {"uv": [26, 51], "uv_size": [0.5, 0.5]},
								"west": {"uv": [51, 26], "uv_size": [0.5, 0.5]},
								"up": {"uv": [28, 51], "uv_size": [0.5, 0.5]},
								"down": {"uv": [51, 28.5], "uv_size": [0.5, -0.5]}
							}
						},
						{
							"origin": [0.25, -0.125, -2.64986],
							"size": [0.25, 0.25, 0.04973],
							"pivot": [0.375, 0, -2.625],
							"rotation": [22.5, 0, 0],
							"uv": {
								"north": {"uv": [30, 51], "uv_size": [0.5, 0.5]},
								"east": {"uv": [32, 51], "uv_size": [0.5, 0.5]},
								"south": {"uv": [34, 51], "uv_size": [0.5, 0.5]},
								"west": {"uv": [36, 51], "uv_size": [0.5, 0.5]},
								"up": {"uv": [38, 51], "uv_size": [0.5, 0.5]},
								"down": {"uv": [12, 52.5], "uv_size": [0.5, -0.5]}
							}
						},
						{
							"origin": [0.25, -0.125, -2.64986],
							"size": [0.25, 0.25, 0.04973],
							"uv": {
								"north": {"uv": [52, 12], "uv_size": [0.5, 0.5]},
								"east": {"uv": [14, 52], "uv_size": [0.5, 0.5]},
								"south": {"uv": [52, 14], "uv_size": [0.5, 0.5]},
								"west": {"uv": [16, 52], "uv_size": [0.5, 0.5]},
								"up": {"uv": [52, 16], "uv_size": [0.5, 0.5]},
								"down": {"uv": [18, 52.5], "uv_size": [0.5, -0.5]}
							}
						},
						{
							"origin": [0.25, -0.125, -2.64986],
							"size": [0.25, 0.25, 0.04973],
							"pivot": [0.375, 0, -2.625],
							"rotation": [-22.5, 0, 0],
							"uv": {
								"north": {"uv": [52, 18], "uv_size": [0.5, 0.5]},
								"east": {"uv": [52, 20], "uv_size": [0.5, 0.5]},
								"south": {"uv": [52, 22], "uv_size": [0.5, 0.5]},
								"west": {"uv": [24, 52], "uv_size": [0.5, 0.5]},
								"up": {"uv": [52, 24], "uv_size": [0.5, 0.5]},
								"down": {"uv": [52, 30.5], "uv_size": [0.5, -0.5]}
							}
						}
					]
				},
				{
					"name": "hexadecagon4",
					"parent": "laser_base",
					"pivot": [1.125, 0, -2.625],
					"rotation": [0, -90, 0],
					"cubes": [
						{
							"origin": [1, -0.02486, -2.75],
							"size": [0.25, 0.04973, 0.25],
							"pivot": [1.125, 0, -2.625],
							"rotation": [45, 0, 0],
							"uv": {
								"north": {"uv": [52, 32], "uv_size": [0.5, 0.5]},
								"east": {"uv": [52, 34], "uv_size": [0.5, 0.5]},
								"south": {"uv": [52, 36], "uv_size": [0.5, 0.5]},
								"west": {"uv": [52, 38], "uv_size": [0.5, 0.5]},
								"up": {"uv": [40, 52], "uv_size": [0.5, 0.5]},
								"down": {"uv": [52, 40.5], "uv_size": [0.5, -0.5]}
							}
						},
						{
							"origin": [1, -0.02486, -2.75],
							"size": [0.25, 0.04973, 0.25],
							"pivot": [1.125, 0, -2.625],
							"rotation": [22.5, 0, 0],
							"uv": {
								"north": {"uv": [42, 52], "uv_size": [0.5, 0.5]},
								"east": {"uv": [52, 42], "uv_size": [0.5, 0.5]},
								"south": {"uv": [44, 52], "uv_size": [0.5, 0.5]},
								"west": {"uv": [52, 44], "uv_size": [0.5, 0.5]},
								"up": {"uv": [46, 52], "uv_size": [0.5, 0.5]},
								"down": {"uv": [52, 46.5], "uv_size": [0.5, -0.5]}
							}
						},
						{
							"origin": [1, -0.02486, -2.75],
							"size": [0.25, 0.04973, 0.25],
							"uv": {
								"north": {"uv": [48, 52], "uv_size": [0.5, 0.5]},
								"east": {"uv": [52, 48], "uv_size": [0.5, 0.5]},
								"south": {"uv": [50, 52], "uv_size": [0.5, 0.5]},
								"west": {"uv": [52, 50], "uv_size": [0.5, 0.5]},
								"up": {"uv": [52, 52], "uv_size": [0.5, 0.5]},
								"down": {"uv": [20, 53.5], "uv_size": [0.5, -0.5]}
							}
						},
						{
							"origin": [1, -0.02486, -2.75],
							"size": [0.25, 0.04973, 0.25],
							"pivot": [1.125, 0, -2.625],
							"rotation": [-22.5, 0, 0],
							"uv": {
								"north": {"uv": [22, 53], "uv_size": [0.5, 0.5]},
								"east": {"uv": [26, 53], "uv_size": [0.5, 0.5]},
								"south": {"uv": [53, 26], "uv_size": [0.5, 0.5]},
								"west": {"uv": [28, 53], "uv_size": [0.5, 0.5]},
								"up": {"uv": [53, 28], "uv_size": [0.5, 0.5]},
								"down": {"uv": [30, 53.5], "uv_size": [0.5, -0.5]}
							}
						},
						{
							"origin": [1, -0.02486, -2.75],
							"size": [0.25, 0.04973, 0.25],
							"pivot": [1.125, 0, -2.625],
							"rotation": [-45, 0, 0],
							"uv": {
								"north": {"uv": [32, 53], "uv_size": [0.5, 0.5]},
								"east": {"uv": [34, 53], "uv_size": [0.5, 0.5]},
								"south": {"uv": [36, 53], "uv_size": [0.5, 0.5]},
								"west": {"uv": [38, 53], "uv_size": [0.5, 0.5]},
								"up": {"uv": [12, 54], "uv_size": [0.5, 0.5]},
								"down": {"uv": [54, 12.5], "uv_size": [0.5, -0.5]}
							}
						},
						{
							"origin": [1, -0.125, -2.64986],
							"size": [0.25, 0.25, 0.04973],
							"pivot": [1.125, 0, -2.625],
							"rotation": [22.5, 0, 0],
							"uv": {
								"north": {"uv": [14, 54], "uv_size": [0.5, 0.5]},
								"east": {"uv": [54, 14], "uv_size": [0.5, 0.5]},
								"south": {"uv": [16, 54], "uv_size": [0.5, 0.5]},
								"west": {"uv": [54, 16], "uv_size": [0.5, 0.5]},
								"up": {"uv": [18, 54], "uv_size": [0.5, 0.5]},
								"down": {"uv": [54, 18.5], "uv_size": [0.5, -0.5]}
							}
						},
						{
							"origin": [1, -0.125, -2.64986],
							"size": [0.25, 0.25, 0.04973],
							"uv": {
								"north": {"uv": [54, 20], "uv_size": [0.5, 0.5]},
								"east": {"uv": [54, 22], "uv_size": [0.5, 0.5]},
								"south": {"uv": [24, 54], "uv_size": [0.5, 0.5]},
								"west": {"uv": [54, 24], "uv_size": [0.5, 0.5]},
								"up": {"uv": [54, 30], "uv_size": [0.5, 0.5]},
								"down": {"uv": [54, 32.5], "uv_size": [0.5, -0.5]}
							}
						},
						{
							"origin": [1, -0.125, -2.64986],
							"size": [0.25, 0.25, 0.04973],
							"pivot": [1.125, 0, -2.625],
							"rotation": [-22.5, 0, 0],
							"uv": {
								"north": {"uv": [54, 34], "uv_size": [0.5, 0.5]},
								"east": {"uv": [54, 36], "uv_size": [0.5, 0.5]},
								"south": {"uv": [54, 38], "uv_size": [0.5, 0.5]},
								"west": {"uv": [40, 54], "uv_size": [0.5, 0.5]},
								"up": {"uv": [54, 40], "uv_size": [0.5, 0.5]},
								"down": {"uv": [42, 54.5], "uv_size": [0.5, -0.5]}
							}
						}
					]
				},
				{
					"name": "laser_set_illuminated",
					"parent": "laser",
					"pivot": [0, 0, 0]
				},
				{
					"name": "red",
					"parent": "laser_set_illuminated",
					"pivot": [0.25, -0.125, -2],
					"cubes": [
						{
							"origin": [0.68751, 0.31251, -514.5],
							"size": [0.125, 0.125, 512],
							"uv": {
								"north": {"uv": [54, 42], "uv_size": [0.5, 0.5]},
								"east": {"uv": [0, 0], "uv_size": [512, 0.5]},
								"south": {"uv": [44, 54], "uv_size": [0.5, 0.5]},
								"west": {"uv": [0, 2], "uv_size": [512, 0.5]},
								"up": {"uv": [0, 4], "uv_size": [0.5, 512]},
								"down": {"uv": [2, 516], "uv_size": [0.5, -512]}
							}
						}
					]
				},
				{
					"name": "green",
					"parent": "laser_set_illuminated",
					"pivot": [-0.125, -0.5, -2],
					"cubes": [
						{
							"origin": [0.31251, -0.06249, -514.5],
							"size": [0.125, 0.125, 512],
							"uv": {
								"north": {"uv": [54, 44], "uv_size": [0.5, 0.5]},
								"east": {"uv": [4, 4], "uv_size": [512, 0.5]},
								"south": {"uv": [46, 54], "uv_size": [0.5, 0.5]},
								"west": {"uv": [4, 6], "uv_size": [512, 0.5]},
								"up": {"uv": [4, 8], "uv_size": [0.5, 512]},
								"down": {"uv": [6, 520], "uv_size": [0.5, -512]}
							}
						}
					]
				},
				{
					"name": "blue",
					"parent": "laser_set_illuminated",
					"pivot": [0.625, -0.5, -2],
					"cubes": [
						{
							"origin": [1.06251, -0.06249, -514.5],
							"size": [0.125, 0.125, 512],
							"uv": {
								"north": {"uv": [54, 46], "uv_size": [0.5, 0.5]},
								"east": {"uv": [8, 8], "uv_size": [512, 0.5]},
								"south": {"uv": [48, 54], "uv_size": [0.5, 0.5]},
								"west": {"uv": [8, 10], "uv_size": [512, 0.5]},
								"up": {"uv": [8, 12], "uv_size": [0.5, 512]},
								"down": {"uv": [10, 524], "uv_size": [0.5, -512]}
							}
						}
					]
				}
			]
		}
	]
}