{
	"format_version": "1.12.0",
	"minecraft:geometry": [
		{
			"description": {
				"identifier": "geometry.unknown",
				"texture_width": 64,
				"texture_height": 64,
				"visible_bounds_width": 2,
				"visible_bounds_height": 1.5,
				"visible_bounds_offset": [0, 0.25, 0]
			},
			"bones": [
				{
					"name": "ultralight_stock",
					"pivot": [0, 0, 0]
				},
				{
					"name": "hexadecagon",
					"parent": "ultralight_stock",
					"pivot": [0, 0, 2],
					"rotation": [0, -90, 0],
					"cubes": [
						{
							"origin": [-2, -0.14918, 1.25],
							"size": [7.5, 0.29837, 1.5],
							"pivot": [0, 0, 2],
							"rotation": [45, 0, 0],
							"uv": {
								"north": {"uv": [12, 18], "uv_size": [7.5, 0.5]},
								"east": {"uv": [27, 2], "uv_size": [1.5, 0.5]},
								"south": {"uv": [18, 14], "uv_size": [7.5, 0.5]},
								"west": {"uv": [4, 27], "uv_size": [1.5, 0.5]},
								"up": {"uv": [0, 0], "uv_size": [7.5, 1.5]},
								"down": {"uv": [0, 4.5], "uv_size": [7.5, -1.5]}
							}
						},
						{
							"origin": [-2, -0.14918, 1.25],
							"size": [7.5, 0.29837, 1.5],
							"pivot": [0, 0, 2],
							"rotation": [22.5, 0, 0],
							"uv": {
								"north": {"uv": [18, 16], "uv_size": [7.5, 0.5]},
								"east": {"uv": [27, 4], "uv_size": [1.5, 0.5]},
								"south": {"uv": [12, 20], "uv_size": [7.5, 0.5]},
								"west": {"uv": [27, 6], "uv_size": [1.5, 0.5]},
								"up": {"uv": [0, 6], "uv_size": [7.5, 1.5]},
								"down": {"uv": [0, 10.5], "uv_size": [7.5, -1.5]}
							}
						},
						{
							"origin": [-2, -0.14918, 1.25],
							"size": [7.5, 0.29837, 1.5],
							"uv": {
								"north": {"uv": [0, 21], "uv_size": [7.5, 0.5]},
								"east": {"uv": [27, 13], "uv_size": [1.5, 0.5]},
								"south": {"uv": [21, 9], "uv_size": [7.5, 0.5]},
								"west": {"uv": [27, 15], "uv_size": [1.5, 0.5]},
								"up": {"uv": [9, 0], "uv_size": [7.5, 1.5]},
								"down": {"uv": [9, 4.5], "uv_size": [7.5, -1.5]}
							}
						},
						{
							"origin": [-2, -0.14918, 1.25],
							"size": [7.5, 0.29837, 1.5],
							"pivot": [0, 0, 2],
							"rotation": [-22.5, 0, 0],
							"uv": {
								"north": {"uv": [21, 11], "uv_size": [7.5, 0.5]},
								"east": {"uv": [27, 24], "uv_size": [1.5, 0.5]},
								"south": {"uv": [21, 18], "uv_size": [7.5, 0.5]},
								"west": {"uv": [7, 28], "uv_size": [1.5, 0.5]},
								"up": {"uv": [9, 6], "uv_size": [7.5, 1.5]},
								"down": {"uv": [9, 10.5], "uv_size": [7.5, -1.5]}
							}
						},
						{
							"origin": [-2, -0.14918, 1.25],
							"size": [7.5, 0.29837, 1.5],
							"pivot": [0, 0, 2],
							"rotation": [-45, 0, 0],
							"uv": {
								"north": {"uv": [21, 20], "uv_size": [7.5, 0.5]},
								"east": {"uv": [10, 28], "uv_size": [1.5, 0.5]},
								"south": {"uv": [12, 22], "uv_size": [7.5, 0.5]},
								"west": {"uv": [13, 28], "uv_size": [1.5, 0.5]},
								"up": {"uv": [0, 12], "uv_size": [7.5, 1.5]},
								"down": {"uv": [9, 13.5], "uv_size": [7.5, -1.5]}
							}
						},
						{
							"origin": [-2, -0.75, 1.85082],
							"size": [7.5, 1.5, 0.29837],
							"pivot": [0, 0, 2],
							"rotation": [22.5, 0, 0],
							"uv": {
								"north": {"uv": [0, 15], "uv_size": [7.5, 1.5]},
								"east": {"uv": [16, 28], "uv_size": [0.5, 1.5]},
								"south": {"uv": [9, 15], "uv_size": [7.5, 1.5]},
								"west": {"uv": [22, 28], "uv_size": [0.5, 1.5]},
								"up": {"uv": [21, 22], "uv_size": [7.5, 0.5]},
								"down": {"uv": [0, 23.5], "uv_size": [7.5, -0.5]}
							}
						},
						{
							"origin": [-2, -0.75, 1.85082],
							"size": [7.5, 1.5, 0.29837],
							"uv": {
								"north": {"uv": [0, 18], "uv_size": [7.5, 1.5]},
								"east": {"uv": [24, 28], "uv_size": [0.5, 1.5]},
								"south": {"uv": [18, 0], "uv_size": [7.5, 1.5]},
								"west": {"uv": [26, 28], "uv_size": [0.5, 1.5]},
								"up": {"uv": [9, 24], "uv_size": [7.5, 0.5]},
								"down": {"uv": [18, 24.5], "uv_size": [7.5, -0.5]}
							}
						},
						{
							"origin": [2.22841, -2.20973, 1.85082],
							"size": [0.5, 1.625, 0.29837],
							"pivot": [2.47841, -1.45973, 2],
							"rotation": [0, 0, -20],
							"uv": {
								"north": {"uv": [28, 28], "uv_size": [0.5, 1.5]},
								"east": {"uv": [0, 29], "uv_size": [0.5, 1.5]},
								"south": {"uv": [2, 29], "uv_size": [0.5, 1.5]},
								"west": {"uv": [4, 29], "uv_size": [0.5, 1.5]},
								"up": {"uv": [34, 4], "uv_size": [0.5, 0.5]},
								"down": {"uv": [34, 6.5], "uv_size": [0.5, -0.5]}
							}
						},
						{
							"origin": [2.5, -2.25, 1.85082],
							"size": [3, 0.5, 0.29837],
							"uv": {
								"north": {"uv": [22, 26], "uv_size": [3, 0.5]},
								"east": {"uv": [34, 8], "uv_size": [0.5, 0.5]},
								"south": {"uv": [26, 26], "uv_size": [3, 0.5]},
								"west": {"uv": [10, 34], "uv_size": [0.5, 0.5]},
								"up": {"uv": [0, 27], "uv_size": [3, 0.5]},
								"down": {"uv": [27, 0.5], "uv_size": [3, -0.5]}
							}
						},
						{
							"origin": [4.8125, -2.25, 1.74144],
							"size": [0.8125, 0.5, 0.29837],
							"pivot": [5.1875, -2, 1.89063],
							"rotation": [0, 20, 0],
							"uv": {
								"north": {"uv": [30, 8], "uv_size": [1, 0.5]},
								"east": {"uv": [34, 10], "uv_size": [0.5, 0.5]},
								"south": {"uv": [10, 30], "uv_size": [1, 0.5]},
								"west": {"uv": [12, 34], "uv_size": [0.5, 0.5]},
								"up": {"uv": [30, 10], "uv_size": [1, 0.5]},
								"down": {"uv": [12, 30.5], "uv_size": [1, -0.5]}
							}
						},
						{
							"origin": [4.8125, -2.25, 1.96019],
							"size": [0.8125, 0.5, 0.29837],
							"pivot": [5.1875, -2, 2.10938],
							"rotation": [0, -20, 0],
							"uv": {
								"north": {"uv": [30, 12], "uv_size": [1, 0.5]},
								"east": {"uv": [34, 12], "uv_size": [0.5, 0.5]},
								"south": {"uv": [14, 30], "uv_size": [1, 0.5]},
								"west": {"uv": [14, 34], "uv_size": [0.5, 0.5]},
								"up": {"uv": [30, 14], "uv_size": [1, 0.5]},
								"down": {"uv": [30, 16.5], "uv_size": [1, -0.5]}
							}
						},
						{
							"origin": [-2, -0.75, 1.85082],
							"size": [7.5, 1.5, 0.29837],
							"pivot": [0, 0, 2],
							"rotation": [-22.5, 0, 0],
							"uv": {
								"north": {"uv": [18, 3], "uv_size": [7.5, 1.5]},
								"east": {"uv": [30, 2], "uv_size": [0.5, 1.5]},
								"south": {"uv": [18, 6], "uv_size": [7.5, 1.5]},
								"west": {"uv": [30, 5], "uv_size": [0.5, 1.5]},
								"up": {"uv": [0, 25], "uv_size": [7.5, 0.5]},
								"down": {"uv": [9, 26.5], "uv_size": [7.5, -0.5]}
							}
						}
					]
				},
				{
					"name": "hexadecagon2",
					"parent": "ultralight_stock",
					"pivot": [0, 0, 2],
					"rotation": [0, -90, 0],
					"cubes": [
						{
							"origin": [5.5, -0.14918, 2],
							"size": [0.5, 0.29837, 0.75],
							"pivot": [0, 0, 2],
							"rotation": [45, 0, 0],
							"uv": {
								"north": {"uv": [34, 14], "uv_size": [0.5, 0.5]},
								"east": {"uv": [30, 18], "uv_size": [1, 0.5]},
								"south": {"uv": [34, 16], "uv_size": [0.5, 0.5]},
								"west": {"uv": [30, 20], "uv_size": [1, 0.5]},
								"up": {"uv": [30, 22], "uv_size": [0.5, 1]},
								"down": {"uv": [30, 25], "uv_size": [0.5, -1]}
							}
						},
						{
							"origin": [5.5, -0.14918, 2],
							"size": [0.5, 0.29837, 0.75],
							"pivot": [0, 0, 2],
							"rotation": [22.5, 0, 0],
							"uv": {
								"north": {"uv": [34, 18], "uv_size": [0.5, 0.5]},
								"east": {"uv": [30, 26], "uv_size": [1, 0.5]},
								"south": {"uv": [34, 20], "uv_size": [0.5, 0.5]},
								"west": {"uv": [30, 28], "uv_size": [1, 0.5]},
								"up": {"uv": [30, 30], "uv_size": [0.5, 1]},
								"down": {"uv": [31, 1], "uv_size": [0.5, -1]}
							}
						},
						{
							"origin": [5.5, -3.64918, 1.25],
							"size": [0.5, 3.79837, 1.5],
							"uv": {
								"north": {"uv": [18, 26], "uv_size": [0.5, 4]},
								"east": {"uv": [9, 18], "uv_size": [1.5, 4]},
								"south": {"uv": [20, 26], "uv_size": [0.5, 4]},
								"west": {"uv": [18, 9], "uv_size": [1.5, 4]},
								"up": {"uv": [6, 30], "uv_size": [0.5, 1.5]},
								"down": {"uv": [8, 31.5], "uv_size": [0.5, -1.5]}
							}
						},
						{
							"origin": [5.5, -0.14918, 1.25],
							"size": [0.5, 0.29837, 0.75],
							"pivot": [0, 0, 2],
							"rotation": [-22.5, 0, 0],
							"uv": {
								"north": {"uv": [34, 22], "uv_size": [0.5, 0.5]},
								"east": {"uv": [16, 31], "uv_size": [1, 0.5]},
								"south": {"uv": [34, 24], "uv_size": [0.5, 0.5]},
								"west": {"uv": [18, 31], "uv_size": [1, 0.5]},
								"up": {"uv": [20, 31], "uv_size": [0.5, 1]},
								"down": {"uv": [22, 32], "uv_size": [0.5, -1]}
							}
						},
						{
							"origin": [5.5, -0.14918, 1.25],
							"size": [0.5, 0.29837, 0.75],
							"pivot": [0, 0, 2],
							"rotation": [-45, 0, 0],
							"uv": {
								"north": {"uv": [34, 26], "uv_size": [0.5, 0.5]},
								"east": {"uv": [24, 31], "uv_size": [1, 0.5]},
								"south": {"uv": [34, 28], "uv_size": [0.5, 0.5]},
								"west": {"uv": [26, 31], "uv_size": [1, 0.5]},
								"up": {"uv": [28, 31], "uv_size": [0.5, 1]},
								"down": {"uv": [0, 33], "uv_size": [0.5, -1]}
							}
						},
						{
							"origin": [5.5, 0, 1.85082],
							"size": [0.5, 0.75, 0.29837],
							"pivot": [0, 0, 2],
							"rotation": [22.5, 0, 0],
							"uv": {
								"north": {"uv": [2, 32], "uv_size": [0.5, 1]},
								"east": {"uv": [32, 2], "uv_size": [0.5, 1]},
								"south": {"uv": [4, 32], "uv_size": [0.5, 1]},
								"west": {"uv": [32, 4], "uv_size": [0.5, 1]},
								"up": {"uv": [30, 34], "uv_size": [0.5, 0.5]},
								"down": {"uv": [34, 30.5], "uv_size": [0.5, -0.5]}
							}
						},
						{
							"origin": [5.5, 0, 1.85082],
							"size": [0.5, 0.75, 0.29837],
							"uv": {
								"north": {"uv": [32, 6], "uv_size": [0.5, 1]},
								"east": {"uv": [32, 8], "uv_size": [0.5, 1]},
								"south": {"uv": [10, 32], "uv_size": [0.5, 1]},
								"west": {"uv": [32, 10], "uv_size": [0.5, 1]},
								"up": {"uv": [32, 34], "uv_size": [0.5, 0.5]},
								"down": {"uv": [34, 32.5], "uv_size": [0.5, -0.5]}
							}
						},
						{
							"origin": [5.5, 0, 1.85082],
							"size": [0.5, 0.75, 0.29837],
							"pivot": [0, 0, 2],
							"rotation": [-22.5, 0, 0],
							"uv": {
								"north": {"uv": [12, 32], "uv_size": [0.5, 1]},
								"east": {"uv": [32, 12], "uv_size": [0.5, 1]},
								"south": {"uv": [14, 32], "uv_size": [0.5, 1]},
								"west": {"uv": [32, 14], "uv_size": [0.5, 1]},
								"up": {"uv": [34, 34], "uv_size": [0.5, 0.5]},
								"down": {"uv": [35, 0.5], "uv_size": [0.5, -0.5]}
							}
						},
						{
							"origin": [5.5, -4.07325, 1.81668],
							"size": [0.5, 0.29837, 0.75],
							"pivot": [5.75, -3.74075, 2],
							"rotation": [45, 0, 180],
							"uv": {
								"north": {"uv": [6, 35], "uv_size": [0.5, 0.5]},
								"east": {"uv": [32, 16], "uv_size": [1, 0.5]},
								"south": {"uv": [8, 35], "uv_size": [0.5, 0.5]},
								"west": {"uv": [32, 18], "uv_size": [1, 0.5]},
								"up": {"uv": [32, 20], "uv_size": [0.5, 1]},
								"down": {"uv": [32, 23], "uv_size": [0.5, -1]}
							}
						},
						{
							"origin": [5.5, -4.12945, 1.90079],
							"size": [0.5, 0.29837, 0.75],
							"pivot": [5.75, -3.74075, 2],
							"rotation": [22.5, 0, -180],
							"uv": {
								"north": {"uv": [16, 35], "uv_size": [0.5, 0.5]},
								"east": {"uv": [18, 35], "uv_size": [0.5, 0.5]},
								"south": {"uv": [20, 35], "uv_size": [0.5, 0.5]},
								"west": {"uv": [22, 35], "uv_size": [0.5, 0.5]},
								"up": {"uv": [24, 35], "uv_size": [0.5, 0.5]},
								"down": {"uv": [26, 35.5], "uv_size": [0.5, -0.5]}
							}
						},
						{
							"origin": [5.5, -4.12945, 1.34921],
							"size": [0.5, 0.29837, 0.75],
							"pivot": [5.75, -3.74075, 2],
							"rotation": [-22.5, 0, -180],
							"uv": {
								"north": {"uv": [28, 35], "uv_size": [0.5, 0.5]},
								"east": {"uv": [32, 24], "uv_size": [1, 0.5]},
								"south": {"uv": [0, 36], "uv_size": [0.5, 0.5]},
								"west": {"uv": [32, 26], "uv_size": [1, 0.5]},
								"up": {"uv": [32, 28], "uv_size": [0.5, 1]},
								"down": {"uv": [30, 33], "uv_size": [0.5, -1]}
							}
						},
						{
							"origin": [5.5, -4.07325, 1.43332],
							"size": [0.5, 0.29837, 0.75],
							"pivot": [5.75, -3.74075, 2],
							"rotation": [-45, 0, 180],
							"uv": {
								"north": {"uv": [2, 36], "uv_size": [0.5, 0.5]},
								"east": {"uv": [32, 30], "uv_size": [1, 0.5]},
								"south": {"uv": [36, 2], "uv_size": [0.5, 0.5]},
								"west": {"uv": [32, 32], "uv_size": [1, 0.5]},
								"up": {"uv": [33, 0], "uv_size": [0.5, 1]},
								"down": {"uv": [6, 34], "uv_size": [0.5, -1]}
							}
						},
						{
							"origin": [5.5, -3.98027, 1.7516],
							"size": [0.5, 0.75, 0.29837],
							"pivot": [5.75, -3.74075, 2],
							"rotation": [22.5, 0, -180],
							"uv": {
								"north": {"uv": [8, 33], "uv_size": [0.5, 1]},
								"east": {"uv": [16, 33], "uv_size": [0.5, 1]},
								"south": {"uv": [18, 33], "uv_size": [0.5, 1]},
								"west": {"uv": [20, 33], "uv_size": [0.5, 1]},
								"up": {"uv": [4, 36], "uv_size": [0.5, 0.5]},
								"down": {"uv": [36, 4.5], "uv_size": [0.5, -0.5]}
							}
						},
						{
							"origin": [5.5, -4, 1.85082],
							"size": [0.5, 0.75, 0.29837],
							"pivot": [5.75, -3.74075, 2],
							"rotation": [0, 0, -180],
							"uv": {
								"north": {"uv": [22, 33], "uv_size": [0.5, 1]},
								"east": {"uv": [24, 33], "uv_size": [0.5, 1]},
								"south": {"uv": [26, 33], "uv_size": [0.5, 1]},
								"west": {"uv": [28, 33], "uv_size": [0.5, 1]},
								"up": {"uv": [36, 6], "uv_size": [0.5, 0.5]},
								"down": {"uv": [36, 8.5], "uv_size": [0.5, -0.5]}
							}
						},
						{
							"origin": [5.5, -3.98027, 1.95003],
							"size": [0.5, 0.75, 0.29837],
							"pivot": [5.75, -3.74075, 2],
							"rotation": [-22.5, 0, -180],
							"uv": {
								"north": {"uv": [0, 34], "uv_size": [0.5, 1]},
								"east": {"uv": [2, 34], "uv_size": [0.5, 1]},
								"south": {"uv": [34, 2], "uv_size": [0.5, 1]},
								"west": {"uv": [4, 34], "uv_size": [0.5, 1]},
								"up": {"uv": [10, 36], "uv_size": [0.5, 0.5]},
								"down": {"uv": [36, 10.5], "uv_size": [0.5, -0.5]}
							}
						}
					]
				}
			]
		}
	]
}