{
    // The display name of the firearm supports whats defined in the language files.
    "name": "mw_guns.gun.mw_mgl.name",
    // The display file of the firearm corresponds to the GUNS/Display/AK47_DISPLAY.JSON, where the prefix "Gus/Display/" and the suffix ".json" does not need to be included.
    "display": "mw_guns:mw_mgl_display",
    // The firearm data file corresponds to the guns/data/ak47_data.json, of which the prefix "guns/data/" and suffix ".json" does not need to be included.
    "data": "mw_guns:mw_mgl_data",
    // Types of firearms are used to create label bar.
    // All available categories: Pistol (pistol) SNIPER (sniper) Rifle (rifle) Shotgun (shotgun) SMG (submachine gun) MG (machine gun) RPG (rocket launcher)
    "type": "rpg",
    // Types of firearms, determine the logic of firearms, such as fire, loading, etc., the default is Modern_kinetic
    "item_type": "modern_kinetic",
	//Weapon description to be add to the tooltip
	"tooltip": "mw_guns.gun.mw_mgl.desc"
}