{
  "materials": [
    {
      "item": {
        "tag": "forge:ingots/copper"
      },
      "count": 10
    },
    {
      "item": {
        "tag": "forge:ingots/gold"
      },
      "count": 4
    },
    {
      "item": {
        "item": "minecraft:glass"
      },
      "count": 2
    },
    {
      "item": {
        "item": "minecraft:blue_ice"
      },
      "count": 2
    }
  ],
  "result": {
    "type": "ammo",
    "id": "elitex:origin_ice_staff_ammo",
    "count": 64
  },
  "type": "tacz:gun_smith_table_crafting"
}
