{
  "materials": [
    {
      "item": {
        "tag": "forge:ingots/copper"
      },
      "count": 5
    },
    {
      "item": {
        "tag": "forge:ingots/gold"
      },
      "count": 5
    },
    {
      "item": {
        "tag": "forge:dusts/redstone"
      },
      "count": 3
    },
    {
      "item": {
        "item": "minecraft:glass"
      },
      "count": 2
    }
  ],
  "result": {
    "type": "ammo",
    "id": "elitex:waffe_ammo",
    "count": 78
  },
  "type": "tacz:gun_smith_table_crafting"
}