{
  "ammo": "tacz:556x45",
  "ammo_amount": 25,
  "extended_mag_ammo_amount": [
    30,
    45,
    60
  ],
  "bolt": "closed_bolt",
  "rpm": 880,
  "bullet": {
    "life": 1.3,
    "bullet_amount": 1,
    "damage": 8,
    "tracer_count_interval": 0,
    "extra_damage": {
      "armor_ignore": 0.35,
      "head_shot_multiplier": 1.6,
      "damage_adjust": [
        {"distance": 20, "damage": 12},
        {"distance": 30, "damage": 6},
        {"distance": "infinite", "damage": 5}
      ]
    },
    "speed": 320,
    "gravity": 0.0245,
    "knockback": 0.1,
    "friction": 0.01,
    "ignite": false,
    "pierce": 1
  },
  "reload": {
    "type": "magazine",
    "feed": {
      "empty": 3.04,
      "tactical": 1.96
    },
    "cooldown": {
      "empty": 3.67,
      "tactical": 2.75
    }
  },
  "draw_time": 0.3,
  "put_away_time": 0.8,
  "aim_time": 0.2,
  "sprint_time": 0.2,
  "fire_mode": [
    "auto",
    "semi",
    "burst"
  ],
  "burst_data": {
    "continuous_shoot": false,
    "count": 3,
    "bpm": 1200,
    "min_interval": 0.3
  },
  "recoil": {
    "pitch": [
      {"time": 0, "value": [0.55, 0.55]},
      {"time": 0.3, "value": [0.55, 0.55]},
      {"time": 0.5, "value": [-0.125, -0.125]},
      {"time": 0.65, "value": [0, 0]}
    ],
    "yaw": [
      {"time": 0, "value": [0.15, 0.25]},
      {"time": 0.3, "value": [0.15, 0.25]},
      {"time": 0.5, "value": [0, 0]}
    ]
  },
  "inaccuracy": {
    "stand": 2,
    "move": 3,
    "sneak": 4.5,
    "lie": 2,
    "aim": 0.125
  },
  "allow_attachment_types": [
    "scope",
    "grip",
    "muzzle",
    "extended_mag"
  ],
  "exclusive_attachments": {
  },
  "melee": {
    "distance": 1,
    "cooldown": 0.7,
    "default": {
      "animation_type": "melee_stock",
      "distance": 0,
      "range_angle": 30,
      "damage": 2,
      "knockback": 0.6,
      "prep": 0.1
    }
  }
}