{
  "ammo": "elitex:five_seven_ammo",
  "rpm": 340,
  "bullet": {
    "life": 3.4,
    "bullet_amount": 1,
    "damage": 5,
    "tracer_count_interval": 0,
    "extra_damage": {
      "armor_ignore": 0,
      "head_shot_multiplier": 1.5,
      "damage_adjust": [
        {"distance": 10, "damage": 7},
        {"distance": 20, "damage": 6},
        {"distance": 45, "damage": 5},
        {"distance": "infinite", "damage": 4}
      ]
    },
    "speed": 210,
    "gravity": 0.0245,
    "knockback": 0,
    "friction": 0.025,
    "ignite": false,
    "pierce": 1
  },
  "ammo_amount": 20,
  "bolt": "closed_bolt",
  "reload": {
    "type": "magazine",
    "feed": {
      "empty": 1.33,
      "tactical": 1.13
    },
    "cooldown": {
      "empty": 2.03,
      "tactical": 1.7
    }
  },
 "draw_time": 0.63,
  "put_away_time": 0.33,
  "aim_time": 0.1,
  "sprint_time": 0.1,
  "fire_mode": [
    "semi"
  ],
  "allow_attachment_types": [
    "muzzle"
  ],
  "recoil": {
    "pitch": [
      {"time": 0, "value": [0.55, 0.55]},
      {"time": 0.35, "value": [0.55, 0.55]},
      {"time": 0.6, "value": [-0.175, -0.175]},
      {"time": 0.8, "value": [0.05, 0.05]},
      {"time": 1.0, "value": [0, 0]}
    ],
    "yaw": [
      {"time": 0, "value": [-0.2, 0.2]},
      {"time": 0.45, "value": [0, 0]}
    ]
  },
  "inaccuracy": {
    "stand": 2,
    "move": 2.5,
    "sneak": 1.5,
    "lie": 0.7,
    "aim": 0.2
  }
}