{
  "ammo": "tacz:556x45",
  "ammo_amount": 35,
  "extended_mag_ammo_amount": [
    40,
    45,
    60
  ],
  "bolt": "closed_bolt",
  "rpm": 860,
  "bullet": {
    "life": 0.75,
    "bullet_amount": 1,
    "damage": 6.5,
    "tracer_count_interval": 0,
    "extra_damage": {
      "armor_ignore": 0.2,
      "head_shot_multiplier": 1.5,
      "damage_adjust": [
        {"distance": 12, "damage": 7.5},
        {"distance": 25, "damage": 6.5},
        {"distance": 60, "damage": 5.5},
        {"distance": "infinite", "damage": 4.5}
      ]
    },
    "speed": 265,
    "gravity": 0.0245,
    "knockback": 0,
    "friction": 0.015,
    "ignite": false,
    "pierce": 1
  },
  "reload": {
    "type": "magazine",
    "feed": {
      "empty": 1.5,
      "tactical": 2.1
    },
    "cooldown": {
      "empty": 3.17,
      "tactical": 2.25
    }
  },
  "draw_time": 1.96,
  "put_away_time": 0.67,
  "aim_time": 0.2,
  "sprint_time": 0.2,
  "fire_mode": [
    "auto",
    "semi"
  ],
  "burst_data": {
    "continuous_shoot": false,
    "count": 3,
    "bpm": 900,
    "min_interval": 0.3
  },
  "recoil": {
    "pitch": [
      {"time": 0, "value": [0.55, 0.55]},
      {"time": 0.3, "value": [0.55, 0.55]},
      {"time": 0.5, "value": [-0.125, -0.125]},
      {"time": 0.65, "value": [0, 0]}
    ],
    "yaw": [
      {"time": 0, "value": [0.15, 0.25]},
      {"time": 0.3, "value": [0.15, 0.25]},
      {"time": 0.5, "value": [0, 0]}
    ]
  },
  "inaccuracy": {
    "stand": 3,
    "move": 4,
    "sneak": 3,
    "lie": 2,
    "aim": 0.110
  },
  "allow_attachment_types": [
    "scope",
    "muzzle",
    "laser",
    "stock",
    "extended_mag",
    "grip"
  ],
  "exclusive_attachments": {
  },
  "melee": {
    "distance": 1,
    "cooldown": 0.7,
    "default": {
      "animation_type": "melee_stock",
      "distance": 0,
      "range_angle": 30,
      "damage": 2,
      "knockback": 0.6,
      "prep": 0.1
    }
  }
}