{
	"format_version": "1.12.0",
	"minecraft:geometry": [
		{
			"description": {
				"identifier": "geometry.unknown",
				"texture_width": 16,
				"texture_height": 16,
				"visible_bounds_width": 2,
				"visible_bounds_height": 1.5,
				"visible_bounds_offset": [0, 0.25, 0]
			},
			"bones": [
				{
					"name": "muzzle_default",
					"pivot": [0.01831, -0.91915, 13.68358],
					"cubes": [
						{
							"origin": [-0.52162, -0.60402, -2.92187],
							"size": [0.3728, 0.15, 0.25],
							"pivot": [0.01831, -0.48165, 15.43358],
							"rotation": [0, 0, 45],
							"uv": {
								"north": {"uv": [6, 6], "uv_size": [0.5, 0.5]},
								"south": {"uv": [0, 7], "uv_size": [0.5, 0.5]},
								"up": {"uv": [7, 0], "uv_size": [0.5, 0.5]},
								"down": {"uv": [1, 7.5], "uv_size": [0.5, -0.5]}
							}
						},
						{
							"origin": [-0.1864, -0.45, -1.67187],
							"size": [0.3728, 0.15, 0.4375],
							"uv": {
								"north": {"uv": [7, 1], "uv_size": [0.5, 0.5]},
								"south": {"uv": [2, 7], "uv_size": [0.5, 0.5]},
								"west": {"uv": [7, 2], "uv_size": [0.5, 0.5]},
								"down": {"uv": [3, 7.5], "uv_size": [0.5, -0.5]}
							}
						},
						{
							"origin": [-0.52162, 0.14598, -2.92187],
							"size": [0.3728, 0.15, 0.25],
							"pivot": [0.01831, -0.48165, 15.43358],
							"rotation": [0, 0, 45],
							"uv": {
								"north": {"uv": [7, 3], "uv_size": [0.5, 0.5]},
								"south": {"uv": [4, 7], "uv_size": [0.5, 0.5]},
								"up": {"uv": [7, 4], "uv_size": [0.5, 0.5]},
								"down": {"uv": [5, 7.5], "uv_size": [0.5, -0.5]}
							}
						},
						{
							"origin": [-0.1864, 0.3, -1.67187],
							"size": [0.3728, 0.15, 0.4375],
							"uv": {
								"north": {"uv": [7, 5], "uv_size": [0.5, 0.5]},
								"south": {"uv": [6, 7], "uv_size": [0.5, 0.5]},
								"up": {"uv": [7, 6], "uv_size": [0.5, 0.5]}
							}
						},
						{
							"origin": [-0.03522, -0.34042, -2.92187],
							"size": [0.15, 0.3728, 0.25],
							"pivot": [0.01831, -0.48165, 15.43358],
							"rotation": [0, 0, 45],
							"uv": {
								"north": {"uv": [7, 7], "uv_size": [0.5, 0.5]},
								"east": {"uv": [0, 8], "uv_size": [0.5, 0.5]},
								"south": {"uv": [8, 0], "uv_size": [0.5, 0.5]},
								"west": {"uv": [1, 8], "uv_size": [0.5, 0.5]}
							}
						},
						{
							"origin": [0.3, -0.1864, -1.67187],
							"size": [0.15, 0.3728, 0.4375],
							"uv": {
								"north": {"uv": [8, 1], "uv_size": [0.5, 0.5]},
								"south": {"uv": [2, 8], "uv_size": [0.5, 0.5]},
								"west": {"uv": [8, 2], "uv_size": [0.5, 0.5]},
								"down": {"uv": [3, 8.5], "uv_size": [0.5, -0.5]}
							}
						},
						{
							"origin": [-0.78522, -0.34042, -2.92187],
							"size": [0.15, 0.3728, 0.25],
							"pivot": [0.01831, -0.48165, 15.43358],
							"rotation": [0, 0, 45],
							"uv": {
								"north": {"uv": [8, 3], "uv_size": [0.5, 0.5]},
								"east": {"uv": [4, 8], "uv_size": [0.5, 0.5]},
								"south": {"uv": [8, 4], "uv_size": [0.5, 0.5]},
								"west": {"uv": [5, 8], "uv_size": [0.5, 0.5]}
							}
						},
						{
							"origin": [-0.45, -0.1864, -1.67187],
							"size": [0.15, 0.3728, 0.4375],
							"uv": {
								"north": {"uv": [8, 5], "uv_size": [0.5, 0.5]},
								"east": {"uv": [6, 8], "uv_size": [0.5, 0.5]},
								"south": {"uv": [8, 6], "uv_size": [0.5, 0.5]}
							}
						},
						{
							"origin": [-0.52162, 0.14598, -1.67188],
							"size": [0.3728, 0.15, 0.4375],
							"pivot": [0.01831, -0.48165, 15.18358],
							"rotation": [0, 0, 45],
							"uv": {
								"north": {"uv": [7, 8], "uv_size": [0.5, 0.5]},
								"south": {"uv": [8, 7], "uv_size": [0.5, 0.5]},
								"up": {"uv": [8, 8], "uv_size": [0.5, 0.5]}
							}
						},
						{
							"origin": [-0.03522, -0.34042, -1.67188],
							"size": [0.15, 0.3728, 0.4375],
							"pivot": [0.01831, -0.48165, 15.18358],
							"rotation": [0, 0, 45],
							"uv": {
								"north": {"uv": [0, 9], "uv_size": [0.5, 0.5]},
								"south": {"uv": [9, 0], "uv_size": [0.5, 0.5]},
								"west": {"uv": [1, 9], "uv_size": [0.5, 0.5]}
							}
						},
						{
							"origin": [-0.78522, -0.34042, -1.67188],
							"size": [0.15, 0.3728, 0.4375],
							"pivot": [0.01831, -0.48165, 15.18358],
							"rotation": [0, 0, 45],
							"uv": {
								"north": {"uv": [9, 1], "uv_size": [0.5, 0.5]},
								"east": {"uv": [2, 9], "uv_size": [0.5, 0.5]},
								"south": {"uv": [9, 2], "uv_size": [0.5, 0.5]}
							}
						},
						{
							"origin": [-0.52162, -0.60402, -1.67188],
							"size": [0.3728, 0.15, 0.4375],
							"pivot": [0.01831, -0.48165, 15.18358],
							"rotation": [0, 0, 45],
							"uv": {
								"north": {"uv": [3, 9], "uv_size": [0.5, 0.5]},
								"south": {"uv": [9, 3], "uv_size": [0.5, 0.5]},
								"down": {"uv": [4, 9.5], "uv_size": [0.5, -0.5]}
							}
						},
						{
							"origin": [-0.54233, -0.65402, -1.10938],
							"size": [0.41422, 0.15, 0.1875],
							"pivot": [0.01831, -0.48165, 15.18358],
							"rotation": [0, 0, 45],
							"uv": {
								"north": {"uv": [9, 4], "uv_size": [0.5, 0.5]},
								"south": {"uv": [5, 9], "uv_size": [0.5, 0.5]},
								"down": {"uv": [9, 5.5], "uv_size": [0.5, -0.5]}
							}
						},
						{
							"origin": [-0.20711, -0.5, -1.10937],
							"size": [0.41422, 0.15, 0.1875],
							"uv": {
								"north": {"uv": [6, 9], "uv_size": [0.5, 0.5]},
								"south": {"uv": [9, 6], "uv_size": [0.5, 0.5]},
								"west": {"uv": [7, 9], "uv_size": [0.5, 0.5]},
								"down": {"uv": [9, 7.5], "uv_size": [0.5, -0.5]}
							}
						},
						{
							"origin": [-0.54233, 0.19598, -1.10938],
							"size": [0.41422, 0.15, 0.1875],
							"pivot": [0.01831, -0.48165, 15.18358],
							"rotation": [0, 0, 45],
							"uv": {
								"north": {"uv": [8, 9], "uv_size": [0.5, 0.5]},
								"south": {"uv": [9, 8], "uv_size": [0.5, 0.5]},
								"up": {"uv": [9, 9], "uv_size": [0.5, 0.5]}
							}
						},
						{
							"origin": [-0.20711, 0.35, -1.10937],
							"size": [0.41422, 0.15, 0.1875],
							"uv": {
								"north": {"uv": [0, 10], "uv_size": [0.5, 0.5]},
								"south": {"uv": [10, 0], "uv_size": [0.5, 0.5]},
								"up": {"uv": [1, 10], "uv_size": [0.5, 0.5]}
							}
						},
						{
							"origin": [0.01478, -0.36113, -1.10938],
							"size": [0.15, 0.41422, 0.1875],
							"pivot": [0.01831, -0.48165, 15.18358],
							"rotation": [0, 0, 45],
							"uv": {
								"north": {"uv": [10, 1], "uv_size": [0.5, 0.5]},
								"south": {"uv": [2, 10], "uv_size": [0.5, 0.5]},
								"west": {"uv": [10, 2], "uv_size": [0.5, 0.5]}
							}
						},
						{
							"origin": [0.35, -0.20711, -1.10937],
							"size": [0.15, 0.41422, 0.1875],
							"uv": {
								"north": {"uv": [3, 10], "uv_size": [0.5, 0.5]},
								"south": {"uv": [10, 3], "uv_size": [0.5, 0.5]},
								"west": {"uv": [4, 10], "uv_size": [0.5, 0.5]},
								"down": {"uv": [10, 4.5], "uv_size": [0.5, -0.5]}
							}
						},
						{
							"origin": [-0.83522, -0.36113, -1.10938],
							"size": [0.15, 0.41422, 0.1875],
							"pivot": [0.01831, -0.48165, 15.18358],
							"rotation": [0, 0, 45],
							"uv": {
								"north": {"uv": [5, 10], "uv_size": [0.5, 0.5]},
								"east": {"uv": [10, 5], "uv_size": [0.5, 0.5]},
								"south": {"uv": [6, 10], "uv_size": [0.5, 0.5]}
							}
						},
						{
							"origin": [-0.5, -0.20711, -1.10937],
							"size": [0.15, 0.41422, 0.1875],
							"uv": {
								"north": {"uv": [10, 6], "uv_size": [0.5, 0.5]},
								"east": {"uv": [7, 10], "uv_size": [0.5, 0.5]},
								"south": {"uv": [10, 7], "uv_size": [0.5, 0.5]}
							}
						},
						{
							"origin": [-0.5, -0.20711, -0.79687],
							"size": [0.15, 0.41422, 0.1875],
							"uv": {
								"north": {"uv": [8, 10], "uv_size": [0.5, 0.5]},
								"east": {"uv": [10, 8], "uv_size": [0.5, 0.5]},
								"south": {"uv": [9, 10], "uv_size": [0.5, 0.5]}
							}
						},
						{
							"origin": [-0.83522, -0.36113, -0.79688],
							"size": [0.15, 0.41422, 0.1875],
							"pivot": [0.01831, -0.48165, 15.49608],
							"rotation": [0, 0, 45],
							"uv": {
								"north": {"uv": [10, 9], "uv_size": [0.5, 0.5]},
								"east": {"uv": [10, 10], "uv_size": [0.5, 0.5]},
								"south": {"uv": [0, 11], "uv_size": [0.5, 0.5]}
							}
						},
						{
							"origin": [0.35, -0.20711, -0.79687],
							"size": [0.15, 0.41422, 0.1875],
							"uv": {
								"north": {"uv": [11, 0], "uv_size": [0.5, 0.5]},
								"south": {"uv": [1, 11], "uv_size": [0.5, 0.5]},
								"west": {"uv": [11, 1], "uv_size": [0.5, 0.5]},
								"down": {"uv": [2, 11.5], "uv_size": [0.5, -0.5]}
							}
						},
						{
							"origin": [0.01478, -0.36113, -0.79688],
							"size": [0.15, 0.41422, 0.1875],
							"pivot": [0.01831, -0.48165, 15.49608],
							"rotation": [0, 0, 45],
							"uv": {
								"north": {"uv": [11, 2], "uv_size": [0.5, 0.5]},
								"south": {"uv": [3, 11], "uv_size": [0.5, 0.5]},
								"west": {"uv": [11, 3], "uv_size": [0.5, 0.5]}
							}
						},
						{
							"origin": [-0.20711, 0.35, -0.79687],
							"size": [0.41422, 0.15, 0.1875],
							"uv": {
								"north": {"uv": [4, 11], "uv_size": [0.5, 0.5]},
								"south": {"uv": [11, 4], "uv_size": [0.5, 0.5]},
								"up": {"uv": [5, 11], "uv_size": [0.5, 0.5]}
							}
						},
						{
							"origin": [-0.54233, 0.19598, -0.79688],
							"size": [0.41422, 0.15, 0.1875],
							"pivot": [0.01831, -0.48165, 15.49608],
							"rotation": [0, 0, 45],
							"uv": {
								"north": {"uv": [11, 5], "uv_size": [0.5, 0.5]},
								"south": {"uv": [6, 11], "uv_size": [0.5, 0.5]},
								"up": {"uv": [11, 6], "uv_size": [0.5, 0.5]}
							}
						},
						{
							"origin": [-0.20711, -0.5, -0.79687],
							"size": [0.41422, 0.15, 0.1875],
							"uv": {
								"north": {"uv": [7, 11], "uv_size": [0.5, 0.5]},
								"south": {"uv": [11, 7], "uv_size": [0.5, 0.5]},
								"west": {"uv": [8, 11], "uv_size": [0.5, 0.5]},
								"down": {"uv": [11, 8.5], "uv_size": [0.5, -0.5]}
							}
						},
						{
							"origin": [-0.54233, -0.65402, -0.79688],
							"size": [0.41422, 0.15, 0.1875],
							"pivot": [0.01831, -0.48165, 15.49608],
							"rotation": [0, 0, 45],
							"uv": {
								"north": {"uv": [9, 11], "uv_size": [0.5, 0.5]},
								"south": {"uv": [11, 9], "uv_size": [0.5, 0.5]},
								"down": {"uv": [10, 11.5], "uv_size": [0.5, -0.5]}
							}
						},
						{
							"origin": [-0.5, -0.20711, -0.48437],
							"size": [0.15, 0.41422, 0.4375],
							"uv": {
								"north": {"uv": [11, 10], "uv_size": [0.5, 0.5]},
								"east": {"uv": [11, 11], "uv_size": [0.5, 0.5]},
								"south": {"uv": [0, 12], "uv_size": [0.5, 0.5]}
							}
						},
						{
							"origin": [-0.83522, -0.36113, -0.48438],
							"size": [0.15, 0.41422, 0.4375],
							"pivot": [0.01831, -0.48165, 15.80858],
							"rotation": [0, 0, 45],
							"uv": {
								"north": {"uv": [12, 0], "uv_size": [0.5, 0.5]},
								"east": {"uv": [1, 12], "uv_size": [0.5, 0.5]},
								"south": {"uv": [12, 1], "uv_size": [0.5, 0.5]}
							}
						},
						{
							"origin": [0.35, -0.20711, -0.48437],
							"size": [0.15, 0.41422, 0.4375],
							"uv": {
								"north": {"uv": [2, 12], "uv_size": [0.5, 0.5]},
								"south": {"uv": [12, 2], "uv_size": [0.5, 0.5]},
								"west": {"uv": [3, 12], "uv_size": [0.5, 0.5]},
								"down": {"uv": [12, 3.5], "uv_size": [0.5, -0.5]}
							}
						},
						{
							"origin": [0.01478, -0.36113, -0.48438],
							"size": [0.15, 0.41422, 0.4375],
							"pivot": [0.01831, -0.48165, 15.80858],
							"rotation": [0, 0, 45],
							"uv": {
								"north": {"uv": [4, 12], "uv_size": [0.5, 0.5]},
								"south": {"uv": [12, 4], "uv_size": [0.5, 0.5]},
								"west": {"uv": [5, 12], "uv_size": [0.5, 0.5]}
							}
						},
						{
							"origin": [-0.20711, 0.35, -0.48437],
							"size": [0.41422, 0.15, 0.4375],
							"uv": {
								"north": {"uv": [12, 5], "uv_size": [0.5, 0.5]},
								"south": {"uv": [6, 12], "uv_size": [0.5, 0.5]},
								"up": {"uv": [12, 6], "uv_size": [0.5, 0.5]}
							}
						},
						{
							"origin": [-0.54233, 0.19598, -0.48438],
							"size": [0.41422, 0.15, 0.4375],
							"pivot": [0.01831, -0.48165, 15.80858],
							"rotation": [0, 0, 45],
							"uv": {
								"north": {"uv": [7, 12], "uv_size": [0.5, 0.5]},
								"south": {"uv": [12, 7], "uv_size": [0.5, 0.5]},
								"up": {"uv": [8, 12], "uv_size": [0.5, 0.5]}
							}
						},
						{
							"origin": [-0.20711, -0.5, -0.48437],
							"size": [0.41422, 0.15, 0.4375],
							"uv": {
								"north": {"uv": [12, 8], "uv_size": [0.5, 0.5]},
								"south": {"uv": [9, 12], "uv_size": [0.5, 0.5]},
								"west": {"uv": [12, 9], "uv_size": [0.5, 0.5]},
								"down": {"uv": [10, 12.5], "uv_size": [0.5, -0.5]}
							}
						},
						{
							"origin": [-0.54233, -0.65402, -0.48438],
							"size": [0.41422, 0.15, 0.4375],
							"pivot": [0.01831, -0.48165, 15.80858],
							"rotation": [0, 0, 45],
							"uv": {
								"north": {"uv": [12, 10], "uv_size": [0.5, 0.5]},
								"south": {"uv": [11, 12], "uv_size": [0.5, 0.5]},
								"down": {"uv": [12, 11.5], "uv_size": [0.5, -0.5]}
							}
						},
						{
							"origin": [-0.1864, -0.45, -2.92187],
							"size": [0.3728, 0.15, 0.25],
							"uv": {
								"north": {"uv": [12, 12], "uv_size": [0.5, 0.5]},
								"south": {"uv": [0, 13], "uv_size": [0.5, 0.5]},
								"west": {"uv": [13, 0], "uv_size": [0.5, 0.5]},
								"up": {"uv": [1, 13], "uv_size": [0.5, 0.5]},
								"down": {"uv": [13, 1.5], "uv_size": [0.5, -0.5]}
							}
						},
						{
							"origin": [-0.45, -0.1864, -2.92187],
							"size": [0.15, 0.3728, 0.25],
							"uv": {
								"north": {"uv": [2, 13], "uv_size": [0.5, 0.5]},
								"east": {"uv": [13, 2], "uv_size": [0.5, 0.5]},
								"south": {"uv": [3, 13], "uv_size": [0.5, 0.5]},
								"west": {"uv": [13, 3], "uv_size": [0.5, 0.5]}
							}
						},
						{
							"origin": [0.3, -0.1864, -2.92187],
							"size": [0.15, 0.3728, 0.25],
							"uv": {
								"north": {"uv": [4, 13], "uv_size": [0.5, 0.5]},
								"east": {"uv": [13, 4], "uv_size": [0.5, 0.5]},
								"south": {"uv": [5, 13], "uv_size": [0.5, 0.5]},
								"west": {"uv": [13, 5], "uv_size": [0.5, 0.5]},
								"down": {"uv": [6, 13.5], "uv_size": [0.5, -0.5]}
							}
						},
						{
							"origin": [-0.1864, 0.3, -2.92187],
							"size": [0.3728, 0.15, 0.25],
							"uv": {
								"north": {"uv": [13, 6], "uv_size": [0.5, 0.5]},
								"south": {"uv": [7, 13], "uv_size": [0.5, 0.5]},
								"up": {"uv": [13, 7], "uv_size": [0.5, 0.5]},
								"down": {"uv": [8, 13.5], "uv_size": [0.5, -0.5]}
							}
						},
						{
							"origin": [-0.13952, -0.45, -2.67187],
							"size": [0.27905, 0.0875, 1],
							"uv": {
								"east": {"uv": [2, 5], "uv_size": [1, 0.5]},
								"west": {"uv": [3, 5], "uv_size": [1, 0.5]},
								"up": {"uv": [4, 5], "uv_size": [0.5, 1]},
								"down": {"uv": [5, 6], "uv_size": [0.5, -1]}
							}
						},
						{
							"origin": [-0.13952, 0.3625, -2.67187],
							"size": [0.27905, 0.0875, 1],
							"uv": {
								"east": {"uv": [0, 6], "uv_size": [1, 0.5]},
								"west": {"uv": [6, 0], "uv_size": [1, 0.5]},
								"up": {"uv": [1, 6], "uv_size": [0.5, 1]},
								"down": {"uv": [6, 2], "uv_size": [0.5, -1]}
							}
						}
					]
				},
				{
					"name": "group13",
					"parent": "muzzle_default",
					"pivot": [0, -2, -3.67187],
					"cubes": [
						{
							"origin": [0.3625, -0.13953, -2.67187],
							"size": [0.0875, 0.27905, 1],
							"uv": {
								"east": {"uv": [2, 6], "uv_size": [1, 0.5]},
								"west": {"uv": [6, 2], "uv_size": [1, 0.5]},
								"up": {"uv": [3, 6], "uv_size": [0.5, 1]},
								"down": {"uv": [6, 4], "uv_size": [0.5, -1]}
							}
						},
						{
							"origin": [-0.45, -0.13953, -2.67187],
							"size": [0.0875, 0.27905, 1],
							"uv": {
								"east": {"uv": [4, 6], "uv_size": [1, 0.5]},
								"west": {"uv": [6, 4], "uv_size": [1, 0.5]},
								"up": {"uv": [5, 6], "uv_size": [0.5, 1]},
								"down": {"uv": [6, 6], "uv_size": [0.5, -1]}
							}
						}
					]
				},
				{
					"name": "octagon11",
					"parent": "muzzle_default",
					"pivot": [0, -1.6875, 14.9375],
					"cubes": [
						{
							"origin": [-0.15533, -0.375, -1.67187],
							"size": [0.31066, 0.125, 1.625],
							"pivot": [0, 0, -0.5625],
							"rotation": [0, 0, 45],
							"uv": {
								"north": {"uv": [13, 8], "uv_size": [0.5, 0.5]},
								"south": {"uv": [9, 13], "uv_size": [0.5, 0.5]},
								"up": {"uv": [0, 0], "uv_size": [0.5, 1.5]},
								"down": {"uv": [1, 1.5], "uv_size": [0.5, -1.5]}
							}
						},
						{
							"origin": [-0.15533, -0.375, -1.67187],
							"size": [0.31066, 0.125, 1.625],
							"uv": {
								"north": {"uv": [13, 9], "uv_size": [0.5, 0.5]},
								"south": {"uv": [10, 13], "uv_size": [0.5, 0.5]},
								"up": {"uv": [0, 2], "uv_size": [0.5, 1.5]},
								"down": {"uv": [2, 1.5], "uv_size": [0.5, -1.5]}
							}
						},
						{
							"origin": [-0.15533, 0.25, -1.67187],
							"size": [0.31066, 0.125, 1.625],
							"pivot": [0, 0, -0.5625],
							"rotation": [0, 0, 45],
							"uv": {
								"north": {"uv": [13, 10], "uv_size": [0.5, 0.5]},
								"south": {"uv": [11, 13], "uv_size": [0.5, 0.5]},
								"up": {"uv": [1, 2], "uv_size": [0.5, 1.5]},
								"down": {"uv": [2, 3.5], "uv_size": [0.5, -1.5]}
							}
						},
						{
							"origin": [-0.15533, 0.25, -1.67187],
							"size": [0.31066, 0.125, 1.625],
							"uv": {
								"north": {"uv": [13, 11], "uv_size": [0.5, 0.5]},
								"south": {"uv": [12, 13], "uv_size": [0.5, 0.5]},
								"up": {"uv": [3, 0], "uv_size": [0.5, 1.5]},
								"down": {"uv": [3, 3.5], "uv_size": [0.5, -1.5]}
							}
						},
						{
							"origin": [0.25, -0.15533, -1.67187],
							"size": [0.125, 0.31066, 1.625],
							"pivot": [0, 0, -0.5625],
							"rotation": [0, 0, 45],
							"uv": {
								"north": {"uv": [13, 12], "uv_size": [0.5, 0.5]},
								"east": {"uv": [0, 4], "uv_size": [1.5, 0.5]},
								"south": {"uv": [13, 13], "uv_size": [0.5, 0.5]},
								"west": {"uv": [4, 0], "uv_size": [1.5, 0.5]}
							}
						},
						{
							"origin": [0.25, -0.15533, -1.67187],
							"size": [0.125, 0.31066, 1.625],
							"uv": {
								"north": {"uv": [0, 14], "uv_size": [0.5, 0.5]},
								"east": {"uv": [4, 1], "uv_size": [1.5, 0.5]},
								"south": {"uv": [14, 0], "uv_size": [0.5, 0.5]},
								"west": {"uv": [2, 4], "uv_size": [1.5, 0.5]}
							}
						},
						{
							"origin": [-0.375, -0.15533, -1.67187],
							"size": [0.125, 0.31066, 1.625],
							"pivot": [0, 0, -0.5625],
							"rotation": [0, 0, 45],
							"uv": {
								"north": {"uv": [1, 14], "uv_size": [0.5, 0.5]},
								"east": {"uv": [4, 2], "uv_size": [1.5, 0.5]},
								"south": {"uv": [14, 1], "uv_size": [0.5, 0.5]},
								"west": {"uv": [4, 3], "uv_size": [1.5, 0.5]}
							}
						},
						{
							"origin": [-0.375, -0.15533, -1.67187],
							"size": [0.125, 0.31066, 1.625],
							"uv": {
								"north": {"uv": [2, 14], "uv_size": [0.5, 0.5]},
								"east": {"uv": [4, 4], "uv_size": [1.5, 0.5]},
								"south": {"uv": [14, 2], "uv_size": [0.5, 0.5]},
								"west": {"uv": [0, 5], "uv_size": [1.5, 0.5]}
							}
						}
					]
				}
			]
		}
	]
}