{
	"format_version": "1.8.0",
	"animations": {
		"static_idle": {
			"loop": true,
			"animation_length": 0.0833,
			"bones": {
				"righthand": {
					"rotation": [-87.5, 0, 0],
					"position": [6, -14.2, -1.6],
					"scale": [1, 1.5, 1]
				},
				"mag_and_bullet": {
					"scale": 0
				},
				"lefthand": {
					"rotation": [-67, 11, 5],
					"position": [-7, -15, -0.4],
					"scale": [1, 1.5, 1]
				},
				"GRH": {
					"rotation": [0, 180, 0]
				},
				"LRH": {
					"rotation": [0, 180, 0]
				}
			}
		},
		"draw": {
			"animation_length": 1,
			"bones": {
				"root": {
					"rotation": {
						"0.0": {
							"post": [50, 0, 0],
							"lerp_mode": "catmullrom"
						},
						"0.2083": {
							"post": [-50, 0, 0],
							"lerp_mode": "catmullrom"
						},
						"0.375": {
							"post": [-50, 0, 0],
							"lerp_mode": "catmullrom"
						},
						"0.4167": {
							"post": [-50, 0, 0],
							"lerp_mode": "catmullrom"
						},
						"0.5417": {
							"post": [-30, 0, 0],
							"lerp_mode": "catmullrom"
						},
						"0.75": {
							"post": [-30, 0, 0],
							"lerp_mode": "catmullrom"
						},
						"1.0": {
							"post": [0, 0, 0],
							"lerp_mode": "catmullrom"
						}
					},
					"position": {
						"0.0": {
							"post": [0, -15, -7],
							"lerp_mode": "catmullrom"
						},
						"0.125": {
							"post": [0, -4.94, -8.02],
							"lerp_mode": "catmullrom"
						},
						"0.25": {
							"post": [0, 1, -2],
							"lerp_mode": "catmullrom"
						},
						"0.375": {
							"post": [0, 1, -2],
							"lerp_mode": "catmullrom"
						},
						"0.4167": {
							"post": [0, 1, -2],
							"lerp_mode": "catmullrom"
						},
						"0.5417": {
							"post": [0, 1.04, -3.09],
							"lerp_mode": "catmullrom"
						},
						"0.75": {
							"post": [0, 1, -2],
							"lerp_mode": "catmullrom"
						},
						"1.0": {
							"post": [0, 0, 0],
							"lerp_mode": "catmullrom"
						}
					}
				},
				"gun_and_righthand": {
					"rotation": {
						"0.0": {
							"post": [0, 25, 0],
							"lerp_mode": "catmullrom"
						},
						"0.1667": {
							"post": [0, -10, 0],
							"lerp_mode": "catmullrom"
						},
						"0.375": {
							"post": [0, -5, 0],
							"lerp_mode": "catmullrom"
						},
						"0.5": {
							"post": [0, -12.26, 0],
							"lerp_mode": "catmullrom"
						},
						"0.75": {
							"post": [0, -5, 0],
							"lerp_mode": "catmullrom"
						},
						"0.9583": {
							"post": [0, 0, 0],
							"lerp_mode": "catmullrom"
						}
					}
				},
				"Hammer__35_0": {
					"rotation": {
						"0.4167": [-35, 0, 0],
						"0.5": [0, 0, 0]
					}
				},
				"righthand": {
					"rotation": [-87.5, 0, 0],
					"position": {
						"0.0": {
							"post": [6, -14.2, -1.6],
							"lerp_mode": "catmullrom"
						}
					},
					"scale": [1, 1.5, 1]
				},
				"mag_and_bullet": {
					"scale": 0
				},
				"lefthand": {
					"rotation": {
						"0.0": [-67, 11, 5],
						"1.0": [-67, 11, 5]
					},
					"position": {
						"0.0": {
							"post": [-14, -22, -0.4],
							"lerp_mode": "catmullrom"
						},
						"0.125": {
							"post": [-12, -18, -0.4],
							"lerp_mode": "catmullrom"
						},
						"0.25": {
							"post": [-7, -15, -0.4],
							"lerp_mode": "catmullrom"
						},
						"1.0": {
							"post": [-7, -15, -0.4],
							"lerp_mode": "catmullrom"
						}
					},
					"scale": {
						"0.0": [1, 1.5, 1],
						"1.0": [1, 1.5, 1]
					}
				},
				"GRH": {
					"rotation": [0, 180, 0]
				},
				"LRH": {
					"rotation": [0, 180, 0]
				},
				"camera": {
					"rotation": {
						"0.0": {
							"post": [0, 0, 0],
							"lerp_mode": "catmullrom"
						},
						"0.1667": {
							"post": [0.25, 0, 0.75],
							"lerp_mode": "catmullrom"
						},
						"0.3333": {
							"post": [0, 0, -0.58],
							"lerp_mode": "catmullrom"
						},
						"0.5": {
							"post": [0, 0, 0],
							"lerp_mode": "catmullrom"
						}
					}
				}
			}
		},
		"reload_empty": {
			"animation_length": 2.25,
			"bones": {
				"root": {
					"rotation": {
						"0.9583": {
							"pre": [0, 0, 0],
							"post": [0, 0, 0],
							"lerp_mode": "catmullrom"
						},
						"1.125": {
							"post": [0, 0, 0],
							"lerp_mode": "catmullrom"
						},
						"1.1667": {
							"post": [5, 0, 0],
							"lerp_mode": "catmullrom"
						},
						"1.25": {
							"post": [10.33417, 4.72215, 3.16996],
							"lerp_mode": "catmullrom"
						},
						"1.3333": {
							"post": [5, 0, 0],
							"lerp_mode": "catmullrom"
						},
						"1.7083": {
							"post": [5, 0, 0],
							"lerp_mode": "catmullrom"
						},
						"1.75": {
							"post": [6.66788, 8.93745, -16.86866],
							"lerp_mode": "catmullrom"
						},
						"1.875": {
							"post": [7.9299, -4.4169, -5.42055],
							"lerp_mode": "catmullrom"
						},
						"2.0833": {
							"post": [8.31056, 13.94589, -4.25476],
							"lerp_mode": "catmullrom"
						},
						"2.25": {
							"post": [0, 0, 0],
							"lerp_mode": "catmullrom"
						}
					},
					"position": {
						"0.9583": {
							"pre": [0, 0, 0],
							"post": [0, 0, 0],
							"lerp_mode": "catmullrom"
						},
						"1.1667": {
							"post": [0, 0, 0],
							"lerp_mode": "catmullrom"
						},
						"1.2083": {
							"post": [0, 1, -1],
							"lerp_mode": "catmullrom"
						},
						"1.2917": {
							"post": [0, 0, -1],
							"lerp_mode": "catmullrom"
						},
						"1.75": {
							"post": [-0.5, -0.02, -1.18],
							"lerp_mode": "catmullrom"
						},
						"2.0": {
							"post": [0, -0.02, -1.18],
							"lerp_mode": "catmullrom"
						},
						"2.2083": {
							"post": [0, 0, 0],
							"lerp_mode": "catmullrom"
						}
					}
				},
				"gun_and_righthand": {
					"rotation": {
						"0.0": {
							"post": [0, 0, 0],
							"lerp_mode": "catmullrom"
						},
						"0.0833": {
							"post": [-1.93891, -12.74465, 9.23358],
							"lerp_mode": "catmullrom"
						},
						"0.1667": {
							"post": [2.30059, -10.93239, 14.3421],
							"lerp_mode": "catmullrom"
						},
						"0.2917": {
							"post": [-0.79811, 23.73939, -12.34549],
							"lerp_mode": "catmullrom"
						},
						"0.4167": {
							"post": [39.94236, -11.63773, 17.15252],
							"lerp_mode": "catmullrom"
						},
						"0.5417": {
							"post": [40.33051, 4.2284, -8.88994],
							"lerp_mode": "catmullrom"
						},
						"0.625": {
							"post": [53.18184, 10.2692, -9.24167],
							"lerp_mode": "catmullrom"
						},
						"0.7083": {
							"post": [61.51973, 13.23754, -5.13139],
							"lerp_mode": "catmullrom"
						},
						"0.7917": {
							"post": [61.34821, 9.99987, -0.47995],
							"lerp_mode": "catmullrom"
						},
						"0.9167": {
							"post": [61, 10, -0.5],
							"lerp_mode": "catmullrom"
						},
						"1.5417": {
							"post": [61, 10, -0.5],
							"lerp_mode": "catmullrom"
						},
						"1.7083": {
							"post": [56.86976, 12.39203, 3.97628],
							"lerp_mode": "catmullrom"
						},
						"2.0": {
							"post": [54.38062, 5.29623, 2.63002],
							"lerp_mode": "catmullrom"
						},
						"2.2083": {
							"post": [0, 0, 0],
							"lerp_mode": "catmullrom"
						}
					},
					"position": {
						"0.0": {
							"post": [0, 0, 0],
							"lerp_mode": "catmullrom"
						},
						"0.125": {
							"post": [1, 0.3, 0],
							"lerp_mode": "catmullrom"
						},
						"0.25": {
							"post": [2, -0.5, 0],
							"lerp_mode": "catmullrom"
						},
						"0.375": {
							"post": [2.6, -0.6, 0],
							"lerp_mode": "catmullrom"
						},
						"0.4583": {
							"post": [0.6, -0.6, 0],
							"lerp_mode": "catmullrom"
						},
						"0.5417": {
							"post": [0.6, 2.4, -2],
							"lerp_mode": "catmullrom"
						},
						"0.625": {
							"post": [0.6, 2.9, -2],
							"lerp_mode": "catmullrom"
						},
						"0.7083": {
							"post": [0, -0.5, 0],
							"lerp_mode": "catmullrom"
						},
						"0.8333": {
							"post": [0, -0.5, 0],
							"lerp_mode": "catmullrom"
						},
						"0.9583": {
							"post": [0.1, -0.5, 0],
							"lerp_mode": "catmullrom"
						},
						"1.0833": {
							"post": [0.11, -0.79, -0.01],
							"lerp_mode": "catmullrom"
						},
						"1.5417": {
							"post": [0.1, -0.5, 0],
							"lerp_mode": "catmullrom"
						},
						"1.7083": {
							"post": [-0.2, -1.1, 0.7],
							"lerp_mode": "catmullrom"
						},
						"2.0": {
							"post": [-0.2, -1.1, 0.7],
							"lerp_mode": "catmullrom"
						},
						"2.2083": {
							"post": [0, 0, 0],
							"lerp_mode": "catmullrom"
						}
					}
				},
				"MainBracket": {
					"rotation": {
						"0.2917": [0, 0, 0],
						"0.4167": [0, 0, -55],
						"0.5417": [0, 0, -65],
						"0.625": [0, 0, -70],
						"1.7083": [0, 0, -70],
						"1.75": [0, 0, 0]
					}
				},
				"Pole": {
					"position": {
						"0.6667": [0, 0, 0],
						"0.75": [0, 0, -4],
						"1.0833": [0, 0, -4],
						"1.125": [0, 0, -3.57],
						"1.2083": [0, 0, 0]
					}
				},
				"Bullet_1": {
					"rotation": {
						"0.75": [0, 0, 0],
						"0.9583": [-13.27463, 19.50645, -4.50432],
						"1.25": [0, 0, 0]
					},
					"position": {
						"0.7083": [0, 0, 0],
						"0.7917": [0, 0, -1],
						"0.875": [-1, 0, -5.1],
						"0.9583": [-2, 0, -11.6],
						"1.1667": [-2, 0, -11.6],
						"1.25": [0, 0, 0]
					},
					"scale": {
						"0.7083": [1, 1, 1],
						"1.0417": {
							"pre": [1, 1, 1],
							"post": [0, 0, 0]
						},
						"1.25": {
							"pre": [0, 0, 0],
							"post": [1, 1, 1]
						}
					}
				},
				"Bullet_2": {
					"rotation": {
						"0.7083": [0, 0, 0],
						"0.8333": [22.5, 20, 0],
						"0.9583": [28.24555, 6.87708, -7.48966],
						"1.25": [0, 0, 0]
					},
					"position": {
						"0.6667": [0, 0, 0],
						"0.75": [0, 0, -0.5],
						"0.8333": [-0.7, 0, -5],
						"0.9167": [-4, -1, -11.7],
						"1.1667": [-4, -1, -11.7],
						"1.25": [0, 0, 0]
					},
					"scale": {
						"0.6667": [1, 1, 1],
						"1.0": {
							"pre": [1, 1, 1],
							"post": [0, 0, 0]
						},
						"1.25": {
							"pre": [0, 0, 0],
							"post": [1, 1, 1]
						}
					}
				},
				"Bullet_3": {
					"rotation": {
						"0.7083": [0, 0, 0],
						"0.8333": [15, -12.5, 0],
						"1.25": [0, 0, 0]
					},
					"position": {
						"0.6667": [0, 0, 0],
						"0.75": [0, 0, -1.5],
						"0.8333": [-1.7772, -0.41266, -7.52495],
						"0.9167": [0, 0, -11],
						"1.1667": [0, 0, -11],
						"1.25": [0, 0, 0]
					},
					"scale": {
						"0.6667": [1, 1, 1],
						"1.0": {
							"pre": [1, 1, 1],
							"post": [0, 0, 0]
						},
						"1.25": {
							"pre": [0, 0, 0],
							"post": [1, 1, 1]
						}
					}
				},
				"Bullet_4": {
					"rotation": {
						"0.7083": [0, 0, 0],
						"0.8333": [-25.36082, 8.86042, -4.65468],
						"1.25": [0, 0, 0]
					},
					"position": {
						"0.6667": [0, 0, 0],
						"0.75": [0, 0, -3],
						"0.8333": [0, 0, -11],
						"0.9167": [0, 0, -11.4],
						"1.1667": [0, 0, -11.4],
						"1.25": [0, 0, 0]
					},
					"scale": {
						"0.6667": [1, 1, 1],
						"1.0": {
							"pre": [1, 1, 1],
							"post": [0, 0, 0]
						},
						"1.25": {
							"pre": [0, 0, 0],
							"post": [1, 1, 1]
						}
					}
				},
				"Bullet_5": {
					"rotation": {
						"0.75": [0, 0, 0],
						"0.9583": [-43.80445, -2.08449, 25.94407],
						"1.25": [0, 0, 0]
					},
					"position": {
						"0.7083": [0, 0, 0],
						"0.7917": [-0.1, 0.3, -5.2],
						"0.875": [-1.5, 0, -5.1],
						"0.9583": [-2, 0, -11.6],
						"1.1667": [-2, 0, -11.6],
						"1.25": [0, 0, 0]
					},
					"scale": {
						"0.7083": [1, 1, 1],
						"1.0417": {
							"pre": [1, 1, 1],
							"post": [0, 0, 0]
						},
						"1.25": {
							"pre": [0, 0, 0],
							"post": [1, 1, 1]
						}
					}
				},
				"Bullet_6": {
					"rotation": {
						"0.75": [0, 0, 0],
						"0.9583": [-47.77324, 20.9062, 2.48281],
						"1.25": [0, 0, 0]
					},
					"position": {
						"0.7083": [0, 0, 0],
						"0.7917": [0, 0, -3],
						"0.875": [-1, 0, -5.1],
						"0.9583": [-2, 0, -11.6],
						"1.1667": [-2, 0, -11.6],
						"1.25": [0, 0, 0]
					},
					"scale": {
						"0.7083": [1, 1, 1],
						"1.0417": {
							"pre": [1, 1, 1],
							"post": [0, 0, 0]
						},
						"1.25": {
							"pre": [0, 0, 0],
							"post": [1, 1, 1]
						}
					}
				},
				"constraint": {
					"rotation": {
						"0.0": [0.2, 0.2, 0.4],
						"2.25": [0.2, 0.2, 0.4]
					},
					"position": [0.1, 0.1, 0.1]
				},
				"righthand": {
					"rotation": [-87.5, 0, 0],
					"position": [6, -14.2, -1.6],
					"scale": [1, 1.5, 1]
				},
				"mag_and_lefthand": {
					"rotation": {
						"0.0": {
							"post": [0, 0, 0],
							"lerp_mode": "catmullrom"
						},
						"0.0833": {
							"post": [-5, 0, 10],
							"lerp_mode": "catmullrom"
						},
						"0.1667": {
							"post": [-4.95744, 0.65182, 17.47178],
							"lerp_mode": "catmullrom"
						},
						"1.0": {
							"post": [55.96425, -21.85176, -23.48041],
							"lerp_mode": "catmullrom"
						},
						"1.0833": {
							"post": [60.56269, -21.02999, -22.93962],
							"lerp_mode": "catmullrom"
						},
						"1.125": {
							"post": [72.5199, -16.5836, -19.40363],
							"lerp_mode": "catmullrom"
						},
						"1.1667": {
							"post": [68.13777, -7.11962, -10.00452],
							"lerp_mode": "catmullrom"
						},
						"1.2083": {
							"post": [61.47694, -0.96802, 5.52411],
							"lerp_mode": "catmullrom"
						},
						"1.2917": {
							"post": [61.47694, -0.96802, 5.52411],
							"lerp_mode": "catmullrom"
						},
						"2.0": {
							"post": [61.47694, -0.96802, 5.52411],
							"lerp_mode": "catmullrom"
						},
						"2.2083": {
							"post": [0, 0, 0],
							"lerp_mode": "catmullrom"
						}
					},
					"position": {
						"0.0": {
							"post": [0, 0, 0],
							"lerp_mode": "catmullrom"
						},
						"0.0833": {
							"post": [3, 0, 0],
							"lerp_mode": "catmullrom"
						},
						"0.1667": {
							"post": [8.28589, -4.05105, 0.26873],
							"lerp_mode": "catmullrom"
						},
						"0.25": {
							"post": [10.86095, -9.89562, 0.72893],
							"lerp_mode": "catmullrom"
						},
						"1.0": {
							"post": [10.04108, -12.78146, 3.23343],
							"lerp_mode": "catmullrom"
						},
						"1.0833": {
							"post": [7.25845, -11.09627, 2.10859],
							"lerp_mode": "catmullrom"
						},
						"1.125": {
							"post": [5.80453, -9.37323, 1.95441],
							"lerp_mode": "catmullrom"
						},
						"1.1667": {
							"post": [3.80912, -6.21673, 1.66244],
							"lerp_mode": "catmullrom"
						},
						"1.2083": {
							"post": [3.40655, -2.16651, 0.06723],
							"lerp_mode": "catmullrom"
						},
						"1.3333": {
							"post": [3.46722, -2.03125, -0.09392],
							"lerp_mode": "catmullrom"
						},
						"2.0417": {
							"post": [3.29905, -2.53498, 0.41257],
							"lerp_mode": "catmullrom"
						},
						"2.2083": {
							"post": [0, 0, 0],
							"lerp_mode": "catmullrom"
						}
					},
					"scale": {
						"0.0": [1, 1, 1],
						"0.2917": {
							"pre": [1, 1, 1],
							"post": [0, 0, 0]
						},
						"1.0": {
							"pre": [0, 0, 0],
							"post": [1, 1, 1]
						}
					}
				},
				"mag_and_bullet": {
					"scale": {
						"0.0": [0, 0, 0],
						"0.9583": {
							"pre": [0, 0, 0],
							"post": [1, 1, 1]
						}
					}
				},
				"Loader": {
					"rotation": {
						"1.4583": [0, 0, 0],
						"1.5833": [20, 15, 0]
					},
					"position": {
						"1.4167": [0, 0, 0],
						"1.5417": [0.004, -0.0973, -2.97729],
						"1.625": [0.17704, -1.87939, -7.33927]
					},
					"scale": {
						"0.0": [1, 1, 1],
						"1.6667": {
							"pre": [1, 1, 1],
							"post": [0, 0, 0]
						}
					}
				},
				"Left_Bullets": {
					"scale": {
						"0.9167": [1, 1, 1],
						"1.1667": {
							"pre": [1, 1, 1],
							"post": [0, 0, 0]
						}
					}
				},
				"lefthand": {
					"rotation": {
						"0.0": [-67, 11, 5],
						"0.9583": {
							"pre": [-67, 11, 5],
							"post": [-89.68437, 24.01063, -0.81247]
						},
						"1.2083": [-89.68437, 24.01063, -0.81247],
						"1.4583": [-89.68437, 24.01063, -0.81247],
						"1.5833": {
							"pre": [-105.31, 26.81, -0.93],
							"post": [-105.31, 26.81, -0.93],
							"lerp_mode": "catmullrom"
						},
						"1.6667": {
							"post": [-114.71, 14.01, -0.93],
							"lerp_mode": "catmullrom"
						},
						"1.7083": {
							"post": [-98.15504, 5.68075, 10.66182],
							"lerp_mode": "catmullrom"
						},
						"1.75": {
							"post": [-98.12752, 3.20594, 11.01689],
							"lerp_mode": "catmullrom"
						},
						"1.9167": {
							"post": [-98.12752, 3.20594, 11.01689],
							"lerp_mode": "catmullrom"
						},
						"2.0": {
							"post": [-98.19819, 8.15534, 10.30368],
							"lerp_mode": "catmullrom"
						},
						"2.2083": [-67, 11, 5]
					},
					"position": {
						"0.0": [-7, -15, -0.4],
						"0.9583": {
							"pre": [-7, -15, -0.4],
							"post": [-6.36, -8.82, -3.76]
						},
						"1.2083": [-6.46678, -8.83128, -4.47346],
						"1.4583": [-6.87356, -8.84256, -5.38691],
						"1.5833": {
							"pre": [-13.57224, -8.71958, -5.2482],
							"post": [-13.57224, -8.71958, -5.2482],
							"lerp_mode": "catmullrom"
						},
						"1.6667": {
							"post": [-18.4514, -10.37192, -0.53558],
							"lerp_mode": "catmullrom"
						},
						"1.7083": {
							"post": [-9.25, -8.37, 0.46],
							"lerp_mode": "catmullrom"
						},
						"1.75": {
							"post": [-5.95, -7.37, 0.76],
							"lerp_mode": "catmullrom"
						},
						"1.9167": {
							"post": [-5.95, -7.37, 0.76],
							"lerp_mode": "catmullrom"
						},
						"2.0": {
							"post": [-7.95, -11.37, 1.76],
							"lerp_mode": "catmullrom"
						},
						"2.2083": [-7, -15, -0.4]
					},
					"scale": [1, 1.5, 1]
				},
				"GRH": {
					"rotation": [0, 180, 0]
				},
				"LRH": {
					"rotation": [0, 180, 0]
				},
				"Slug_1": {
					"scale": {
						"0.0": [0, 0, 0],
						"1.25": {
							"pre": [0, 0, 0],
							"post": [1, 1, 1]
						}
					}
				},
				"Slug_2": {
					"scale": {
						"0.0": [0, 0, 0],
						"1.25": {
							"pre": [0, 0, 0],
							"post": [1, 1, 1]
						}
					}
				},
				"Slug_3": {
					"scale": {
						"0.0": [0, 0, 0],
						"1.25": {
							"pre": [0, 0, 0],
							"post": [1, 1, 1]
						}
					}
				},
				"Slug_4": {
					"scale": {
						"0.0": [0, 0, 0],
						"1.25": {
							"pre": [0, 0, 0],
							"post": [1, 1, 1]
						}
					}
				},
				"Slug_5": {
					"scale": {
						"0.0": [0, 0, 0],
						"1.25": {
							"pre": [0, 0, 0],
							"post": [1, 1, 1]
						}
					}
				},
				"Slug_6": {
					"scale": {
						"0.0": [0, 0, 0],
						"1.25": {
							"pre": [0, 0, 0],
							"post": [1, 1, 1]
						}
					}
				},
				"camera": {
					"rotation": {
						"0.0": [0, 0, 0],
						"0.0417": [-0.01, 0, 0],
						"0.0833": [-0.01, 0, 0.01],
						"0.125": [0.08, 0, -0.03],
						"0.1667": [0.25, 0.01, -0.1],
						"0.2083": [0.49, 0.02, -0.19],
						"0.25": [1, 0.04, -0.4],
						"0.2917": [1.18, 0.05, -0.47],
						"0.3333": [1.27, 0.05, -0.52],
						"0.375": [1.32, 0.05, -0.55],
						"0.4167": [1.33, 0.05, -0.57],
						"0.4583": [1.32, 0.05, -0.58],
						"0.5": [1.27, 0.05, -0.63],
						"0.5417": [1.18, 0.05, -0.67],
						"0.5833": [0.57, 0.05, -0.01],
						"0.625": [0.26, 0.05, 0.38],
						"0.6667": [0.47, 0.05, -0.06],
						"0.7083": [0.86, 0.06, -0.78],
						"0.75": [1.05, 0.06, -1.16],
						"0.7917": [0.89, 0.07, -0.87],
						"0.8333": [0.71, 0.07, -0.54],
						"0.875": [0.59, 0.07, -0.35],
						"0.9167": [0.57, 0.07, -0.48],
						"0.9583": [0.6, 0.07, -0.62],
						"1.0": [0.64, 0.07, -0.71],
						"1.0417": [0.66, 0.07, -0.74],
						"1.0833": [0.74, 0.05, -0.71],
						"1.125": [0.84, 0.05, -0.6],
						"1.1667": [1.27, 0.05, 0.07],
						"1.2083": [1.58, 0.05, 0.5],
						"1.25": [1.05, 0.05, -0.76],
						"1.2917": [0.81, 0.05, -1.25],
						"1.3333": [0.84, 0.05, -1.08],
						"1.375": [0.98, 0.05, -0.61],
						"1.4167": [0.95, 0.04, -0.21],
						"1.4583": [0.81, 0.04, -0.26],
						"1.5": [0.64, 0.03, -0.33],
						"1.5417": [0.48, 0.02, -0.32],
						"1.5833": [0.16, 0.01, 0.03],
						"1.625": [0.01, 0, 0.23],
						"1.6667": [-0.07, 0, 0.33],
						"1.7083": [-0.07, 0, 0.2],
						"1.75": [0.08, 0, -0.22],
						"1.7917": [0.06, 0, -0.18],
						"1.8333": [0.01, 0, -0.05],
						"1.875": [-0.02, 0, 0.05],
						"1.9167": [-0.02, 0, 0.04],
						"1.9583": [-0.01, 0, 0.02],
						"2.0": [0, 0, 0]
					}
				}
			},
			"sound_effects": {
				"0.0": {
					"effect": "sheriff_reload"
				}
			}
		},
		"reload_tactical": {
			"animation_length": 2.25,
			"bones": {
				"root": {
					"rotation": {
						"0.9583": {
							"pre": [0, 0, 0],
							"post": [0, 0, 0],
							"lerp_mode": "catmullrom"
						},
						"1.125": {
							"post": [0, 0, 0],
							"lerp_mode": "catmullrom"
						},
						"1.1667": {
							"post": [5, 0, 0],
							"lerp_mode": "catmullrom"
						},
						"1.25": {
							"post": [10.33417, 4.72215, 3.16996],
							"lerp_mode": "catmullrom"
						},
						"1.3333": {
							"post": [5, 0, 0],
							"lerp_mode": "catmullrom"
						},
						"1.7083": {
							"post": [5, 0, 0],
							"lerp_mode": "catmullrom"
						},
						"1.75": {
							"post": [6.66788, 8.93745, -16.86866],
							"lerp_mode": "catmullrom"
						},
						"1.875": {
							"post": [7.9299, -4.4169, -5.42055],
							"lerp_mode": "catmullrom"
						},
						"2.0833": {
							"post": [8.31056, 13.94589, -4.25476],
							"lerp_mode": "catmullrom"
						},
						"2.25": {
							"post": [0, 0, 0],
							"lerp_mode": "catmullrom"
						}
					},
					"position": {
						"0.9583": {
							"pre": [0, 0, 0],
							"post": [0, 0, 0],
							"lerp_mode": "catmullrom"
						},
						"1.1667": {
							"post": [0, 0, 0],
							"lerp_mode": "catmullrom"
						},
						"1.2083": {
							"post": [0, 1, -1],
							"lerp_mode": "catmullrom"
						},
						"1.2917": {
							"post": [0, 0, -1],
							"lerp_mode": "catmullrom"
						},
						"1.75": {
							"post": [-0.5, -0.02, -1.18],
							"lerp_mode": "catmullrom"
						},
						"2.0": {
							"post": [0, -0.02, -1.18],
							"lerp_mode": "catmullrom"
						},
						"2.2083": {
							"post": [0, 0, 0],
							"lerp_mode": "catmullrom"
						}
					}
				},
				"gun_and_righthand": {
					"rotation": {
						"0.0": {
							"post": [0, 0, 0],
							"lerp_mode": "catmullrom"
						},
						"0.0833": {
							"post": [-1.93891, -12.74465, 9.23358],
							"lerp_mode": "catmullrom"
						},
						"0.1667": {
							"post": [2.30059, -10.93239, 14.3421],
							"lerp_mode": "catmullrom"
						},
						"0.2917": {
							"post": [-0.79811, 23.73939, -12.34549],
							"lerp_mode": "catmullrom"
						},
						"0.4167": {
							"post": [39.94236, -11.63773, 17.15252],
							"lerp_mode": "catmullrom"
						},
						"0.5417": {
							"post": [40.33051, 4.2284, -8.88994],
							"lerp_mode": "catmullrom"
						},
						"0.625": {
							"post": [53.18184, 10.2692, -9.24167],
							"lerp_mode": "catmullrom"
						},
						"0.7083": {
							"post": [61.51973, 13.23754, -5.13139],
							"lerp_mode": "catmullrom"
						},
						"0.7917": {
							"post": [61.34821, 9.99987, -0.47995],
							"lerp_mode": "catmullrom"
						},
						"0.9167": {
							"post": [61, 10, -0.5],
							"lerp_mode": "catmullrom"
						},
						"1.5417": {
							"post": [61, 10, -0.5],
							"lerp_mode": "catmullrom"
						},
						"1.7083": {
							"post": [56.86976, 12.39203, 3.97628],
							"lerp_mode": "catmullrom"
						},
						"2.0": {
							"post": [54.38062, 5.29623, 2.63002],
							"lerp_mode": "catmullrom"
						},
						"2.2083": {
							"post": [0, 0, 0],
							"lerp_mode": "catmullrom"
						}
					},
					"position": {
						"0.0": {
							"post": [0, 0, 0],
							"lerp_mode": "catmullrom"
						},
						"0.125": {
							"post": [1, 0.3, 0],
							"lerp_mode": "catmullrom"
						},
						"0.25": {
							"post": [2, -0.5, 0],
							"lerp_mode": "catmullrom"
						},
						"0.375": {
							"post": [2.6, -0.6, 0],
							"lerp_mode": "catmullrom"
						},
						"0.4583": {
							"post": [0.6, -0.6, 0],
							"lerp_mode": "catmullrom"
						},
						"0.5417": {
							"post": [0.6, 2.4, -2],
							"lerp_mode": "catmullrom"
						},
						"0.625": {
							"post": [0.6, 2.9, -2],
							"lerp_mode": "catmullrom"
						},
						"0.7083": {
							"post": [0, -0.5, 0],
							"lerp_mode": "catmullrom"
						},
						"0.8333": {
							"post": [0, -0.5, 0],
							"lerp_mode": "catmullrom"
						},
						"0.9583": {
							"post": [0.1, -0.5, 0],
							"lerp_mode": "catmullrom"
						},
						"1.0833": {
							"post": [0.11, -0.79, -0.01],
							"lerp_mode": "catmullrom"
						},
						"1.5417": {
							"post": [0.1, -0.5, 0],
							"lerp_mode": "catmullrom"
						},
						"1.7083": {
							"post": [-0.2, -1.1, 0.7],
							"lerp_mode": "catmullrom"
						},
						"2.0": {
							"post": [-0.2, -1.1, 0.7],
							"lerp_mode": "catmullrom"
						},
						"2.2083": {
							"post": [0, 0, 0],
							"lerp_mode": "catmullrom"
						}
					}
				},
				"MainBracket": {
					"rotation": {
						"0.2917": [0, 0, 0],
						"0.4167": [0, 0, -55],
						"0.5417": [0, 0, -65],
						"0.625": [0, 0, -70],
						"1.7083": [0, 0, -70],
						"1.75": [0, 0, 0]
					}
				},
				"Pole": {
					"position": {
						"0.6667": [0, 0, 0],
						"0.75": [0, 0, -4],
						"1.0833": [0, 0, -4],
						"1.125": [0, 0, -3.57],
						"1.2083": [0, 0, 0]
					}
				},
				"Bullet_1": {
					"rotation": {
						"0.75": [0, 0, 0],
						"0.9583": [-13.27463, 19.50645, -4.50432],
						"1.25": [0, 0, 0]
					},
					"position": {
						"0.7083": [0, 0, 0],
						"0.7917": [0, 0, -1],
						"0.875": [-1, 0, -5.1],
						"0.9583": [-2, 0, -11.6],
						"1.1667": [-2, 0, -11.6],
						"1.25": [0, 0, 0]
					},
					"scale": {
						"0.7083": [1, 1, 1],
						"1.0417": {
							"pre": [1, 1, 1],
							"post": [0, 0, 0]
						},
						"1.25": {
							"pre": [0, 0, 0],
							"post": [1, 1, 1]
						}
					}
				},
				"Bullet_2": {
					"rotation": {
						"0.7083": [0, 0, 0],
						"0.8333": [22.5, 20, 0],
						"0.9583": [28.24555, 6.87708, -7.48966],
						"1.25": [0, 0, 0]
					},
					"position": {
						"0.6667": [0, 0, 0],
						"0.75": [0, 0, -0.5],
						"0.8333": [-0.7, 0, -5],
						"0.9167": [-4, -1, -11.7],
						"1.1667": [-4, -1, -11.7],
						"1.25": [0, 0, 0]
					},
					"scale": {
						"0.6667": [1, 1, 1],
						"1.0": {
							"pre": [1, 1, 1],
							"post": [0, 0, 0]
						},
						"1.25": {
							"pre": [0, 0, 0],
							"post": [1, 1, 1]
						}
					}
				},
				"Bullet_3": {
					"rotation": {
						"0.7083": [0, 0, 0],
						"0.8333": [15, -12.5, 0],
						"1.25": [0, 0, 0]
					},
					"position": {
						"0.6667": [0, 0, 0],
						"0.75": [0, 0, -1.5],
						"0.8333": [-1.7772, -0.41266, -7.52495],
						"0.9167": [0, 0, -11],
						"1.1667": [0, 0, -11],
						"1.25": [0, 0, 0]
					},
					"scale": {
						"0.6667": [1, 1, 1],
						"1.0": {
							"pre": [1, 1, 1],
							"post": [0, 0, 0]
						},
						"1.25": {
							"pre": [0, 0, 0],
							"post": [1, 1, 1]
						}
					}
				},
				"Bullet_4": {
					"rotation": {
						"0.7083": [0, 0, 0],
						"0.8333": [-25.36082, 8.86042, -4.65468],
						"1.25": [0, 0, 0]
					},
					"position": {
						"0.6667": [0, 0, 0],
						"0.75": [0, 0, -3],
						"0.8333": [0, 0, -11],
						"0.9167": [0, 0, -11.4],
						"1.1667": [0, 0, -11.4],
						"1.25": [0, 0, 0]
					},
					"scale": {
						"0.6667": [1, 1, 1],
						"1.0": {
							"pre": [1, 1, 1],
							"post": [0, 0, 0]
						},
						"1.25": {
							"pre": [0, 0, 0],
							"post": [1, 1, 1]
						}
					}
				},
				"Bullet_5": {
					"rotation": {
						"0.75": [0, 0, 0],
						"0.9583": [-43.80445, -2.08449, 25.94407],
						"1.25": [0, 0, 0]
					},
					"position": {
						"0.7083": [0, 0, 0],
						"0.7917": [-0.1, 0.3, -5.2],
						"0.875": [-1.5, 0, -5.1],
						"0.9583": [-2, 0, -11.6],
						"1.1667": [-2, 0, -11.6],
						"1.25": [0, 0, 0]
					},
					"scale": {
						"0.7083": [1, 1, 1],
						"1.0417": {
							"pre": [1, 1, 1],
							"post": [0, 0, 0]
						},
						"1.25": {
							"pre": [0, 0, 0],
							"post": [1, 1, 1]
						}
					}
				},
				"Bullet_6": {
					"rotation": {
						"0.75": [0, 0, 0],
						"0.9583": [-47.77324, 20.9062, 2.48281],
						"1.25": [0, 0, 0]
					},
					"position": {
						"0.7083": [0, 0, 0],
						"0.7917": [0, 0, -3],
						"0.875": [-1, 0, -5.1],
						"0.9583": [-2, 0, -11.6],
						"1.1667": [-2, 0, -11.6],
						"1.25": [0, 0, 0]
					},
					"scale": {
						"0.7083": [1, 1, 1],
						"1.0417": {
							"pre": [1, 1, 1],
							"post": [0, 0, 0]
						},
						"1.25": {
							"pre": [0, 0, 0],
							"post": [1, 1, 1]
						}
					}
				},
				"constraint": {
					"rotation": {
						"0.0": [0.2, 0.2, 0.4],
						"2.25": [0.2, 0.2, 0.4]
					},
					"position": [0.1, 0.1, 0.1]
				},
				"righthand": {
					"rotation": [-87.5, 0, 0],
					"position": [6, -14.2, -1.6],
					"scale": [1, 1.5, 1]
				},
				"mag_and_lefthand": {
					"rotation": {
						"0.0": {
							"post": [0, 0, 0],
							"lerp_mode": "catmullrom"
						},
						"0.0833": {
							"post": [-5, 0, 10],
							"lerp_mode": "catmullrom"
						},
						"0.1667": {
							"post": [-4.95744, 0.65182, 17.47178],
							"lerp_mode": "catmullrom"
						},
						"1.0": {
							"post": [55.96425, -21.85176, -23.48041],
							"lerp_mode": "catmullrom"
						},
						"1.0833": {
							"post": [60.56269, -21.02999, -22.93962],
							"lerp_mode": "catmullrom"
						},
						"1.125": {
							"post": [72.5199, -16.5836, -19.40363],
							"lerp_mode": "catmullrom"
						},
						"1.1667": {
							"post": [68.13777, -7.11962, -10.00452],
							"lerp_mode": "catmullrom"
						},
						"1.2083": {
							"post": [61.47694, -0.96802, 5.52411],
							"lerp_mode": "catmullrom"
						},
						"1.2917": {
							"post": [61.47694, -0.96802, 5.52411],
							"lerp_mode": "catmullrom"
						},
						"2.0": {
							"post": [61.47694, -0.96802, 5.52411],
							"lerp_mode": "catmullrom"
						},
						"2.2083": {
							"post": [0, 0, 0],
							"lerp_mode": "catmullrom"
						}
					},
					"position": {
						"0.0": {
							"post": [0, 0, 0],
							"lerp_mode": "catmullrom"
						},
						"0.0833": {
							"post": [3, 0, 0],
							"lerp_mode": "catmullrom"
						},
						"0.1667": {
							"post": [8.28589, -4.05105, 0.26873],
							"lerp_mode": "catmullrom"
						},
						"0.25": {
							"post": [10.86095, -9.89562, 0.72893],
							"lerp_mode": "catmullrom"
						},
						"1.0": {
							"post": [10.04108, -12.78146, 3.23343],
							"lerp_mode": "catmullrom"
						},
						"1.0833": {
							"post": [7.25845, -11.09627, 2.10859],
							"lerp_mode": "catmullrom"
						},
						"1.125": {
							"post": [5.80453, -9.37323, 1.95441],
							"lerp_mode": "catmullrom"
						},
						"1.1667": {
							"post": [3.80912, -6.21673, 1.66244],
							"lerp_mode": "catmullrom"
						},
						"1.2083": {
							"post": [3.40655, -2.16651, 0.06723],
							"lerp_mode": "catmullrom"
						},
						"1.3333": {
							"post": [3.46722, -2.03125, -0.09392],
							"lerp_mode": "catmullrom"
						},
						"2.0417": {
							"post": [3.29905, -2.53498, 0.41257],
							"lerp_mode": "catmullrom"
						},
						"2.2083": {
							"post": [0, 0, 0],
							"lerp_mode": "catmullrom"
						}
					},
					"scale": {
						"0.0": [1, 1, 1],
						"0.2917": {
							"pre": [1, 1, 1],
							"post": [0, 0, 0]
						},
						"1.0": {
							"pre": [0, 0, 0],
							"post": [1, 1, 1]
						}
					}
				},
				"mag_and_bullet": {
					"scale": {
						"0.0": [0, 0, 0],
						"0.9583": {
							"pre": [0, 0, 0],
							"post": [1, 1, 1]
						}
					}
				},
				"Loader": {
					"rotation": {
						"1.4583": [0, 0, 0],
						"1.5833": [20, 15, 0]
					},
					"position": {
						"1.4167": [0, 0, 0],
						"1.5417": [0.004, -0.0973, -2.97729],
						"1.625": [0.17704, -1.87939, -7.33927]
					},
					"scale": {
						"0.0": [1, 1, 1],
						"1.6667": {
							"pre": [1, 1, 1],
							"post": [0, 0, 0]
						}
					}
				},
				"Left_Bullets": {
					"scale": {
						"0.9167": [1, 1, 1],
						"1.1667": {
							"pre": [1, 1, 1],
							"post": [0, 0, 0]
						}
					}
				},
				"lefthand": {
					"rotation": {
						"0.0": [-67, 11, 5],
						"0.9583": {
							"pre": [-67, 11, 5],
							"post": [-89.68437, 24.01063, -0.81247]
						},
						"1.2083": [-89.68437, 24.01063, -0.81247],
						"1.4583": [-89.68437, 24.01063, -0.81247],
						"1.5833": {
							"pre": [-105.31, 26.81, -0.93],
							"post": [-105.31, 26.81, -0.93],
							"lerp_mode": "catmullrom"
						},
						"1.6667": {
							"post": [-114.71, 14.01, -0.93],
							"lerp_mode": "catmullrom"
						},
						"1.7083": {
							"post": [-98.15504, 5.68075, 10.66182],
							"lerp_mode": "catmullrom"
						},
						"1.75": {
							"post": [-98.12752, 3.20594, 11.01689],
							"lerp_mode": "catmullrom"
						},
						"1.9167": {
							"post": [-98.12752, 3.20594, 11.01689],
							"lerp_mode": "catmullrom"
						},
						"2.0": {
							"post": [-98.19819, 8.15534, 10.30368],
							"lerp_mode": "catmullrom"
						},
						"2.2083": [-67, 11, 5]
					},
					"position": {
						"0.0": [-7, -15, -0.4],
						"0.9583": {
							"pre": [-7, -15, -0.4],
							"post": [-6.36, -8.82, -3.76]
						},
						"1.2083": [-6.46678, -8.83128, -4.47346],
						"1.4583": [-6.87356, -8.84256, -5.38691],
						"1.5833": {
							"pre": [-13.57224, -8.71958, -5.2482],
							"post": [-13.57224, -8.71958, -5.2482],
							"lerp_mode": "catmullrom"
						},
						"1.6667": {
							"post": [-18.4514, -10.37192, -0.53558],
							"lerp_mode": "catmullrom"
						},
						"1.7083": {
							"post": [-9.25, -8.37, 0.46],
							"lerp_mode": "catmullrom"
						},
						"1.75": {
							"post": [-5.95, -7.37, 0.76],
							"lerp_mode": "catmullrom"
						},
						"1.9167": {
							"post": [-5.95, -7.37, 0.76],
							"lerp_mode": "catmullrom"
						},
						"2.0": {
							"post": [-7.95, -11.37, 1.76],
							"lerp_mode": "catmullrom"
						},
						"2.2083": [-7, -15, -0.4]
					},
					"scale": [1, 1.5, 1]
				},
				"GRH": {
					"rotation": [0, 180, 0]
				},
				"LRH": {
					"rotation": [0, 180, 0]
				},
				"camera": {
					"rotation": {
						"0.0": [0, 0, 0],
						"0.0417": [-0.01, 0, 0],
						"0.0833": [-0.01, 0, 0.01],
						"0.125": [0.08, 0, -0.03],
						"0.1667": [0.25, 0.01, -0.1],
						"0.2083": [0.49, 0.02, -0.19],
						"0.25": [1, 0.04, -0.4],
						"0.2917": [1.18, 0.05, -0.47],
						"0.3333": [1.27, 0.05, -0.52],
						"0.375": [1.32, 0.05, -0.55],
						"0.4167": [1.33, 0.05, -0.57],
						"0.4583": [1.32, 0.05, -0.58],
						"0.5": [1.27, 0.05, -0.63],
						"0.5417": [1.18, 0.05, -0.67],
						"0.5833": [0.57, 0.05, -0.01],
						"0.625": [0.26, 0.05, 0.38],
						"0.6667": [0.47, 0.05, -0.06],
						"0.7083": [0.86, 0.06, -0.78],
						"0.75": [1.05, 0.06, -1.16],
						"0.7917": [0.89, 0.07, -0.87],
						"0.8333": [0.71, 0.07, -0.54],
						"0.875": [0.59, 0.07, -0.35],
						"0.9167": [0.57, 0.07, -0.48],
						"0.9583": [0.6, 0.07, -0.62],
						"1.0": [0.64, 0.07, -0.71],
						"1.0417": [0.66, 0.07, -0.74],
						"1.0833": [0.74, 0.05, -0.71],
						"1.125": [0.84, 0.05, -0.6],
						"1.1667": [1.27, 0.05, 0.07],
						"1.2083": [1.58, 0.05, 0.5],
						"1.25": [1.05, 0.05, -0.76],
						"1.2917": [0.81, 0.05, -1.25],
						"1.3333": [0.84, 0.05, -1.08],
						"1.375": [0.98, 0.05, -0.61],
						"1.4167": [0.95, 0.04, -0.21],
						"1.4583": [0.81, 0.04, -0.26],
						"1.5": [0.64, 0.03, -0.33],
						"1.5417": [0.48, 0.02, -0.32],
						"1.5833": [0.16, 0.01, 0.03],
						"1.625": [0.01, 0, 0.23],
						"1.6667": [-0.07, 0, 0.33],
						"1.7083": [-0.07, 0, 0.2],
						"1.75": [0.08, 0, -0.22],
						"1.7917": [0.06, 0, -0.18],
						"1.8333": [0.01, 0, -0.05],
						"1.875": [-0.02, 0, 0.05],
						"1.9167": [-0.02, 0, 0.04],
						"1.9583": [-0.01, 0, 0.02],
						"2.0": [0, 0, 0]
					}
				}
			},
			"sound_effects": {
				"0.0": {
					"effect": "sheriff_reload"
				}
			}
		},
		"inspect": {
			"animation_length": 3,
			"bones": {
				"gun_and_righthand": {
					"rotation": {
						"0.0": {
							"post": [0, 0, 0],
							"lerp_mode": "catmullrom"
						},
						"0.3333": {
							"post": [-31.48386, -53.8362, 53.86693],
							"lerp_mode": "catmullrom"
						},
						"1.0833": {
							"post": [-31.48386, -53.8362, 53.86693],
							"lerp_mode": "catmullrom"
						},
						"1.5": {
							"post": [14.60118, 57.53093, -112.08461],
							"lerp_mode": "catmullrom"
						},
						"2.0417": {
							"post": [14.60118, 57.53093, -112.08461],
							"lerp_mode": "catmullrom"
						},
						"2.625": {
							"post": [30.3865, 39.32979, -73.38995],
							"lerp_mode": "catmullrom"
						},
						"3.0": {
							"post": [0, 0, 0],
							"lerp_mode": "catmullrom"
						}
					},
					"position": {
						"0.0": {
							"post": [0, 0, 0],
							"lerp_mode": "catmullrom"
						},
						"0.4167": {
							"post": [0, 0.1, -1],
							"lerp_mode": "catmullrom"
						},
						"1.0417": {
							"post": [0, 0.1, -1],
							"lerp_mode": "catmullrom"
						},
						"1.5417": {
							"post": [0, -4.7, -1],
							"lerp_mode": "catmullrom"
						},
						"2.0833": {
							"post": [0, -4.7, -1],
							"lerp_mode": "catmullrom"
						},
						"2.5833": {
							"post": [0, -4.2, -2],
							"lerp_mode": "catmullrom"
						},
						"3.0": {
							"post": [0, 0, 0],
							"lerp_mode": "catmullrom"
						}
					}
				},
				"righthand": {
					"rotation": [-87.5, 0, 0],
					"position": [6, -14.2, -1.6],
					"scale": [1, 1.5, 1]
				},
				"mag_and_bullet": {
					"scale": 0
				},
				"lefthand": {
					"rotation": {
						"0.0": [-67, 11, 5],
						"2.9583": [-67, 11, 5]
					},
					"position": {
						"0.0": [-7, -15, -0.4],
						"0.125": [-9, -23, -0.4],
						"2.875": [-9, -23, -0.4],
						"2.9583": [-7, -15, -0.4]
					},
					"scale": {
						"0.0": [1, 1.5, 1],
						"2.9583": [1, 1.5, 1]
					}
				},
				"GRH": {
					"rotation": [0, 180, 0]
				},
				"LRH": {
					"rotation": [0, 180, 0]
				}
			},
			"sound_effects": {
				"0.0": {
					"effect": "sheriff_inspect"
				}
			}
		},
		"shoot": {
			"animation_length": 0.7083,
			"bones": {
				"root": {
					"rotation": {
						"0.0": {
							"post": [0, 0, 0],
							"lerp_mode": "catmullrom"
						},
						"0.0417": {
							"post": [7.5, 0, 0],
							"lerp_mode": "catmullrom"
						},
						"0.125": {
							"post": [-40, 0, 0],
							"lerp_mode": "catmullrom"
						},
						"0.25": {
							"post": [-40, 0, 0],
							"lerp_mode": "catmullrom"
						},
						"0.6667": {
							"post": [0, 0, 0],
							"lerp_mode": "catmullrom"
						}
					},
					"position": {
						"0.0": {
							"post": [0, 0, 0],
							"lerp_mode": "catmullrom"
						},
						"0.0417": {
							"post": [0, 0.3, 2],
							"lerp_mode": "catmullrom"
						},
						"0.0833": {
							"post": [0, 0.49, 3.98],
							"lerp_mode": "catmullrom"
						},
						"0.25": {
							"post": [0, 0.02, 1.63],
							"lerp_mode": "catmullrom"
						},
						"0.5": {
							"post": [0, 0, 0],
							"lerp_mode": "catmullrom"
						}
					}
				},
				"Sheriff": {
					"rotation": {
						"0.0417": {
							"pre": [0, 0, 0],
							"post": [0, 0, 0],
							"lerp_mode": "catmullrom"
						},
						"0.0833": {
							"post": [0, -2.5, 0],
							"lerp_mode": "catmullrom"
						},
						"0.2083": {
							"post": [0, 0, 0],
							"lerp_mode": "catmullrom"
						}
					}
				},
				"Cylinder": {
					"rotation": {
						"0.0417": [0, 0, 0],
						"0.1667": [0, 0, 60],
						"0.25": [0, 0, 0]
					}
				},
				"Hammer__35_0": {
					"rotation": {
						"0.0": [0, 0, 0],
						"0.0417": [-35, 0, 0],
						"0.125": [-35, 0, 0],
						"0.2083": [0, 0, 0]
					}
				},
				"constraint": {
					"rotation": {
						"0.0": [0.35, 0.45, 1],
						"0.1667": [0.2, 0.2, 0.2],
						"0.25": [0.1, 0.1, 0.1],
						"0.3333": [0, 0, 0]
					},
					"position": {
						"0.0": [0.2, 0.1, 0.5],
						"0.1667": [0.15, 0.05, 0.25],
						"0.25": [0.1, 0, 0.1],
						"0.3333": [0, 0, 0]
					}
				},
				"mag_and_bullet": {
					"scale": 0
				},
				"camera": {
					"rotation": {
						"0.0": [0, 0, 0],
						"0.0417": [0, 0, 3.15],
						"0.0833": [0, 0, 1.94],
						"0.125": [0, 0, -0.96],
						"0.1667": [0, 0, 0.6],
						"0.2083": [0, 0, -0.32],
						"0.25": [0, 0, 0]
					}
				}
			},
			"sound_effects": {
				"0.0": {
					"effect": "sheriff_shoot"
				}
			}
		},
		"put_away": {
			"loop": true,
			"bones": {
				"root": {
					"scale": 0
				}
			}
		}
	}
}