{
	"format_version": "1.8.0",
	"animations": {
		"static_idle": {
			"animation_length": 0.2917,
			"bones": {
				"lefthand": {
					"rotation": [86.07276, 39.73534, 30.68972],
					"position": [6.59059, -12.785, -9.55048],
					"scale": [1, 1.5, 1]
				},
				"righthand": {
					"rotation": [111, 0.43, -161.11],
					"position": [-6.38615, -15.08435, 1.61551],
					"scale": [1, 1.5, 1]
				},
				"camera": {
					"rotation": {
						"0.0": {
							"post": [0, 0, 0],
							"lerp_mode": "catmullrom"
						}
					}
				},
				"RGH": {
					"rotation": [0, 180, 0]
				},
				"LGH": {
					"rotation": [0, 180, 0]
				},
				"light_scope_illuminated": {
					"scale": 0
				}
			}
		},
		"draw": {
			"animation_length": 1.0417,
			"bones": {
				"root": {
					"rotation": {
						"0.0": {
							"post": [30, 0, 0],
							"lerp_mode": "catmullrom"
						},
						"0.1667": {
							"post": [-36.76633, 1.30997, -19.39052],
							"lerp_mode": "catmullrom"
						},
						"0.2917": {
							"post": [-41.265, 3.39833, -16.72243],
							"lerp_mode": "catmullrom"
						},
						"0.4167": {
							"post": [-30.29247, 7.07257, -11.47183],
							"lerp_mode": "catmullrom"
						},
						"0.5": {
							"post": [-31.19387, 5.70346, 1.71879],
							"lerp_mode": "catmullrom"
						},
						"0.5833": {
							"post": [-35.26521, 3.04099, -8.88428],
							"lerp_mode": "catmullrom"
						},
						"0.6667": {
							"post": [-21.50179, 5.79177, -13.36676],
							"lerp_mode": "catmullrom"
						},
						"0.9167": {
							"post": [5.85554, -0.67888, -3.94642],
							"lerp_mode": "catmullrom"
						},
						"1.0417": {
							"post": [0, 0, 0],
							"lerp_mode": "catmullrom"
						}
					},
					"position": {
						"0.0": {
							"post": [0, -5, 0],
							"lerp_mode": "catmullrom"
						},
						"0.1667": {
							"post": [-0.5, 0.8, -2],
							"lerp_mode": "catmullrom"
						},
						"0.2917": {
							"post": [-0.5, 0.8, -2],
							"lerp_mode": "catmullrom"
						},
						"0.4167": {
							"post": [-0.1, 0.2, -1.3],
							"lerp_mode": "catmullrom"
						},
						"0.5": {
							"post": [-0.3, 0.1, -1.6],
							"lerp_mode": "catmullrom"
						},
						"0.6667": {
							"post": [-0.5, 0.7, -1.7],
							"lerp_mode": "catmullrom"
						},
						"0.7917": {
							"post": [-0.5, 0.7, -1.7],
							"lerp_mode": "catmullrom"
						},
						"0.9167": {
							"post": [-0.29, -0.2, -0.96],
							"lerp_mode": "catmullrom"
						},
						"1.0417": {
							"post": [0, 0, 0],
							"lerp_mode": "catmullrom"
						}
					}
				},
				"gun_and_righthand": {
					"position": {
						"0.5": {
							"pre": [0, 0, 0],
							"post": [0, 0, 0],
							"lerp_mode": "catmullrom"
						},
						"0.5833": {
							"post": [0.1, 0, -2.5],
							"lerp_mode": "catmullrom"
						},
						"0.7083": {
							"post": [0, 0, 0],
							"lerp_mode": "catmullrom"
						}
					}
				},
				"pull": {
					"position": {
						"0.4167": [0, 0, 0],
						"0.4583": [0, 0, 4.5],
						"0.5833": [0, 0, 4.5],
						"0.6667": [0, 0, 0]
					}
				},
				"righthand": {
					"rotation": [111, 0.43, -161.11],
					"position": [-6.38615, -15.08435, 1.61551],
					"scale": [1, 1.5, 1]
				},
				"lefthand": {
					"rotation": {
						"0.0": {
							"post": [0, 0, 0],
							"lerp_mode": "catmullrom"
						},
						"0.1667": {
							"post": [64.09726, -6.0519, -0.90646],
							"lerp_mode": "catmullrom"
						},
						"0.25": {
							"post": [69.24725, 1.94333, -3.31215],
							"lerp_mode": "catmullrom"
						},
						"0.5833": {
							"post": [69.24725, 1.94333, -3.31215],
							"lerp_mode": "catmullrom"
						},
						"0.9167": {
							"post": [86.07276, 39.73534, 30.68972],
							"lerp_mode": "catmullrom"
						}
					},
					"position": {
						"0.0": {
							"post": [18.99, -17.78, -3.05],
							"lerp_mode": "catmullrom"
						},
						"0.0833": {
							"post": [18.99, -14.78, -3.05],
							"lerp_mode": "catmullrom"
						},
						"0.1667": {
							"post": [17.99, -19.78, -1.05],
							"lerp_mode": "catmullrom"
						},
						"0.25": {
							"post": [14.99, -14.78, -4.05],
							"lerp_mode": "catmullrom"
						},
						"0.3333": {
							"post": [9.23, -10.88, -5.26],
							"lerp_mode": "catmullrom"
						},
						"0.4167": {
							"post": [9.23, -10.88, -5.26],
							"lerp_mode": "catmullrom"
						},
						"0.4583": {
							"post": [8.97, -11.07, -0.69],
							"lerp_mode": "catmullrom"
						},
						"0.5417": {
							"post": [8.97, -11.07, -0.69],
							"lerp_mode": "catmullrom"
						},
						"0.5833": {
							"post": [9.97, -11.07, 2.31],
							"lerp_mode": "catmullrom"
						},
						"0.6667": {
							"post": [10.57, -14.07, 7.21],
							"lerp_mode": "catmullrom"
						},
						"0.75": {
							"post": [11.57, -15.07, 8.21],
							"lerp_mode": "catmullrom"
						},
						"0.8333": {
							"post": [12.24, -17.87, -1.01],
							"lerp_mode": "catmullrom"
						},
						"0.9167": {
							"post": [6.59059, -12.785, -9.55048],
							"lerp_mode": "catmullrom"
						}
					},
					"scale": [1, 1.5, 1]
				},
				"RGH": {
					"rotation": [0, 180, 0]
				},
				"LGH": {
					"rotation": [0, 180, 0]
				},
				"camera": {
					"rotation": {
						"0.0": {
							"post": [0, 0, 0],
							"lerp_mode": "catmullrom"
						},
						"0.0833": {
							"post": [0.55, -0.05, 0.1],
							"lerp_mode": "catmullrom"
						},
						"0.2083": {
							"post": [1.1, -0.3, 0.7],
							"lerp_mode": "catmullrom"
						},
						"0.4167": {
							"post": [0.7, -0.2, 0.3],
							"lerp_mode": "catmullrom"
						},
						"0.5": {
							"post": [-0.1, 0, 0.4],
							"lerp_mode": "catmullrom"
						},
						"0.5417": {
							"post": [0.2, 0.1, -0.3],
							"lerp_mode": "catmullrom"
						},
						"0.6667": {
							"post": [0, 0, 0.1],
							"lerp_mode": "catmullrom"
						},
						"0.75": {
							"post": [0, 0, 0],
							"lerp_mode": "catmullrom"
						}
					}
				},
				"light_scope_illuminated": {
					"scale": 0
				}
			},
			"sound_effects": {
				"0.0": {
					"effect": "vandal_draw"
				}
			}
		},
		"reload_tactical": {
			"animation_length": 2.3333,
			"bones": {
				"root": {
					"rotation": {
						"0.0": {
							"post": [0, 0, 0],
							"lerp_mode": "catmullrom"
						},
						"0.2083": {
							"post": [10.00254, -1.48716, -0.19583],
							"lerp_mode": "catmullrom"
						},
						"0.4583": {
							"post": [-15.6658, -2.57594, -14.78217],
							"lerp_mode": "catmullrom"
						},
						"0.5833": {
							"post": [-12.3047, 0.81846, -14.98005],
							"lerp_mode": "catmullrom"
						},
						"0.6667": {
							"post": [-23.18377, 0.87965, -14.47448],
							"lerp_mode": "catmullrom"
						},
						"0.9167": {
							"post": [-15.24543, -3.93888, -22.16941],
							"lerp_mode": "catmullrom"
						},
						"1.0417": {
							"post": [-4.89709, -7.08807, -26.92567],
							"lerp_mode": "catmullrom"
						},
						"1.1667": {
							"post": [-2.27199, -5.8325, -23.46809],
							"lerp_mode": "catmullrom"
						},
						"1.25": {
							"post": [-22.33608, -2.59892, -21.85565],
							"lerp_mode": "catmullrom"
						},
						"1.3333": {
							"post": [-19.96897, -0.69233, -17.23131],
							"lerp_mode": "catmullrom"
						},
						"1.4583": {
							"post": [-20.19396, 8.05475, 6.98294],
							"lerp_mode": "catmullrom"
						},
						"1.5833": {
							"post": [-15.01485, 18.27226, 35.36028],
							"lerp_mode": "catmullrom"
						},
						"1.7083": {
							"post": [-18.42843, 25.44635, 41.24174],
							"lerp_mode": "catmullrom"
						},
						"1.8333": {
							"post": [-18.42843, 25.44635, 41.24174],
							"lerp_mode": "catmullrom"
						},
						"1.9583": {
							"post": [-17.46391, 20.53886, 42.86081],
							"lerp_mode": "catmullrom"
						},
						"2.0833": {
							"post": [-23.79565, 12.5089, 20.90322],
							"lerp_mode": "catmullrom"
						},
						"2.25": {
							"post": [8.01427, -1.8038, 3.90219],
							"lerp_mode": "catmullrom"
						},
						"2.3333": {
							"post": [0, 0, 0],
							"lerp_mode": "catmullrom"
						}
					},
					"position": {
						"0.0": {
							"post": [0, 0, 0],
							"lerp_mode": "catmullrom"
						},
						"0.2083": {
							"post": [0, -0.4, -2],
							"lerp_mode": "catmullrom"
						},
						"0.4583": {
							"post": [0, 1.6, -2],
							"lerp_mode": "catmullrom"
						},
						"0.5833": {
							"post": [0, 1.8, -2.1],
							"lerp_mode": "catmullrom"
						},
						"0.625": {
							"post": [0.02, 1.86, -2.2],
							"lerp_mode": "catmullrom"
						},
						"0.9167": {
							"post": [0.3, 1.1, -2],
							"lerp_mode": "catmullrom"
						},
						"1.0417": {
							"post": [0.7, 0.8, -2],
							"lerp_mode": "catmullrom"
						},
						"1.1667": {
							"post": [0.67053, 0.91208, -2.19123],
							"lerp_mode": "catmullrom"
						},
						"1.25": {
							"post": [0.43316, 1.45269, -2.13232],
							"lerp_mode": "catmullrom"
						},
						"1.3333": {
							"post": [0.47102, 1.30267, -1.76039],
							"lerp_mode": "catmullrom"
						},
						"1.5833": {
							"post": [-1.83, 1.3, -2.76],
							"lerp_mode": "catmullrom"
						},
						"1.7083": {
							"post": [-1.83, 1.1, -1.86],
							"lerp_mode": "catmullrom"
						},
						"1.8333": {
							"post": [-1.83, 1.1, -1.86],
							"lerp_mode": "catmullrom"
						},
						"1.9167": {
							"post": [-1.93, 2.8, -5.46],
							"lerp_mode": "catmullrom"
						},
						"2.0": {
							"post": [-1.93, 2.8, -5.46],
							"lerp_mode": "catmullrom"
						},
						"2.0833": {
							"post": [-1.93, 1.8, -5.46],
							"lerp_mode": "catmullrom"
						},
						"2.2083": {
							"post": [0.3, -0.2, -0.5],
							"lerp_mode": "catmullrom"
						},
						"2.3333": {
							"post": [0, 0, 0],
							"lerp_mode": "catmullrom"
						}
					}
				},
				"gun_and_righthand": {
					"rotation": {
						"0.5417": {
							"pre": [0, 0, 0],
							"post": [0, 0, 0],
							"lerp_mode": "catmullrom"
						},
						"0.625": {
							"post": [-3.5, -0.65182, -7.47178],
							"lerp_mode": "catmullrom"
						},
						"0.8333": {
							"post": [0, 0, 0],
							"lerp_mode": "catmullrom"
						}
					},
					"position": {
						"0.5417": {
							"pre": [0, 0, 0],
							"post": [0, 0, 0],
							"lerp_mode": "catmullrom"
						},
						"0.625": {
							"post": [0, 0.5, -0.3],
							"lerp_mode": "catmullrom"
						},
						"1.0417": {
							"post": [0, 0, 0],
							"lerp_mode": "catmullrom"
						}
					}
				},
				"danxiashifang": {
					"rotation": {
						"0.5417": [0, 0, 0],
						"0.5833": [-35, 0, 0],
						"0.7083": [0, 0, 0],
						"1.125": [0, 0, 0],
						"1.2083": [20, 0, 0],
						"1.2917": [0, 0, 0]
					}
				},
				"righthand": {
					"rotation": [111, 0.43, -161.11],
					"position": {
						"0.0": [-6.38615, -15.08435, 1.61551],
						"0.2083": [-5.99, -15.58, 3.12],
						"2.0": [-5.99, -15.58, 3.12],
						"2.25": [-6.38615, -15.08435, 1.61551]
					},
					"scale": [1, 1.5, 1]
				},
				"lefthand_and_mag": {
					"rotation": {
						"0.2083": {
							"pre": [0, 0, 0],
							"post": [0, 0, 0],
							"lerp_mode": "catmullrom"
						},
						"0.3333": {
							"post": [37.5, -12.5, -72.5],
							"lerp_mode": "catmullrom"
						},
						"0.5417": {
							"post": [36.26865, 4.48439, -65.9792],
							"lerp_mode": "catmullrom"
						},
						"0.625": {
							"post": [36.33716, 11.46992, -67.05752],
							"lerp_mode": "catmullrom"
						},
						"0.75": {
							"post": [56.82542, 7.41974, -64.08463],
							"lerp_mode": "catmullrom"
						},
						"0.9167": {
							"post": [6.48358, 2.75492, -37.22753],
							"lerp_mode": "catmullrom"
						},
						"1.0833": {
							"post": [-25, 0, 0],
							"lerp_mode": "catmullrom"
						},
						"1.1667": {
							"post": [-20, 0, 0],
							"lerp_mode": "catmullrom"
						},
						"1.25": {
							"post": [0, 0, 0],
							"lerp_mode": "catmullrom"
						}
					},
					"position": {
						"0.0": {
							"post": [0, 0, 0],
							"lerp_mode": "catmullrom"
						},
						"0.125": {
							"post": [0.8, -5.39, 2.22],
							"lerp_mode": "catmullrom"
						},
						"0.2083": {
							"post": [2.59, -8.78, 8.45],
							"lerp_mode": "catmullrom"
						},
						"0.4167": {
							"post": [-0.71, -3.48, 3.75],
							"lerp_mode": "catmullrom"
						},
						"0.5417": {
							"post": [-0.71, -3.48, 3.65],
							"lerp_mode": "catmullrom"
						},
						"0.5833": {
							"post": [-0.41, -3.38, 1.65],
							"lerp_mode": "catmullrom"
						},
						"0.625": {
							"post": [3.59, -4.28, -3.35],
							"lerp_mode": "catmullrom"
						},
						"0.75": {
							"post": [8.99, -7.38, -3.35],
							"lerp_mode": "catmullrom"
						},
						"0.9583": {
							"post": [3.87, -7.45, 2.62],
							"lerp_mode": "catmullrom"
						},
						"1.0833": {
							"post": [0, -3, -1],
							"lerp_mode": "catmullrom"
						},
						"1.1667": {
							"post": [0.1, -2.54074, -0.56517],
							"lerp_mode": "catmullrom"
						},
						"1.25": {
							"post": [0, 0, 0],
							"lerp_mode": "catmullrom"
						}
					}
				},
				"lefthand": {
					"rotation": {
						"0.0": {
							"post": [86.07276, 39.73534, 30.68972],
							"lerp_mode": "catmullrom"
						},
						"0.2083": {
							"post": [63.17949, 30.7193, -7.88478],
							"lerp_mode": "catmullrom"
						},
						"0.3333": {
							"post": [36.96192, 3.98652, -10.22468],
							"lerp_mode": "catmullrom"
						},
						"0.625": {
							"post": [35.71115, -10.98143, 9.89521],
							"lerp_mode": "catmullrom"
						},
						"0.9167": {
							"post": [59.13954, 6.98951, 0.89925],
							"lerp_mode": "catmullrom"
						},
						"1.25": {
							"post": [69.24725, 1.94333, -3.31215],
							"lerp_mode": "catmullrom"
						},
						"1.5833": {
							"post": [75.88953, 15.94072, -8.78514],
							"lerp_mode": "catmullrom"
						},
						"1.875": {
							"post": [75.88953, 15.94072, -8.78514],
							"lerp_mode": "catmullrom"
						},
						"2.2083": {
							"post": [86.07276, 39.73534, 30.68972],
							"lerp_mode": "catmullrom"
						}
					},
					"position": {
						"0.0": {
							"post": [6.59059, -12.785, -9.55048],
							"lerp_mode": "catmullrom"
						},
						"0.2083": {
							"post": [5.09, -15.78, -5.55],
							"lerp_mode": "catmullrom"
						},
						"0.4167": {
							"post": [5.55811, -16.71415, -7.07258],
							"lerp_mode": "catmullrom"
						},
						"1.3333": {
							"post": [5.55811, -16.71415, -7.07258],
							"lerp_mode": "catmullrom"
						},
						"1.375": {
							"post": [8.05, -15.57, -6.95],
							"lerp_mode": "catmullrom"
						},
						"1.4583": {
							"post": [10.44617, -12.60258, -6.57818],
							"lerp_mode": "catmullrom"
						},
						"1.5833": {
							"post": [9.15654, -10.56678, -5.83556],
							"lerp_mode": "catmullrom"
						},
						"1.7083": {
							"post": [9.16, -10.57, -1.34],
							"lerp_mode": "catmullrom"
						},
						"1.7917": {
							"post": [9.16, -10.57, -1.34],
							"lerp_mode": "catmullrom"
						},
						"1.875": {
							"post": [11.16, -12.57, 6.66],
							"lerp_mode": "catmullrom"
						},
						"2.125": {
							"post": [9, -15.8, -4.95],
							"lerp_mode": "catmullrom"
						},
						"2.2083": {
							"post": [6.59059, -12.785, -9.55048],
							"lerp_mode": "catmullrom"
						}
					},
					"scale": [1, 1.5, 1]
				},
				"additional_magazine": {
					"rotation": {
						"0.5417": {
							"pre": [0, 0, 0],
							"post": [0, 0, 0],
							"lerp_mode": "catmullrom"
						},
						"0.5833": {
							"post": [-19.9299, -1.70818, -4.69986],
							"lerp_mode": "catmullrom"
						},
						"0.625": {
							"post": [-40, -6.06809, -7.96341],
							"lerp_mode": "catmullrom"
						},
						"0.7083": {
							"post": [-80, -6.06809, -7.96341],
							"lerp_mode": "catmullrom"
						},
						"0.7917": {
							"post": [-120, -6.06809, -7.96341],
							"lerp_mode": "catmullrom"
						},
						"0.875": {
							"post": [-160, -6.07, -7.96],
							"lerp_mode": "catmullrom"
						},
						"0.9583": {
							"post": [-200, -6.07, -7.96],
							"lerp_mode": "catmullrom"
						}
					},
					"position": {
						"0.5417": {
							"pre": [0, 0, 0],
							"post": [0, 0, 0],
							"lerp_mode": "catmullrom"
						},
						"0.5833": {
							"post": [0.5, -1.3, -1],
							"lerp_mode": "catmullrom"
						},
						"0.625": {
							"post": [1.2, -2, -1],
							"lerp_mode": "catmullrom"
						},
						"0.7083": {
							"post": [1.3, -5.9, -5],
							"lerp_mode": "catmullrom"
						},
						"0.7917": {
							"post": [1.3, -13.9, -10],
							"lerp_mode": "catmullrom"
						},
						"0.875": {
							"post": [1.3, -22.9, -12],
							"lerp_mode": "catmullrom"
						},
						"0.9583": {
							"post": [1.3, -32.9, -12],
							"lerp_mode": "catmullrom"
						}
					},
					"scale": {
						"0.0": [1, 1, 1],
						"1.0": {
							"pre": [1, 1, 1],
							"post": [0, 0, 0]
						}
					}
				},
				"paokechuang": {
					"position": {
						"1.5833": [0, 0, 0],
						"1.7083": [0, 0, 3.5],
						"1.8333": [0, 0, 3.5],
						"1.9167": [0, 0, 0]
					}
				},
				"pull": {
					"position": {
						"1.5833": [0, 0, 0],
						"1.7083": [0, 0, 4.5],
						"1.8333": [0, 0, 4.5],
						"1.9167": [0, 0, 0]
					}
				},
				"mag_and_bullet": {
					"scale": {
						"0.0": [0, 0, 0],
						"0.25": {
							"pre": [0, 0, 0],
							"post": [1, 1, 1]
						}
					}
				},
				"RGH": {
					"rotation": [0, 180, 0]
				},
				"LGH": {
					"rotation": [0, 180, 0]
				},
				"camera": {
					"rotation": {
						"0.0": {
							"post": [0, 0, 0],
							"lerp_mode": "catmullrom"
						},
						"0.1667": {
							"post": [1, 0.05, -0.5],
							"lerp_mode": "catmullrom"
						},
						"0.4167": {
							"post": [0.8, 0.375, -1.2],
							"lerp_mode": "catmullrom"
						},
						"0.4583": {
							"post": [1.6, 0.25, -0.625],
							"lerp_mode": "catmullrom"
						},
						"0.5417": {
							"post": [1.075, 0.125, -1.575],
							"lerp_mode": "catmullrom"
						},
						"0.7083": {
							"post": [1.2, -0.125, -0.95],
							"lerp_mode": "catmullrom"
						},
						"0.9167": {
							"post": [1, -0.175, -1.2],
							"lerp_mode": "catmullrom"
						},
						"1.1667": {
							"post": [1.3, -0.1, -1.475],
							"lerp_mode": "catmullrom"
						},
						"1.3333": {
							"post": [0.94, 0.59, -1.475],
							"lerp_mode": "catmullrom"
						},
						"1.4583": {
							"post": [0.7, 0.625, -1.375],
							"lerp_mode": "catmullrom"
						},
						"1.5": {
							"post": [0.75, 0.63, -1.2],
							"lerp_mode": "catmullrom"
						},
						"1.5417": {
							"post": [1.5, 0.625, -0.475],
							"lerp_mode": "catmullrom"
						},
						"1.6667": {
							"post": [1.1, 0.625, -1.675],
							"lerp_mode": "catmullrom"
						},
						"1.7917": {
							"post": [0.875, 0.325, -1.2],
							"lerp_mode": "catmullrom"
						},
						"1.9583": {
							"post": [1.35, -0.15, -1.2],
							"lerp_mode": "catmullrom"
						},
						"2.0833": {
							"post": [-0.105, 0, -0.8],
							"lerp_mode": "catmullrom"
						},
						"2.1667": {
							"post": [0.2, 0.05, -0.25],
							"lerp_mode": "catmullrom"
						},
						"2.25": {
							"post": [-0.075, 0, -0.65],
							"lerp_mode": "catmullrom"
						},
						"2.3333": {
							"post": [0, 0, 0],
							"lerp_mode": "catmullrom"
						}
					}
				},
				"light_scope_illuminated": {
					"scale": 0
				}
			},
			"sound_effects": {
				"0.0": {
					"effect": "vandal_reload"
				}
			}
		},
		"reload_empty": {
			"animation_length": 2.3333,
			"bones": {
				"root": {
					"rotation": {
						"0.0": {
							"post": [0, 0, 0],
							"lerp_mode": "catmullrom"
						},
						"0.2083": {
							"post": [10.00254, -1.48716, -0.19583],
							"lerp_mode": "catmullrom"
						},
						"0.4583": {
							"post": [-15.6658, -2.57594, -14.78217],
							"lerp_mode": "catmullrom"
						},
						"0.5833": {
							"post": [-12.3047, 0.81846, -14.98005],
							"lerp_mode": "catmullrom"
						},
						"0.6667": {
							"post": [-23.18377, 0.87965, -14.47448],
							"lerp_mode": "catmullrom"
						},
						"0.9167": {
							"post": [-15.24543, -3.93888, -22.16941],
							"lerp_mode": "catmullrom"
						},
						"1.0417": {
							"post": [-4.89709, -7.08807, -26.92567],
							"lerp_mode": "catmullrom"
						},
						"1.1667": {
							"post": [-2.27199, -5.8325, -23.46809],
							"lerp_mode": "catmullrom"
						},
						"1.25": {
							"post": [-22.33608, -2.59892, -21.85565],
							"lerp_mode": "catmullrom"
						},
						"1.3333": {
							"post": [-19.96897, -0.69233, -17.23131],
							"lerp_mode": "catmullrom"
						},
						"1.4583": {
							"post": [-20.19396, 8.05475, 6.98294],
							"lerp_mode": "catmullrom"
						},
						"1.5833": {
							"post": [-15.01485, 18.27226, 35.36028],
							"lerp_mode": "catmullrom"
						},
						"1.7083": {
							"post": [-18.42843, 25.44635, 41.24174],
							"lerp_mode": "catmullrom"
						},
						"1.8333": {
							"post": [-18.42843, 25.44635, 41.24174],
							"lerp_mode": "catmullrom"
						},
						"1.9583": {
							"post": [-17.46391, 20.53886, 42.86081],
							"lerp_mode": "catmullrom"
						},
						"2.0833": {
							"post": [-23.79565, 12.5089, 20.90322],
							"lerp_mode": "catmullrom"
						},
						"2.25": {
							"post": [8.01427, -1.8038, 3.90219],
							"lerp_mode": "catmullrom"
						},
						"2.3333": {
							"post": [0, 0, 0],
							"lerp_mode": "catmullrom"
						}
					},
					"position": {
						"0.0": {
							"post": [0, 0, 0],
							"lerp_mode": "catmullrom"
						},
						"0.2083": {
							"post": [0, -0.4, -2],
							"lerp_mode": "catmullrom"
						},
						"0.4583": {
							"post": [0, 1.6, -2],
							"lerp_mode": "catmullrom"
						},
						"0.5833": {
							"post": [0, 1.8, -2.1],
							"lerp_mode": "catmullrom"
						},
						"0.625": {
							"post": [0.02, 1.86, -2.2],
							"lerp_mode": "catmullrom"
						},
						"0.9167": {
							"post": [0.3, 1.1, -2],
							"lerp_mode": "catmullrom"
						},
						"1.0417": {
							"post": [0.7, 0.8, -2],
							"lerp_mode": "catmullrom"
						},
						"1.1667": {
							"post": [0.67053, 0.91208, -2.19123],
							"lerp_mode": "catmullrom"
						},
						"1.25": {
							"post": [0.43316, 1.45269, -2.13232],
							"lerp_mode": "catmullrom"
						},
						"1.3333": {
							"post": [0.47102, 1.30267, -1.76039],
							"lerp_mode": "catmullrom"
						},
						"1.5833": {
							"post": [-1.83, 1.3, -2.76],
							"lerp_mode": "catmullrom"
						},
						"1.7083": {
							"post": [-1.83, 1.1, -1.86],
							"lerp_mode": "catmullrom"
						},
						"1.8333": {
							"post": [-1.83, 1.1, -1.86],
							"lerp_mode": "catmullrom"
						},
						"1.9167": {
							"post": [-1.93, 2.8, -5.46],
							"lerp_mode": "catmullrom"
						},
						"2.0": {
							"post": [-1.93, 2.8, -5.46],
							"lerp_mode": "catmullrom"
						},
						"2.0833": {
							"post": [-1.93, 1.8, -5.46],
							"lerp_mode": "catmullrom"
						},
						"2.2083": {
							"post": [0.3, -0.2, -0.5],
							"lerp_mode": "catmullrom"
						},
						"2.3333": {
							"post": [0, 0, 0],
							"lerp_mode": "catmullrom"
						}
					}
				},
				"gun_and_righthand": {
					"rotation": {
						"0.5417": {
							"pre": [0, 0, 0],
							"post": [0, 0, 0],
							"lerp_mode": "catmullrom"
						},
						"0.625": {
							"post": [-3.5, -0.65182, -7.47178],
							"lerp_mode": "catmullrom"
						},
						"0.8333": {
							"post": [0, 0, 0],
							"lerp_mode": "catmullrom"
						}
					},
					"position": {
						"0.5417": {
							"pre": [0, 0, 0],
							"post": [0, 0, 0],
							"lerp_mode": "catmullrom"
						},
						"0.625": {
							"post": [0, 0.5, -0.3],
							"lerp_mode": "catmullrom"
						},
						"1.0417": {
							"post": [0, 0, 0],
							"lerp_mode": "catmullrom"
						}
					}
				},
				"danxiashifang": {
					"rotation": {
						"0.5417": [0, 0, 0],
						"0.5833": [-35, 0, 0],
						"0.7083": [0, 0, 0],
						"1.125": [0, 0, 0],
						"1.2083": [20, 0, 0],
						"1.2917": [0, 0, 0]
					}
				},
				"righthand": {
					"rotation": [111, 0.43, -161.11],
					"position": {
						"0.0": [-6.38615, -15.08435, 1.61551],
						"0.2083": [-5.99, -15.58, 3.12],
						"2.0": [-5.99, -15.58, 3.12],
						"2.25": [-6.38615, -15.08435, 1.61551]
					},
					"scale": [1, 1.5, 1]
				},
				"lefthand_and_mag": {
					"rotation": {
						"0.2083": {
							"pre": [0, 0, 0],
							"post": [0, 0, 0],
							"lerp_mode": "catmullrom"
						},
						"0.3333": {
							"post": [37.5, -12.5, -72.5],
							"lerp_mode": "catmullrom"
						},
						"0.5417": {
							"post": [36.26865, 4.48439, -65.9792],
							"lerp_mode": "catmullrom"
						},
						"0.625": {
							"post": [36.33716, 11.46992, -67.05752],
							"lerp_mode": "catmullrom"
						},
						"0.75": {
							"post": [56.82542, 7.41974, -64.08463],
							"lerp_mode": "catmullrom"
						},
						"0.9167": {
							"post": [6.48358, 2.75492, -37.22753],
							"lerp_mode": "catmullrom"
						},
						"1.0833": {
							"post": [-25, 0, 0],
							"lerp_mode": "catmullrom"
						},
						"1.1667": {
							"post": [-20, 0, 0],
							"lerp_mode": "catmullrom"
						},
						"1.25": {
							"post": [0, 0, 0],
							"lerp_mode": "catmullrom"
						}
					},
					"position": {
						"0.0": {
							"post": [0, 0, 0],
							"lerp_mode": "catmullrom"
						},
						"0.125": {
							"post": [0.8, -5.39, 2.22],
							"lerp_mode": "catmullrom"
						},
						"0.2083": {
							"post": [2.59, -8.78, 8.45],
							"lerp_mode": "catmullrom"
						},
						"0.4167": {
							"post": [-0.71, -3.48, 3.75],
							"lerp_mode": "catmullrom"
						},
						"0.5417": {
							"post": [-0.71, -3.48, 3.65],
							"lerp_mode": "catmullrom"
						},
						"0.5833": {
							"post": [-0.41, -3.38, 1.65],
							"lerp_mode": "catmullrom"
						},
						"0.625": {
							"post": [3.59, -4.28, -3.35],
							"lerp_mode": "catmullrom"
						},
						"0.75": {
							"post": [8.99, -7.38, -3.35],
							"lerp_mode": "catmullrom"
						},
						"0.9583": {
							"post": [3.87, -7.45, 2.62],
							"lerp_mode": "catmullrom"
						},
						"1.0833": {
							"post": [0, -3, -1],
							"lerp_mode": "catmullrom"
						},
						"1.1667": {
							"post": [0.1, -2.54074, -0.56517],
							"lerp_mode": "catmullrom"
						},
						"1.25": {
							"post": [0, 0, 0],
							"lerp_mode": "catmullrom"
						}
					}
				},
				"lefthand": {
					"rotation": {
						"0.0": {
							"post": [86.07276, 39.73534, 30.68972],
							"lerp_mode": "catmullrom"
						},
						"0.2083": {
							"post": [63.17949, 30.7193, -7.88478],
							"lerp_mode": "catmullrom"
						},
						"0.3333": {
							"post": [36.96192, 3.98652, -10.22468],
							"lerp_mode": "catmullrom"
						},
						"0.625": {
							"post": [35.71115, -10.98143, 9.89521],
							"lerp_mode": "catmullrom"
						},
						"0.9167": {
							"post": [59.13954, 6.98951, 0.89925],
							"lerp_mode": "catmullrom"
						},
						"1.25": {
							"post": [69.24725, 1.94333, -3.31215],
							"lerp_mode": "catmullrom"
						},
						"1.5833": {
							"post": [75.88953, 15.94072, -8.78514],
							"lerp_mode": "catmullrom"
						},
						"1.875": {
							"post": [75.88953, 15.94072, -8.78514],
							"lerp_mode": "catmullrom"
						},
						"2.2083": {
							"post": [86.07276, 39.73534, 30.68972],
							"lerp_mode": "catmullrom"
						}
					},
					"position": {
						"0.0": {
							"post": [6.59059, -12.785, -9.55048],
							"lerp_mode": "catmullrom"
						},
						"0.2083": {
							"post": [5.09, -15.78, -5.55],
							"lerp_mode": "catmullrom"
						},
						"0.4167": {
							"post": [5.55811, -16.71415, -7.07258],
							"lerp_mode": "catmullrom"
						},
						"1.3333": {
							"post": [5.55811, -16.71415, -7.07258],
							"lerp_mode": "catmullrom"
						},
						"1.375": {
							"post": [8.05, -15.57, -6.95],
							"lerp_mode": "catmullrom"
						},
						"1.4583": {
							"post": [10.44617, -12.60258, -6.57818],
							"lerp_mode": "catmullrom"
						},
						"1.5833": {
							"post": [9.15654, -10.56678, -5.83556],
							"lerp_mode": "catmullrom"
						},
						"1.7083": {
							"post": [9.16, -10.57, -1.34],
							"lerp_mode": "catmullrom"
						},
						"1.7917": {
							"post": [9.16, -10.57, -1.34],
							"lerp_mode": "catmullrom"
						},
						"1.875": {
							"post": [11.16, -12.57, 6.66],
							"lerp_mode": "catmullrom"
						},
						"2.125": {
							"post": [9, -15.8, -4.95],
							"lerp_mode": "catmullrom"
						},
						"2.2083": {
							"post": [6.59059, -12.785, -9.55048],
							"lerp_mode": "catmullrom"
						}
					},
					"scale": [1, 1.5, 1]
				},
				"additional_magazine": {
					"rotation": {
						"0.5417": {
							"pre": [0, 0, 0],
							"post": [0, 0, 0],
							"lerp_mode": "catmullrom"
						},
						"0.5833": {
							"post": [-19.9299, -1.70818, -4.69986],
							"lerp_mode": "catmullrom"
						},
						"0.625": {
							"post": [-40, -6.06809, -7.96341],
							"lerp_mode": "catmullrom"
						},
						"0.7083": {
							"post": [-80, -6.06809, -7.96341],
							"lerp_mode": "catmullrom"
						},
						"0.7917": {
							"post": [-120, -6.06809, -7.96341],
							"lerp_mode": "catmullrom"
						},
						"0.875": {
							"post": [-160, -6.07, -7.96],
							"lerp_mode": "catmullrom"
						},
						"0.9583": {
							"post": [-200, -6.07, -7.96],
							"lerp_mode": "catmullrom"
						}
					},
					"position": {
						"0.5417": {
							"pre": [0, 0, 0],
							"post": [0, 0, 0],
							"lerp_mode": "catmullrom"
						},
						"0.5833": {
							"post": [0.5, -1.3, -1],
							"lerp_mode": "catmullrom"
						},
						"0.625": {
							"post": [1.2, -2, -1],
							"lerp_mode": "catmullrom"
						},
						"0.7083": {
							"post": [1.3, -5.9, -5],
							"lerp_mode": "catmullrom"
						},
						"0.7917": {
							"post": [1.3, -13.9, -10],
							"lerp_mode": "catmullrom"
						},
						"0.875": {
							"post": [1.3, -22.9, -12],
							"lerp_mode": "catmullrom"
						},
						"0.9583": {
							"post": [1.3, -32.9, -12],
							"lerp_mode": "catmullrom"
						}
					},
					"scale": {
						"0.0": [1, 1, 1],
						"1.0": {
							"pre": [1, 1, 1],
							"post": [0, 0, 0]
						}
					}
				},
				"pull": {
					"position": {
						"1.5833": [0, 0, 0],
						"1.7083": [0, 0, 4.5],
						"1.8333": [0, 0, 4.5],
						"1.9167": [0, 0, 0]
					}
				},
				"paokechuang": {
					"position": {
						"1.5833": [0, 0, 0],
						"1.7083": [0, 0, 3.5],
						"1.8333": [0, 0, 3.5],
						"1.9167": [0, 0, 0]
					}
				},
				"mag_and_bullet": {
					"scale": {
						"0.0": [0, 0, 0],
						"0.25": {
							"pre": [0, 0, 0],
							"post": [1, 1, 1]
						}
					}
				},
				"RGH": {
					"rotation": [0, 180, 0]
				},
				"LGH": {
					"rotation": [0, 180, 0]
				},
				"camera": {
					"rotation": {
						"0.0": {
							"post": [0, 0, 0],
							"lerp_mode": "catmullrom"
						},
						"0.1667": {
							"post": [1, 0.05, -0.5],
							"lerp_mode": "catmullrom"
						},
						"0.4167": {
							"post": [0.8, 0.375, -1.2],
							"lerp_mode": "catmullrom"
						},
						"0.4583": {
							"post": [1.6, 0.25, -0.625],
							"lerp_mode": "catmullrom"
						},
						"0.5417": {
							"post": [1.075, 0.125, -1.575],
							"lerp_mode": "catmullrom"
						},
						"0.7083": {
							"post": [1.2, -0.125, -0.95],
							"lerp_mode": "catmullrom"
						},
						"0.9167": {
							"post": [1, -0.175, -1.2],
							"lerp_mode": "catmullrom"
						},
						"1.1667": {
							"post": [1.3, -0.1, -1.475],
							"lerp_mode": "catmullrom"
						},
						"1.3333": {
							"post": [0.94, 0.59, -1.475],
							"lerp_mode": "catmullrom"
						},
						"1.4583": {
							"post": [0.7, 0.625, -1.375],
							"lerp_mode": "catmullrom"
						},
						"1.5": {
							"post": [0.75, 0.63, -1.2],
							"lerp_mode": "catmullrom"
						},
						"1.5417": {
							"post": [1.5, 0.625, -0.475],
							"lerp_mode": "catmullrom"
						},
						"1.6667": {
							"post": [1.1, 0.625, -1.675],
							"lerp_mode": "catmullrom"
						},
						"1.7917": {
							"post": [0.875, 0.325, -1.2],
							"lerp_mode": "catmullrom"
						},
						"1.9583": {
							"post": [1.35, -0.15, -1.2],
							"lerp_mode": "catmullrom"
						},
						"2.0833": {
							"post": [-0.105, 0, -0.8],
							"lerp_mode": "catmullrom"
						},
						"2.1667": {
							"post": [0.2, 0.05, -0.25],
							"lerp_mode": "catmullrom"
						},
						"2.25": {
							"post": [-0.075, 0, -0.65],
							"lerp_mode": "catmullrom"
						},
						"2.3333": {
							"post": [0, 0, 0],
							"lerp_mode": "catmullrom"
						}
					}
				},
				"light_scope_illuminated": {
					"scale": 0
				}
			},
			"sound_effects": {
				"0.0": {
					"effect": "vandal_reload"
				}
			}
		},
		"shoot": {
			"loop": true,
			"animation_length": 1.3333,
			"bones": {
				"root": {
					"rotation": {
						"0.0": {
							"post": [0, 0, 0],
							"lerp_mode": "catmullrom"
						},
						"0.0333": {
							"post": [1.23, 0, 0.73],
							"lerp_mode": "catmullrom"
						},
						"0.0667": {
							"post": [-1.87, 0, -1.17],
							"lerp_mode": "catmullrom"
						},
						"0.1": {
							"post": [-1.99, 0, -1.23],
							"lerp_mode": "catmullrom"
						},
						"0.1333": {
							"post": [-0.91, 0, -0.35],
							"lerp_mode": "catmullrom"
						},
						"0.1667": {
							"post": [0.18, 0, 0.53],
							"lerp_mode": "catmullrom"
						},
						"0.2": {
							"post": [0.27, 0, 0.27],
							"lerp_mode": "catmullrom"
						},
						"0.2333": {
							"post": [0.36, 0, 0.01],
							"lerp_mode": "catmullrom"
						},
						"0.2667": {
							"post": [0.45, 0, -0.25],
							"lerp_mode": "catmullrom"
						},
						"0.3": {
							"post": [0.38, -0.07, -0.08],
							"lerp_mode": "catmullrom"
						},
						"0.3333": {
							"post": [0.3, -0.13, 0.08],
							"lerp_mode": "catmullrom"
						},
						"0.3667": {
							"post": [0.23, -0.2, 0.25],
							"lerp_mode": "catmullrom"
						},
						"0.4": {
							"post": [0.18, -0.17, 0.17],
							"lerp_mode": "catmullrom"
						},
						"0.4333": {
							"post": [0.14, -0.14, 0.09],
							"lerp_mode": "catmullrom"
						},
						"0.4667": {
							"post": [0.1, -0.11, 0.01],
							"lerp_mode": "catmullrom"
						},
						"0.5": {
							"post": [0.06, -0.07, -0.07],
							"lerp_mode": "catmullrom"
						},
						"0.5333": {
							"post": [0.04, -0.06, -0.06],
							"lerp_mode": "catmullrom"
						},
						"0.5667": {
							"post": [0.03, -0.04, -0.04],
							"lerp_mode": "catmullrom"
						},
						"0.6": {
							"post": [0.01, -0.02, -0.02],
							"lerp_mode": "catmullrom"
						},
						"0.6333": {
							"post": [0, 0, 0],
							"lerp_mode": "catmullrom"
						}
					},
					"position": {
						"0.0": {
							"post": [0, 0, 0],
							"lerp_mode": "catmullrom"
						},
						"0.0333": {
							"post": [0, -0.02, 1.43],
							"lerp_mode": "catmullrom"
						},
						"0.0667": {
							"post": [0, -0.05, 1.38],
							"lerp_mode": "catmullrom"
						},
						"0.1": {
							"post": [0, -0.05, 0.67],
							"lerp_mode": "catmullrom"
						},
						"0.1333": {
							"post": [0, -0.05, -0.04],
							"lerp_mode": "catmullrom"
						},
						"0.1667": {
							"post": [0, -0.04, -0.01],
							"lerp_mode": "catmullrom"
						},
						"0.2": {
							"post": [0, -0.04, 0.03],
							"lerp_mode": "catmullrom"
						},
						"0.2333": {
							"post": [0, -0.03, 0.06],
							"lerp_mode": "catmullrom"
						},
						"0.2667": {
							"post": [0, -0.02, 0.1],
							"lerp_mode": "catmullrom"
						},
						"0.3": {
							"post": [0, -0.02, 0.07],
							"lerp_mode": "catmullrom"
						},
						"0.3333": {
							"post": [0, -0.01, 0.03],
							"lerp_mode": "catmullrom"
						},
						"0.3667": {
							"post": [0, 0, 0],
							"lerp_mode": "catmullrom"
						}
					}
				},
				"paokechuang": {
					"position": {
						"0.0": {
							"post": [0, 0, 0],
							"lerp_mode": "catmullrom"
						},
						"0.0333": {
							"post": [0, 0, 1.96875],
							"lerp_mode": "catmullrom"
						},
						"0.0667": {
							"post": [0, 0, 3.5],
							"lerp_mode": "catmullrom"
						},
						"0.1": {
							"post": [0, 0, 2.72222],
							"lerp_mode": "catmullrom"
						},
						"0.1333": {
							"post": [0, 0, 1.16667],
							"lerp_mode": "catmullrom"
						},
						"0.1667": {
							"post": [0, 0, 0],
							"lerp_mode": "catmullrom"
						}
					}
				},
				"pull": {
					"position": {
						"0.0": [0, 0, 0],
						"0.0333": [0, 0, 2.36],
						"0.0667": [0, 0, 4.2],
						"0.1": [0, 0, 4.27],
						"0.1333": [0, 0, 1.4],
						"0.1667": [0, 0, 0]
					}
				},
				"camera": {
					"rotation": {
						"0.0": [0, 0, 0],
						"0.0333": [0, 0, 0.6],
						"0.0667": [0, 0, -0.4],
						"0.1": [0, 0, -0.07],
						"0.1333": [0, 0, 0.33],
						"0.1667": [0, 0, 0.08],
						"0.2": [0, 0, -0.22],
						"0.2333": [0, 0, -0.15],
						"0.2667": [0, 0, 0],
						"0.3": [0, 0, 0.02],
						"0.3333": [0, 0, 0.01],
						"0.3667": [0, 0, 0]
					}
				}
			},
			"sound_effects": {
				"0.0": {
					"effect": "vandal_shoot"
				}
			}
		},
		"inspect": {
			"animation_length": 4,
			"bones": {
				"root": {
					"rotation": {
						"0.0": {
							"post": [0, 0, 0],
							"lerp_mode": "catmullrom"
						},
						"0.375": {
							"post": [27.14603, -67.48218, -44.94758],
							"lerp_mode": "catmullrom"
						},
						"0.6667": {
							"post": [27.14603, -67.48218, -44.94758],
							"lerp_mode": "catmullrom"
						},
						"1.0833": {
							"post": [28.29301, -68.36746, -46.18526],
							"lerp_mode": "catmullrom"
						},
						"1.5": {
							"post": [28.29301, -68.36746, -46.18526],
							"lerp_mode": "catmullrom"
						},
						"2.0": {
							"post": [27.14603, -67.48218, -44.94758],
							"lerp_mode": "catmullrom"
						},
						"2.4167": {
							"post": [-42.53387, 62.97563, 82.64276],
							"lerp_mode": "catmullrom"
						},
						"3.4167": {
							"post": [-42.53387, 62.97563, 82.64276],
							"lerp_mode": "catmullrom"
						},
						"3.8333": {
							"post": [0, 0, 0],
							"lerp_mode": "catmullrom"
						},
						"4.0": {
							"post": [0, 0, 0],
							"lerp_mode": "catmullrom"
						}
					},
					"position": {
						"0.0": {
							"post": [0, 0, 0],
							"lerp_mode": "catmullrom"
						},
						"0.1667": {
							"post": [0, 1, -1],
							"lerp_mode": "catmullrom"
						},
						"0.375": {
							"post": [-4, -4, -8],
							"lerp_mode": "catmullrom"
						},
						"0.5417": {
							"post": [-4, -4, -8],
							"lerp_mode": "catmullrom"
						},
						"0.6667": {
							"post": [-4, -4, -8],
							"lerp_mode": "catmullrom"
						},
						"1.0833": {
							"post": [-4, -4.1, -8],
							"lerp_mode": "catmullrom"
						},
						"1.5": {
							"post": [-4, -4.1, -8],
							"lerp_mode": "catmullrom"
						},
						"2.0": {
							"post": [-4, -4, -8],
							"lerp_mode": "catmullrom"
						},
						"2.4167": {
							"post": [-2, -4, -8.5],
							"lerp_mode": "catmullrom"
						},
						"3.4167": {
							"post": [-2, -4, -8.5],
							"lerp_mode": "catmullrom"
						},
						"3.8333": {
							"post": [0, 0, 0],
							"lerp_mode": "catmullrom"
						}
					}
				},
				"constraint": {
					"rotation": {
						"0.0": [0.2, 0.2, 0.4],
						"4.0": [0.2, 0.2, 0.4]
					},
					"position": {
						"0.0": [0.1, 0.1, 0.1],
						"4.0": [0.1, 0.1, 0.1]
					}
				},
				"righthand": {
					"rotation": [111, 0.43, -161.11],
					"position": [-6.38615, -15.08435, 1.61551],
					"scale": [1, 1.5, 1]
				},
				"lefthand": {
					"rotation": {
						"0.0": {
							"post": [86.07276, 39.73534, 30.68972],
							"lerp_mode": "catmullrom"
						},
						"0.5417": {
							"post": [-27.77423, 77.10691, -37.98311],
							"lerp_mode": "catmullrom"
						},
						"2.0417": {
							"post": [-27.77423, 77.10691, -37.98311],
							"lerp_mode": "catmullrom"
						},
						"2.4167": {
							"post": [86.58258, 53.44718, -80.42706],
							"lerp_mode": "catmullrom"
						},
						"3.4167": {
							"post": [86.58258, 53.44718, -80.42706],
							"lerp_mode": "catmullrom"
						},
						"3.7083": {
							"post": [86.07276, 39.73534, 30.68972],
							"lerp_mode": "catmullrom"
						}
					},
					"position": {
						"0.0": {
							"post": [6.59059, -12.785, -9.55048],
							"lerp_mode": "catmullrom"
						},
						"0.1667": {
							"post": [7.4187, -11.62, -10.02],
							"lerp_mode": "catmullrom"
						},
						"0.375": {
							"post": [6.32, -12.82, -11.92],
							"lerp_mode": "catmullrom"
						},
						"2.0417": {
							"post": [6.32, -12.82, -11.92],
							"lerp_mode": "catmullrom"
						},
						"2.4167": {
							"post": [8.92, -9.62, -10.92],
							"lerp_mode": "catmullrom"
						},
						"3.4167": {
							"post": [8.92, -9.62, -10.92],
							"lerp_mode": "catmullrom"
						},
						"3.7083": {
							"post": [6.59059, -12.785, -9.55048],
							"lerp_mode": "catmullrom"
						}
					},
					"scale": [1, 1.5, 1]
				},
				"RGH": {
					"rotation": [0, 180, 0]
				},
				"LGH": {
					"rotation": [0, 180, 0]
				},
				"light_scope_illuminated": {
					"scale": 0
				},
				"Vandal": {
					"position": {
						"0.0833": {
							"pre": [0, 0, 0],
							"post": [0, 0, 0],
							"lerp_mode": "catmullrom"
						},
						"0.25": {
							"post": [1.0195, 2.78192, -0.47069],
							"lerp_mode": "catmullrom"
						},
						"0.4167": {
							"post": [0, 0, 0],
							"lerp_mode": "catmullrom"
						}
					}
				},
				"mag_and_bullet": {
					"position": {
						"0.0833": {
							"pre": [0, 0, 0],
							"post": [0, 0, 0],
							"lerp_mode": "catmullrom"
						},
						"0.25": {
							"post": [1.0195, 2.78192, -0.47069],
							"lerp_mode": "catmullrom"
						},
						"0.4167": {
							"post": [0, 0, 0],
							"lerp_mode": "catmullrom"
						}
					}
				}
			}
		},
		"put_away": {
			"loop": true,
			"bones": {
				"light_scope_illuminated": {
					"scale": 0
				},
				"root": {
					"scale": 0
				}
			}
		},
		"aim": {
			"loop": true,
			"bones": {
				"left_clip": {
					"rotation": [0, 0, 120]
				},
				"right_clip": {
					"rotation": [0, 0, -120]
				},
				"light_scope_illuminated": {
					"scale": 1
				}
			}
		},
		"aim_start": {
			"animation_length": 0.2083,
			"bones": {
				"left_clip": {
					"rotation": {
						"0.0": [0, 0, 0],
						"0.2083": [0, 0, 120]
					}
				},
				"right_clip": {
					"rotation": {
						"0.0": [0, 0, 0],
						"0.2083": [0, 0, -120]
					}
				},
				"light_scope_illuminated": {
					"scale": {
						"0.125": [0, 0, 0],
						"0.2083": [1, 1, 1]
					}
				}
			}
		},
		"aim_end": {
			"animation_length": 0.2083,
			"bones": {
				"left_clip": {
					"rotation": {
						"0.0417": [0, 0, 120],
						"0.2083": [0, 0, 0]
					}
				},
				"right_clip": {
					"rotation": {
						"0.0417": [0, 0, -120],
						"0.2083": [0, 0, 0]
					}
				},
				"light_scope_illuminated": {
					"scale": {
						"0.0": [1, 1, 1],
						"0.0833": [0, 0, 0]
					}
				}
			}
		}
	}
}