{
  // Use the backpack 2D texture we put in: textures/attachment/slot/silencer.png. Note, do not include the file suffix, and do not include the leading "textures/"
  "slot": "mw_guns:attachment/slot/no_stock",
  // Use the model file we put in: models/gun/silencer_geo.json. Note, do not include the file suffix, and do not include the leading "models/"
  "model": "mw_guns:attachment/no_stock_geo",
  // Use the model texture we put in: textures/attachment/uv/silencer.png. Note, do not include the file suffix, and do not include the leading "textures/"
  "texture": "mw_guns:attachment/uv/no_stock",
  // The following are properties that only "scope" type attachments need to set.
  // Players can switch between the magnifications set in the array (initially 4.0x magnification)
  //"zoom": [
  //  4.0,
  //  8.0
  //],
  "adapter": "ar_stock_adapter",
  // If the attachment is a scope and is a tubular magnifying scope, this option should be true
  "scope": false,
  // If the attachment is a scope and is a red dot or holographic sight, this option should be true
  "sight": false,
  // The FOV rendered by the gun and scope when aiming. By default, the FOV for rendering hand models in MC is 70
  "fov": 70.0,
  // sound effects, which can only be heard when installing and removing accessories
  "sounds": {
    "install": "tacz:attachments/attachment_general_a",
    "uninstall": "tacz:attachments/attachment_general_uninstall"
  }
}