{
    "model": "mw_guns:gun/mw_glock_jak_geo",
    "texture": "mw_guns:gun/uv/mw_glock_jak",
    "slot": "mw_guns:gun/slot/mw_glock_jak",
	  "hud": "mw_guns:gun/hud/mw_glock_jak",
    "third_person_animation": "default",

    "shell": {
    "initial_velocity": [8.0, 5.0, -0.5],
    "random_velocity": [2.5, 1.5, 0.25],
    "acceleration": [0.0, -20, 0.0],
    "angular_velocity": [360, -720, 90],
    "living_time": 1.0
  },
  "muzzle_flash": {
    "texture": "tacz:flash/common_muzzle_flash",
    "scale": 0.4
  },
	
	"transform": {
        "scale": {
            "thirdperson": [
                0.6,
                0.6,
                0.6
            ],
            "ground": [
                0.6,
                0.6,
                0.6
            ],
            "fixed": [
                1.0,
                1.0,
                1.0
            ]
        }
    },
	
	"animation": "tacz:glock_17",
	"use_default_animation": "pistol",

    "sounds": {
    "reload_empty": "tacz:glock_17/glock17_reload_empty",
    "reload_tactical": "tacz:glock_17/glock17_reload_tactical",
    "inspect": "tacz:glock_17/glock17_inspect",
    "inspect_empty": "tacz:glock_17/glock17_inspect_empty",
    "draw": "tacz:glock_17/glock17_draw",
    "shoot": "tacz:glock_17/glock17_shoot",
    "shoot_3p": "tacz:glock_17/glock17_shoot_3p",
    "silence": "tacz:glock_17/glock17_silence",
    "silence_3p": "tacz:glock_17/glock17_silence_3p"
  },
  "offhand_show": {
    "pos": [4, 13, -1],
    "rotate": [-90, -35, 90],
    "scale": [0.5, 0.5, 0.5]
  }
}