{
    // Use the model file we put in: Models/Gun/AK47_geo.json.Note that there is no need to include file suffix, nor "Models/" at the beginning.
    "model": "mw_guns:gun/mw_shockstorm_geo",
    // Use the model we put in: Textures/Gun/UV/AK47.PNG.Note that there is no need to include file suffix, nor "textures/" at the beginning.
    "texture": "mw_guns:gun/uv/mw_shockstorm",
    // Use the inventory png we put in: Textures/Gun/Slot/AK47.PNG.Note that there is no need to include file suffix, nor "textures/" at the beginning.
    "slot": "mw_guns:gun/slot/mw_shockstorm",
	// HUD Icon for the weapon, resolution scale is 3:1.
	"hud": "mw_guns:gun/hud/mw_shockstorm",
    // The third person holds the gun animation, fills directly into the default
    "third_person_animation": "default",
	// The rendering data for shell ejection, can be empty. If empty, the gun will not eject shells.
    "shell": {
        "initial_velocity": [5, 2, 1],
		"random_velocity": [1, 1, 0.25],
		"acceleration": [0.0, -10, 0.0],
		"angular_velocity": [360, -1200, 90],
		"living_time": 1.0
    },
	//The muzzle flash of the gun, use default
	"muzzle_flash": {
      // Path to the muzzle flash texture
      "texture": "tacz:flash/common_muzzle_flash",
      // Scale factor
      "scale": 1
    },
	
	"transform": {
        "scale": {
            // Third person hand Position
            "thirdperson": [
                0.6,
                0.6,
                0.6
            ],
            // Ground
            "ground": [
                0.6,
                0.6,
                0.6
            ],
            // display
            "fixed": [
                1.0,
                1.0,
                1.0
            ]
        }
    },
	
	  // Name of the animation to be called, which does not contain suffix, will look for it in the 'animations' folder in the pack directory. 
	"animation": "mw_guns:mw_shockstorm",
  // Specify the use of default animations, can be empty. If any animation is missing in the file specified above, such as the draw animation, it will be copied from the default animations.
  // The value can be 'rifle' (AR, SMG, LMG, SR, MMR, SG) or 'pistol'.
	"use_default_animation": "rifle",

    "offhand_show": {
    "pos": [1, 19, 4],
    "rotate": [0, 0, 50],
    "scale": [0.5, 0.5, 0.5]
  },
	
	//SFX
	"sounds": {
    "shoot": "tacz:aa12/aa12_shoot",
    "shoot_3p": "tacz:aa12/aa12_shoot_3p",
	"bolt": "tacz:ai_awp/awp_bolt",
    "draw": "tacz:aa12/aa12_draw",
    "put_away": "tacz:aa12/aa12_put_away",
    "silence": "tacz:aa12/aa12_silence",
    "silence_3p": "tacz:aa12/aa12_silence_3p",
    "melee_push": "tacz:melee_stock/melee_stock_01",
    "melee_stock": "tacz:melee_stock/melee_stock_02"
    }
}