{
	"format_version": "1.12.0",
	"minecraft:geometry": [
		{
			"description": {
				"identifier": "geometry.unknown",
				"texture_width": 64,
				"texture_height": 64,
				"visible_bounds_width": 3,
				"visible_bounds_height": 2.5,
				"visible_bounds_offset": [0, 0.75, 0]
			},
			"bones": [
				{
					"name": "root",
					"pivot": [0, 10.15, 3.05]
				},
				{
					"name": "mag_and_lefthand",
					"parent": "root",
					"pivot": [0, 12.3, -4.25]
				},
				{
					"name": "lefthand",
					"parent": "mag_and_lefthand",
					"pivot": [-6, 19, 8]
				},
				{
					"name": "lefthand_pos",
					"parent": "lefthand",
					"pivot": [0, 8, 8],
					"cubes": [
						{
							"origin": [-7, 8, 6],
							"size": [3, 12, 4],
							"uv": {
								"north": {"uv": [0, 0], "uv_size": [1, 3]},
								"east": {"uv": [1, 0], "uv_size": [1, 3]},
								"south": {"uv": [2, 0], "uv_size": [1, 3]},
								"west": {"uv": [0, 3], "uv_size": [1, 3]},
								"up": {"uv": [3, 0], "uv_size": [1, 1]},
								"down": {"uv": [1, 4], "uv_size": [1, -1]}
							}
						}
					]
				},
				{
					"name": "mag",
					"parent": "mag_and_lefthand",
					"pivot": [0, 12.63393, 0.59964],
					"cubes": [
						{
							"origin": [-0.57031, 14.88393, -2.15036],
							"size": [1.14063, 1.3125, 0.5],
							"pivot": [0, 13.57143, -1.65036],
							"rotation": [95, 0, 0],
							"uv": {
								"north": {"uv": [27, 8], "uv_size": [1, 1.5]},
								"east": {"uv": [32, 16], "uv_size": [0.5, 1.5]},
								"south": {"uv": [27, 10], "uv_size": [1, 1.5]},
								"west": {"uv": [18, 32], "uv_size": [0.5, 1.5]},
								"up": {"uv": [34, 32], "uv_size": [1, 0.5]},
								"down": {"uv": [33, 34.5], "uv_size": [1, -0.5]}
							}
						},
						{
							"origin": [-0.56641, 8.44643, -2.15036],
							"size": [1.13281, 1.3125, 0.5],
							"pivot": [0, 11.07143, -1.65036],
							"rotation": [-95, 0, 0],
							"uv": {
								"north": {"uv": [12, 27], "uv_size": [1, 1.5]},
								"east": {"uv": [32, 18], "uv_size": [0.5, 1.5]},
								"south": {"uv": [27, 12], "uv_size": [1, 1.5]},
								"west": {"uv": [19, 32], "uv_size": [0.5, 1.5]},
								"down": {"uv": [34, 33.5], "uv_size": [1, -0.5]}
							}
						},
						{
							"origin": [-0.5625, 16.1808, -0.73408],
							"size": [1.125, 1.31814, 2.04243],
							"pivot": [0, 12.63393, 0.59964],
							"rotation": [90, 0, 0],
							"uv": {
								"north": {"uv": [13, 27], "uv_size": [1, 1.5]},
								"east": {"uv": [20, 20], "uv_size": [2, 1.5]},
								"south": {"uv": [14, 27], "uv_size": [1, 1.5]},
								"west": {"uv": [21, 0], "uv_size": [2, 1.5]},
								"up": {"uv": [3, 26], "uv_size": [1, 2]},
								"down": {"uv": [4, 28], "uv_size": [1, -2]}
							}
						},
						{
							"origin": [-0.625, 16.4308, -0.54658],
							"size": [1.25, 1.25564, 1.66743],
							"pivot": [0, 12.63393, 0.59964],
							"rotation": [90, 0, 0],
							"uv": {
								"north": {"uv": [25, 0], "uv_size": [1.5, 1.5]},
								"east": {"uv": [25, 2], "uv_size": [1.5, 1.5]},
								"south": {"uv": [25, 4], "uv_size": [1.5, 1.5]},
								"west": {"uv": [25, 6], "uv_size": [1.5, 1.5]},
								"up": {"uv": [25, 8], "uv_size": [1.5, 1.5]}
							}
						},
						{
							"origin": [0.54688, 11.07143, -5.28659],
							"size": [0.07813, 1.25, 1.66743],
							"pivot": [0.625, 12.32143, -4.45287],
							"rotation": [90, 3, 0],
							"uv": {
								"north": {"uv": [20, 32], "uv_size": [0.5, 1.5]},
								"east": {"uv": [25, 10], "uv_size": [1.5, 1.5]},
								"south": {"uv": [32, 20], "uv_size": [0.5, 1.5]},
								"west": {"uv": [12, 25], "uv_size": [1.5, 1.5]},
								"up": {"uv": [21, 32], "uv_size": [0.5, 1.5]},
								"down": {"uv": [32, 23.5], "uv_size": [0.5, -1.5]}
							}
						},
						{
							"origin": [-0.625, 11.07143, -5.28659],
							"size": [0.07813, 1.25, 1.66743],
							"pivot": [-0.625, 12.32143, -4.45287],
							"rotation": [90, -3, 0],
							"uv": {
								"north": {"uv": [24, 32], "uv_size": [0.5, 1.5]},
								"east": {"uv": [25, 12], "uv_size": [1.5, 1.5]},
								"south": {"uv": [32, 24], "uv_size": [0.5, 1.5]},
								"west": {"uv": [25, 22], "uv_size": [1.5, 1.5]},
								"up": {"uv": [25, 32], "uv_size": [0.5, 1.5]},
								"down": {"uv": [26, 33.5], "uv_size": [0.5, -1.5]}
							}
						},
						{
							"origin": [-0.69042, 16.22768, -0.54658],
							"size": [1.38084, 0.21047, 1.66743],
							"pivot": [0, 12.63393, 0.59964],
							"rotation": [90, 0, 0],
							"uv": {
								"north": {"uv": [32, 26], "uv_size": [1.5, 0.5]},
								"east": {"uv": [32, 27], "uv_size": [1.5, 0.5]},
								"south": {"uv": [32, 28], "uv_size": [1.5, 0.5]},
								"west": {"uv": [32, 29], "uv_size": [1.5, 0.5]},
								"up": {"uv": [25, 24], "uv_size": [1.5, 1.5]},
								"down": {"uv": [0, 27.5], "uv_size": [1.5, -1.5]}
							}
						}
					]
				},
				{
					"name": "gun_and_righthand",
					"parent": "root",
					"pivot": [0, 11, 2]
				},
				{
					"name": "righthand",
					"parent": "gun_and_righthand",
					"pivot": [6, 19, 8]
				},
				{
					"name": "righthand_pos",
					"parent": "righthand",
					"pivot": [0, 8, 8],
					"cubes": [
						{
							"origin": [4, 8, 6],
							"size": [3, 12, 4],
							"uv": {
								"north": {"uv": [0, 0], "uv_size": [1, 3]},
								"east": {"uv": [1, 0], "uv_size": [1, 3]},
								"south": {"uv": [2, 0], "uv_size": [1, 3]},
								"west": {"uv": [0, 3], "uv_size": [1, 3]},
								"up": {"uv": [3, 0], "uv_size": [1, 1]},
								"down": {"uv": [1, 4], "uv_size": [1, -1]}
							}
						}
					]
				},
				{
					"name": "x26",
					"parent": "gun_and_righthand",
					"pivot": [0, 9, 0],
					"cubes": [
						{
							"origin": [-0.4375, 9.58878, -2.2876],
							"size": [0.875, 1, 0.375],
							"pivot": [0, 10.58878, -2.2876],
							"rotation": [90, 0, 0],
							"uv": {
								"north": {"uv": [27, 23], "uv_size": [1, 1]},
								"east": {"uv": [34, 30], "uv_size": [0.5, 1]},
								"south": {"uv": [27, 24], "uv_size": [1, 1]},
								"west": {"uv": [31, 34], "uv_size": [0.5, 1]},
								"up": {"uv": [34, 31], "uv_size": [1, 0.5]},
								"down": {"uv": [32, 34.5], "uv_size": [1, -0.5]}
							}
						},
						{
							"origin": [-0.625, 12.19643, 1.84964],
							"size": [1.25, 0.4375, 0.8125],
							"pivot": [0, 12.63393, 1.84964],
							"rotation": [90, 0, 0],
							"uv": {
								"north": {"uv": [14, 32], "uv_size": [1.5, 0.5]},
								"east": {"uv": [34, 29], "uv_size": [1, 0.5]},
								"south": {"uv": [16, 32], "uv_size": [1.5, 0.5]},
								"west": {"uv": [30, 34], "uv_size": [1, 0.5]},
								"up": {"uv": [27, 6], "uv_size": [1.5, 1]},
								"down": {"uv": [27, 8], "uv_size": [1.5, -1]}
							}
						},
						{
							"origin": [-0.75391, 12.19896, -3.37812],
							"size": [0.19141, 0.35208, 0.85],
							"pivot": [0.25, 12.375, -2.95312],
							"rotation": [-45, 0, 0],
							"uv": {
								"north": {"uv": [37, 4], "uv_size": [0.5, 0.5]},
								"east": {"uv": [34, 28], "uv_size": [1, 0.5]},
								"south": {"uv": [5, 37], "uv_size": [0.5, 0.5]},
								"west": {"uv": [29, 34], "uv_size": [1, 0.5]}
							}
						},
						{
							"origin": [-0.75, 12.19896, -3.37812],
							"size": [0.1875, 0.35208, 0.85],
							"uv": {
								"north": {"uv": [37, 3], "uv_size": [0.5, 0.5]},
								"east": {"uv": [34, 27], "uv_size": [1, 0.5]},
								"south": {"uv": [4, 37], "uv_size": [0.5, 0.5]},
								"west": {"uv": [28, 34], "uv_size": [1, 0.5]}
							}
						},
						{
							"origin": [-0.75, 11.95, -3.12917],
							"size": [0.1875, 0.85, 0.35208],
							"pivot": [0.25, 12.375, -2.95312],
							"rotation": [-45, 0, 0],
							"uv": {
								"east": {"uv": [34, 26], "uv_size": [0.5, 1]},
								"west": {"uv": [27, 34], "uv_size": [0.5, 1]},
								"up": {"uv": [37, 2], "uv_size": [0.5, 0.5]},
								"down": {"uv": [3, 37.5], "uv_size": [0.5, -0.5]}
							}
						},
						{
							"origin": [-0.75, 11.95, -3.12917],
							"size": [0.1875, 0.85, 0.35208],
							"uv": {
								"east": {"uv": [34, 25], "uv_size": [0.5, 1]},
								"west": {"uv": [26, 34], "uv_size": [0.5, 1]},
								"up": {"uv": [37, 1], "uv_size": [0.5, 0.5]},
								"down": {"uv": [2, 37.5], "uv_size": [0.5, -0.5]}
							}
						},
						{
							"origin": [0.5625, 12.19896, -3.37812],
							"size": [0.19141, 0.35208, 0.85],
							"pivot": [-0.25, 12.375, -2.95312],
							"rotation": [-45, 0, 0],
							"uv": {
								"north": {"uv": [37, 0], "uv_size": [0.5, 0.5]},
								"east": {"uv": [34, 24], "uv_size": [1, 0.5]},
								"south": {"uv": [1, 37], "uv_size": [0.5, 0.5]},
								"west": {"uv": [25, 34], "uv_size": [1, 0.5]}
							}
						},
						{
							"origin": [0.5625, 12.19896, -3.37812],
							"size": [0.1875, 0.35208, 0.85],
							"uv": {
								"north": {"uv": [36, 36], "uv_size": [0.5, 0.5]},
								"east": {"uv": [34, 23], "uv_size": [1, 0.5]},
								"south": {"uv": [0, 37], "uv_size": [0.5, 0.5]},
								"west": {"uv": [24, 34], "uv_size": [1, 0.5]}
							}
						},
						{
							"origin": [0.5625, 11.95, -3.12917],
							"size": [0.1875, 0.85, 0.35208],
							"pivot": [-0.25, 12.375, -2.95312],
							"rotation": [-45, 0, 0],
							"uv": {
								"east": {"uv": [34, 22], "uv_size": [0.5, 1]},
								"west": {"uv": [23, 34], "uv_size": [0.5, 1]},
								"up": {"uv": [35, 36], "uv_size": [0.5, 0.5]},
								"down": {"uv": [36, 35.5], "uv_size": [0.5, -0.5]}
							}
						},
						{
							"origin": [0.5625, 11.95, -3.12917],
							"size": [0.1875, 0.85, 0.35208],
							"uv": {
								"east": {"uv": [34, 21], "uv_size": [0.5, 1]},
								"west": {"uv": [22, 34], "uv_size": [0.5, 1]},
								"up": {"uv": [34, 36], "uv_size": [0.5, 0.5]},
								"down": {"uv": [36, 34.5], "uv_size": [0.5, -0.5]}
							}
						},
						{
							"origin": [-0.62891, 9.85592, 4.4421],
							"size": [1.25781, 0.5, 0.76563],
							"pivot": [0, 9.85592, 4.4421],
							"rotation": [90, 0, 0],
							"uv": {
								"north": {"uv": [34, 19], "uv_size": [1, 0.5]},
								"east": {"uv": [20, 34], "uv_size": [1, 0.5]},
								"south": {"uv": [34, 20], "uv_size": [1, 0.5]},
								"west": {"uv": [21, 34], "uv_size": [1, 0.5]},
								"up": {"uv": [27, 20], "uv_size": [1, 1]},
								"down": {"uv": [27, 23], "uv_size": [1, -1]}
							}
						},
						{
							"origin": [-0.625, 9.65113, 4.29871],
							"size": [1.25, 0.25, 0.25],
							"pivot": [0, 9.65113, 4.29871],
							"rotation": [55, 0, 0],
							"uv": {
								"north": {"uv": [32, 8], "uv_size": [1.5, 0.5]},
								"east": {"uv": [33, 36], "uv_size": [0.5, 0.5]},
								"south": {"uv": [32, 9], "uv_size": [1.5, 0.5]},
								"west": {"uv": [36, 33], "uv_size": [0.5, 0.5]},
								"up": {"uv": [10, 32], "uv_size": [1.5, 0.5]},
								"down": {"uv": [12, 32.5], "uv_size": [1.5, -0.5]}
							}
						},
						{
							"origin": [-0.625, 13.44643, 1.63089],
							"size": [1.25, 0.5, 0.21875],
							"pivot": [0, 13.44643, 1.84964],
							"rotation": [150, 0, 0],
							"uv": {
								"north": {"uv": [6, 32], "uv_size": [1.5, 0.5]},
								"east": {"uv": [32, 36], "uv_size": [0.5, 0.5]},
								"south": {"uv": [32, 6], "uv_size": [1.5, 0.5]},
								"west": {"uv": [36, 32], "uv_size": [0.5, 0.5]},
								"up": {"uv": [32, 7], "uv_size": [1.5, 0.5]},
								"down": {"uv": [8, 32.5], "uv_size": [1.5, -0.5]}
							}
						},
						{
							"origin": [-0.5625, 12.83705, 0.25589],
							"size": [1.125, 0.07812, 0.12944],
							"pivot": [0, 13.07143, 0.09964],
							"rotation": [45, 0, 0],
							"uv": {
								"north": {"uv": [34, 17], "uv_size": [1, 0.5]},
								"east": {"uv": [31, 36], "uv_size": [0.5, 0.5]},
								"south": {"uv": [18, 34], "uv_size": [1, 0.5]},
								"west": {"uv": [36, 31], "uv_size": [0.5, 0.5]},
								"up": {"uv": [34, 18], "uv_size": [1, 0.5]},
								"down": {"uv": [19, 34.5], "uv_size": [1, -0.5]}
							}
						},
						{
							"origin": [-0.5625, 12.91518, 0.17777],
							"size": [1.125, 0.07812, 0.28569],
							"pivot": [0, 13.07143, 0.09964],
							"rotation": [45, 0, 0],
							"uv": {
								"north": {"uv": [34, 15], "uv_size": [1, 0.5]},
								"east": {"uv": [30, 36], "uv_size": [0.5, 0.5]},
								"south": {"uv": [16, 34], "uv_size": [1, 0.5]},
								"west": {"uv": [36, 30], "uv_size": [0.5, 0.5]},
								"up": {"uv": [34, 16], "uv_size": [1, 0.5]},
								"down": {"uv": [17, 34.5], "uv_size": [1, -0.5]}
							}
						},
						{
							"origin": [-0.625, 13.0558, 0.08402],
							"size": [1.25, 0.2145, 0.52386],
							"pivot": [0, 13.07143, 0.09964],
							"rotation": [45, 0, 0],
							"uv": {
								"north": {"uv": [32, 0], "uv_size": [1.5, 0.5]},
								"east": {"uv": [29, 36], "uv_size": [0.5, 0.5]},
								"south": {"uv": [32, 1], "uv_size": [1.5, 0.5]},
								"west": {"uv": [36, 29], "uv_size": [0.5, 0.5]},
								"up": {"uv": [2, 32], "uv_size": [1.5, 0.5]},
								"down": {"uv": [4, 32.5], "uv_size": [1.5, -0.5]}
							}
						},
						{
							"origin": [-0.5625, 12.9933, 0.09964],
							"size": [1.125, 0.07812, 0.44194],
							"pivot": [0, 13.07143, 0.09964],
							"rotation": [45, 0, 0],
							"uv": {
								"north": {"uv": [34, 13], "uv_size": [1, 0.5]},
								"east": {"uv": [28, 36], "uv_size": [0.5, 0.5]},
								"south": {"uv": [14, 34], "uv_size": [1, 0.5]},
								"west": {"uv": [36, 28], "uv_size": [0.5, 0.5]},
								"up": {"uv": [34, 14], "uv_size": [1, 0.5]},
								"down": {"uv": [15, 34.5], "uv_size": [1, -0.5]}
							}
						},
						{
							"origin": [-0.5625, 14.07143, 2.22464],
							"size": [1.125, 0.3125, 0.0625],
							"pivot": [0, 12.63393, 1.84964],
							"rotation": [90, 0, 0],
							"uv": {
								"north": {"uv": [34, 11], "uv_size": [1, 0.5]},
								"east": {"uv": [27, 36], "uv_size": [0.5, 0.5]},
								"south": {"uv": [12, 34], "uv_size": [1, 0.5]},
								"west": {"uv": [36, 27], "uv_size": [0.5, 0.5]},
								"up": {"uv": [34, 12], "uv_size": [1, 0.5]},
								"down": {"uv": [13, 34.5], "uv_size": [1, -0.5]}
							}
						},
						{
							"origin": [-0.62891, 9.75893, -2.15036],
							"size": [1.25781, 1.3125, 0.5],
							"pivot": [0, 11.07143, -1.65036],
							"rotation": [-95, 0, 0],
							"uv": {
								"north": {"uv": [21, 24], "uv_size": [1.5, 1.5]},
								"east": {"uv": [28, 31], "uv_size": [0.5, 1.5]},
								"south": {"uv": [23, 24], "uv_size": [1.5, 1.5]},
								"west": {"uv": [29, 31], "uv_size": [0.5, 1.5]},
								"up": {"uv": [30, 31], "uv_size": [1.5, 0.5]},
								"down": {"uv": [0, 32.5], "uv_size": [1.5, -0.5]}
							}
						},
						{
							"origin": [-0.62891, 13.57143, -2.15036],
							"size": [1.25781, 1.3125, 0.5],
							"pivot": [0, 13.57143, -1.65036],
							"rotation": [95, 0, 0],
							"uv": {
								"north": {"uv": [19, 24], "uv_size": [1.5, 1.5]},
								"east": {"uv": [22, 31], "uv_size": [0.5, 1.5]},
								"south": {"uv": [24, 20], "uv_size": [1.5, 1.5]},
								"west": {"uv": [23, 31], "uv_size": [0.5, 1.5]},
								"up": {"uv": [24, 31], "uv_size": [1.5, 0.5]},
								"down": {"uv": [26, 31.5], "uv_size": [1.5, -0.5]}
							}
						},
						{
							"origin": [-0.6875, 11.48841, -1.97358],
							"size": [1.375, 0.25101, 0.34656],
							"pivot": [0, 11.73841, -1.97358],
							"rotation": [-134, 0, 0],
							"uv": {
								"north": {"uv": [31, 15], "uv_size": [1.5, 0.5]},
								"east": {"uv": [26, 36], "uv_size": [0.5, 0.5]},
								"south": {"uv": [16, 31], "uv_size": [1.5, 0.5]},
								"west": {"uv": [36, 26], "uv_size": [0.5, 0.5]},
								"up": {"uv": [18, 31], "uv_size": [1.5, 0.5]},
								"down": {"uv": [20, 31.5], "uv_size": [1.5, -0.5]}
							}
						},
						{
							"origin": [-0.6875, 12.90413, -1.97285],
							"size": [1.375, 0.25101, 0.34656],
							"pivot": [0, 12.90514, -1.97285],
							"rotation": [134, 0, 0],
							"uv": {
								"north": {"uv": [31, 12], "uv_size": [1.5, 0.5]},
								"east": {"uv": [25, 36], "uv_size": [0.5, 0.5]},
								"south": {"uv": [31, 13], "uv_size": [1.5, 0.5]},
								"west": {"uv": [36, 25], "uv_size": [0.5, 0.5]},
								"up": {"uv": [14, 31], "uv_size": [1.5, 0.5]},
								"down": {"uv": [31, 14.5], "uv_size": [1.5, -0.5]}
							}
						},
						{
							"origin": [-0.6875, 11.73771, -1.83786],
							"size": [1.375, 0.375, 0.75],
							"pivot": [0, 11.73771, -1.83786],
							"rotation": [-45, 0, 0],
							"uv": {
								"north": {"uv": [11, 31], "uv_size": [1.5, 0.5]},
								"east": {"uv": [34, 10], "uv_size": [1, 0.5]},
								"south": {"uv": [31, 11], "uv_size": [1.5, 0.5]},
								"west": {"uv": [11, 34], "uv_size": [1, 0.5]},
								"up": {"uv": [27, 4], "uv_size": [1.5, 1]},
								"down": {"uv": [27, 6], "uv_size": [1.5, -1]}
							}
						},
						{
							"origin": [-0.69141, 8.98858, 1.0787],
							"size": [1.38281, 1.25, 0.375],
							"pivot": [0, 11.4786, 1.18248],
							"rotation": [-90, 0, 0],
							"uv": {
								"north": {"uv": [17, 24], "uv_size": [1.5, 1.5]},
								"east": {"uv": [31, 6], "uv_size": [0.5, 1.5]},
								"south": {"uv": [24, 18], "uv_size": [1.5, 1.5]},
								"west": {"uv": [31, 8], "uv_size": [0.5, 1.5]},
								"up": {"uv": [9, 31], "uv_size": [1.5, 0.5]},
								"down": {"uv": [31, 10.5], "uv_size": [1.5, -0.5]}
							}
						},
						{
							"origin": [-0.6875, 12.53014, -1.83786],
							"size": [1.375, 0.375, 0.75],
							"pivot": [0, 12.90514, -1.83786],
							"rotation": [45, 0, 0],
							"uv": {
								"north": {"uv": [31, 4], "uv_size": [1.5, 0.5]},
								"east": {"uv": [34, 9], "uv_size": [1, 0.5]},
								"south": {"uv": [31, 5], "uv_size": [1.5, 0.5]},
								"west": {"uv": [10, 34], "uv_size": [1, 0.5]},
								"up": {"uv": [27, 2], "uv_size": [1.5, 1]},
								"down": {"uv": [27, 4], "uv_size": [1.5, -1]}
							}
						},
						{
							"origin": [-0.69141, 14.40427, 1.0787],
							"size": [1.38281, 1.25, 0.375],
							"pivot": [0, 13.16426, 1.18248],
							"rotation": [90, 0, 0],
							"uv": {
								"north": {"uv": [15, 24], "uv_size": [1.5, 1.5]},
								"east": {"uv": [13, 30], "uv_size": [0.5, 1.5]},
								"south": {"uv": [24, 16], "uv_size": [1.5, 1.5]},
								"west": {"uv": [31, 0], "uv_size": [0.5, 1.5]},
								"up": {"uv": [31, 2], "uv_size": [1.5, 0.5]},
								"down": {"uv": [31, 3.5], "uv_size": [1.5, -0.5]}
							}
						},
						{
							"origin": [-0.69531, 14.74894, -0.24406],
							"size": [1.38672, 0.375, 1.16743],
							"pivot": [0, 12.63393, 0.65215],
							"rotation": [90, 0, 0],
							"uv": {
								"north": {"uv": [30, 29], "uv_size": [1.5, 0.5]},
								"east": {"uv": [34, 8], "uv_size": [1, 0.5]},
								"south": {"uv": [30, 30], "uv_size": [1.5, 0.5]},
								"west": {"uv": [9, 34], "uv_size": [1, 0.5]},
								"up": {"uv": [27, 0], "uv_size": [1.5, 1]},
								"down": {"uv": [27, 2], "uv_size": [1.5, -1]}
							}
						},
						{
							"origin": [-0.6875, 15.25893, -0.24406],
							"size": [1.375, 0.24001, 1.16743],
							"pivot": [0, 12.63393, 0.65215],
							"rotation": [90, 0, 0],
							"uv": {
								"north": {"uv": [30, 27], "uv_size": [1.5, 0.5]},
								"east": {"uv": [34, 7], "uv_size": [1, 0.5]},
								"south": {"uv": [30, 28], "uv_size": [1.5, 0.5]},
								"west": {"uv": [8, 34], "uv_size": [1, 0.5]},
								"up": {"uv": [26, 21], "uv_size": [1.5, 1]},
								"down": {"uv": [25, 27], "uv_size": [1.5, -1]}
							}
						},
						{
							"origin": [-0.6875, 15.44643, -0.54658],
							"size": [1.375, 0.70876, 1.66743],
							"pivot": [0, 12.63393, 0.59964],
							"rotation": [90, 0, 0],
							"uv": {
								"north": {"uv": [25, 30], "uv_size": [1.5, 0.5]},
								"east": {"uv": [30, 25], "uv_size": [1.5, 0.5]},
								"south": {"uv": [30, 26], "uv_size": [1.5, 0.5]},
								"west": {"uv": [27, 30], "uv_size": [1.5, 0.5]},
								"up": {"uv": [10, 24], "uv_size": [1.5, 1.5]},
								"down": {"uv": [24, 15.5], "uv_size": [1.5, -1.5]}
							}
						},
						{
							"origin": [-0.625, 14.88393, -0.84847],
							"size": [1.25, 1.30751, 2.27122],
							"pivot": [0, 12.63393, 0.59964],
							"rotation": [90, 0, 0],
							"uv": {
								"north": {"uv": [6, 24], "uv_size": [1.5, 1.5]},
								"east": {"uv": [16, 18], "uv_size": [2.5, 1.5]},
								"south": {"uv": [8, 24], "uv_size": [1.5, 1.5]},
								"west": {"uv": [19, 18], "uv_size": [2.5, 1.5]},
								"up": {"uv": [14, 19], "uv_size": [1.5, 2.5]},
								"down": {"uv": [20, 4.5], "uv_size": [1.5, -2.5]}
							}
						},
						{
							"origin": [-0.625, 14.16518, 2.56839],
							"size": [1.25, 0.21875, 0.21875],
							"pivot": [0, 12.63393, 1.84964],
							"rotation": [90, 0, 0],
							"uv": {
								"north": {"uv": [30, 22], "uv_size": [1.5, 0.5]},
								"east": {"uv": [24, 36], "uv_size": [0.5, 0.5]},
								"south": {"uv": [23, 30], "uv_size": [1.5, 0.5]},
								"west": {"uv": [36, 24], "uv_size": [0.5, 0.5]},
								"up": {"uv": [30, 23], "uv_size": [1.5, 0.5]},
								"down": {"uv": [30, 24.5], "uv_size": [1.5, -0.5]}
							}
						},
						{
							"origin": [-0.625, 10.76329, -0.0017],
							"size": [1.25, 0.125, 0.3125],
							"pivot": [0, 10.88829, -0.0017],
							"rotation": [143.75, 0, 0],
							"uv": {
								"north": {"uv": [30, 19], "uv_size": [1.5, 0.5]},
								"east": {"uv": [23, 36], "uv_size": [0.5, 0.5]},
								"south": {"uv": [30, 20], "uv_size": [1.5, 0.5]},
								"west": {"uv": [36, 23], "uv_size": [0.5, 0.5]},
								"up": {"uv": [21, 30], "uv_size": [1.5, 0.5]},
								"down": {"uv": [30, 21.5], "uv_size": [1.5, -0.5]}
							}
						},
						{
							"origin": [-0.625, 11.28669, 0.30682],
							"size": [1.25, 0.1875, 0.25],
							"pivot": [0, 11.28669, 0.30682],
							"rotation": [150, 0, 0],
							"uv": {
								"north": {"uv": [17, 30], "uv_size": [1.5, 0.5]},
								"east": {"uv": [22, 36], "uv_size": [0.5, 0.5]},
								"south": {"uv": [30, 17], "uv_size": [1.5, 0.5]},
								"west": {"uv": [36, 22], "uv_size": [0.5, 0.5]},
								"up": {"uv": [30, 18], "uv_size": [1.5, 0.5]},
								"down": {"uv": [19, 30.5], "uv_size": [1.5, -0.5]}
							}
						},
						{
							"origin": [-0.625, 10.50893, -0.46286],
							"size": [1.25, 0.4375, 0.25],
							"pivot": [0, 11.07143, -0.21286],
							"rotation": [112.5, 0, 0],
							"uv": {
								"north": {"uv": [9, 30], "uv_size": [1.5, 0.5]},
								"east": {"uv": [21, 36], "uv_size": [0.5, 0.5]},
								"south": {"uv": [11, 30], "uv_size": [1.5, 0.5]},
								"west": {"uv": [36, 21], "uv_size": [0.5, 0.5]},
								"up": {"uv": [15, 30], "uv_size": [1.5, 0.5]},
								"down": {"uv": [30, 16.5], "uv_size": [1.5, -0.5]}
							}
						},
						{
							"origin": [-0.4989, 11.76914, 1.67272],
							"size": [0.1239, 1.56745, 0.2505],
							"pivot": [-0.5, 11.76914, 1.79822],
							"rotation": [112.5626, 4.1568, 1.9751],
							"uv": {
								"north": {"uv": [6, 30], "uv_size": [0.5, 1.5]},
								"east": {"uv": [7, 30], "uv_size": [0.5, 1.5]},
								"south": {"uv": [8, 30], "uv_size": [0.5, 1.5]},
								"west": {"uv": [30, 8], "uv_size": [0.5, 1.5]},
								"up": {"uv": [20, 36], "uv_size": [0.5, 0.5]},
								"down": {"uv": [36, 20.5], "uv_size": [0.5, -0.5]}
							}
						},
						{
							"origin": [0.375, 11.76914, 1.67272],
							"size": [0.1239, 1.56745, 0.2505],
							"pivot": [0.5, 11.76914, 1.79822],
							"rotation": [112.5626, -4.1568, -1.9751],
							"uv": {
								"north": {"uv": [3, 30], "uv_size": [0.5, 1.5]},
								"east": {"uv": [4, 30], "uv_size": [0.5, 1.5]},
								"south": {"uv": [30, 4], "uv_size": [0.5, 1.5]},
								"west": {"uv": [5, 30], "uv_size": [0.5, 1.5]},
								"up": {"uv": [19, 36], "uv_size": [0.5, 0.5]},
								"down": {"uv": [36, 19.5], "uv_size": [0.5, -0.5]}
							}
						},
						{
							"origin": [-0.5, 8.94643, -0.46286],
							"size": [1, 1.5625, 0.25],
							"pivot": [0, 11.07143, -0.21286],
							"rotation": [112.5, 0, 0],
							"uv": {
								"north": {"uv": [23, 26], "uv_size": [1, 1.5]},
								"east": {"uv": [2, 30], "uv_size": [0.5, 1.5]},
								"south": {"uv": [24, 26], "uv_size": [1, 1.5]},
								"west": {"uv": [30, 2], "uv_size": [0.5, 1.5]},
								"up": {"uv": [34, 6], "uv_size": [1, 0.5]},
								"down": {"uv": [7, 34.5], "uv_size": [1, -0.5]}
							}
						},
						{
							"origin": [-0.5625, 10.94643, -2.46286],
							"size": [1.125, 0.25, 0.125],
							"pivot": [0, 10.94643, -2.46286],
							"rotation": [30, 0, 0],
							"uv": {
								"north": {"uv": [34, 4], "uv_size": [1, 0.5]},
								"east": {"uv": [18, 36], "uv_size": [0.5, 0.5]},
								"south": {"uv": [5, 34], "uv_size": [1, 0.5]},
								"west": {"uv": [36, 18], "uv_size": [0.5, 0.5]},
								"up": {"uv": [34, 5], "uv_size": [1, 0.5]},
								"down": {"uv": [6, 34.5], "uv_size": [1, -0.5]}
							}
						},
						{
							"origin": [-0.4375, 9.05753, -1.2876],
							"size": [0.875, 1.53125, 0.375],
							"pivot": [0, 10.58878, -1.2876],
							"rotation": [100, 0, 0],
							"uv": {
								"north": {"uv": [21, 26], "uv_size": [1, 1.5]},
								"east": {"uv": [0, 30], "uv_size": [0.5, 1.5]},
								"south": {"uv": [22, 26], "uv_size": [1, 1.5]},
								"west": {"uv": [1, 30], "uv_size": [0.5, 1.5]},
								"up": {"uv": [34, 3], "uv_size": [1, 0.5]},
								"down": {"uv": [4, 34.5], "uv_size": [1, -0.5]}
							}
						},
						{
							"origin": [-0.44141, 10.69643, -2.77536],
							"size": [0.88281, 0.25, 0.375],
							"pivot": [0, 10.94643, -2.40036],
							"rotation": [107.5, 0, 0],
							"uv": {
								"north": {"uv": [34, 1], "uv_size": [1, 0.5]},
								"east": {"uv": [17, 36], "uv_size": [0.5, 0.5]},
								"south": {"uv": [2, 34], "uv_size": [1, 0.5]},
								"west": {"uv": [36, 17], "uv_size": [0.5, 0.5]},
								"up": {"uv": [34, 2], "uv_size": [1, 0.5]},
								"down": {"uv": [3, 34.5], "uv_size": [1, -0.5]}
							}
						},
						{
							"origin": [-0.375, 16.75893, -0.08786],
							"size": [0.75, 0.25, 0.375],
							"pivot": [0, 12.63393, 1.84964],
							"rotation": [90, 0, 0],
							"uv": {
								"north": {"uv": [33, 33], "uv_size": [1, 0.5]},
								"east": {"uv": [16, 36], "uv_size": [0.5, 0.5]},
								"south": {"uv": [0, 34], "uv_size": [1, 0.5]},
								"west": {"uv": [36, 16], "uv_size": [0.5, 0.5]},
								"up": {"uv": [34, 0], "uv_size": [1, 0.5]},
								"down": {"uv": [1, 34.5], "uv_size": [1, -0.5]}
							}
						},
						{
							"origin": [-0.5625, 14.38393, 0.16214],
							"size": [1.125, 2.5625, 0.25],
							"pivot": [0, 12.63393, 1.84964],
							"rotation": [90, 0, 0],
							"uv": {
								"north": {"uv": [13, 22], "uv_size": [1, 2.5]},
								"east": {"uv": [17, 27], "uv_size": [0.5, 2.5]},
								"south": {"uv": [14, 22], "uv_size": [1, 2.5]},
								"west": {"uv": [27, 17], "uv_size": [0.5, 2.5]},
								"up": {"uv": [32, 33], "uv_size": [1, 0.5]},
								"down": {"uv": [33, 32.5], "uv_size": [1, -0.5]}
							}
						},
						{
							"origin": [-0.62891, 14.38393, 0.28714],
							"size": [1.25781, 1.75, 2.5],
							"pivot": [0, 12.63393, 1.84964],
							"rotation": [90, 0, 0],
							"uv": {
								"north": {"uv": [16, 20], "uv_size": [1.5, 2]},
								"east": {"uv": [17, 12], "uv_size": [2.5, 2]},
								"south": {"uv": [18, 20], "uv_size": [1.5, 2]},
								"west": {"uv": [17, 14], "uv_size": [2.5, 2]},
								"up": {"uv": [18, 5], "uv_size": [1.5, 2.5]},
								"down": {"uv": [18, 10.5], "uv_size": [1.5, -2.5]}
							}
						},
						{
							"origin": [-0.1875, 12.00851, 1.37067],
							"size": [0.375, 0.12713, 0.3875],
							"pivot": [0.375, 12.01063, 1.37067],
							"rotation": [74.75, 0, 0],
							"uv": {
								"north": {"uv": [13, 36], "uv_size": [0.5, 0.5]},
								"east": {"uv": [36, 13], "uv_size": [0.5, 0.5]},
								"south": {"uv": [14, 36], "uv_size": [0.5, 0.5]},
								"west": {"uv": [36, 14], "uv_size": [0.5, 0.5]},
								"up": {"uv": [15, 36], "uv_size": [0.5, 0.5]},
								"down": {"uv": [36, 15.5], "uv_size": [0.5, -0.5]}
							}
						},
						{
							"origin": [-0.1875, 11.82632, 1.20177],
							"size": [0.375, 0.125, 0.25],
							"pivot": [0.375, 11.82632, 1.20177],
							"rotation": [47.5, 0, 0],
							"uv": {
								"north": {"uv": [10, 36], "uv_size": [0.5, 0.5]},
								"east": {"uv": [36, 10], "uv_size": [0.5, 0.5]},
								"south": {"uv": [11, 36], "uv_size": [0.5, 0.5]},
								"west": {"uv": [36, 11], "uv_size": [0.5, 0.5]},
								"up": {"uv": [12, 36], "uv_size": [0.5, 0.5]},
								"down": {"uv": [36, 12.5], "uv_size": [0.5, -0.5]}
							}
						},
						{
							"origin": [-0.1875, 11.82632, 0.92052],
							"size": [0.375, 0.1875, 0.28125],
							"pivot": [0.375, 11.82632, 1.20177],
							"rotation": [25, 0, 0],
							"uv": {
								"north": {"uv": [7, 36], "uv_size": [0.5, 0.5]},
								"east": {"uv": [36, 7], "uv_size": [0.5, 0.5]},
								"south": {"uv": [8, 36], "uv_size": [0.5, 0.5]},
								"west": {"uv": [36, 8], "uv_size": [0.5, 0.5]},
								"up": {"uv": [9, 36], "uv_size": [0.5, 0.5]},
								"down": {"uv": [36, 9.5], "uv_size": [0.5, -0.5]}
							}
						},
						{
							"origin": [-0.19531, 12.13393, 0.66214],
							"size": [0.38672, 0.25, 0.625],
							"pivot": [0.375, 12.38393, 1.16214],
							"rotation": [67.5, 0, 0],
							"uv": {
								"north": {"uv": [4, 36], "uv_size": [0.5, 0.5]},
								"east": {"uv": [36, 4], "uv_size": [0.5, 0.5]},
								"south": {"uv": [5, 36], "uv_size": [0.5, 0.5]},
								"west": {"uv": [36, 5], "uv_size": [0.5, 0.5]},
								"up": {"uv": [6, 36], "uv_size": [0.5, 0.5]},
								"down": {"uv": [36, 6.5], "uv_size": [0.5, -0.5]}
							}
						},
						{
							"origin": [-0.1875, 13.00893, 1.59964],
							"size": [0.375, 0.3125, 0.625],
							"pivot": [0.375, 12.63393, 1.84964],
							"rotation": [90, 0, 0],
							"uv": {
								"north": {"uv": [1, 36], "uv_size": [0.5, 0.5]},
								"east": {"uv": [36, 1], "uv_size": [0.5, 0.5]},
								"south": {"uv": [2, 36], "uv_size": [0.5, 0.5]},
								"west": {"uv": [36, 2], "uv_size": [0.5, 0.5]},
								"up": {"uv": [3, 36], "uv_size": [0.5, 0.5]},
								"down": {"uv": [36, 3.5], "uv_size": [0.5, -0.5]}
							}
						},
						{
							"origin": [-0.5625, 12.63393, 2.22464],
							"size": [1.125, 1.4375, 0.375],
							"pivot": [0, 12.63393, 1.84964],
							"rotation": [90, 0, 0],
							"uv": {
								"north": {"uv": [26, 19], "uv_size": [1, 1.5]},
								"east": {"uv": [14, 29], "uv_size": [0.5, 1.5]},
								"south": {"uv": [20, 26], "uv_size": [1, 1.5]},
								"west": {"uv": [29, 29], "uv_size": [0.5, 1.5]},
								"up": {"uv": [31, 33], "uv_size": [1, 0.5]},
								"down": {"uv": [33, 31.5], "uv_size": [1, -0.5]}
							}
						},
						{
							"origin": [-0.625, 11.33699, 2.27226],
							"size": [1.25, 0.39063, 1.35938],
							"pivot": [0, 11.72762, 2.27226],
							"rotation": [115, 0, 0],
							"uv": {
								"north": {"uv": [20, 29], "uv_size": [1.5, 0.5]},
								"east": {"uv": [22, 29], "uv_size": [1.5, 0.5]},
								"south": {"uv": [25, 29], "uv_size": [1.5, 0.5]},
								"west": {"uv": [27, 29], "uv_size": [1.5, 0.5]},
								"up": {"uv": [2, 24], "uv_size": [1.5, 1.5]},
								"down": {"uv": [4, 25.5], "uv_size": [1.5, -1.5]}
							}
						},
						{
							"origin": [-0.625, 12.54012, 3.70976],
							"size": [1.25, 0.20313, 0.5],
							"pivot": [0, 12.54012, 3.70976],
							"rotation": [67.5, 0, 0],
							"uv": {
								"north": {"uv": [29, 13], "uv_size": [1.5, 0.5]},
								"east": {"uv": [0, 36], "uv_size": [0.5, 0.5]},
								"south": {"uv": [29, 14], "uv_size": [1.5, 0.5]},
								"west": {"uv": [36, 0], "uv_size": [0.5, 0.5]},
								"up": {"uv": [29, 15], "uv_size": [1.5, 0.5]},
								"down": {"uv": [18, 29.5], "uv_size": [1.5, -0.5]}
							}
						},
						{
							"origin": [-0.625, 13.63273, 3.04961],
							"size": [1.25, 0.18864, 0.66015],
							"pivot": [0, 13.63387, 3.70976],
							"rotation": [106.75, 0, 0],
							"uv": {
								"north": {"uv": [29, 10], "uv_size": [1.5, 0.5]},
								"east": {"uv": [35, 34], "uv_size": [0.5, 0.5]},
								"south": {"uv": [29, 11], "uv_size": [1.5, 0.5]},
								"west": {"uv": [35, 35], "uv_size": [0.5, 0.5]},
								"up": {"uv": [12, 29], "uv_size": [1.5, 0.5]},
								"down": {"uv": [29, 12.5], "uv_size": [1.5, -0.5]}
							}
						},
						{
							"origin": [-0.625, 13.49324, 2.17851],
							"size": [1.25, 0.14063, 0.28125],
							"pivot": [0, 13.63387, 2.45976],
							"rotation": [42.5, 0, 0],
							"uv": {
								"north": {"uv": [29, 6], "uv_size": [1.5, 0.5]},
								"east": {"uv": [35, 33], "uv_size": [0.5, 0.5]},
								"south": {"uv": [29, 7], "uv_size": [1.5, 0.5]},
								"west": {"uv": [34, 35], "uv_size": [0.5, 0.5]},
								"up": {"uv": [8, 29], "uv_size": [1.5, 0.5]},
								"down": {"uv": [10, 29.5], "uv_size": [1.5, -0.5]}
							}
						},
						{
							"origin": [-0.0625, 13.79474, -1.89321],
							"size": [0.125, 0.125, 0.3125],
							"pivot": [0, 13.91974, -1.58071],
							"rotation": [55, 0, 0],
							"uv": {
								"north": {"uv": [35, 30], "uv_size": [0.5, 0.5]},
								"east": {"uv": [31, 35], "uv_size": [0.5, 0.5]},
								"south": {"uv": [35, 31], "uv_size": [0.5, 0.5]},
								"west": {"uv": [32, 35], "uv_size": [0.5, 0.5]},
								"up": {"uv": [35, 32], "uv_size": [0.5, 0.5]},
								"down": {"uv": [33, 35.5], "uv_size": [0.5, -0.5]}
							}
						},
						{
							"origin": [-0.0625, 13.84893, -0.99005],
							"size": [0.125, 0.10938, 0.21875],
							"pivot": [0, 13.84893, -0.7713],
							"rotation": [132.5, 0, 0],
							"uv": {
								"north": {"uv": [35, 27], "uv_size": [0.5, 0.5]},
								"east": {"uv": [28, 35], "uv_size": [0.5, 0.5]},
								"south": {"uv": [35, 28], "uv_size": [0.5, 0.5]},
								"west": {"uv": [29, 35], "uv_size": [0.5, 0.5]},
								"up": {"uv": [35, 29], "uv_size": [0.5, 0.5]},
								"down": {"uv": [30, 35.5], "uv_size": [0.5, -0.5]}
							}
						},
						{
							"origin": [-0.06641, 13.25887, -1.22774],
							"size": [0.13281, 0.8125, 0.28125],
							"pivot": [0, 13.64949, -1.18087],
							"rotation": [85, 0, 0],
							"uv": {
								"north": {"uv": [28, 33], "uv_size": [0.5, 1]},
								"east": {"uv": [29, 33], "uv_size": [0.5, 1]},
								"south": {"uv": [30, 33], "uv_size": [0.5, 1]},
								"west": {"uv": [33, 30], "uv_size": [0.5, 1]},
								"up": {"uv": [35, 26], "uv_size": [0.5, 0.5]},
								"down": {"uv": [27, 35.5], "uv_size": [0.5, -0.5]}
							}
						},
						{
							"origin": [-0.375, 13.72762, 2.41288],
							"size": [0.125, 0.09375, 0.17188],
							"pivot": [-0.3125, 13.82137, 2.58476],
							"rotation": [45, 0, 0],
							"uv": {
								"north": {"uv": [35, 23], "uv_size": [0.5, 0.5]},
								"east": {"uv": [24, 35], "uv_size": [0.5, 0.5]},
								"south": {"uv": [35, 24], "uv_size": [0.5, 0.5]},
								"west": {"uv": [25, 35], "uv_size": [0.5, 0.5]},
								"up": {"uv": [35, 25], "uv_size": [0.5, 0.5]},
								"down": {"uv": [26, 35.5], "uv_size": [0.5, -0.5]}
							}
						},
						{
							"origin": [-0.37891, 10.35262, 4.61601],
							"size": [0.13281, 0.6875, 0.125],
							"pivot": [0, 11.35262, 2.27226],
							"rotation": [90, 0, 0],
							"uv": {
								"north": {"uv": [35, 20], "uv_size": [0.5, 0.5]},
								"east": {"uv": [21, 35], "uv_size": [0.5, 0.5]},
								"south": {"uv": [35, 21], "uv_size": [0.5, 0.5]},
								"west": {"uv": [22, 35], "uv_size": [0.5, 0.5]},
								"up": {"uv": [35, 22], "uv_size": [0.5, 0.5]},
								"down": {"uv": [23, 35.5], "uv_size": [0.5, -0.5]}
							}
						},
						{
							"origin": [-0.375, 13.82137, 3.02226],
							"size": [0.125, 0.0625, 0.25],
							"pivot": [-0.3125, 13.82137, 3.27226],
							"rotation": [112.5, 0, 0],
							"uv": {
								"north": {"uv": [35, 17], "uv_size": [0.5, 0.5]},
								"east": {"uv": [18, 35], "uv_size": [0.5, 0.5]},
								"south": {"uv": [35, 18], "uv_size": [0.5, 0.5]},
								"west": {"uv": [19, 35], "uv_size": [0.5, 0.5]},
								"up": {"uv": [35, 19], "uv_size": [0.5, 0.5]},
								"down": {"uv": [20, 35.5], "uv_size": [0.5, -0.5]}
							}
						},
						{
							"origin": [0.25, 13.72762, 2.41288],
							"size": [0.125, 0.09375, 0.17188],
							"pivot": [0.3125, 13.82137, 2.58476],
							"rotation": [45, 0, 0],
							"uv": {
								"north": {"uv": [35, 14], "uv_size": [0.5, 0.5]},
								"east": {"uv": [15, 35], "uv_size": [0.5, 0.5]},
								"south": {"uv": [35, 15], "uv_size": [0.5, 0.5]},
								"west": {"uv": [16, 35], "uv_size": [0.5, 0.5]},
								"up": {"uv": [35, 16], "uv_size": [0.5, 0.5]},
								"down": {"uv": [17, 35.5], "uv_size": [0.5, -0.5]}
							}
						},
						{
							"origin": [0.25, 13.82137, 3.02226],
							"size": [0.125, 0.0625, 0.25],
							"pivot": [0.3125, 13.82137, 3.27226],
							"rotation": [112.5, 0, 0],
							"uv": {
								"north": {"uv": [35, 11], "uv_size": [0.5, 0.5]},
								"east": {"uv": [12, 35], "uv_size": [0.5, 0.5]},
								"south": {"uv": [35, 12], "uv_size": [0.5, 0.5]},
								"west": {"uv": [13, 35], "uv_size": [0.5, 0.5]},
								"up": {"uv": [35, 13], "uv_size": [0.5, 0.5]},
								"down": {"uv": [14, 35.5], "uv_size": [0.5, -0.5]}
							}
						},
						{
							"origin": [0.24609, 10.35262, 4.61601],
							"size": [0.13281, 0.6875, 0.125],
							"pivot": [0, 11.35262, 2.27226],
							"rotation": [90, 0, 0],
							"uv": {
								"north": {"uv": [35, 8], "uv_size": [0.5, 0.5]},
								"east": {"uv": [9, 35], "uv_size": [0.5, 0.5]},
								"south": {"uv": [35, 9], "uv_size": [0.5, 0.5]},
								"west": {"uv": [10, 35], "uv_size": [0.5, 0.5]},
								"up": {"uv": [35, 10], "uv_size": [0.5, 0.5]},
								"down": {"uv": [11, 35.5], "uv_size": [0.5, -0.5]}
							}
						},
						{
							"origin": [-0.5, 9.91512, 4.30351],
							"size": [1, 5.375, 0.3125],
							"pivot": [0, 11.35262, 2.27226],
							"rotation": [90, 0, 0],
							"uv": {
								"north": {"uv": [16, 12], "uv_size": [1, 5.5]},
								"east": {"uv": [22, 2], "uv_size": [0.5, 5.5]},
								"south": {"uv": [13, 16], "uv_size": [1, 5.5]},
								"west": {"uv": [22, 8], "uv_size": [0.5, 5.5]},
								"up": {"uv": [33, 25], "uv_size": [1, 0.5]},
								"down": {"uv": [27, 33.5], "uv_size": [1, -0.5]}
							}
						},
						{
							"origin": [-0.5, 13.69637, -1.79024],
							"size": [1, 1.25, 0.125],
							"pivot": [0, 13.69637, -1.66524],
							"rotation": [100.75, 0, 0],
							"uv": {
								"north": {"uv": [26, 17], "uv_size": [1, 1.5]},
								"east": {"uv": [29, 2], "uv_size": [0.5, 1.5]},
								"south": {"uv": [19, 26], "uv_size": [1, 1.5]},
								"west": {"uv": [29, 4], "uv_size": [0.5, 1.5]},
								"up": {"uv": [33, 23], "uv_size": [1, 0.5]},
								"down": {"uv": [33, 24.5], "uv_size": [1, -0.5]}
							}
						},
						{
							"origin": [-0.625, 13.00887, 3.02226],
							"size": [0.13975, 1.25, 0.06266],
							"pivot": [-0.625, 13.63387, 3.08476],
							"rotation": [90, 0, -26.5],
							"uv": {
								"north": {"uv": [33, 21], "uv_size": [0.5, 1]},
								"east": {"uv": [22, 33], "uv_size": [0.5, 1]},
								"south": {"uv": [33, 22], "uv_size": [0.5, 1]},
								"west": {"uv": [23, 33], "uv_size": [0.5, 1]},
								"up": {"uv": [35, 7], "uv_size": [0.5, 0.5]},
								"down": {"uv": [8, 35.5], "uv_size": [0.5, -0.5]}
							}
						},
						{
							"origin": [0.48525, 13.00887, 3.02226],
							"size": [0.13975, 1.25, 0.06266],
							"pivot": [0.625, 13.63387, 3.08476],
							"rotation": [90, 0, 26.5],
							"uv": {
								"north": {"uv": [33, 17], "uv_size": [0.5, 1]},
								"east": {"uv": [33, 18], "uv_size": [0.5, 1]},
								"south": {"uv": [33, 19], "uv_size": [0.5, 1]},
								"west": {"uv": [33, 20], "uv_size": [0.5, 1]},
								"up": {"uv": [35, 6], "uv_size": [0.5, 0.5]},
								"down": {"uv": [7, 35.5], "uv_size": [0.5, -0.5]}
							}
						},
						{
							"origin": [-0.625, 9.85262, 4.42851],
							"size": [1.25, 1.25, 0.1875],
							"pivot": [0, 11.29012, 2.27226],
							"rotation": [90, 0, 0],
							"uv": {
								"north": {"uv": [23, 22], "uv_size": [1.5, 1.5]},
								"east": {"uv": [16, 28], "uv_size": [0.5, 1.5]},
								"south": {"uv": [0, 24], "uv_size": [1.5, 1.5]},
								"west": {"uv": [24, 28], "uv_size": [0.5, 1.5]},
								"up": {"uv": [29, 0], "uv_size": [1.5, 0.5]},
								"down": {"uv": [29, 1.5], "uv_size": [1.5, -0.5]}
							}
						},
						{
							"origin": [-0.69531, 12.94637, 2.14726],
							"size": [1.38672, 0.25, 0.875],
							"pivot": [0, 13.04012, 3.05351],
							"rotation": [45, 0, 0],
							"uv": {
								"north": {"uv": [28, 27], "uv_size": [1.5, 0.5]},
								"east": {"uv": [33, 16], "uv_size": [1, 0.5]},
								"south": {"uv": [28, 28], "uv_size": [1.5, 0.5]},
								"west": {"uv": [17, 33], "uv_size": [1, 0.5]},
								"up": {"uv": [26, 16], "uv_size": [1.5, 1]},
								"down": {"uv": [17, 27], "uv_size": [1.5, -1]}
							}
						},
						{
							"origin": [-0.6875, 12.33301, 2.50043],
							"size": [1.375, 0.17678, 0.17678],
							"pivot": [0, 12.32229, 2.48971],
							"rotation": [90, 0, 0],
							"uv": {
								"north": {"uv": [28, 23], "uv_size": [1.5, 0.5]},
								"east": {"uv": [35, 5], "uv_size": [0.5, 0.5]},
								"south": {"uv": [28, 24], "uv_size": [1.5, 0.5]},
								"west": {"uv": [6, 35], "uv_size": [0.5, 0.5]},
								"up": {"uv": [28, 25], "uv_size": [1.5, 0.5]},
								"down": {"uv": [28, 26.5], "uv_size": [1.5, -0.5]}
							}
						},
						{
							"origin": [-0.71875, 12.89681, 2.86601],
							"size": [1.4375, 0.375, 0.375],
							"pivot": [-0.03125, 13.08431, 3.05351],
							"rotation": [90, 0, 0],
							"uv": {
								"north": {"uv": [28, 20], "uv_size": [1.5, 0.5]},
								"east": {"uv": [35, 4], "uv_size": [0.5, 0.5]},
								"south": {"uv": [28, 21], "uv_size": [1.5, 0.5]},
								"west": {"uv": [5, 35], "uv_size": [0.5, 0.5]},
								"up": {"uv": [22, 28], "uv_size": [1.5, 0.5]},
								"down": {"uv": [28, 22.5], "uv_size": [1.5, -0.5]}
							}
						},
						{
							"origin": [-0.63281, 9.85262, 1.89726],
							"size": [1.26172, 1.4375, 2.53125],
							"pivot": [0, 11.29012, 2.27226],
							"rotation": [90, 0, 0],
							"uv": {
								"north": {"uv": [22, 14], "uv_size": [1.5, 1.5]},
								"east": {"uv": [17, 16], "uv_size": [2.5, 1.5]},
								"south": {"uv": [15, 22], "uv_size": [1.5, 1.5]},
								"west": {"uv": [18, 0], "uv_size": [2.5, 1.5]},
								"up": {"uv": [14, 16], "uv_size": [1.5, 2.5]},
								"down": {"uv": [18, 4.5], "uv_size": [1.5, -2.5]}
							}
						},
						{
							"origin": [-0.625, 10.32404, 2.07987],
							"size": [1.25, 0.4375, 0.5625],
							"pivot": [0, 10.76154, 2.07987],
							"rotation": [70, 0, 0],
							"uv": {
								"north": {"uv": [18, 28], "uv_size": [1.5, 0.5]},
								"east": {"uv": [35, 3], "uv_size": [0.5, 0.5]},
								"south": {"uv": [28, 18], "uv_size": [1.5, 0.5]},
								"west": {"uv": [4, 35], "uv_size": [0.5, 0.5]},
								"up": {"uv": [28, 19], "uv_size": [1.5, 0.5]},
								"down": {"uv": [20, 28.5], "uv_size": [1.5, -0.5]}
							}
						},
						{
							"origin": [-0.62109, 11.57621, 3.67166],
							"size": [1.24219, 0.73337, 0.37375],
							"pivot": [0, 11.57621, 4.04666],
							"rotation": [27.25, 0, 0],
							"uv": {
								"north": {"uv": [33, 14], "uv_size": [1, 0.5]},
								"east": {"uv": [35, 2], "uv_size": [0.5, 0.5]},
								"south": {"uv": [15, 33], "uv_size": [1, 0.5]},
								"west": {"uv": [3, 35], "uv_size": [0.5, 0.5]},
								"up": {"uv": [33, 15], "uv_size": [1, 0.5]},
								"down": {"uv": [16, 33.5], "uv_size": [1, -0.5]}
							}
						},
						{
							"origin": [-0.64062, 10.06042, 3.875],
							"size": [1.27344, 1.03333, 0.50384],
							"pivot": [0.125, 10.5, 3],
							"rotation": [22.5, 0, 0],
							"uv": {
								"north": {"uv": [18, 11], "uv_size": [1.5, 1]},
								"east": {"uv": [33, 13], "uv_size": [0.5, 1]},
								"south": {"uv": [20, 17], "uv_size": [1.5, 1]},
								"west": {"uv": [14, 33], "uv_size": [0.5, 1]},
								"up": {"uv": [28, 16], "uv_size": [1.5, 0.5]},
								"down": {"uv": [28, 17.5], "uv_size": [1.5, -0.5]}
							}
						},
						{
							"origin": [-0.5, 8.63711, 2.3792],
							"size": [1, 0.42188, 0.25],
							"pivot": [-0.125, 9.05899, 2.3792],
							"rotation": [86, 0, 0],
							"uv": {
								"north": {"uv": [33, 11], "uv_size": [1, 0.5]},
								"east": {"uv": [35, 1], "uv_size": [0.5, 0.5]},
								"south": {"uv": [12, 33], "uv_size": [1, 0.5]},
								"west": {"uv": [2, 35], "uv_size": [0.5, 0.5]},
								"up": {"uv": [33, 12], "uv_size": [1, 0.5]},
								"down": {"uv": [13, 33.5], "uv_size": [1, -0.5]}
							}
						},
						{
							"origin": [-0.5, 11.3034, 1.49732],
							"size": [1, 0.5, 0.25],
							"pivot": [-0.125, 11.3034, 1.49732],
							"rotation": [90, 0, 0],
							"uv": {
								"north": {"uv": [9, 33], "uv_size": [1, 0.5]},
								"east": {"uv": [35, 0], "uv_size": [0.5, 0.5]},
								"south": {"uv": [10, 33], "uv_size": [1, 0.5]},
								"west": {"uv": [1, 35], "uv_size": [0.5, 0.5]},
								"up": {"uv": [33, 10], "uv_size": [1, 0.5]},
								"down": {"uv": [11, 33.5], "uv_size": [1, -0.5]}
							}
						},
						{
							"origin": [-0.5, 12.0392, 1.75369],
							"size": [1, 0.25, 0.75],
							"pivot": [0, 12.1642, 1.94119],
							"rotation": [90, 0, 0],
							"uv": {
								"north": {"uv": [33, 5], "uv_size": [1, 0.5]},
								"east": {"uv": [6, 33], "uv_size": [1, 0.5]},
								"south": {"uv": [7, 33], "uv_size": [1, 0.5]},
								"west": {"uv": [8, 33], "uv_size": [1, 0.5]},
								"up": {"uv": [27, 15], "uv_size": [1, 1]},
								"down": {"uv": [18, 28], "uv_size": [1, -1]}
							}
						},
						{
							"origin": [-0.50781, 11.05067, 1.74524],
							"size": [1.01172, 0.54688, 1.07812],
							"pivot": [-0.125, 11.11317, 1.74524],
							"rotation": [52.5, 0, 0],
							"uv": {
								"north": {"uv": [33, 3], "uv_size": [1, 0.5]},
								"east": {"uv": [4, 33], "uv_size": [1, 0.5]},
								"south": {"uv": [33, 4], "uv_size": [1, 0.5]},
								"west": {"uv": [5, 33], "uv_size": [1, 0.5]},
								"up": {"uv": [12, 24], "uv_size": [1, 1]},
								"down": {"uv": [27, 15], "uv_size": [1, -1]}
							}
						},
						{
							"origin": [-0.5, 10.88659, 1.8509],
							"size": [1, 0.25, 0.5],
							"pivot": [-0.125, 10.88659, 1.8509],
							"rotation": [25, 0, 0],
							"uv": {
								"north": {"uv": [1, 33], "uv_size": [1, 0.5]},
								"east": {"uv": [34, 34], "uv_size": [0.5, 0.5]},
								"south": {"uv": [2, 33], "uv_size": [1, 0.5]},
								"west": {"uv": [0, 35], "uv_size": [0.5, 0.5]},
								"up": {"uv": [33, 2], "uv_size": [1, 0.5]},
								"down": {"uv": [3, 33.5], "uv_size": [1, -0.5]}
							}
						},
						{
							"origin": [-0.51172, 10.38706, 1.82909],
							"size": [1.02734, 1.375, 0.5],
							"pivot": [-0.125, 10.38706, 1.82909],
							"rotation": [-2.5, 0, 0],
							"uv": {
								"north": {"uv": [15, 26], "uv_size": [1, 1.5]},
								"east": {"uv": [28, 14], "uv_size": [0.5, 1.5]},
								"south": {"uv": [16, 26], "uv_size": [1, 1.5]},
								"west": {"uv": [15, 28], "uv_size": [0.5, 1.5]},
								"up": {"uv": [32, 32], "uv_size": [1, 0.5]},
								"down": {"uv": [0, 33.5], "uv_size": [1, -0.5]}
							}
						},
						{
							"origin": [-0.50781, 9.40625, 1.875],
							"size": [1.01563, 1.4375, 0.375],
							"pivot": [0, 10.5, 3],
							"rotation": [22.5, 0, 0],
							"uv": {
								"north": {"uv": [11, 26], "uv_size": [1, 1.5]},
								"east": {"uv": [28, 10], "uv_size": [0.5, 1.5]},
								"south": {"uv": [26, 14], "uv_size": [1, 1.5]},
								"west": {"uv": [28, 12], "uv_size": [0.5, 1.5]},
								"up": {"uv": [31, 32], "uv_size": [1, 0.5]},
								"down": {"uv": [32, 31.5], "uv_size": [1, -0.5]}
							}
						},
						{
							"origin": [-0.63672, 9.21875, 2.25],
							"size": [1.26953, 1.875, 1.625],
							"pivot": [0.125, 10.5, 3],
							"rotation": [22.5, 0, 0],
							"uv": {
								"north": {"uv": [20, 9], "uv_size": [1.5, 2]},
								"east": {"uv": [20, 11], "uv_size": [1.5, 2]},
								"south": {"uv": [20, 13], "uv_size": [1.5, 2]},
								"west": {"uv": [20, 15], "uv_size": [1.5, 2]},
								"up": {"uv": [23, 10], "uv_size": [1.5, 1.5]},
								"down": {"uv": [23, 13.5], "uv_size": [1.5, -1.5]}
							}
						}
					]
				},
				{
					"name": "mag2",
					"parent": "x26",
					"pivot": [0, 12.25893, -2.96286],
					"cubes": [
						{
							"origin": [-0.57031, 14.88393, -2.15036],
							"size": [1.14063, 1.3125, 0.5],
							"pivot": [0, 13.57143, -1.65036],
							"rotation": [95, 0, 0],
							"uv": {
								"north": {"uv": [27, 8], "uv_size": [1, 1.5]},
								"east": {"uv": [32, 16], "uv_size": [0.5, 1.5]},
								"south": {"uv": [27, 10], "uv_size": [1, 1.5]},
								"west": {"uv": [18, 32], "uv_size": [0.5, 1.5]},
								"up": {"uv": [34, 32], "uv_size": [1, 0.5]},
								"down": {"uv": [33, 34.5], "uv_size": [1, -0.5]}
							}
						},
						{
							"origin": [-0.56641, 8.44643, -2.15036],
							"size": [1.13281, 1.3125, 0.5],
							"pivot": [0, 11.07143, -1.65036],
							"rotation": [-95, 0, 0],
							"uv": {
								"north": {"uv": [12, 27], "uv_size": [1, 1.5]},
								"east": {"uv": [32, 18], "uv_size": [0.5, 1.5]},
								"south": {"uv": [27, 12], "uv_size": [1, 1.5]},
								"west": {"uv": [19, 32], "uv_size": [0.5, 1.5]},
								"down": {"uv": [34, 33.5], "uv_size": [1, -0.5]}
							}
						},
						{
							"origin": [-0.5625, 16.1808, -0.73408],
							"size": [1.125, 1.31814, 2.04243],
							"pivot": [0, 12.63393, 0.59964],
							"rotation": [90, 0, 0],
							"uv": {
								"north": {"uv": [13, 27], "uv_size": [1, 1.5]},
								"east": {"uv": [20, 20], "uv_size": [2, 1.5]},
								"south": {"uv": [14, 27], "uv_size": [1, 1.5]},
								"west": {"uv": [21, 0], "uv_size": [2, 1.5]},
								"up": {"uv": [3, 26], "uv_size": [1, 2]},
								"down": {"uv": [4, 28], "uv_size": [1, -2]}
							}
						},
						{
							"origin": [-0.625, 16.4308, -0.54658],
							"size": [1.25, 1.25564, 1.66743],
							"pivot": [0, 12.63393, 0.59964],
							"rotation": [90, 0, 0],
							"uv": {
								"north": {"uv": [25, 0], "uv_size": [1.5, 1.5]},
								"east": {"uv": [25, 2], "uv_size": [1.5, 1.5]},
								"south": {"uv": [25, 4], "uv_size": [1.5, 1.5]},
								"west": {"uv": [25, 6], "uv_size": [1.5, 1.5]},
								"up": {"uv": [25, 8], "uv_size": [1.5, 1.5]}
							}
						},
						{
							"origin": [0.54688, 11.07143, -5.28659],
							"size": [0.07813, 1.25, 1.66743],
							"pivot": [0.625, 12.32143, -4.45287],
							"rotation": [90, 3, 0],
							"uv": {
								"north": {"uv": [20, 32], "uv_size": [0.5, 1.5]},
								"east": {"uv": [25, 10], "uv_size": [1.5, 1.5]},
								"south": {"uv": [32, 20], "uv_size": [0.5, 1.5]},
								"west": {"uv": [12, 25], "uv_size": [1.5, 1.5]},
								"up": {"uv": [21, 32], "uv_size": [0.5, 1.5]},
								"down": {"uv": [32, 23.5], "uv_size": [0.5, -1.5]}
							}
						},
						{
							"origin": [-0.625, 11.07143, -5.28659],
							"size": [0.07813, 1.25, 1.66743],
							"pivot": [-0.625, 12.32143, -4.45287],
							"rotation": [90, -3, 0],
							"uv": {
								"north": {"uv": [24, 32], "uv_size": [0.5, 1.5]},
								"east": {"uv": [25, 12], "uv_size": [1.5, 1.5]},
								"south": {"uv": [32, 24], "uv_size": [0.5, 1.5]},
								"west": {"uv": [25, 22], "uv_size": [1.5, 1.5]},
								"up": {"uv": [25, 32], "uv_size": [0.5, 1.5]},
								"down": {"uv": [26, 33.5], "uv_size": [0.5, -1.5]}
							}
						},
						{
							"origin": [-0.69042, 16.22768, -0.54658],
							"size": [1.38084, 0.21047, 1.66743],
							"pivot": [0, 12.63393, 0.59964],
							"rotation": [90, 0, 0],
							"uv": {
								"north": {"uv": [32, 26], "uv_size": [1.5, 0.5]},
								"east": {"uv": [32, 27], "uv_size": [1.5, 0.5]},
								"south": {"uv": [32, 28], "uv_size": [1.5, 0.5]},
								"west": {"uv": [32, 29], "uv_size": [1.5, 0.5]},
								"up": {"uv": [25, 24], "uv_size": [1.5, 1.5]},
								"down": {"uv": [0, 27.5], "uv_size": [1.5, -1.5]}
							}
						}
					]
				},
				{
					"name": "constraint",
					"parent": "x26",
					"pivot": [0, 13.9, -1.625]
				},
				{
					"name": "positioning2",
					"parent": "x26",
					"pivot": [0, 7, -1.425]
				},
				{
					"name": "muzzle_flash",
					"parent": "positioning2",
					"pivot": [0, 12.425, -4.95]
				},
				{
					"name": "camera",
					"pivot": [1.75, 15.2875, 10]
				},
				{
					"name": "positioning",
					"pivot": [0, 0, -8]
				},
				{
					"name": "thirdperson_hand",
					"parent": "positioning",
					"pivot": [0, 11.925, 1.9]
				},
				{
					"name": "ground",
					"parent": "positioning",
					"pivot": [0, 9.1, 0.15]
				},
				{
					"name": "fixed",
					"parent": "positioning",
					"pivot": [1.05, 12.425, 0.45],
					"rotation": [0, 90, 0]
				},
				{
					"name": "view",
					"pivot": [0, 0, 0]
				},
				{
					"name": "idle_view",
					"parent": "view",
					"pivot": [1.75, 15.2875, 10]
				},
				{
					"name": "iron_view",
					"parent": "view",
					"pivot": [0, 13.8, 7.75]
				},
				{
					"name": "refit_view",
					"parent": "view",
					"pivot": [11, 12.2, 1.15],
					"rotation": [0, 90, 0]
				}
			]
		}
	]
}