{
	"format_version": "1.12.0",
	"minecraft:geometry": [
		{
			"description": {
				"identifier": "geometry.unknown",
				"texture_width": 64,
				"texture_height": 64,
				"visible_bounds_width": 5,
				"visible_bounds_height": 3,
				"visible_bounds_offset": [0, 0.5, 0]
			},
			"bones": [
				{
					"name": "root",
					"pivot": [-1.223, 0.05476, -0.64275]
				},
				{
					"name": "bullet",
					"parent": "root",
					"pivot": [-4.99988, 0.75726, 0.96101],
					"rotation": [0, 90, -160.75],
					"cubes": [
						{
							"origin": [-5.53738, -1.26899, 0.42351],
							"size": [1.075, 2.0025, 1.075],
							"uv": {
								"north": {"uv": [12, 20], "uv_size": [0.375, 0.75]},
								"east": {"uv": [20, 12], "uv_size": [0.375, 0.75]},
								"south": {"uv": [14, 20], "uv_size": [0.375, 0.75]},
								"west": {"uv": [20, 14], "uv_size": [0.375, 0.75]},
								"up": {"uv": [6, 26], "uv_size": [0.375, 0.375]},
								"down": {"uv": [8, 26.375], "uv_size": [0.375, -0.375]}
							}
						},
						{
							"origin": [-5.34737, 1.23101, 0.61351],
							"size": [0.695, 0.2525, 0.695],
							"pivot": [-4.99988, 1.35726, 0.96101],
							"rotation": [0, -45, 0],
							"uv": {
								"north": {"uv": [46, 30], "uv_size": [0.25, 0.125]},
								"east": {"uv": [32, 46], "uv_size": [0.25, 0.125]},
								"south": {"uv": [46, 32], "uv_size": [0.25, 0.125]},
								"west": {"uv": [34, 46], "uv_size": [0.25, 0.125]},
								"up": {"uv": [30, 14], "uv_size": [0.25, 0.25]},
								"down": {"uv": [16, 30.25], "uv_size": [0.25, -0.25]}
							}
						},
						{
							"origin": [-5.28738, 0.60764, 0.42351],
							"size": [0.575, 0.64586, 0.63275],
							"pivot": [-4.99988, 1.78226, 0.96101],
							"rotation": [22.5, 0, 0],
							"uv": {
								"north": {"uv": [22, 28], "uv_size": [0.25, 0.25]},
								"east": {"uv": [24, 28], "uv_size": [0.25, 0.25]},
								"south": {"uv": [26, 28], "uv_size": [0.25, 0.25]},
								"west": {"uv": [28, 26], "uv_size": [0.25, 0.25]},
								"up": {"uv": [28, 28], "uv_size": [0.25, 0.25]},
								"down": {"uv": [29, 18.25], "uv_size": [0.25, -0.25]}
							}
						},
						{
							"origin": [-5.28738, 0.60764, 0.42351],
							"size": [0.575, 0.64586, 0.63275],
							"pivot": [-4.99988, 1.78226, 0.96101],
							"rotation": [0, 90, -22.5],
							"uv": {
								"north": {"uv": [29, 20], "uv_size": [0.25, 0.25]},
								"east": {"uv": [29, 22], "uv_size": [0.25, 0.25]},
								"south": {"uv": [29, 24], "uv_size": [0.25, 0.25]},
								"west": {"uv": [0, 30], "uv_size": [0.25, 0.25]},
								"up": {"uv": [30, 0], "uv_size": [0.25, 0.25]},
								"down": {"uv": [2, 30.25], "uv_size": [0.25, -0.25]}
							}
						},
						{
							"origin": [-5.28738, 0.60764, 0.42351],
							"size": [0.575, 0.64586, 0.63275],
							"pivot": [-4.99988, 1.78226, 0.96101],
							"rotation": [-157.5, 0, -180],
							"uv": {
								"north": {"uv": [30, 8], "uv_size": [0.25, 0.25]},
								"east": {"uv": [10, 30], "uv_size": [0.25, 0.25]},
								"south": {"uv": [30, 10], "uv_size": [0.25, 0.25]},
								"west": {"uv": [12, 30], "uv_size": [0.25, 0.25]},
								"up": {"uv": [30, 12], "uv_size": [0.25, 0.25]},
								"down": {"uv": [14, 30.25], "uv_size": [0.25, -0.25]}
							}
						},
						{
							"origin": [-5.28738, 0.60764, 0.42351],
							"size": [0.575, 0.64586, 0.63275],
							"pivot": [-4.99988, 1.78226, 0.96101],
							"rotation": [0, -90, 22.5],
							"uv": {
								"north": {"uv": [30, 2], "uv_size": [0.25, 0.25]},
								"east": {"uv": [4, 30], "uv_size": [0.25, 0.25]},
								"south": {"uv": [30, 4], "uv_size": [0.25, 0.25]},
								"west": {"uv": [6, 30], "uv_size": [0.25, 0.25]},
								"up": {"uv": [30, 6], "uv_size": [0.25, 0.25]},
								"down": {"uv": [8, 30.25], "uv_size": [0.25, -0.25]}
							}
						},
						{
							"origin": [-5.28738, -1.78899, 0.42351],
							"size": [0.575, 0.64586, 0.63275],
							"pivot": [-4.99988, -2.31774, 0.96101],
							"rotation": [0, -90, -22.5],
							"uv": {
								"north": {"uv": [6, 32], "uv_size": [0.25, 0.25]},
								"east": {"uv": [32, 6], "uv_size": [0.25, 0.25]},
								"south": {"uv": [8, 32], "uv_size": [0.25, 0.25]},
								"west": {"uv": [32, 8], "uv_size": [0.25, 0.25]},
								"up": {"uv": [10, 32], "uv_size": [0.25, 0.25]},
								"down": {"uv": [32, 10.25], "uv_size": [0.25, -0.25]}
							}
						},
						{
							"origin": [-5.28738, -1.78899, 0.42351],
							"size": [0.575, 0.64586, 0.63275],
							"pivot": [-4.99988, -2.31774, 0.96101],
							"rotation": [0, 90, 22.5],
							"uv": {
								"north": {"uv": [0, 32], "uv_size": [0.25, 0.25]},
								"east": {"uv": [32, 0], "uv_size": [0.25, 0.25]},
								"south": {"uv": [2, 32], "uv_size": [0.25, 0.25]},
								"west": {"uv": [32, 2], "uv_size": [0.25, 0.25]},
								"up": {"uv": [4, 32], "uv_size": [0.25, 0.25]},
								"down": {"uv": [32, 4.25], "uv_size": [0.25, -0.25]}
							}
						},
						{
							"origin": [-5.28738, -1.78899, 0.42351],
							"size": [0.575, 0.64586, 0.63275],
							"pivot": [-4.99988, -2.31774, 0.96101],
							"rotation": [157.5, 0, 180],
							"uv": {
								"north": {"uv": [30, 28], "uv_size": [0.25, 0.25]},
								"east": {"uv": [30, 30], "uv_size": [0.25, 0.25]},
								"south": {"uv": [31, 18], "uv_size": [0.25, 0.25]},
								"west": {"uv": [31, 20], "uv_size": [0.25, 0.25]},
								"up": {"uv": [31, 22], "uv_size": [0.25, 0.25]},
								"down": {"uv": [31, 24.25], "uv_size": [0.25, -0.25]}
							}
						},
						{
							"origin": [-5.28738, -1.78899, 0.42351],
							"size": [0.575, 0.64586, 0.63275],
							"pivot": [-4.99988, -2.31774, 0.96101],
							"rotation": [-22.5, 0, 0],
							"uv": {
								"north": {"uv": [20, 30], "uv_size": [0.25, 0.25]},
								"east": {"uv": [22, 30], "uv_size": [0.25, 0.25]},
								"south": {"uv": [24, 30], "uv_size": [0.25, 0.25]},
								"west": {"uv": [26, 30], "uv_size": [0.25, 0.25]},
								"up": {"uv": [30, 26], "uv_size": [0.25, 0.25]},
								"down": {"uv": [28, 30.25], "uv_size": [0.25, -0.25]}
							}
						},
						{
							"origin": [-5.34737, -2.01899, 0.61351],
							"size": [0.695, 0.2525, 0.695],
							"pivot": [-4.99988, -1.89274, 0.96101],
							"rotation": [0, -45, 0],
							"uv": {
								"north": {"uv": [46, 34], "uv_size": [0.25, 0.125]},
								"east": {"uv": [36, 46], "uv_size": [0.25, 0.125]},
								"south": {"uv": [46, 36], "uv_size": [0.25, 0.125]},
								"west": {"uv": [38, 46], "uv_size": [0.25, 0.125]},
								"up": {"uv": [30, 16], "uv_size": [0.25, 0.25]},
								"down": {"uv": [18, 30.25], "uv_size": [0.25, -0.25]}
							}
						}
					]
				},
				{
					"name": "bone",
					"parent": "root",
					"pivot": [2.527, 13.47768, 1.52018]
				},
				{
					"name": "bone3",
					"parent": "bone",
					"pivot": [2.527, 13.47768, 5.00018],
					"cubes": [
						{
							"origin": [2.25763, 4.62101, 1.01351],
							"size": [0.575, 0.64586, 0.63275],
							"pivot": [2.54512, 4.09226, 1.55101],
							"rotation": [157.5, 0, 0],
							"uv": {
								"north": {"uv": [38, 10], "uv_size": [0.25, 0.25]},
								"east": {"uv": [12, 38], "uv_size": [0.25, 0.25]},
								"south": {"uv": [38, 12], "uv_size": [0.25, 0.25]},
								"west": {"uv": [14, 38], "uv_size": [0.25, 0.25]},
								"up": {"uv": [38, 14], "uv_size": [0.25, 0.25]},
								"down": {"uv": [16, 38.25], "uv_size": [0.25, -0.25]}
							}
						},
						{
							"origin": [2.25763, 4.62101, 1.01351],
							"size": [0.575, 0.64586, 0.63275],
							"pivot": [2.54512, 4.09226, 1.55101],
							"rotation": [0, -90, 157.5],
							"uv": {
								"north": {"uv": [38, 16], "uv_size": [0.25, 0.25]},
								"east": {"uv": [18, 38], "uv_size": [0.25, 0.25]},
								"south": {"uv": [20, 38], "uv_size": [0.25, 0.25]},
								"west": {"uv": [22, 38], "uv_size": [0.25, 0.25]},
								"up": {"uv": [24, 38], "uv_size": [0.25, 0.25]},
								"down": {"uv": [26, 38.25], "uv_size": [0.25, -0.25]}
							}
						},
						{
							"origin": [2.25763, 4.62101, 1.01351],
							"size": [0.575, 0.64586, 0.63275],
							"pivot": [2.54512, 4.09226, 1.55101],
							"rotation": [0, 90, -157.5],
							"uv": {
								"north": {"uv": [38, 26], "uv_size": [0.25, 0.25]},
								"east": {"uv": [28, 38], "uv_size": [0.25, 0.25]},
								"south": {"uv": [38, 28], "uv_size": [0.25, 0.25]},
								"west": {"uv": [30, 38], "uv_size": [0.25, 0.25]},
								"up": {"uv": [38, 30], "uv_size": [0.25, 0.25]},
								"down": {"uv": [32, 38.25], "uv_size": [0.25, -0.25]}
							}
						},
						{
							"origin": [2.00763, 23.91186, 7.91186],
							"size": [1.075, 2.0025, 1.075],
							"pivot": [2.527, 13.47768, 5.00018],
							"rotation": [180, 0, 0],
							"uv": {
								"north": {"uv": [6, 22], "uv_size": [0.375, 0.75]},
								"east": {"uv": [8, 22], "uv_size": [0.375, 0.75]},
								"south": {"uv": [10, 22], "uv_size": [0.375, 0.75]},
								"west": {"uv": [12, 22], "uv_size": [0.375, 0.75]},
								"up": {"uv": [26, 14], "uv_size": [0.375, 0.375]},
								"down": {"uv": [16, 26.375], "uv_size": [0.375, -0.375]}
							}
						}
					]
				},
				{
					"name": "bone4",
					"parent": "bone",
					"pivot": [2.54512, 3.66726, -0.31899],
					"cubes": [
						{
							"origin": [2.00763, 23.91186, 6.04186],
							"size": [1.075, 2.0025, 1.075],
							"pivot": [2.527, 13.47768, 3.13018],
							"rotation": [180, 0, 0],
							"uv": {
								"north": {"uv": [21, 6], "uv_size": [0.375, 0.75]},
								"east": {"uv": [0, 22], "uv_size": [0.375, 0.75]},
								"south": {"uv": [2, 22], "uv_size": [0.375, 0.75]},
								"west": {"uv": [4, 22], "uv_size": [0.375, 0.75]},
								"up": {"uv": [26, 12], "uv_size": [0.375, 0.375]},
								"down": {"uv": [14, 26.375], "uv_size": [0.375, -0.375]}
							}
						},
						{
							"origin": [2.25763, 4.62101, -0.85649],
							"size": [0.575, 0.64586, 0.63275],
							"pivot": [2.54512, 4.09226, -0.31899],
							"rotation": [0, 90, -157.5],
							"uv": {
								"north": {"uv": [26, 36], "uv_size": [0.25, 0.25]},
								"east": {"uv": [36, 26], "uv_size": [0.25, 0.25]},
								"south": {"uv": [28, 36], "uv_size": [0.25, 0.25]},
								"west": {"uv": [36, 28], "uv_size": [0.25, 0.25]},
								"up": {"uv": [30, 36], "uv_size": [0.25, 0.25]},
								"down": {"uv": [36, 30.25], "uv_size": [0.25, -0.25]}
							}
						},
						{
							"origin": [2.25763, 4.62101, -0.85649],
							"size": [0.575, 0.64586, 0.63275],
							"pivot": [2.54512, 4.09226, -0.31899],
							"rotation": [0, -90, 157.5],
							"uv": {
								"north": {"uv": [32, 36], "uv_size": [0.25, 0.25]},
								"east": {"uv": [36, 32], "uv_size": [0.25, 0.25]},
								"south": {"uv": [34, 36], "uv_size": [0.25, 0.25]},
								"west": {"uv": [36, 34], "uv_size": [0.25, 0.25]},
								"up": {"uv": [36, 36], "uv_size": [0.25, 0.25]},
								"down": {"uv": [37, 18.25], "uv_size": [0.25, -0.25]}
							}
						},
						{
							"origin": [2.25763, 4.62101, -0.85649],
							"size": [0.575, 0.64586, 0.63275],
							"pivot": [2.54512, 4.09226, -0.31899],
							"rotation": [-22.5, 0, -180],
							"uv": {
								"north": {"uv": [37, 20], "uv_size": [0.25, 0.25]},
								"east": {"uv": [37, 22], "uv_size": [0.25, 0.25]},
								"south": {"uv": [37, 24], "uv_size": [0.25, 0.25]},
								"west": {"uv": [0, 38], "uv_size": [0.25, 0.25]},
								"up": {"uv": [38, 0], "uv_size": [0.25, 0.25]},
								"down": {"uv": [2, 38.25], "uv_size": [0.25, -0.25]}
							}
						},
						{
							"origin": [2.25763, 4.62101, -0.85649],
							"size": [0.575, 0.64586, 0.63275],
							"pivot": [2.54512, 4.09226, -0.31899],
							"rotation": [157.5, 0, 0],
							"uv": {
								"north": {"uv": [38, 2], "uv_size": [0.25, 0.25]},
								"east": {"uv": [4, 38], "uv_size": [0.25, 0.25]},
								"south": {"uv": [38, 4], "uv_size": [0.25, 0.25]},
								"west": {"uv": [6, 38], "uv_size": [0.25, 0.25]},
								"up": {"uv": [38, 6], "uv_size": [0.25, 0.25]},
								"down": {"uv": [8, 38.25], "uv_size": [0.25, -0.25]}
							}
						},
						{
							"origin": [2.19763, 3.54101, -0.66649],
							"size": [0.695, 0.2525, 0.695],
							"pivot": [2.54512, 3.66726, -0.31899],
							"rotation": [180, 45, 0],
							"uv": {
								"north": {"uv": [0, 48], "uv_size": [0.25, 0.125]},
								"east": {"uv": [48, 0], "uv_size": [0.25, 0.125]},
								"south": {"uv": [2, 48], "uv_size": [0.25, 0.125]},
								"west": {"uv": [48, 2], "uv_size": [0.25, 0.125]},
								"up": {"uv": [38, 8], "uv_size": [0.25, 0.25]},
								"down": {"uv": [10, 38.25], "uv_size": [0.25, -0.25]}
							}
						}
					]
				},
				{
					"name": "bone5",
					"parent": "bone",
					"pivot": [2.54512, 3.66726, -1.92899],
					"cubes": [
						{
							"origin": [2.00763, 23.91186, 4.43186],
							"size": [1.075, 2.0025, 1.075],
							"pivot": [2.527, 13.47768, 1.52018],
							"rotation": [180, 0, 0],
							"uv": {
								"north": {"uv": [20, 20], "uv_size": [0.375, 0.75]},
								"east": {"uv": [21, 0], "uv_size": [0.375, 0.75]},
								"south": {"uv": [21, 2], "uv_size": [0.375, 0.75]},
								"west": {"uv": [21, 4], "uv_size": [0.375, 0.75]},
								"up": {"uv": [26, 10], "uv_size": [0.375, 0.375]},
								"down": {"uv": [12, 26.375], "uv_size": [0.375, -0.375]}
							}
						},
						{
							"origin": [2.25763, 4.62101, -2.46649],
							"size": [0.575, 0.64586, 0.63275],
							"pivot": [2.54512, 4.09226, -1.92899],
							"rotation": [0, 90, -157.5],
							"uv": {
								"north": {"uv": [35, 18], "uv_size": [0.25, 0.25]},
								"east": {"uv": [35, 20], "uv_size": [0.25, 0.25]},
								"south": {"uv": [35, 22], "uv_size": [0.25, 0.25]},
								"west": {"uv": [35, 24], "uv_size": [0.25, 0.25]},
								"up": {"uv": [0, 36], "uv_size": [0.25, 0.25]},
								"down": {"uv": [36, 0.25], "uv_size": [0.25, -0.25]}
							}
						},
						{
							"origin": [2.25763, 4.62101, -2.46649],
							"size": [0.575, 0.64586, 0.63275],
							"pivot": [2.54512, 4.09226, -1.92899],
							"rotation": [0, -90, 157.5],
							"uv": {
								"north": {"uv": [2, 36], "uv_size": [0.25, 0.25]},
								"east": {"uv": [36, 2], "uv_size": [0.25, 0.25]},
								"south": {"uv": [4, 36], "uv_size": [0.25, 0.25]},
								"west": {"uv": [36, 4], "uv_size": [0.25, 0.25]},
								"up": {"uv": [6, 36], "uv_size": [0.25, 0.25]},
								"down": {"uv": [36, 6.25], "uv_size": [0.25, -0.25]}
							}
						},
						{
							"origin": [2.25763, 4.62101, -2.46649],
							"size": [0.575, 0.64586, 0.63275],
							"pivot": [2.54512, 4.09226, -1.92899],
							"rotation": [-22.5, 0, -180],
							"uv": {
								"north": {"uv": [8, 36], "uv_size": [0.25, 0.25]},
								"east": {"uv": [36, 8], "uv_size": [0.25, 0.25]},
								"south": {"uv": [10, 36], "uv_size": [0.25, 0.25]},
								"west": {"uv": [36, 10], "uv_size": [0.25, 0.25]},
								"up": {"uv": [12, 36], "uv_size": [0.25, 0.25]},
								"down": {"uv": [36, 12.25], "uv_size": [0.25, -0.25]}
							}
						},
						{
							"origin": [2.25763, 4.62101, -2.46649],
							"size": [0.575, 0.64586, 0.63275],
							"pivot": [2.54512, 4.09226, -1.92899],
							"rotation": [157.5, 0, 0],
							"uv": {
								"north": {"uv": [14, 36], "uv_size": [0.25, 0.25]},
								"east": {"uv": [36, 14], "uv_size": [0.25, 0.25]},
								"south": {"uv": [16, 36], "uv_size": [0.25, 0.25]},
								"west": {"uv": [36, 16], "uv_size": [0.25, 0.25]},
								"up": {"uv": [18, 36], "uv_size": [0.25, 0.25]},
								"down": {"uv": [20, 36.25], "uv_size": [0.25, -0.25]}
							}
						},
						{
							"origin": [2.19763, 3.54101, -2.27649],
							"size": [0.695, 0.2525, 0.695],
							"pivot": [2.54512, 3.66726, -1.92899],
							"rotation": [180, 45, 0],
							"uv": {
								"north": {"uv": [47, 18], "uv_size": [0.25, 0.125]},
								"east": {"uv": [47, 20], "uv_size": [0.25, 0.125]},
								"south": {"uv": [47, 22], "uv_size": [0.25, 0.125]},
								"west": {"uv": [47, 24], "uv_size": [0.25, 0.125]},
								"up": {"uv": [22, 36], "uv_size": [0.25, 0.25]},
								"down": {"uv": [24, 36.25], "uv_size": [0.25, -0.25]}
							}
						}
					]
				},
				{
					"name": "bone6",
					"parent": "root",
					"pivot": [0.927, 13.47768, 1.52018]
				},
				{
					"name": "bone7",
					"parent": "bone6",
					"pivot": [0.927, 13.47768, 5.00018],
					"cubes": [
						{
							"origin": [0.65763, 4.62101, 1.01351],
							"size": [0.575, 0.64586, 0.63275],
							"pivot": [0.94513, 4.09226, 1.55101],
							"rotation": [157.5, 0, 0],
							"uv": {
								"north": {"uv": [38, 32], "uv_size": [0.25, 0.25]},
								"east": {"uv": [34, 38], "uv_size": [0.25, 0.25]},
								"south": {"uv": [38, 34], "uv_size": [0.25, 0.25]},
								"west": {"uv": [36, 38], "uv_size": [0.25, 0.25]},
								"up": {"uv": [38, 36], "uv_size": [0.25, 0.25]},
								"down": {"uv": [38, 38.25], "uv_size": [0.25, -0.25]}
							}
						},
						{
							"origin": [0.65763, 4.62101, 1.01351],
							"size": [0.575, 0.64586, 0.63275],
							"pivot": [0.94513, 4.09226, 1.55101],
							"rotation": [0, -90, 157.5],
							"uv": {
								"north": {"uv": [39, 18], "uv_size": [0.25, 0.25]},
								"east": {"uv": [39, 20], "uv_size": [0.25, 0.25]},
								"south": {"uv": [39, 22], "uv_size": [0.25, 0.25]},
								"west": {"uv": [39, 24], "uv_size": [0.25, 0.25]},
								"up": {"uv": [0, 40], "uv_size": [0.25, 0.25]},
								"down": {"uv": [40, 0.25], "uv_size": [0.25, -0.25]}
							}
						},
						{
							"origin": [0.65763, 4.62101, 1.01351],
							"size": [0.575, 0.64586, 0.63275],
							"pivot": [0.94513, 4.09226, 1.55101],
							"rotation": [0, 90, -157.5],
							"uv": {
								"north": {"uv": [2, 40], "uv_size": [0.25, 0.25]},
								"east": {"uv": [40, 2], "uv_size": [0.25, 0.25]},
								"south": {"uv": [4, 40], "uv_size": [0.25, 0.25]},
								"west": {"uv": [40, 4], "uv_size": [0.25, 0.25]},
								"up": {"uv": [6, 40], "uv_size": [0.25, 0.25]},
								"down": {"uv": [40, 6.25], "uv_size": [0.25, -0.25]}
							}
						},
						{
							"origin": [0.40763, 23.91186, 7.91186],
							"size": [1.075, 2.0025, 1.075],
							"pivot": [0.927, 13.47768, 5.00018],
							"rotation": [180, 0, 0],
							"uv": {
								"north": {"uv": [22, 12], "uv_size": [0.375, 0.75]},
								"east": {"uv": [14, 22], "uv_size": [0.375, 0.75]},
								"south": {"uv": [22, 14], "uv_size": [0.375, 0.75]},
								"west": {"uv": [16, 22], "uv_size": [0.375, 0.75]},
								"up": {"uv": [26, 16], "uv_size": [0.375, 0.375]},
								"down": {"uv": [18, 26.375], "uv_size": [0.375, -0.375]}
							}
						}
					]
				},
				{
					"name": "bone9",
					"parent": "bone6",
					"pivot": [0.94513, 3.66726, -0.31899],
					"cubes": [
						{
							"origin": [0.40763, 23.91186, 6.04186],
							"size": [1.075, 2.0025, 1.075],
							"pivot": [0.927, 13.47768, 3.13018],
							"rotation": [180, 0, 0],
							"uv": {
								"north": {"uv": [22, 16], "uv_size": [0.375, 0.75]},
								"east": {"uv": [18, 22], "uv_size": [0.375, 0.75]},
								"south": {"uv": [22, 18], "uv_size": [0.375, 0.75]},
								"west": {"uv": [20, 22], "uv_size": [0.375, 0.75]},
								"up": {"uv": [20, 26], "uv_size": [0.375, 0.375]},
								"down": {"uv": [22, 26.375], "uv_size": [0.375, -0.375]}
							}
						},
						{
							"origin": [0.65763, 4.62101, -0.85649],
							"size": [0.575, 0.64586, 0.63275],
							"pivot": [0.94513, 4.09226, -0.31899],
							"rotation": [0, 90, -157.5],
							"uv": {
								"north": {"uv": [8, 40], "uv_size": [0.25, 0.25]},
								"east": {"uv": [40, 8], "uv_size": [0.25, 0.25]},
								"south": {"uv": [10, 40], "uv_size": [0.25, 0.25]},
								"west": {"uv": [40, 10], "uv_size": [0.25, 0.25]},
								"up": {"uv": [12, 40], "uv_size": [0.25, 0.25]},
								"down": {"uv": [40, 12.25], "uv_size": [0.25, -0.25]}
							}
						},
						{
							"origin": [0.65763, 4.62101, -0.85649],
							"size": [0.575, 0.64586, 0.63275],
							"pivot": [0.94513, 4.09226, -0.31899],
							"rotation": [0, -90, 157.5],
							"uv": {
								"north": {"uv": [14, 40], "uv_size": [0.25, 0.25]},
								"east": {"uv": [40, 14], "uv_size": [0.25, 0.25]},
								"south": {"uv": [16, 40], "uv_size": [0.25, 0.25]},
								"west": {"uv": [40, 16], "uv_size": [0.25, 0.25]},
								"up": {"uv": [18, 40], "uv_size": [0.25, 0.25]},
								"down": {"uv": [20, 40.25], "uv_size": [0.25, -0.25]}
							}
						},
						{
							"origin": [0.65763, 4.62101, -0.85649],
							"size": [0.575, 0.64586, 0.63275],
							"pivot": [0.94513, 4.09226, -0.31899],
							"rotation": [-22.5, 0, -180],
							"uv": {
								"north": {"uv": [22, 40], "uv_size": [0.25, 0.25]},
								"east": {"uv": [24, 40], "uv_size": [0.25, 0.25]},
								"south": {"uv": [26, 40], "uv_size": [0.25, 0.25]},
								"west": {"uv": [40, 26], "uv_size": [0.25, 0.25]},
								"up": {"uv": [28, 40], "uv_size": [0.25, 0.25]},
								"down": {"uv": [40, 28.25], "uv_size": [0.25, -0.25]}
							}
						},
						{
							"origin": [0.65763, 4.62101, -0.85649],
							"size": [0.575, 0.64586, 0.63275],
							"pivot": [0.94513, 4.09226, -0.31899],
							"rotation": [157.5, 0, 0],
							"uv": {
								"north": {"uv": [30, 40], "uv_size": [0.25, 0.25]},
								"east": {"uv": [40, 30], "uv_size": [0.25, 0.25]},
								"south": {"uv": [32, 40], "uv_size": [0.25, 0.25]},
								"west": {"uv": [40, 32], "uv_size": [0.25, 0.25]},
								"up": {"uv": [34, 40], "uv_size": [0.25, 0.25]},
								"down": {"uv": [40, 34.25], "uv_size": [0.25, -0.25]}
							}
						},
						{
							"origin": [0.59762, 3.54101, -0.66649],
							"size": [0.695, 0.2525, 0.695],
							"pivot": [0.94513, 3.66726, -0.31899],
							"rotation": [180, 45, 0],
							"uv": {
								"north": {"uv": [4, 48], "uv_size": [0.25, 0.125]},
								"east": {"uv": [48, 4], "uv_size": [0.25, 0.125]},
								"south": {"uv": [6, 48], "uv_size": [0.25, 0.125]},
								"west": {"uv": [48, 6], "uv_size": [0.25, 0.125]},
								"up": {"uv": [36, 40], "uv_size": [0.25, 0.25]},
								"down": {"uv": [40, 36.25], "uv_size": [0.25, -0.25]}
							}
						}
					]
				},
				{
					"name": "bone10",
					"parent": "bone6",
					"pivot": [0.94513, 3.66726, -1.92899],
					"cubes": [
						{
							"origin": [0.40763, 23.91186, 4.43186],
							"size": [1.075, 2.0025, 1.075],
							"pivot": [0.927, 13.47768, 1.52018],
							"rotation": [180, 0, 0],
							"uv": {
								"north": {"uv": [22, 20], "uv_size": [0.375, 0.75]},
								"east": {"uv": [22, 22], "uv_size": [0.375, 0.75]},
								"south": {"uv": [23, 0], "uv_size": [0.375, 0.75]},
								"west": {"uv": [23, 2], "uv_size": [0.375, 0.75]},
								"up": {"uv": [24, 26], "uv_size": [0.375, 0.375]},
								"down": {"uv": [26, 26.375], "uv_size": [0.375, -0.375]}
							}
						},
						{
							"origin": [0.65763, 4.62101, -2.46649],
							"size": [0.575, 0.64586, 0.63275],
							"pivot": [0.94513, 4.09226, -1.92899],
							"rotation": [0, 90, -157.5],
							"uv": {
								"north": {"uv": [38, 40], "uv_size": [0.25, 0.25]},
								"east": {"uv": [40, 38], "uv_size": [0.25, 0.25]},
								"south": {"uv": [40, 40], "uv_size": [0.25, 0.25]},
								"west": {"uv": [41, 18], "uv_size": [0.25, 0.25]},
								"up": {"uv": [41, 20], "uv_size": [0.25, 0.25]},
								"down": {"uv": [41, 22.25], "uv_size": [0.25, -0.25]}
							}
						},
						{
							"origin": [0.65763, 4.62101, -2.46649],
							"size": [0.575, 0.64586, 0.63275],
							"pivot": [0.94513, 4.09226, -1.92899],
							"rotation": [0, -90, 157.5],
							"uv": {
								"north": {"uv": [41, 24], "uv_size": [0.25, 0.25]},
								"east": {"uv": [0, 42], "uv_size": [0.25, 0.25]},
								"south": {"uv": [42, 0], "uv_size": [0.25, 0.25]},
								"west": {"uv": [2, 42], "uv_size": [0.25, 0.25]},
								"up": {"uv": [42, 2], "uv_size": [0.25, 0.25]},
								"down": {"uv": [4, 42.25], "uv_size": [0.25, -0.25]}
							}
						},
						{
							"origin": [0.65763, 4.62101, -2.46649],
							"size": [0.575, 0.64586, 0.63275],
							"pivot": [0.94513, 4.09226, -1.92899],
							"rotation": [-22.5, 0, -180],
							"uv": {
								"north": {"uv": [42, 4], "uv_size": [0.25, 0.25]},
								"east": {"uv": [6, 42], "uv_size": [0.25, 0.25]},
								"south": {"uv": [42, 6], "uv_size": [0.25, 0.25]},
								"west": {"uv": [8, 42], "uv_size": [0.25, 0.25]},
								"up": {"uv": [42, 8], "uv_size": [0.25, 0.25]},
								"down": {"uv": [10, 42.25], "uv_size": [0.25, -0.25]}
							}
						},
						{
							"origin": [0.65763, 4.62101, -2.46649],
							"size": [0.575, 0.64586, 0.63275],
							"pivot": [0.94513, 4.09226, -1.92899],
							"rotation": [157.5, 0, 0],
							"uv": {
								"north": {"uv": [42, 10], "uv_size": [0.25, 0.25]},
								"east": {"uv": [12, 42], "uv_size": [0.25, 0.25]},
								"south": {"uv": [42, 12], "uv_size": [0.25, 0.25]},
								"west": {"uv": [14, 42], "uv_size": [0.25, 0.25]},
								"up": {"uv": [42, 14], "uv_size": [0.25, 0.25]},
								"down": {"uv": [16, 42.25], "uv_size": [0.25, -0.25]}
							}
						},
						{
							"origin": [0.59762, 3.54101, -2.27649],
							"size": [0.695, 0.2525, 0.695],
							"pivot": [0.94513, 3.66726, -1.92899],
							"rotation": [180, 45, 0],
							"uv": {
								"north": {"uv": [8, 48], "uv_size": [0.25, 0.125]},
								"east": {"uv": [48, 8], "uv_size": [0.25, 0.125]},
								"south": {"uv": [10, 48], "uv_size": [0.25, 0.125]},
								"west": {"uv": [48, 10], "uv_size": [0.25, 0.125]},
								"up": {"uv": [42, 16], "uv_size": [0.25, 0.25]},
								"down": {"uv": [18, 42.25], "uv_size": [0.25, -0.25]}
							}
						}
					]
				},
				{
					"name": "bone16",
					"parent": "root",
					"pivot": [-2.133, 13.47768, 1.52018]
				},
				{
					"name": "bone17",
					"parent": "bone16",
					"pivot": [-2.133, 13.47768, 5.00018],
					"cubes": [
						{
							"origin": [-2.40238, 4.62101, 1.01351],
							"size": [0.575, 0.64586, 0.63275],
							"pivot": [-2.11488, 4.09226, 1.55101],
							"rotation": [157.5, 0, 0],
							"uv": {
								"north": {"uv": [46, 0], "uv_size": [0.25, 0.25]},
								"east": {"uv": [2, 46], "uv_size": [0.25, 0.25]},
								"south": {"uv": [46, 2], "uv_size": [0.25, 0.25]},
								"west": {"uv": [4, 46], "uv_size": [0.25, 0.25]},
								"up": {"uv": [46, 4], "uv_size": [0.25, 0.25]},
								"down": {"uv": [6, 46.25], "uv_size": [0.25, -0.25]}
							}
						},
						{
							"origin": [-2.40238, 4.62101, 1.01351],
							"size": [0.575, 0.64586, 0.63275],
							"pivot": [-2.11488, 4.09226, 1.55101],
							"rotation": [0, -90, 157.5],
							"uv": {
								"north": {"uv": [46, 6], "uv_size": [0.25, 0.25]},
								"east": {"uv": [8, 46], "uv_size": [0.25, 0.25]},
								"south": {"uv": [46, 8], "uv_size": [0.25, 0.25]},
								"west": {"uv": [10, 46], "uv_size": [0.25, 0.25]},
								"up": {"uv": [46, 10], "uv_size": [0.25, 0.25]},
								"down": {"uv": [12, 46.25], "uv_size": [0.25, -0.25]}
							}
						},
						{
							"origin": [-2.40238, 4.62101, 1.01351],
							"size": [0.575, 0.64586, 0.63275],
							"pivot": [-2.11488, 4.09226, 1.55101],
							"rotation": [0, 90, -157.5],
							"uv": {
								"north": {"uv": [46, 12], "uv_size": [0.25, 0.25]},
								"east": {"uv": [14, 46], "uv_size": [0.25, 0.25]},
								"south": {"uv": [46, 14], "uv_size": [0.25, 0.25]},
								"west": {"uv": [16, 46], "uv_size": [0.25, 0.25]},
								"up": {"uv": [46, 16], "uv_size": [0.25, 0.25]},
								"down": {"uv": [18, 46.25], "uv_size": [0.25, -0.25]}
							}
						},
						{
							"origin": [-2.65237, 23.91186, 7.91186],
							"size": [1.075, 2.0025, 1.075],
							"pivot": [-2.133, 13.47768, 5.00018],
							"rotation": [180, 0, 0],
							"uv": {
								"north": {"uv": [14, 24], "uv_size": [0.375, 0.75]},
								"east": {"uv": [24, 14], "uv_size": [0.375, 0.75]},
								"south": {"uv": [16, 24], "uv_size": [0.375, 0.75]},
								"west": {"uv": [24, 16], "uv_size": [0.375, 0.75]},
								"up": {"uv": [2, 28], "uv_size": [0.375, 0.375]},
								"down": {"uv": [28, 2.375], "uv_size": [0.375, -0.375]}
							}
						}
					]
				},
				{
					"name": "bone11",
					"parent": "root",
					"pivot": [-0.603, 13.47768, 1.52018]
				},
				{
					"name": "bone12",
					"parent": "bone11",
					"pivot": [-0.603, 13.47768, 5.00018],
					"cubes": [
						{
							"origin": [-0.87238, 4.62101, 1.01351],
							"size": [0.575, 0.64586, 0.63275],
							"pivot": [-0.58488, 4.09226, 1.55101],
							"rotation": [157.5, 0, 0],
							"uv": {
								"north": {"uv": [20, 42], "uv_size": [0.25, 0.25]},
								"east": {"uv": [22, 42], "uv_size": [0.25, 0.25]},
								"south": {"uv": [24, 42], "uv_size": [0.25, 0.25]},
								"west": {"uv": [26, 42], "uv_size": [0.25, 0.25]},
								"up": {"uv": [42, 26], "uv_size": [0.25, 0.25]},
								"down": {"uv": [28, 42.25], "uv_size": [0.25, -0.25]}
							}
						},
						{
							"origin": [-0.87238, 4.62101, 1.01351],
							"size": [0.575, 0.64586, 0.63275],
							"pivot": [-0.58488, 4.09226, 1.55101],
							"rotation": [0, -90, 157.5],
							"uv": {
								"north": {"uv": [42, 28], "uv_size": [0.25, 0.25]},
								"east": {"uv": [30, 42], "uv_size": [0.25, 0.25]},
								"south": {"uv": [42, 30], "uv_size": [0.25, 0.25]},
								"west": {"uv": [32, 42], "uv_size": [0.25, 0.25]},
								"up": {"uv": [42, 32], "uv_size": [0.25, 0.25]},
								"down": {"uv": [34, 42.25], "uv_size": [0.25, -0.25]}
							}
						},
						{
							"origin": [-0.87238, 4.62101, 1.01351],
							"size": [0.575, 0.64586, 0.63275],
							"pivot": [-0.58488, 4.09226, 1.55101],
							"rotation": [0, 90, -157.5],
							"uv": {
								"north": {"uv": [42, 34], "uv_size": [0.25, 0.25]},
								"east": {"uv": [36, 42], "uv_size": [0.25, 0.25]},
								"south": {"uv": [42, 36], "uv_size": [0.25, 0.25]},
								"west": {"uv": [38, 42], "uv_size": [0.25, 0.25]},
								"up": {"uv": [42, 38], "uv_size": [0.25, 0.25]},
								"down": {"uv": [40, 42.25], "uv_size": [0.25, -0.25]}
							}
						},
						{
							"origin": [-1.12237, 23.91186, 7.91186],
							"size": [1.075, 2.0025, 1.075],
							"pivot": [-0.603, 13.47768, 5.00018],
							"rotation": [180, 0, 0],
							"uv": {
								"north": {"uv": [23, 4], "uv_size": [0.375, 0.75]},
								"east": {"uv": [23, 6], "uv_size": [0.375, 0.75]},
								"south": {"uv": [0, 24], "uv_size": [0.375, 0.75]},
								"west": {"uv": [2, 24], "uv_size": [0.375, 0.75]},
								"up": {"uv": [27, 18], "uv_size": [0.375, 0.375]},
								"down": {"uv": [27, 20.375], "uv_size": [0.375, -0.375]}
							}
						}
					]
				},
				{
					"name": "bone14",
					"parent": "bone11",
					"pivot": [-0.58488, 3.66726, -0.31899],
					"cubes": [
						{
							"origin": [-1.12237, 23.91186, 6.04186],
							"size": [1.075, 2.0025, 1.075],
							"pivot": [-0.603, 13.47768, 3.13018],
							"rotation": [180, 0, 0],
							"uv": {
								"north": {"uv": [4, 24], "uv_size": [0.375, 0.75]},
								"east": {"uv": [6, 24], "uv_size": [0.375, 0.75]},
								"south": {"uv": [8, 24], "uv_size": [0.375, 0.75]},
								"west": {"uv": [24, 8], "uv_size": [0.375, 0.75]},
								"up": {"uv": [27, 22], "uv_size": [0.375, 0.375]},
								"down": {"uv": [27, 24.375], "uv_size": [0.375, -0.375]}
							}
						},
						{
							"origin": [-0.87238, 4.62101, -0.85649],
							"size": [0.575, 0.64586, 0.63275],
							"pivot": [-0.58488, 4.09226, -0.31899],
							"rotation": [0, 90, -157.5],
							"uv": {
								"north": {"uv": [42, 40], "uv_size": [0.25, 0.25]},
								"east": {"uv": [42, 42], "uv_size": [0.25, 0.25]},
								"south": {"uv": [43, 18], "uv_size": [0.25, 0.25]},
								"west": {"uv": [43, 20], "uv_size": [0.25, 0.25]},
								"up": {"uv": [43, 22], "uv_size": [0.25, 0.25]},
								"down": {"uv": [43, 24.25], "uv_size": [0.25, -0.25]}
							}
						},
						{
							"origin": [-0.87238, 4.62101, -0.85649],
							"size": [0.575, 0.64586, 0.63275],
							"pivot": [-0.58488, 4.09226, -0.31899],
							"rotation": [0, -90, 157.5],
							"uv": {
								"north": {"uv": [0, 44], "uv_size": [0.25, 0.25]},
								"east": {"uv": [44, 0], "uv_size": [0.25, 0.25]},
								"south": {"uv": [2, 44], "uv_size": [0.25, 0.25]},
								"west": {"uv": [44, 2], "uv_size": [0.25, 0.25]},
								"up": {"uv": [4, 44], "uv_size": [0.25, 0.25]},
								"down": {"uv": [44, 4.25], "uv_size": [0.25, -0.25]}
							}
						},
						{
							"origin": [-0.87238, 4.62101, -0.85649],
							"size": [0.575, 0.64586, 0.63275],
							"pivot": [-0.58488, 4.09226, -0.31899],
							"rotation": [-22.5, 0, -180],
							"uv": {
								"north": {"uv": [6, 44], "uv_size": [0.25, 0.25]},
								"east": {"uv": [44, 6], "uv_size": [0.25, 0.25]},
								"south": {"uv": [8, 44], "uv_size": [0.25, 0.25]},
								"west": {"uv": [44, 8], "uv_size": [0.25, 0.25]},
								"up": {"uv": [10, 44], "uv_size": [0.25, 0.25]},
								"down": {"uv": [44, 10.25], "uv_size": [0.25, -0.25]}
							}
						},
						{
							"origin": [-0.87238, 4.62101, -0.85649],
							"size": [0.575, 0.64586, 0.63275],
							"pivot": [-0.58488, 4.09226, -0.31899],
							"rotation": [157.5, 0, 0],
							"uv": {
								"north": {"uv": [12, 44], "uv_size": [0.25, 0.25]},
								"east": {"uv": [44, 12], "uv_size": [0.25, 0.25]},
								"south": {"uv": [14, 44], "uv_size": [0.25, 0.25]},
								"west": {"uv": [44, 14], "uv_size": [0.25, 0.25]},
								"up": {"uv": [16, 44], "uv_size": [0.25, 0.25]},
								"down": {"uv": [44, 16.25], "uv_size": [0.25, -0.25]}
							}
						},
						{
							"origin": [-0.93238, 3.54101, -0.66649],
							"size": [0.695, 0.2525, 0.695],
							"pivot": [-0.58488, 3.66726, -0.31899],
							"rotation": [180, 45, 0],
							"uv": {
								"north": {"uv": [12, 48], "uv_size": [0.25, 0.125]},
								"east": {"uv": [48, 12], "uv_size": [0.25, 0.125]},
								"south": {"uv": [14, 48], "uv_size": [0.25, 0.125]},
								"west": {"uv": [48, 14], "uv_size": [0.25, 0.125]},
								"up": {"uv": [18, 44], "uv_size": [0.25, 0.25]},
								"down": {"uv": [20, 44.25], "uv_size": [0.25, -0.25]}
							}
						}
					]
				},
				{
					"name": "bone15",
					"parent": "bone11",
					"pivot": [-0.58488, 3.66726, -1.92899],
					"cubes": [
						{
							"origin": [-1.12237, 23.91186, 4.43186],
							"size": [1.075, 2.0025, 1.075],
							"pivot": [-0.603, 13.47768, 1.52018],
							"rotation": [180, 0, 0],
							"uv": {
								"north": {"uv": [10, 24], "uv_size": [0.375, 0.75]},
								"east": {"uv": [24, 10], "uv_size": [0.375, 0.75]},
								"south": {"uv": [12, 24], "uv_size": [0.375, 0.75]},
								"west": {"uv": [24, 12], "uv_size": [0.375, 0.75]},
								"up": {"uv": [0, 28], "uv_size": [0.375, 0.375]},
								"down": {"uv": [28, 0.375], "uv_size": [0.375, -0.375]}
							}
						},
						{
							"origin": [-0.87238, 4.62101, -2.46649],
							"size": [0.575, 0.64586, 0.63275],
							"pivot": [-0.58488, 4.09226, -1.92899],
							"rotation": [0, 90, -157.5],
							"uv": {
								"north": {"uv": [22, 44], "uv_size": [0.25, 0.25]},
								"east": {"uv": [24, 44], "uv_size": [0.25, 0.25]},
								"south": {"uv": [26, 44], "uv_size": [0.25, 0.25]},
								"west": {"uv": [44, 26], "uv_size": [0.25, 0.25]},
								"up": {"uv": [28, 44], "uv_size": [0.25, 0.25]},
								"down": {"uv": [44, 28.25], "uv_size": [0.25, -0.25]}
							}
						},
						{
							"origin": [-0.87238, 4.62101, -2.46649],
							"size": [0.575, 0.64586, 0.63275],
							"pivot": [-0.58488, 4.09226, -1.92899],
							"rotation": [0, -90, 157.5],
							"uv": {
								"north": {"uv": [30, 44], "uv_size": [0.25, 0.25]},
								"east": {"uv": [44, 30], "uv_size": [0.25, 0.25]},
								"south": {"uv": [32, 44], "uv_size": [0.25, 0.25]},
								"west": {"uv": [44, 32], "uv_size": [0.25, 0.25]},
								"up": {"uv": [34, 44], "uv_size": [0.25, 0.25]},
								"down": {"uv": [44, 34.25], "uv_size": [0.25, -0.25]}
							}
						},
						{
							"origin": [-0.87238, 4.62101, -2.46649],
							"size": [0.575, 0.64586, 0.63275],
							"pivot": [-0.58488, 4.09226, -1.92899],
							"rotation": [-22.5, 0, -180],
							"uv": {
								"north": {"uv": [36, 44], "uv_size": [0.25, 0.25]},
								"east": {"uv": [44, 36], "uv_size": [0.25, 0.25]},
								"south": {"uv": [38, 44], "uv_size": [0.25, 0.25]},
								"west": {"uv": [44, 38], "uv_size": [0.25, 0.25]},
								"up": {"uv": [40, 44], "uv_size": [0.25, 0.25]},
								"down": {"uv": [44, 40.25], "uv_size": [0.25, -0.25]}
							}
						},
						{
							"origin": [-0.87238, 4.62101, -2.46649],
							"size": [0.575, 0.64586, 0.63275],
							"pivot": [-0.58488, 4.09226, -1.92899],
							"rotation": [157.5, 0, 0],
							"uv": {
								"north": {"uv": [42, 44], "uv_size": [0.25, 0.25]},
								"east": {"uv": [44, 42], "uv_size": [0.25, 0.25]},
								"south": {"uv": [44, 44], "uv_size": [0.25, 0.25]},
								"west": {"uv": [45, 18], "uv_size": [0.25, 0.25]},
								"up": {"uv": [45, 20], "uv_size": [0.25, 0.25]},
								"down": {"uv": [45, 22.25], "uv_size": [0.25, -0.25]}
							}
						},
						{
							"origin": [-0.93238, 3.54101, -2.27649],
							"size": [0.695, 0.2525, 0.695],
							"pivot": [-0.58488, 3.66726, -1.92899],
							"rotation": [180, 45, 0],
							"uv": {
								"north": {"uv": [16, 48], "uv_size": [0.25, 0.125]},
								"east": {"uv": [48, 16], "uv_size": [0.25, 0.125]},
								"south": {"uv": [18, 48], "uv_size": [0.25, 0.125]},
								"west": {"uv": [20, 48], "uv_size": [0.25, 0.125]},
								"up": {"uv": [45, 24], "uv_size": [0.25, 0.25]},
								"down": {"uv": [0, 46.25], "uv_size": [0.25, -0.25]}
							}
						}
					]
				},
				{
					"name": "bullet2",
					"parent": "root",
					"pivot": [-6.05988, 0.64726, -1.46399],
					"rotation": [90, 47.25, 0],
					"cubes": [
						{
							"origin": [-6.59738, -1.37899, -2.00149],
							"size": [1.075, 2.0025, 1.075],
							"uv": {
								"north": {"uv": [16, 20], "uv_size": [0.375, 0.75]},
								"east": {"uv": [20, 16], "uv_size": [0.375, 0.75]},
								"south": {"uv": [18, 20], "uv_size": [0.375, 0.75]},
								"west": {"uv": [20, 18], "uv_size": [0.375, 0.75]},
								"up": {"uv": [26, 8], "uv_size": [0.375, 0.375]},
								"down": {"uv": [10, 26.375], "uv_size": [0.375, -0.375]}
							}
						},
						{
							"origin": [-6.40737, 1.12101, -1.81149],
							"size": [0.695, 0.2525, 0.695],
							"pivot": [-6.05988, 1.24726, -1.46399],
							"rotation": [0, -45, 0],
							"uv": {
								"north": {"uv": [46, 38], "uv_size": [0.25, 0.125]},
								"east": {"uv": [40, 46], "uv_size": [0.25, 0.125]},
								"south": {"uv": [46, 40], "uv_size": [0.25, 0.125]},
								"west": {"uv": [42, 46], "uv_size": [0.25, 0.125]},
								"up": {"uv": [12, 32], "uv_size": [0.25, 0.25]},
								"down": {"uv": [32, 12.25], "uv_size": [0.25, -0.25]}
							}
						},
						{
							"origin": [-6.34737, 0.49764, -2.00149],
							"size": [0.575, 0.64586, 0.63275],
							"pivot": [-6.05988, 1.67226, -1.46399],
							"rotation": [22.5, 0, 0],
							"uv": {
								"north": {"uv": [14, 32], "uv_size": [0.25, 0.25]},
								"east": {"uv": [32, 14], "uv_size": [0.25, 0.25]},
								"south": {"uv": [16, 32], "uv_size": [0.25, 0.25]},
								"west": {"uv": [32, 16], "uv_size": [0.25, 0.25]},
								"up": {"uv": [18, 32], "uv_size": [0.25, 0.25]},
								"down": {"uv": [20, 32.25], "uv_size": [0.25, -0.25]}
							}
						},
						{
							"origin": [-6.34737, 0.49764, -2.00149],
							"size": [0.575, 0.64586, 0.63275],
							"pivot": [-6.05988, 1.67226, -1.46399],
							"rotation": [0, 90, -22.5],
							"uv": {
								"north": {"uv": [22, 32], "uv_size": [0.25, 0.25]},
								"east": {"uv": [24, 32], "uv_size": [0.25, 0.25]},
								"south": {"uv": [26, 32], "uv_size": [0.25, 0.25]},
								"west": {"uv": [32, 26], "uv_size": [0.25, 0.25]},
								"up": {"uv": [28, 32], "uv_size": [0.25, 0.25]},
								"down": {"uv": [32, 28.25], "uv_size": [0.25, -0.25]}
							}
						},
						{
							"origin": [-6.34737, 0.49764, -2.00149],
							"size": [0.575, 0.64586, 0.63275],
							"pivot": [-6.05988, 1.67226, -1.46399],
							"rotation": [-157.5, 0, -180],
							"uv": {
								"north": {"uv": [30, 32], "uv_size": [0.25, 0.25]},
								"east": {"uv": [32, 30], "uv_size": [0.25, 0.25]},
								"south": {"uv": [32, 32], "uv_size": [0.25, 0.25]},
								"west": {"uv": [33, 18], "uv_size": [0.25, 0.25]},
								"up": {"uv": [33, 20], "uv_size": [0.25, 0.25]},
								"down": {"uv": [33, 22.25], "uv_size": [0.25, -0.25]}
							}
						},
						{
							"origin": [-6.34737, 0.49764, -2.00149],
							"size": [0.575, 0.64586, 0.63275],
							"pivot": [-6.05988, 1.67226, -1.46399],
							"rotation": [0, -90, 22.5],
							"uv": {
								"north": {"uv": [33, 24], "uv_size": [0.25, 0.25]},
								"east": {"uv": [0, 34], "uv_size": [0.25, 0.25]},
								"south": {"uv": [34, 0], "uv_size": [0.25, 0.25]},
								"west": {"uv": [2, 34], "uv_size": [0.25, 0.25]},
								"up": {"uv": [34, 2], "uv_size": [0.25, 0.25]},
								"down": {"uv": [4, 34.25], "uv_size": [0.25, -0.25]}
							}
						},
						{
							"origin": [-6.34737, -1.89899, -2.00149],
							"size": [0.575, 0.64586, 0.63275],
							"pivot": [-6.05988, -2.42774, -1.46399],
							"rotation": [0, -90, -22.5],
							"uv": {
								"north": {"uv": [34, 4], "uv_size": [0.25, 0.25]},
								"east": {"uv": [6, 34], "uv_size": [0.25, 0.25]},
								"south": {"uv": [34, 6], "uv_size": [0.25, 0.25]},
								"west": {"uv": [8, 34], "uv_size": [0.25, 0.25]},
								"up": {"uv": [34, 8], "uv_size": [0.25, 0.25]},
								"down": {"uv": [10, 34.25], "uv_size": [0.25, -0.25]}
							}
						},
						{
							"origin": [-6.34737, -1.89899, -2.00149],
							"size": [0.575, 0.64586, 0.63275],
							"pivot": [-6.05988, -2.42774, -1.46399],
							"rotation": [0, 90, 22.5],
							"uv": {
								"north": {"uv": [34, 10], "uv_size": [0.25, 0.25]},
								"east": {"uv": [12, 34], "uv_size": [0.25, 0.25]},
								"south": {"uv": [34, 12], "uv_size": [0.25, 0.25]},
								"west": {"uv": [14, 34], "uv_size": [0.25, 0.25]},
								"up": {"uv": [34, 14], "uv_size": [0.25, 0.25]},
								"down": {"uv": [16, 34.25], "uv_size": [0.25, -0.25]}
							}
						},
						{
							"origin": [-6.34737, -1.89899, -2.00149],
							"size": [0.575, 0.64586, 0.63275],
							"pivot": [-6.05988, -2.42774, -1.46399],
							"rotation": [157.5, 0, 180],
							"uv": {
								"north": {"uv": [34, 16], "uv_size": [0.25, 0.25]},
								"east": {"uv": [18, 34], "uv_size": [0.25, 0.25]},
								"south": {"uv": [20, 34], "uv_size": [0.25, 0.25]},
								"west": {"uv": [22, 34], "uv_size": [0.25, 0.25]},
								"up": {"uv": [24, 34], "uv_size": [0.25, 0.25]},
								"down": {"uv": [26, 34.25], "uv_size": [0.25, -0.25]}
							}
						},
						{
							"origin": [-6.34737, -1.89899, -2.00149],
							"size": [0.575, 0.64586, 0.63275],
							"pivot": [-6.05988, -2.42774, -1.46399],
							"rotation": [-22.5, 0, 0],
							"uv": {
								"north": {"uv": [34, 26], "uv_size": [0.25, 0.25]},
								"east": {"uv": [28, 34], "uv_size": [0.25, 0.25]},
								"south": {"uv": [34, 28], "uv_size": [0.25, 0.25]},
								"west": {"uv": [30, 34], "uv_size": [0.25, 0.25]},
								"up": {"uv": [34, 30], "uv_size": [0.25, 0.25]},
								"down": {"uv": [32, 34.25], "uv_size": [0.25, -0.25]}
							}
						},
						{
							"origin": [-6.40737, -2.12899, -1.81149],
							"size": [0.695, 0.2525, 0.695],
							"pivot": [-6.05988, -2.00274, -1.46399],
							"rotation": [0, -45, 0],
							"uv": {
								"north": {"uv": [46, 42], "uv_size": [0.25, 0.125]},
								"east": {"uv": [44, 46], "uv_size": [0.25, 0.125]},
								"south": {"uv": [46, 44], "uv_size": [0.25, 0.125]},
								"west": {"uv": [46, 46], "uv_size": [0.25, 0.125]},
								"up": {"uv": [34, 32], "uv_size": [0.25, 0.25]},
								"down": {"uv": [34, 34.25], "uv_size": [0.25, -0.25]}
							}
						}
					]
				},
				{
					"name": "boxbuttom",
					"parent": "root",
					"pivot": [-3.583, 2.05476, 0.48225],
					"cubes": [
						{
							"origin": [-3.723, 0.05476, -2.89275],
							"size": [7.25, 1.5, 7],
							"uv": {
								"north": {"uv": [10, 0], "uv_size": [2.875, 0.625]},
								"east": {"uv": [4, 10], "uv_size": [2.75, 0.625]},
								"south": {"uv": [10, 2], "uv_size": [2.875, 0.625]},
								"west": {"uv": [10, 4], "uv_size": [2.75, 0.625]},
								"up": {"uv": [0, 0], "uv_size": [2.875, 2.75]},
								"down": {"uv": [0, 6.75], "uv_size": [2.875, -2.75]}
							}
						},
						{
							"origin": [-6.163, 0.05476, 0.19225],
							"size": [2.25, 1.25, 1.5],
							"pivot": [-3.663, 0.05476, 2.69225],
							"rotation": [0, 180, 0],
							"uv": {
								"north": {"uv": [1, 3], "uv_size": [0.875, 0.5]},
								"east": {"uv": [2, 3], "uv_size": [0.625, 0.5]},
								"south": {"uv": [3, 1], "uv_size": [0.875, 0.5]},
								"west": {"uv": [3, 2], "uv_size": [0.625, 0.5]},
								"up": {"uv": [0, 3], "uv_size": [0.875, 0.625]},
								"down": {"uv": [3, 0.625], "uv_size": [0.875, -0.625]}
							}
						},
						{
							"origin": [-3.443, 1.55476, 3.82725],
							"size": [6.69, 1, 0.28],
							"uv": {
								"north": {"uv": [12, 14], "uv_size": [2.625, 0.375]},
								"east": {"uv": [20, 46], "uv_size": [0.125, 0.375]},
								"south": {"uv": [0, 16], "uv_size": [2.625, 0.375]},
								"west": {"uv": [22, 46], "uv_size": [0.125, 0.375]},
								"up": {"uv": [4, 20], "uv_size": [2.625, 0.125]},
								"down": {"uv": [8, 20.125], "uv_size": [2.625, -0.125]}
							}
						},
						{
							"origin": [-0.238, 1.55476, 0.59226],
							"size": [7, 1, 0.28],
							"pivot": [3.137, 2.05476, 0.73226],
							"rotation": [0, 90, 0],
							"uv": {
								"north": {"uv": [8, 12], "uv_size": [2.75, 0.375]},
								"east": {"uv": [24, 46], "uv_size": [0.125, 0.375]},
								"south": {"uv": [12, 8], "uv_size": [2.75, 0.375]},
								"west": {"uv": [26, 46], "uv_size": [0.125, 0.375]},
								"up": {"uv": [17, 4], "uv_size": [2.75, 0.125]},
								"down": {"uv": [17, 6.125], "uv_size": [2.75, -0.125]}
							}
						},
						{
							"origin": [-3.193, 1.55476, -2.89274],
							"size": [6.19, 1, 0.28],
							"pivot": [-0.098, 2.05476, -2.75274],
							"rotation": [-180, 0, 180],
							"uv": {
								"north": {"uv": [4, 16], "uv_size": [2.5, 0.375]},
								"east": {"uv": [46, 26], "uv_size": [0.125, 0.375]},
								"south": {"uv": [8, 16], "uv_size": [2.5, 0.375]},
								"west": {"uv": [28, 46], "uv_size": [0.125, 0.375]},
								"up": {"uv": [20, 8], "uv_size": [2.5, 0.125]},
								"down": {"uv": [20, 10.125], "uv_size": [2.5, -0.125]}
							}
						},
						{
							"origin": [-6.708, 1.55476, 0.34225],
							"size": [7, 1, 0.28],
							"pivot": [-3.333, 2.05476, 0.48225],
							"rotation": [0, -90, 0],
							"uv": {
								"north": {"uv": [12, 10], "uv_size": [2.75, 0.375]},
								"east": {"uv": [46, 28], "uv_size": [0.125, 0.375]},
								"south": {"uv": [12, 12], "uv_size": [2.75, 0.375]},
								"west": {"uv": [30, 46], "uv_size": [0.125, 0.375]},
								"up": {"uv": [0, 18], "uv_size": [2.75, 0.125]},
								"down": {"uv": [4, 18.125], "uv_size": [2.75, -0.125]}
							}
						}
					]
				},
				{
					"name": "bone19",
					"parent": "boxbuttom",
					"pivot": [0.417, 2.07476, -2.72275],
					"rotation": [31, 0, 0],
					"cubes": [
						{
							"origin": [3.542, 1.55476, -5.95775],
							"size": [3.5, 2, 0.28],
							"pivot": [3.417, 2.05476, -5.81775],
							"rotation": [0, -90, 0],
							"uv": {
								"north": {"uv": [14, 2], "uv_size": [1.375, 0.75]},
								"east": {"uv": [6, 28], "uv_size": [0.125, 0.75]},
								"south": {"uv": [3, 14], "uv_size": [1.375, 0.75]},
								"west": {"uv": [28, 6], "uv_size": [0.125, 0.75]},
								"up": {"uv": [25, 0], "uv_size": [1.375, 0.125]},
								"down": {"uv": [25, 2.125], "uv_size": [1.375, -0.125]}
							}
						},
						{
							"origin": [-3.683, 3.30931, -5.6302],
							"size": [7.26, 1, 0.53],
							"pivot": [-0.068, 3.80931, -5.2402],
							"rotation": [-135, 0, 180],
							"uv": {
								"north": {"uv": [10, 6], "uv_size": [2.875, 0.375]},
								"east": {"uv": [10, 28], "uv_size": [0.25, 0.375]},
								"south": {"uv": [8, 10], "uv_size": [2.875, 0.375]},
								"west": {"uv": [28, 10], "uv_size": [0.25, 0.375]},
								"up": {"uv": [16, 8], "uv_size": [2.875, 0.25]},
								"down": {"uv": [16, 10.25], "uv_size": [2.875, -0.25]}
							}
						},
						{
							"origin": [-3.413, 1.55476, -5.69275],
							"size": [6.72, 2, 0.28],
							"pivot": [-0.068, 2.05476, -5.55275],
							"rotation": [-180, 0, 180],
							"uv": {
								"north": {"uv": [0, 8], "uv_size": [2.75, 0.75]},
								"east": {"uv": [8, 28], "uv_size": [0.125, 0.75]},
								"south": {"uv": [4, 8], "uv_size": [2.75, 0.75]},
								"west": {"uv": [28, 8], "uv_size": [0.125, 0.75]},
								"up": {"uv": [8, 18], "uv_size": [2.75, 0.125]},
								"down": {"uv": [12, 18.125], "uv_size": [2.75, -0.125]}
							}
						},
						{
							"origin": [-3.458, 1.55476, -5.95775],
							"size": [3.5, 2, 0.28],
							"pivot": [-3.583, 2.05476, -5.81775],
							"rotation": [0, -90, 0],
							"uv": {
								"north": {"uv": [0, 14], "uv_size": [1.375, 0.75]},
								"east": {"uv": [4, 28], "uv_size": [0.125, 0.75]},
								"south": {"uv": [14, 0], "uv_size": [1.375, 0.75]},
								"west": {"uv": [28, 4], "uv_size": [0.125, 0.75]},
								"up": {"uv": [24, 22], "uv_size": [1.375, 0.125]},
								"down": {"uv": [24, 24.125], "uv_size": [1.375, -0.125]}
							}
						},
						{
							"origin": [4.24911, 3.55475, -5.95775],
							"size": [2.79289, 0.70711, 7.28],
							"pivot": [3.417, 2.67976, -5.81775],
							"rotation": [0, -90, 0],
							"uv": {
								"north": {"uv": [18, 24], "uv_size": [1.125, 0.25]},
								"east": {"uv": [12, 16], "uv_size": [2.875, 0.25]},
								"south": {"uv": [24, 18], "uv_size": [1.125, 0.25]},
								"west": {"uv": [16, 12], "uv_size": [2.875, 0.25]},
								"up": {"uv": [4, 0], "uv_size": [1.125, 2.875]},
								"down": {"uv": [4, 6.875], "uv_size": [1.125, -2.875]}
							}
						}
					]
				},
				{
					"name": "bone20",
					"parent": "boxbuttom",
					"pivot": [0.417, 2.07476, 1.14726],
					"cubes": [
						{
							"origin": [3.542, 1.55476, 4.10226],
							"size": [3.5, 2, 0.28],
							"pivot": [3.417, 2.05476, 4.24226],
							"rotation": [0, 90, 0],
							"uv": {
								"north": {"uv": [14, 4], "uv_size": [1.375, 0.75]},
								"east": {"uv": [12, 28], "uv_size": [0.125, 0.75]},
								"south": {"uv": [6, 14], "uv_size": [1.375, 0.75]},
								"west": {"uv": [28, 12], "uv_size": [0.125, 0.75]},
								"up": {"uv": [25, 4], "uv_size": [1.375, 0.125]},
								"down": {"uv": [25, 6.125], "uv_size": [1.375, -0.125]}
							}
						},
						{
							"origin": [-3.683, 3.30931, 3.52471],
							"size": [7.26, 1, 0.53],
							"pivot": [-0.068, 3.80931, 3.66471],
							"rotation": [135, 0, 180],
							"uv": {
								"north": {"uv": [0, 12], "uv_size": [2.875, 0.375]},
								"east": {"uv": [14, 28], "uv_size": [0.25, 0.375]},
								"south": {"uv": [4, 12], "uv_size": [2.875, 0.375]},
								"west": {"uv": [28, 14], "uv_size": [0.25, 0.375]},
								"up": {"uv": [16, 14], "uv_size": [2.875, 0.25]},
								"down": {"uv": [16, 16.25], "uv_size": [2.875, -0.25]}
							}
						},
						{
							"origin": [-3.413, 1.55476, 3.83726],
							"size": [6.72, 2, 0.28],
							"pivot": [-0.068, 2.05476, 3.97726],
							"rotation": [180, 0, 180],
							"uv": {
								"north": {"uv": [8, 8], "uv_size": [2.75, 0.75]},
								"east": {"uv": [16, 28], "uv_size": [0.125, 0.75]},
								"south": {"uv": [0, 10], "uv_size": [2.75, 0.75]},
								"west": {"uv": [28, 16], "uv_size": [0.125, 0.75]},
								"up": {"uv": [16, 18], "uv_size": [2.75, 0.125]},
								"down": {"uv": [0, 20.125], "uv_size": [2.75, -0.125]}
							}
						},
						{
							"origin": [-3.458, 1.55476, 4.10226],
							"size": [3.5, 2, 0.28],
							"pivot": [-3.583, 2.05476, 4.24226],
							"rotation": [0, 90, 0],
							"uv": {
								"north": {"uv": [14, 6], "uv_size": [1.375, 0.75]},
								"east": {"uv": [18, 28], "uv_size": [0.125, 0.75]},
								"south": {"uv": [9, 14], "uv_size": [1.375, 0.75]},
								"west": {"uv": [20, 28], "uv_size": [0.125, 0.75]},
								"up": {"uv": [0, 26], "uv_size": [1.375, 0.125]},
								"down": {"uv": [3, 26.125], "uv_size": [1.375, -0.125]}
							}
						},
						{
							"origin": [4.24911, 3.55475, -2.89774],
							"size": [2.79289, 0.70711, 7.28],
							"pivot": [3.417, 2.67976, 4.24226],
							"rotation": [0, 90, 0],
							"uv": {
								"north": {"uv": [24, 20], "uv_size": [1.125, 0.25]},
								"east": {"uv": [17, 0], "uv_size": [2.875, 0.25]},
								"south": {"uv": [21, 24], "uv_size": [1.125, 0.25]},
								"west": {"uv": [17, 2], "uv_size": [2.875, 0.25]},
								"up": {"uv": [7, 0], "uv_size": [1.125, 2.875]},
								"down": {"uv": [7, 6.875], "uv_size": [1.125, -2.875]}
							}
						}
					]
				},
				{
					"name": "positioning",
					"pivot": [0, 0, 0]
				},
				{
					"name": "ground",
					"parent": "positioning",
					"pivot": [0, 0, 0]
				},
				{
					"name": "thirdperson_hand",
					"parent": "positioning",
					"pivot": [0.5, 0.074, 0.14]
				},
				{
					"name": "fixed",
					"parent": "positioning",
					"pivot": [0.908, 0, 0.322],
					"rotation": [0, 90, 90]
				}
			]
		}
	]
}