{
	"format_version": "1.8.0",
	"animations": {
		"static_idle": {
			"loop": true,
			"bones": {
				"lefthand": {
					"rotation": [87.81797, 27.47162, 1.30078],
					"position": [9, -18.7, -5.2],
					"scale": [1, 2.04, 1]
				},
				"righthand": {
					"rotation": [90, -12.5, 0],
					"position": [-6.2, -18.7, 2.1],
					"scale": [1, 1.3, 1]
				},
				"root": {
					"rotation": [0, 0, 0],
					"position": [0, 0, 0]
				},
				"flash_illuminated": {
					"scale": 0
				},
				"pre_effect_illuminated": {
					"scale": 0
				}
			}
		},
		"draw": {
			"loop": "hold_on_last_frame",
			"animation_length": 5.625,
			"bones": {
				"lefthand": {
					"rotation": [87.81797, 27.47162, 1.30078],
					"position": [9, -18.7, -5.2],
					"scale": [1, 2.04, 1]
				},
				"righthand": {
					"rotation": [90, -12.5, 0],
					"position": [-6.2, -18.7, 2.1],
					"scale": [1, 1.3, 1]
				},
				"root": {
					"rotation": {
						"0.0": {
							"post": [32.5, 0, 0],
							"lerp_mode": "catmullrom"
						},
						"0.4167": {
							"post": [-22.5532, -10.6306, 11.46591],
							"lerp_mode": "catmullrom"
						},
						"0.9167": {
							"post": [-23.81101, -10.6306, 11.4659],
							"lerp_mode": "catmullrom"
						},
						"1.0417": {
							"post": [-22.5532, -10.6306, 11.46591],
							"lerp_mode": "catmullrom"
						},
						"1.125": {
							"post": [-22.56386, -10.5342, 11.70133],
							"lerp_mode": "catmullrom"
						},
						"1.2083": {
							"post": [-22.5532, -10.6306, 11.46591],
							"lerp_mode": "catmullrom"
						},
						"1.2917": {
							"post": [-22.63912, -10.44048, 11.93059],
							"lerp_mode": "catmullrom"
						},
						"1.375": {
							"post": [-22.50966, -10.7264, 11.23092],
							"lerp_mode": "catmullrom"
						},
						"1.4583": {
							"post": [-22.5532, -10.6306, 11.46591],
							"lerp_mode": "catmullrom"
						},
						"1.5417": {
							"post": [-22.3, -10.64, 11.43],
							"lerp_mode": "catmullrom"
						},
						"1.625": {
							"post": [-22.5532, -10.6306, 11.46591],
							"lerp_mode": "catmullrom"
						},
						"1.9583": {
							"post": [-22.19328, -11.39195, 9.58178],
							"lerp_mode": "catmullrom"
						},
						"3.625": {
							"post": [-32.28226, -9.02072, 15.31354],
							"lerp_mode": "catmullrom"
						},
						"3.9167": {
							"post": [-23.28226, -9.02072, 15.31354],
							"lerp_mode": "catmullrom"
						},
						"3.9583": {
							"post": [-21.28226, -9.02072, 15.31354],
							"lerp_mode": "catmullrom"
						},
						"4.0": {
							"post": [-23.28226, -9.02072, 15.31354],
							"lerp_mode": "catmullrom"
						},
						"4.25": {
							"post": [-23.28226, -9.02072, 15.31354],
							"lerp_mode": "catmullrom"
						},
						"4.9583": {
							"post": [0, 0, 0],
							"lerp_mode": "catmullrom"
						}
					},
					"position": {
						"0.0": {
							"post": [0, -8.5, 2],
							"lerp_mode": "catmullrom"
						},
						"0.4167": {
							"post": [0, 0.18, -1.68],
							"lerp_mode": "catmullrom"
						},
						"1.9583": {
							"post": [0, 0.18, -1.68],
							"lerp_mode": "catmullrom"
						},
						"3.625": {
							"post": [0, 0.18, -1.68],
							"lerp_mode": "catmullrom"
						},
						"3.9167": {
							"post": [0, 0.18, -1.68],
							"lerp_mode": "catmullrom"
						},
						"3.9583": {
							"post": [0, 0.18, -1.88],
							"lerp_mode": "catmullrom"
						},
						"4.0": {
							"post": [0, 0.18, -1.68],
							"lerp_mode": "catmullrom"
						},
						"4.25": {
							"post": [0, 0.18, -1.68],
							"lerp_mode": "catmullrom"
						},
						"5.0": {
							"post": [0, 0, 0],
							"lerp_mode": "catmullrom"
						}
					}
				},
				"main": {
					"rotation": {
						"1.0": {
							"pre": [0, 0, 0],
							"post": [0, 0, 0],
							"lerp_mode": "catmullrom"
						},
						"2.875": {
							"post": [0, 0, 0],
							"lerp_mode": "catmullrom"
						},
						"4.0": {
							"post": [0, 0, 0],
							"lerp_mode": "catmullrom"
						}
					},
					"position": {
						"1.0": [0, 0, 0],
						"2.5": [0, 0, 0],
						"3.125": [0, 0, 9],
						"3.9583": [0, 0, 9.2],
						"4.0": {
							"pre": [0, 0, 0],
							"post": [0, 0, 0],
							"lerp_mode": "catmullrom"
						}
					}
				},
				"springwing_right": {
					"rotation": {
						"0.0": {
							"post": [0, 0, 0],
							"lerp_mode": "catmullrom"
						},
						"0.1667": {
							"post": [0, 0, 0],
							"lerp_mode": "catmullrom"
						},
						"0.5": {
							"post": [0, 0, -5],
							"lerp_mode": "catmullrom"
						},
						"1.3333": {
							"post": [0, 0, 37.5],
							"lerp_mode": "catmullrom"
						},
						"3.875": {
							"post": [0, 0, 37.5],
							"lerp_mode": "catmullrom"
						},
						"4.0": {
							"post": [0, 0, 37.5],
							"lerp_mode": "catmullrom"
						},
						"4.25": {
							"post": [0, 0, 0],
							"lerp_mode": "catmullrom"
						}
					},
					"position": {
						"0.0": {
							"post": [0, 0, 0],
							"lerp_mode": "catmullrom"
						},
						"0.1667": {
							"post": [0, 0, 0],
							"lerp_mode": "catmullrom"
						},
						"0.5": {
							"post": [0, 0, 0],
							"lerp_mode": "catmullrom"
						},
						"4.25": {
							"post": [0, 0, 0],
							"lerp_mode": "catmullrom"
						}
					}
				},
				"springwing_left": {
					"rotation": {
						"0.0": {
							"post": [0, 0, 0],
							"lerp_mode": "catmullrom"
						},
						"0.1667": {
							"post": [0, 0, 0],
							"lerp_mode": "catmullrom"
						},
						"0.5": {
							"post": [0, 0, 5],
							"lerp_mode": "catmullrom"
						},
						"1.3333": {
							"post": [0, 0, -37.5],
							"lerp_mode": "catmullrom"
						},
						"3.875": {
							"post": [0, 0, -37.5],
							"lerp_mode": "catmullrom"
						},
						"4.0": {
							"post": [0, 0, -37.5],
							"lerp_mode": "catmullrom"
						},
						"4.25": {
							"post": [0, 0, 0],
							"lerp_mode": "catmullrom"
						}
					},
					"position": {
						"0.0": {
							"post": [0, 0, 0],
							"lerp_mode": "catmullrom"
						},
						"0.1667": {
							"post": [0, 0, 0],
							"lerp_mode": "catmullrom"
						},
						"0.5": {
							"post": [0, 0, 0],
							"lerp_mode": "catmullrom"
						},
						"4.25": {
							"post": [0, 0, 0],
							"lerp_mode": "catmullrom"
						}
					}
				},
				"rotate_cover6": {
					"rotation": {
						"0.5": [0, 0, 1080],
						"3.1667": [0, 0, -360],
						"3.7917": [0, 0, 0],
						"3.8333": [0, 0, 90],
						"4.25": [0, 0, 0]
					},
					"position": [0, 0, 0]
				},
				"cilinder_lit_left7": {
					"rotation": {
						"1.0417": {
							"pre": [0, 0, 0],
							"post": [0, 0, 0],
							"lerp_mode": "catmullrom"
						},
						"1.5": {
							"post": [0, 0, 32.5],
							"lerp_mode": "catmullrom"
						},
						"2.4583": {
							"post": [0, 0, 32.5],
							"lerp_mode": "catmullrom"
						},
						"2.5833": {
							"post": [0, 0, 55],
							"lerp_mode": "catmullrom"
						},
						"2.75": {
							"post": [0, 0, 50],
							"lerp_mode": "catmullrom"
						},
						"3.0": {
							"post": [0, 0, 55],
							"lerp_mode": "catmullrom"
						},
						"3.25": {
							"post": [0, 0, 50],
							"lerp_mode": "catmullrom"
						},
						"3.5": {
							"post": [0, 0, 55],
							"lerp_mode": "catmullrom"
						},
						"3.75": {
							"post": [0, 0, 55],
							"lerp_mode": "catmullrom"
						},
						"4.0833": {
							"post": [0, 0, 55],
							"lerp_mode": "catmullrom"
						},
						"4.2917": {
							"post": [0, 0, 0],
							"lerp_mode": "catmullrom"
						}
					}
				},
				"cilinder_lit_left3": {
					"rotation": {
						"0.9167": {
							"pre": [0, 0, 0],
							"post": [0, 0, 0],
							"lerp_mode": "catmullrom"
						},
						"1.2083": {
							"post": [0, 0, 32.5],
							"lerp_mode": "catmullrom"
						},
						"1.5": {
							"post": [0, 0, 32.5],
							"lerp_mode": "catmullrom"
						},
						"2.4583": {
							"post": [0, 0, 32.5],
							"lerp_mode": "catmullrom"
						},
						"2.5833": {
							"post": [0, 0, 55],
							"lerp_mode": "catmullrom"
						},
						"2.75": {
							"post": [0, 0, 50],
							"lerp_mode": "catmullrom"
						},
						"3.0": {
							"post": [0, 0, 55],
							"lerp_mode": "catmullrom"
						},
						"3.25": {
							"post": [0, 0, 50],
							"lerp_mode": "catmullrom"
						},
						"3.5": {
							"post": [0, 0, 55],
							"lerp_mode": "catmullrom"
						},
						"4.2917": {
							"post": [0, 0, 55],
							"lerp_mode": "catmullrom"
						},
						"4.4167": {
							"post": [0, 0, 0],
							"lerp_mode": "catmullrom"
						}
					}
				},
				"cilinder_lit_left2": {
					"rotation": {
						"1.3333": {
							"pre": [0, 0, 0],
							"post": [0, 0, 0],
							"lerp_mode": "catmullrom"
						},
						"1.75": {
							"post": [0, 0, 32.5],
							"lerp_mode": "catmullrom"
						},
						"2.1667": {
							"post": [0, 0, 32.5],
							"lerp_mode": "catmullrom"
						},
						"2.4583": {
							"post": [0, 0, 32.5],
							"lerp_mode": "catmullrom"
						},
						"2.5833": {
							"post": [0, 0, 55],
							"lerp_mode": "catmullrom"
						},
						"2.75": {
							"post": [0, 0, 50],
							"lerp_mode": "catmullrom"
						},
						"3.0": {
							"post": [0, 0, 55],
							"lerp_mode": "catmullrom"
						},
						"3.25": {
							"post": [0, 0, 50],
							"lerp_mode": "catmullrom"
						},
						"3.5": {
							"post": [0, 0, 55],
							"lerp_mode": "catmullrom"
						},
						"4.0": {
							"post": [0, 0, 55],
							"lerp_mode": "catmullrom"
						},
						"4.2083": {
							"post": [0, 0, 0],
							"lerp_mode": "catmullrom"
						}
					}
				},
				"cilinderl3": {
					"rotation": {
						"0.9167": {
							"pre": [0, 0, 0],
							"post": [0, 0, 0],
							"lerp_mode": "catmullrom"
						},
						"4.4167": {
							"post": [0, 0, 0],
							"lerp_mode": "catmullrom"
						}
					},
					"position": {
						"0.9167": {
							"pre": [0, 0, 0],
							"post": [0, 0, 0],
							"lerp_mode": "catmullrom"
						},
						"1.2083": {
							"post": [0, 0.2, 0],
							"lerp_mode": "catmullrom"
						},
						"2.4583": {
							"post": [0, 0.2, 0],
							"lerp_mode": "catmullrom"
						},
						"2.5833": {
							"post": [0, 0.5, 0],
							"lerp_mode": "catmullrom"
						},
						"4.2917": {
							"post": [0, 0.5, 0],
							"lerp_mode": "catmullrom"
						},
						"4.4167": {
							"post": [0, 0, 0],
							"lerp_mode": "catmullrom"
						}
					}
				},
				"cilinderl2": {
					"rotation": [0, 0, 0],
					"position": {
						"1.25": [0, 0, 0],
						"1.375": [0, 0.2, 0],
						"2.4583": [0, 0.2, 0],
						"2.5833": [0, 0.5, 0],
						"4.0833": [0, 0.5, 0],
						"4.25": [0, 0, 0]
					}
				},
				"cilinderl1": {
					"rotation": {
						"1.5": [0, 0, 0],
						"4.0833": [0, 0, 0]
					},
					"position": {
						"1.5": [0, 0, 0],
						"1.7083": [0, 0.2, 0],
						"1.875": [0, 0.5, 0],
						"2.4583": [0, 0.2, 0],
						"2.5833": [0, 0.5, 0],
						"4.0": [0, 0.5, 0],
						"4.0833": [0, 0, 0]
					}
				},
				"cilinder_lit_left5": {
					"rotation": {
						"1.0417": {
							"pre": [0, 0, 0],
							"post": [0, 0, 0],
							"lerp_mode": "catmullrom"
						},
						"1.5": {
							"post": [0, 0, 32.5],
							"lerp_mode": "catmullrom"
						},
						"2.4583": {
							"post": [0, 0, 32.5],
							"lerp_mode": "catmullrom"
						},
						"2.5833": {
							"post": [0, 0, 55],
							"lerp_mode": "catmullrom"
						},
						"2.75": {
							"post": [0, 0, 50],
							"lerp_mode": "catmullrom"
						},
						"3.0": {
							"post": [0, 0, 55],
							"lerp_mode": "catmullrom"
						},
						"3.25": {
							"post": [0, 0, 50],
							"lerp_mode": "catmullrom"
						},
						"3.5": {
							"post": [0, 0, 55],
							"lerp_mode": "catmullrom"
						},
						"4.0833": {
							"post": [0, 0, 55],
							"lerp_mode": "catmullrom"
						},
						"4.2917": {
							"post": [0, 0, 0],
							"lerp_mode": "catmullrom"
						}
					}
				},
				"cilinder_lit_left6": {
					"rotation": {
						"1.3333": {
							"pre": [0, 0, 0],
							"post": [0, 0, 0],
							"lerp_mode": "catmullrom"
						},
						"1.75": {
							"post": [0, 0, 32.5],
							"lerp_mode": "catmullrom"
						},
						"2.1667": {
							"post": [0, 0, 32.5],
							"lerp_mode": "catmullrom"
						},
						"2.4583": {
							"post": [0, 0, 32.5],
							"lerp_mode": "catmullrom"
						},
						"2.5833": {
							"post": [0, 0, 55],
							"lerp_mode": "catmullrom"
						},
						"2.75": {
							"post": [0, 0, 50],
							"lerp_mode": "catmullrom"
						},
						"3.0": {
							"post": [0, 0, 55],
							"lerp_mode": "catmullrom"
						},
						"3.25": {
							"post": [0, 0, 50],
							"lerp_mode": "catmullrom"
						},
						"3.5": {
							"post": [0, 0, 55],
							"lerp_mode": "catmullrom"
						},
						"4.0": {
							"post": [0, 0, 55],
							"lerp_mode": "catmullrom"
						},
						"4.2083": {
							"post": [0, 0, 0],
							"lerp_mode": "catmullrom"
						}
					}
				},
				"cilinder_lit_left8": {
					"rotation": {
						"0.9167": {
							"pre": [0, 0, 0],
							"post": [0, 0, 0],
							"lerp_mode": "catmullrom"
						},
						"1.2083": {
							"post": [0, 0, 32.5],
							"lerp_mode": "catmullrom"
						},
						"1.5": {
							"post": [0, 0, 55],
							"lerp_mode": "catmullrom"
						},
						"2.4583": {
							"post": [0, 0, 32.5],
							"lerp_mode": "catmullrom"
						},
						"2.5833": {
							"post": [0, 0, 55],
							"lerp_mode": "catmullrom"
						},
						"2.75": {
							"post": [0, 0, 50],
							"lerp_mode": "catmullrom"
						},
						"3.0": {
							"post": [0, 0, 55],
							"lerp_mode": "catmullrom"
						},
						"3.25": {
							"post": [0, 0, 50],
							"lerp_mode": "catmullrom"
						},
						"3.5": {
							"post": [0, 0, 55],
							"lerp_mode": "catmullrom"
						},
						"4.2917": {
							"post": [0, 0, 55],
							"lerp_mode": "catmullrom"
						},
						"4.4167": {
							"post": [0, 0, 0],
							"lerp_mode": "catmullrom"
						}
					}
				},
				"cilinderr1": {
					"rotation": {
						"1.5": [0, 0, 0],
						"4.0833": [0, 0, 0]
					},
					"position": {
						"1.5": [0, 0, 0],
						"1.7083": [0, 0.2, 0],
						"1.875": [0, 0.5, 0],
						"2.4583": [0, 0.2, 0],
						"2.5833": [0, 0.5, 0],
						"4.0": [0, 0.5, 0],
						"4.0833": [0, 0, 0]
					}
				},
				"cilinderr2": {
					"rotation": [0, 0, 0],
					"position": {
						"1.25": [0, 0, 0],
						"1.375": [0, 0.2, 0],
						"2.4583": [0, 0.2, 0],
						"2.5833": [0, 0.5, 0],
						"4.0833": [0, 0.5, 0],
						"4.25": [0, 0, 0]
					}
				},
				"cilinderr3": {
					"rotation": {
						"0.9167": {
							"pre": [0, 0, 0],
							"post": [0, 0, 0],
							"lerp_mode": "catmullrom"
						},
						"4.4167": {
							"post": [0, 0, 0],
							"lerp_mode": "catmullrom"
						}
					},
					"position": {
						"0.9167": {
							"pre": [0, 0, 0],
							"post": [0, 0, 0],
							"lerp_mode": "catmullrom"
						},
						"1.2083": {
							"post": [0, 0.2, 0],
							"lerp_mode": "catmullrom"
						},
						"2.4583": {
							"post": [0, 0.2, 0],
							"lerp_mode": "catmullrom"
						},
						"2.5833": {
							"post": [0, 0.5, 0],
							"lerp_mode": "catmullrom"
						},
						"4.2917": {
							"post": [0, 0.5, 0],
							"lerp_mode": "catmullrom"
						},
						"4.4167": {
							"post": [0, 0, 0],
							"lerp_mode": "catmullrom"
						}
					}
				},
				"openwing_right2": {
					"rotation": {
						"0.25": [0, 0, 0],
						"4.875": {
							"pre": [0, 0, 0],
							"post": [0, 0, 0],
							"lerp_mode": "catmullrom"
						}
					},
					"position": {
						"0.25": [0, 0, 0],
						"0.375": [-0.10305, -0.08502, 0.0979],
						"0.4167": [-0.89695, -0.73998, 0.8521],
						"0.4583": [-1, -0.825, 0.95],
						"0.5": [-1, -0.825, 1.01161],
						"0.5417": [-1, -0.825, 1.23357],
						"0.5833": [-1, -0.825, 1.56643],
						"0.625": [-1, -0.825, 1.78839],
						"0.6667": [-1, -0.825, 1.85],
						"4.0": {
							"pre": [-1, -0.825, 1.85],
							"post": [-1, -0.825, 1.85],
							"lerp_mode": "catmullrom"
						},
						"4.5417": [-1, -0.825, 1.85],
						"4.5833": {
							"pre": [-1, -0.825, 1.85],
							"post": [-1, -0.825, 0.95]
						},
						"4.625": [-1, -0.825, 0.95],
						"4.75": [-1, -0.825, 0.95],
						"4.7917": [-0.89695, -0.73998, 0.8521],
						"4.8333": [-0.10305, -0.08502, 0.0979],
						"4.875": [0, 0, 0]
					}
				},
				"openwing_right": {
					"rotation": {
						"0.25": [0, 0, 0],
						"4.875": {
							"pre": [0, 0, 0],
							"post": [0, 0, 0],
							"lerp_mode": "catmullrom"
						}
					},
					"position": {
						"0.25": [0, 0, 0],
						"0.375": [-0.10305, 0.08502, 0.0979],
						"0.4167": [-0.89695, 0.73998, 0.8521],
						"0.4583": [-1, 0.825, 0.95],
						"0.5": [-1, 0.825, 1.01161],
						"0.5417": [-1, 0.825, 1.23357],
						"0.5833": [-1, 0.825, 1.56643],
						"0.625": [-1, 0.825, 1.78839],
						"0.6667": [-1, 0.825, 1.85],
						"4.0": {
							"pre": [-1, 0.825, 1.85],
							"post": [-1, 0.825, 1.85],
							"lerp_mode": "catmullrom"
						},
						"4.5417": [-1, 0.825, 1.85],
						"4.5833": {
							"pre": [-1, 0.825, 1.85],
							"post": [-1, 0.825, 0.95]
						},
						"4.625": [-1, 0.825, 0.95],
						"4.75": [-1, 0.825, 0.95],
						"4.7917": [-0.89695, 0.73998, 0.8521],
						"4.8333": [-0.10305, 0.08502, 0.0979],
						"4.875": [0, 0, 0]
					}
				},
				"openwing_left": {
					"rotation": {
						"0.25": [0, 0, 0],
						"0.375": [0, 0, 0],
						"0.4583": [0, 0, 0],
						"0.6667": [0, 0, 0],
						"4.0": {
							"pre": [0, 0, 0],
							"post": [0, 0, 0],
							"lerp_mode": "catmullrom"
						},
						"4.5417": [0, 0, 0],
						"4.5833": [0, 0, 0],
						"4.625": [0, 0, 0],
						"4.75": [0, 0, 0],
						"4.7917": [0, 0, 0],
						"4.875": {
							"pre": [0, 0, 0],
							"post": [0, 0, 0],
							"lerp_mode": "catmullrom"
						}
					},
					"position": {
						"0.25": [0, 0, 0],
						"0.375": [0.10305, 0.08502, 0.0979],
						"0.4167": [0.89695, 0.73998, 0.8521],
						"0.4583": [1, 0.825, 0.95],
						"0.5": [1, 0.825, 1.01161],
						"0.5417": [1, 0.825, 1.23357],
						"0.5833": [1, 0.825, 1.56643],
						"0.625": [1, 0.825, 1.78839],
						"0.6667": [1, 0.825, 1.85],
						"4.0": {
							"pre": [1, 0.825, 1.85],
							"post": [1, 0.825, 1.85],
							"lerp_mode": "catmullrom"
						},
						"4.5417": [1, 0.825, 1.85],
						"4.5833": {
							"pre": [1, 0.825, 1.85],
							"post": [1, 0.825, 0.95]
						},
						"4.625": [1, 0.825, 0.95],
						"4.75": [1, 0.825, 0.95],
						"4.7917": [0.89695, 0.73998, 0.8521],
						"4.8333": [0.10305, 0.08502, 0.0979],
						"4.875": [0, 0, 0]
					}
				},
				"openwing_left2": {
					"rotation": {
						"0.25": [0, 0, 0],
						"4.875": {
							"pre": [0, 0, 0],
							"post": [0, 0, 0],
							"lerp_mode": "catmullrom"
						}
					},
					"position": {
						"0.25": [0, 0, 0],
						"0.375": [0.10305, -0.08502, 0.0979],
						"0.4167": [0.89695, -0.73998, 0.8521],
						"0.4583": [1, -0.825, 0.95],
						"0.5": [1, -0.825, 1.01161],
						"0.5417": [1, -0.825, 1.23357],
						"0.5833": [1, -0.825, 1.56643],
						"0.625": [1, -0.825, 1.78839],
						"0.6667": [1, -0.825, 1.85],
						"4.0": {
							"pre": [1, -0.825, 1.85],
							"post": [1, -0.825, 1.85],
							"lerp_mode": "catmullrom"
						},
						"4.5417": [1, -0.825, 1.85],
						"4.5833": {
							"pre": [1, -0.825, 1.85],
							"post": [1, -0.825, 0.95]
						},
						"4.625": [1, -0.825, 0.95],
						"4.75": [1, -0.825, 0.95],
						"4.7917": [0.89695, -0.73998, 0.8521],
						"4.8333": [0.10305, -0.08502, 0.0979],
						"4.875": [0, 0, 0]
					}
				},
				"constraint": {
					"rotation": [0, 0, 0],
					"position": [0, 0, 0]
				},
				"heat_pipe_right": {
					"rotation": {
						"0.9583": {
							"pre": [0, 0, 0],
							"post": [0, 0, 0],
							"lerp_mode": "catmullrom"
						},
						"1.25": {
							"post": [0, 0, -32.5],
							"lerp_mode": "catmullrom"
						},
						"4.0417": {
							"post": [0, 0, -32.5],
							"lerp_mode": "catmullrom"
						},
						"4.3333": {
							"post": [0, 0, 0],
							"lerp_mode": "catmullrom"
						}
					},
					"position": {
						"0.9583": {
							"pre": [0, 0, 0],
							"post": [0, 0, 0],
							"lerp_mode": "catmullrom"
						},
						"1.25": {
							"post": [-0.1, 0, 0],
							"lerp_mode": "catmullrom"
						},
						"1.4167": {
							"post": [0, -0.3, 0],
							"lerp_mode": "catmullrom"
						},
						"4.0417": {
							"post": [0, -0.3, 0],
							"lerp_mode": "catmullrom"
						},
						"4.1667": {
							"post": [0, 0, 0],
							"lerp_mode": "catmullrom"
						},
						"4.3333": {
							"post": [0, 0, 0],
							"lerp_mode": "catmullrom"
						}
					}
				},
				"heat_pipe_left": {
					"rotation": {
						"0.9583": {
							"pre": [0, 0, 0],
							"post": [0, 0, 0],
							"lerp_mode": "catmullrom"
						},
						"1.25": {
							"post": [0, 0, 32.5],
							"lerp_mode": "catmullrom"
						},
						"4.0417": {
							"post": [0, 0, 32.5],
							"lerp_mode": "catmullrom"
						},
						"4.3333": {
							"post": [0, 0, 0],
							"lerp_mode": "catmullrom"
						}
					},
					"position": {
						"0.9583": {
							"pre": [0, 0, 0],
							"post": [0, 0, 0],
							"lerp_mode": "catmullrom"
						},
						"1.25": {
							"post": [0.1, 0, 0],
							"lerp_mode": "catmullrom"
						},
						"1.4167": {
							"post": [0, -0.3, 0],
							"lerp_mode": "catmullrom"
						},
						"4.0417": {
							"post": [0, -0.3, 0],
							"lerp_mode": "catmullrom"
						},
						"4.1667": {
							"post": [0, 0, 0],
							"lerp_mode": "catmullrom"
						},
						"4.3333": {
							"post": [0, 0, 0],
							"lerp_mode": "catmullrom"
						}
					}
				},
				"cilinder_inside_left": {
					"rotation": {
						"2.5833": {
							"pre": [0, 0, 0],
							"post": [0, 0, 0],
							"lerp_mode": "catmullrom"
						},
						"3.0": {
							"post": [0, 0, 0],
							"lerp_mode": "catmullrom"
						},
						"3.4583": {
							"post": [0, 0, 0],
							"lerp_mode": "catmullrom"
						},
						"3.9167": {
							"post": [0, 0, 0],
							"lerp_mode": "catmullrom"
						}
					},
					"position": {
						"2.5833": {
							"pre": [0, 0, 0],
							"post": [0, 0, 0],
							"lerp_mode": "catmullrom"
						},
						"2.7917": {
							"post": [0, 0.2, 0],
							"lerp_mode": "catmullrom"
						},
						"3.0": {
							"post": [0, 0, 0],
							"lerp_mode": "catmullrom"
						},
						"3.25": {
							"post": [0, 0.2, 0],
							"lerp_mode": "catmullrom"
						},
						"3.4583": {
							"post": [0, 0, 0],
							"lerp_mode": "catmullrom"
						},
						"3.6667": {
							"post": [0, 0.2, 0],
							"lerp_mode": "catmullrom"
						},
						"3.9167": {
							"post": [0, 0, 0],
							"lerp_mode": "catmullrom"
						}
					}
				},
				"cilinder_inside_left2": {
					"rotation": {
						"2.5833": {
							"pre": [0, 0, 0],
							"post": [0, 0, 0],
							"lerp_mode": "catmullrom"
						},
						"3.0": {
							"post": [0, 0, 0],
							"lerp_mode": "catmullrom"
						},
						"3.4583": {
							"post": [0, 0, 0],
							"lerp_mode": "catmullrom"
						},
						"3.9167": {
							"post": [0, 0, 0],
							"lerp_mode": "catmullrom"
						}
					},
					"position": {
						"2.5833": {
							"pre": [0, 0, 0],
							"post": [0, 0, 0],
							"lerp_mode": "catmullrom"
						},
						"2.7917": {
							"post": [0, 0.2, 0],
							"lerp_mode": "catmullrom"
						},
						"3.0": {
							"post": [0, 0, 0],
							"lerp_mode": "catmullrom"
						},
						"3.25": {
							"post": [0, 0.2, 0],
							"lerp_mode": "catmullrom"
						},
						"3.4583": {
							"post": [0, 0, 0],
							"lerp_mode": "catmullrom"
						},
						"3.6667": {
							"post": [0, 0.2, 0],
							"lerp_mode": "catmullrom"
						},
						"3.9167": {
							"post": [0, 0, 0],
							"lerp_mode": "catmullrom"
						}
					}
				},
				"camera": {
					"rotation": {
						"0.0": {
							"post": [0, 0, 0],
							"lerp_mode": "catmullrom"
						},
						"0.25": {
							"post": [6.04473, 6.96146, 0.73532],
							"lerp_mode": "catmullrom"
						},
						"0.625": {
							"post": [6.04473, 6.96146, 0.73532],
							"lerp_mode": "catmullrom"
						},
						"1.0833": {
							"post": [5.98232, 11.30353, 0.51934],
							"lerp_mode": "catmullrom"
						},
						"1.25": {
							"post": [6.30263, 10.83087, 2.17634],
							"lerp_mode": "catmullrom"
						},
						"1.4167": {
							"post": [6.29081, 10.83784, 2.11312],
							"lerp_mode": "catmullrom"
						},
						"1.5833": {
							"post": [6.11146, 10.939, 1.16399],
							"lerp_mode": "catmullrom"
						},
						"1.7083": {
							"post": [5.98232, 11.30353, 0.51934],
							"lerp_mode": "catmullrom"
						},
						"1.8333": {
							"post": [6.30263, 10.83087, 2.17634],
							"lerp_mode": "catmullrom"
						},
						"1.9583": {
							"post": [6.29081, 10.83784, 2.11312],
							"lerp_mode": "catmullrom"
						},
						"2.0833": {
							"post": [6.11146, 10.939, 1.16399],
							"lerp_mode": "catmullrom"
						},
						"2.2083": {
							"post": [5.98232, 11.30353, 0.51934],
							"lerp_mode": "catmullrom"
						},
						"2.3333": {
							"post": [6.30263, 10.83087, 2.17634],
							"lerp_mode": "catmullrom"
						},
						"2.4583": {
							"post": [6.29081, 10.83784, 2.11312],
							"lerp_mode": "catmullrom"
						},
						"2.5833": {
							"post": [6.11146, 10.939, 1.16399],
							"lerp_mode": "catmullrom"
						},
						"3.0": {
							"post": [6.49176, 10.71945, 3.18795],
							"lerp_mode": "catmullrom"
						},
						"3.5417": {
							"post": [6.11146, 10.939, 1.16399],
							"lerp_mode": "catmullrom"
						},
						"3.7083": {
							"post": [5.7438, 12.1402, -0.76088],
							"lerp_mode": "catmullrom"
						},
						"3.9583": {
							"post": [6.11146, 10.939, 1.16399],
							"lerp_mode": "catmullrom"
						},
						"4.0": {
							"post": [6.9183, 11.04379, 0.15091],
							"lerp_mode": "catmullrom"
						},
						"4.0417": {
							"post": [6.11146, 10.939, 1.16399],
							"lerp_mode": "catmullrom"
						},
						"4.4583": {
							"post": [6.11146, 10.939, 1.16399],
							"lerp_mode": "catmullrom"
						},
						"5.0": {
							"post": [0, 0, 0],
							"lerp_mode": "catmullrom"
						}
					},
					"position": {
						"0.0": {
							"post": [0, 0, 0],
							"lerp_mode": "catmullrom"
						},
						"0.9167": {
							"post": [0, 0, 0],
							"lerp_mode": "catmullrom"
						},
						"1.875": {
							"post": [0, 0, 0],
							"lerp_mode": "catmullrom"
						},
						"2.9583": {
							"post": [0, 0, -0.3],
							"lerp_mode": "catmullrom"
						},
						"3.5417": {
							"post": [0, 0, 0.1],
							"lerp_mode": "catmullrom"
						},
						"3.9583": {
							"post": [0, 0, 0],
							"lerp_mode": "catmullrom"
						},
						"4.0": {
							"post": [0, 0, -0.1],
							"lerp_mode": "catmullrom"
						},
						"4.0417": {
							"post": [0, 0, 0],
							"lerp_mode": "catmullrom"
						},
						"4.4583": {
							"post": [0, 0, 0],
							"lerp_mode": "catmullrom"
						},
						"5.0": {
							"post": [0, 0, 0],
							"lerp_mode": "catmullrom"
						}
					}
				},
				"flash_illuminated": {
					"scale": 0
				},
				"pre_effect_illuminated": {
					"scale": 0
				}
			},
			"sound_effects": {
				"0.0": {
					"effect": "doom:bfg9k/bfg9k_equip"
				}
			}
		},
		"put_away": {
			"loop": "hold_on_last_frame",
			"animation_length": 0.7083,
			"bones": {
				"lefthand": {
					"rotation": [87.81797, 27.47162, 1.30078],
					"position": [9, -18.7, -5.2],
					"scale": [1, 2.04, 1]
				},
				"righthand": {
					"rotation": [90, -12.5, 0],
					"position": [-6.2, -18.7, 2.1],
					"scale": [1, 1.3, 1]
				},
				"root": {
					"rotation": {
						"0.0": {
							"post": [0, 0, 0],
							"lerp_mode": "catmullrom"
						},
						"0.5417": {
							"post": [43.78773, -18.42031, -7.92945],
							"lerp_mode": "catmullrom"
						}
					},
					"position": {
						"0.0": {
							"post": [0, 0, 0],
							"lerp_mode": "catmullrom"
						},
						"0.5417": {
							"post": [0, -3.1, 2.4],
							"lerp_mode": "catmullrom"
						}
					}
				},
				"camera": {
					"rotation": {
						"0.0": [0, 0, 0],
						"0.0417": [-0.05, -0.01, -0.05],
						"0.0833": [-0.23, -0.06, -0.22],
						"0.125": [-0.33, -0.08, -0.31],
						"0.1667": [-0.41, -0.1, -0.38],
						"0.2083": [-0.45, -0.1, -0.4],
						"0.25": [-0.34, 0.01, -0.14],
						"0.2917": [-0.16, 0.14, 0.19],
						"0.3333": [0.07, 0.28, 0.58],
						"0.375": [0.3, 0.41, 0.93],
						"0.4167": [0.72, 0.56, 1.35],
						"0.4583": [0.92, 0.56, 1.38],
						"0.5": [0.95, 0.5, 1.25],
						"0.5417": [0.84, 0.42, 1.07],
						"0.5833": [0.38, 0.19, 0.47],
						"0.625": [0.15, 0.08, 0.19],
						"0.6667": [0, 0, 0]
					},
					"position": {
						"0.0": {
							"post": [0, 0, 0],
							"lerp_mode": "catmullrom"
						},
						"0.6667": {
							"post": [0, 0, 0],
							"lerp_mode": "catmullrom"
						}
					}
				},
				"flash_illuminated": {
					"scale": 0
				},
				"pre_effect_illuminated": {
					"scale": 0
				}
			}
		},
		"inspect": {
			"loop": "hold_on_last_frame",
			"animation_length": 5.625,
			"bones": {
				"lefthand": {
					"rotation": [87.81797, 27.47162, 1.30078],
					"position": [9, -18.7, -5.2],
					"scale": [1, 2.04, 1]
				},
				"righthand": {
					"rotation": [90, -12.5, 0],
					"position": [-6.2, -18.7, 2.1],
					"scale": [1, 1.3, 1]
				},
				"root": {
					"rotation": {
						"0.0": {
							"post": [0, 0, 0],
							"lerp_mode": "catmullrom"
						},
						"0.4167": {
							"post": [-22.5532, -10.6306, 11.46591],
							"lerp_mode": "catmullrom"
						},
						"0.9167": {
							"post": [-23.81101, -10.6306, 11.4659],
							"lerp_mode": "catmullrom"
						},
						"1.0417": {
							"post": [-22.5532, -10.6306, 11.46591],
							"lerp_mode": "catmullrom"
						},
						"1.125": {
							"post": [-22.56386, -10.5342, 11.70133],
							"lerp_mode": "catmullrom"
						},
						"1.2083": {
							"post": [-22.5532, -10.6306, 11.46591],
							"lerp_mode": "catmullrom"
						},
						"1.2917": {
							"post": [-22.63912, -10.44048, 11.93059],
							"lerp_mode": "catmullrom"
						},
						"1.375": {
							"post": [-22.50966, -10.7264, 11.23092],
							"lerp_mode": "catmullrom"
						},
						"1.4583": {
							"post": [-22.5532, -10.6306, 11.46591],
							"lerp_mode": "catmullrom"
						},
						"1.5417": {
							"post": [-22.3, -10.64, 11.43],
							"lerp_mode": "catmullrom"
						},
						"1.625": {
							"post": [-22.5532, -10.6306, 11.46591],
							"lerp_mode": "catmullrom"
						},
						"1.9583": {
							"post": [-22.19328, -11.39195, 9.58178],
							"lerp_mode": "catmullrom"
						},
						"3.625": {
							"post": [-33.15834, -15.33343, 19.45884],
							"lerp_mode": "catmullrom"
						},
						"3.9167": {
							"post": [-23.28226, -9.02072, 15.31354],
							"lerp_mode": "catmullrom"
						},
						"3.9583": {
							"post": [-21.28226, -9.02072, 15.31354],
							"lerp_mode": "catmullrom"
						},
						"4.0": {
							"post": [-23.28226, -9.02072, 15.31354],
							"lerp_mode": "catmullrom"
						},
						"4.25": {
							"post": [-23.28226, -9.02072, 15.31354],
							"lerp_mode": "catmullrom"
						},
						"4.9583": {
							"post": [0, 0, 0],
							"lerp_mode": "catmullrom"
						}
					},
					"position": {
						"0.0": {
							"post": [0, 0, 0],
							"lerp_mode": "catmullrom"
						},
						"0.4167": {
							"post": [0, 0.18, -1.68],
							"lerp_mode": "catmullrom"
						},
						"1.9583": {
							"post": [0, 0.18, -1.68],
							"lerp_mode": "catmullrom"
						},
						"3.625": {
							"post": [0, 0.18, -1.68],
							"lerp_mode": "catmullrom"
						},
						"3.9167": {
							"post": [0, 0.18, -1.68],
							"lerp_mode": "catmullrom"
						},
						"3.9583": {
							"post": [0, 0.18, -1.88],
							"lerp_mode": "catmullrom"
						},
						"4.0": {
							"post": [0, 0.18, -1.68],
							"lerp_mode": "catmullrom"
						},
						"4.25": {
							"post": [0, 0.18, -1.68],
							"lerp_mode": "catmullrom"
						},
						"5.0": {
							"post": [0, 0, 0],
							"lerp_mode": "catmullrom"
						}
					}
				},
				"main": {
					"rotation": {
						"1.0": {
							"pre": [0, 0, 0],
							"post": [0, 0, 0],
							"lerp_mode": "catmullrom"
						},
						"2.875": {
							"post": [0, 0, 0],
							"lerp_mode": "catmullrom"
						},
						"4.0": {
							"post": [0, 0, 0],
							"lerp_mode": "catmullrom"
						}
					},
					"position": {
						"1.0": [0, 0, 0],
						"2.5": [0, 0, 0],
						"3.125": [0, 0, 9],
						"3.9583": [0, 0, 9.2],
						"4.0": {
							"pre": [0, 0, 0],
							"post": [0, 0, 0],
							"lerp_mode": "catmullrom"
						}
					}
				},
				"springwing_right": {
					"rotation": {
						"0.0": {
							"post": [0, 0, 0],
							"lerp_mode": "catmullrom"
						},
						"0.1667": {
							"post": [0, 0, 0],
							"lerp_mode": "catmullrom"
						},
						"0.5": {
							"post": [0, 0, -5],
							"lerp_mode": "catmullrom"
						},
						"1.3333": {
							"post": [0, 0, 37.5],
							"lerp_mode": "catmullrom"
						},
						"3.875": {
							"post": [0, 0, 37.5],
							"lerp_mode": "catmullrom"
						},
						"4.0": {
							"post": [0, 0, 37.5],
							"lerp_mode": "catmullrom"
						},
						"4.25": {
							"post": [0, 0, 0],
							"lerp_mode": "catmullrom"
						}
					},
					"position": {
						"0.0": {
							"post": [0, 0, 0],
							"lerp_mode": "catmullrom"
						},
						"0.1667": {
							"post": [0, 0, 0],
							"lerp_mode": "catmullrom"
						},
						"0.5": {
							"post": [0, 0, 0],
							"lerp_mode": "catmullrom"
						},
						"4.25": {
							"post": [0, 0, 0],
							"lerp_mode": "catmullrom"
						}
					}
				},
				"springwing_left": {
					"rotation": {
						"0.0": {
							"post": [0, 0, 0],
							"lerp_mode": "catmullrom"
						},
						"0.1667": {
							"post": [0, 0, 0],
							"lerp_mode": "catmullrom"
						},
						"0.5": {
							"post": [0, 0, 5],
							"lerp_mode": "catmullrom"
						},
						"1.3333": {
							"post": [0, 0, -37.5],
							"lerp_mode": "catmullrom"
						},
						"3.875": {
							"post": [0, 0, -37.5],
							"lerp_mode": "catmullrom"
						},
						"4.0": {
							"post": [0, 0, -37.5],
							"lerp_mode": "catmullrom"
						},
						"4.25": {
							"post": [0, 0, 0],
							"lerp_mode": "catmullrom"
						}
					},
					"position": {
						"0.0": {
							"post": [0, 0, 0],
							"lerp_mode": "catmullrom"
						},
						"0.1667": {
							"post": [0, 0, 0],
							"lerp_mode": "catmullrom"
						},
						"0.5": {
							"post": [0, 0, 0],
							"lerp_mode": "catmullrom"
						},
						"4.25": {
							"post": [0, 0, 0],
							"lerp_mode": "catmullrom"
						}
					}
				},
				"rotate_cover6": {
					"rotation": {
						"0.5": [0, 0, 1080],
						"3.1667": [0, 0, -360],
						"3.7917": [0, 0, 0],
						"3.8333": [0, 0, 90],
						"4.25": [0, 0, 0]
					},
					"position": [0, 0, 0]
				},
				"cilinder_lit_left7": {
					"rotation": {
						"1.0417": {
							"pre": [0, 0, 0],
							"post": [0, 0, 0],
							"lerp_mode": "catmullrom"
						},
						"1.5": {
							"post": [0, 0, 32.5],
							"lerp_mode": "catmullrom"
						},
						"2.4583": {
							"post": [0, 0, 32.5],
							"lerp_mode": "catmullrom"
						},
						"2.5833": {
							"post": [0, 0, 55],
							"lerp_mode": "catmullrom"
						},
						"2.75": {
							"post": [0, 0, 50],
							"lerp_mode": "catmullrom"
						},
						"3.0": {
							"post": [0, 0, 55],
							"lerp_mode": "catmullrom"
						},
						"3.25": {
							"post": [0, 0, 50],
							"lerp_mode": "catmullrom"
						},
						"3.5": {
							"post": [0, 0, 55],
							"lerp_mode": "catmullrom"
						},
						"3.75": {
							"post": [0, 0, 55],
							"lerp_mode": "catmullrom"
						},
						"4.0833": {
							"post": [0, 0, 55],
							"lerp_mode": "catmullrom"
						},
						"4.2917": {
							"post": [0, 0, 0],
							"lerp_mode": "catmullrom"
						}
					}
				},
				"cilinder_lit_left3": {
					"rotation": {
						"0.9167": {
							"pre": [0, 0, 0],
							"post": [0, 0, 0],
							"lerp_mode": "catmullrom"
						},
						"1.2083": {
							"post": [0, 0, 32.5],
							"lerp_mode": "catmullrom"
						},
						"1.5": {
							"post": [0, 0, 32.5],
							"lerp_mode": "catmullrom"
						},
						"2.4583": {
							"post": [0, 0, 32.5],
							"lerp_mode": "catmullrom"
						},
						"2.5833": {
							"post": [0, 0, 55],
							"lerp_mode": "catmullrom"
						},
						"2.75": {
							"post": [0, 0, 50],
							"lerp_mode": "catmullrom"
						},
						"3.0": {
							"post": [0, 0, 55],
							"lerp_mode": "catmullrom"
						},
						"3.25": {
							"post": [0, 0, 50],
							"lerp_mode": "catmullrom"
						},
						"3.5": {
							"post": [0, 0, 55],
							"lerp_mode": "catmullrom"
						},
						"4.2917": {
							"post": [0, 0, 55],
							"lerp_mode": "catmullrom"
						},
						"4.4167": {
							"post": [0, 0, 0],
							"lerp_mode": "catmullrom"
						}
					}
				},
				"cilinder_lit_left2": {
					"rotation": {
						"1.3333": {
							"pre": [0, 0, 0],
							"post": [0, 0, 0],
							"lerp_mode": "catmullrom"
						},
						"1.75": {
							"post": [0, 0, 32.5],
							"lerp_mode": "catmullrom"
						},
						"2.1667": {
							"post": [0, 0, 32.5],
							"lerp_mode": "catmullrom"
						},
						"2.4583": {
							"post": [0, 0, 32.5],
							"lerp_mode": "catmullrom"
						},
						"2.5833": {
							"post": [0, 0, 55],
							"lerp_mode": "catmullrom"
						},
						"2.75": {
							"post": [0, 0, 50],
							"lerp_mode": "catmullrom"
						},
						"3.0": {
							"post": [0, 0, 55],
							"lerp_mode": "catmullrom"
						},
						"3.25": {
							"post": [0, 0, 50],
							"lerp_mode": "catmullrom"
						},
						"3.5": {
							"post": [0, 0, 55],
							"lerp_mode": "catmullrom"
						},
						"4.0": {
							"post": [0, 0, 55],
							"lerp_mode": "catmullrom"
						},
						"4.2083": {
							"post": [0, 0, 0],
							"lerp_mode": "catmullrom"
						}
					}
				},
				"cilinderl3": {
					"rotation": {
						"0.9167": {
							"pre": [0, 0, 0],
							"post": [0, 0, 0],
							"lerp_mode": "catmullrom"
						},
						"4.4167": {
							"post": [0, 0, 0],
							"lerp_mode": "catmullrom"
						}
					},
					"position": {
						"0.9167": {
							"pre": [0, 0, 0],
							"post": [0, 0, 0],
							"lerp_mode": "catmullrom"
						},
						"1.2083": {
							"post": [0, 0.2, 0],
							"lerp_mode": "catmullrom"
						},
						"2.4583": {
							"post": [0, 0.2, 0],
							"lerp_mode": "catmullrom"
						},
						"2.5833": {
							"post": [0, 0.5, 0],
							"lerp_mode": "catmullrom"
						},
						"4.2917": {
							"post": [0, 0.5, 0],
							"lerp_mode": "catmullrom"
						},
						"4.4167": {
							"post": [0, 0, 0],
							"lerp_mode": "catmullrom"
						}
					}
				},
				"cilinderl2": {
					"rotation": [0, 0, 0],
					"position": {
						"1.25": [0, 0, 0],
						"1.375": [0, 0.2, 0],
						"2.4583": [0, 0.2, 0],
						"2.5833": [0, 0.5, 0],
						"4.0833": [0, 0.5, 0],
						"4.25": [0, 0, 0]
					}
				},
				"cilinderl1": {
					"rotation": {
						"1.5": [0, 0, 0],
						"4.0833": [0, 0, 0]
					},
					"position": {
						"1.5": [0, 0, 0],
						"1.7083": [0, 0.2, 0],
						"1.875": [0, 0.5, 0],
						"2.4583": [0, 0.2, 0],
						"2.5833": [0, 0.5, 0],
						"4.0": [0, 0.5, 0],
						"4.0833": [0, 0, 0]
					}
				},
				"cilinder_lit_left5": {
					"rotation": {
						"1.0417": {
							"pre": [0, 0, 0],
							"post": [0, 0, 0],
							"lerp_mode": "catmullrom"
						},
						"1.5": {
							"post": [0, 0, 32.5],
							"lerp_mode": "catmullrom"
						},
						"2.4583": {
							"post": [0, 0, 32.5],
							"lerp_mode": "catmullrom"
						},
						"2.5833": {
							"post": [0, 0, 55],
							"lerp_mode": "catmullrom"
						},
						"2.75": {
							"post": [0, 0, 50],
							"lerp_mode": "catmullrom"
						},
						"3.0": {
							"post": [0, 0, 55],
							"lerp_mode": "catmullrom"
						},
						"3.25": {
							"post": [0, 0, 50],
							"lerp_mode": "catmullrom"
						},
						"3.5": {
							"post": [0, 0, 55],
							"lerp_mode": "catmullrom"
						},
						"4.0833": {
							"post": [0, 0, 55],
							"lerp_mode": "catmullrom"
						},
						"4.2917": {
							"post": [0, 0, 0],
							"lerp_mode": "catmullrom"
						}
					}
				},
				"cilinder_lit_left6": {
					"rotation": {
						"1.3333": {
							"pre": [0, 0, 0],
							"post": [0, 0, 0],
							"lerp_mode": "catmullrom"
						},
						"1.75": {
							"post": [0, 0, 32.5],
							"lerp_mode": "catmullrom"
						},
						"2.1667": {
							"post": [0, 0, 32.5],
							"lerp_mode": "catmullrom"
						},
						"2.4583": {
							"post": [0, 0, 32.5],
							"lerp_mode": "catmullrom"
						},
						"2.5833": {
							"post": [0, 0, 55],
							"lerp_mode": "catmullrom"
						},
						"2.75": {
							"post": [0, 0, 50],
							"lerp_mode": "catmullrom"
						},
						"3.0": {
							"post": [0, 0, 55],
							"lerp_mode": "catmullrom"
						},
						"3.25": {
							"post": [0, 0, 50],
							"lerp_mode": "catmullrom"
						},
						"3.5": {
							"post": [0, 0, 55],
							"lerp_mode": "catmullrom"
						},
						"4.0": {
							"post": [0, 0, 55],
							"lerp_mode": "catmullrom"
						},
						"4.2083": {
							"post": [0, 0, 0],
							"lerp_mode": "catmullrom"
						}
					}
				},
				"cilinder_lit_left8": {
					"rotation": {
						"0.9167": {
							"pre": [0, 0, 0],
							"post": [0, 0, 0],
							"lerp_mode": "catmullrom"
						},
						"1.2083": {
							"post": [0, 0, 32.5],
							"lerp_mode": "catmullrom"
						},
						"1.5": {
							"post": [0, 0, 55],
							"lerp_mode": "catmullrom"
						},
						"2.4583": {
							"post": [0, 0, 32.5],
							"lerp_mode": "catmullrom"
						},
						"2.5833": {
							"post": [0, 0, 55],
							"lerp_mode": "catmullrom"
						},
						"2.75": {
							"post": [0, 0, 50],
							"lerp_mode": "catmullrom"
						},
						"3.0": {
							"post": [0, 0, 55],
							"lerp_mode": "catmullrom"
						},
						"3.25": {
							"post": [0, 0, 50],
							"lerp_mode": "catmullrom"
						},
						"3.5": {
							"post": [0, 0, 55],
							"lerp_mode": "catmullrom"
						},
						"4.2917": {
							"post": [0, 0, 55],
							"lerp_mode": "catmullrom"
						},
						"4.4167": {
							"post": [0, 0, 0],
							"lerp_mode": "catmullrom"
						}
					}
				},
				"cilinderr1": {
					"rotation": {
						"1.5": [0, 0, 0],
						"4.0833": [0, 0, 0]
					},
					"position": {
						"1.5": [0, 0, 0],
						"1.7083": [0, 0.2, 0],
						"1.875": [0, 0.5, 0],
						"2.4583": [0, 0.2, 0],
						"2.5833": [0, 0.5, 0],
						"4.0": [0, 0.5, 0],
						"4.0833": [0, 0, 0]
					}
				},
				"cilinderr2": {
					"rotation": [0, 0, 0],
					"position": {
						"1.25": [0, 0, 0],
						"1.375": [0, 0.2, 0],
						"2.4583": [0, 0.2, 0],
						"2.5833": [0, 0.5, 0],
						"4.0833": [0, 0.5, 0],
						"4.25": [0, 0, 0]
					}
				},
				"cilinderr3": {
					"rotation": {
						"0.9167": {
							"pre": [0, 0, 0],
							"post": [0, 0, 0],
							"lerp_mode": "catmullrom"
						},
						"4.4167": {
							"post": [0, 0, 0],
							"lerp_mode": "catmullrom"
						}
					},
					"position": {
						"0.9167": {
							"pre": [0, 0, 0],
							"post": [0, 0, 0],
							"lerp_mode": "catmullrom"
						},
						"1.2083": {
							"post": [0, 0.2, 0],
							"lerp_mode": "catmullrom"
						},
						"2.4583": {
							"post": [0, 0.2, 0],
							"lerp_mode": "catmullrom"
						},
						"2.5833": {
							"post": [0, 0.5, 0],
							"lerp_mode": "catmullrom"
						},
						"4.2917": {
							"post": [0, 0.5, 0],
							"lerp_mode": "catmullrom"
						},
						"4.4167": {
							"post": [0, 0, 0],
							"lerp_mode": "catmullrom"
						}
					}
				},
				"openwing_right2": {
					"rotation": {
						"0.25": [0, 0, 0],
						"4.875": {
							"pre": [0, 0, 0],
							"post": [0, 0, 0],
							"lerp_mode": "catmullrom"
						}
					},
					"position": {
						"0.25": [0, 0, 0],
						"0.375": [-0.10305, -0.08502, 0.0979],
						"0.4167": [-0.89695, -0.73998, 0.8521],
						"0.4583": [-1, -0.825, 0.95],
						"0.5": [-1, -0.825, 1.01161],
						"0.5417": [-1, -0.825, 1.23357],
						"0.5833": [-1, -0.825, 1.56643],
						"0.625": [-1, -0.825, 1.78839],
						"0.6667": [-1, -0.825, 1.85],
						"4.0": {
							"pre": [-1, -0.825, 1.85],
							"post": [-1, -0.825, 1.85],
							"lerp_mode": "catmullrom"
						},
						"4.5417": [-1, -0.825, 1.85],
						"4.5833": {
							"pre": [-1, -0.825, 1.85],
							"post": [-1, -0.825, 0.95]
						},
						"4.625": [-1, -0.825, 0.95],
						"4.75": [-1, -0.825, 0.95],
						"4.7917": [-0.89695, -0.73998, 0.8521],
						"4.8333": [-0.10305, -0.08502, 0.0979],
						"4.875": [0, 0, 0]
					}
				},
				"openwing_right": {
					"rotation": {
						"0.25": [0, 0, 0],
						"4.875": {
							"pre": [0, 0, 0],
							"post": [0, 0, 0],
							"lerp_mode": "catmullrom"
						}
					},
					"position": {
						"0.25": [0, 0, 0],
						"0.375": [-0.10305, 0.08502, 0.0979],
						"0.4167": [-0.89695, 0.73998, 0.8521],
						"0.4583": [-1, 0.825, 0.95],
						"0.5": [-1, 0.825, 1.01161],
						"0.5417": [-1, 0.825, 1.23357],
						"0.5833": [-1, 0.825, 1.56643],
						"0.625": [-1, 0.825, 1.78839],
						"0.6667": [-1, 0.825, 1.85],
						"4.0": {
							"pre": [-1, 0.825, 1.85],
							"post": [-1, 0.825, 1.85],
							"lerp_mode": "catmullrom"
						},
						"4.5417": [-1, 0.825, 1.85],
						"4.5833": {
							"pre": [-1, 0.825, 1.85],
							"post": [-1, 0.825, 0.95]
						},
						"4.625": [-1, 0.825, 0.95],
						"4.75": [-1, 0.825, 0.95],
						"4.7917": [-0.89695, 0.73998, 0.8521],
						"4.8333": [-0.10305, 0.08502, 0.0979],
						"4.875": [0, 0, 0]
					}
				},
				"openwing_left": {
					"rotation": {
						"0.25": [0, 0, 0],
						"0.375": [0, 0, 0],
						"0.4583": [0, 0, 0],
						"0.6667": [0, 0, 0],
						"4.0": {
							"pre": [0, 0, 0],
							"post": [0, 0, 0],
							"lerp_mode": "catmullrom"
						},
						"4.5417": [0, 0, 0],
						"4.5833": [0, 0, 0],
						"4.625": [0, 0, 0],
						"4.75": [0, 0, 0],
						"4.7917": [0, 0, 0],
						"4.875": {
							"pre": [0, 0, 0],
							"post": [0, 0, 0],
							"lerp_mode": "catmullrom"
						}
					},
					"position": {
						"0.25": [0, 0, 0],
						"0.375": [0.10305, 0.08502, 0.0979],
						"0.4167": [0.89695, 0.73998, 0.8521],
						"0.4583": [1, 0.825, 0.95],
						"0.5": [1, 0.825, 1.01161],
						"0.5417": [1, 0.825, 1.23357],
						"0.5833": [1, 0.825, 1.56643],
						"0.625": [1, 0.825, 1.78839],
						"0.6667": [1, 0.825, 1.85],
						"4.0": {
							"pre": [1, 0.825, 1.85],
							"post": [1, 0.825, 1.85],
							"lerp_mode": "catmullrom"
						},
						"4.5417": [1, 0.825, 1.85],
						"4.5833": {
							"pre": [1, 0.825, 1.85],
							"post": [1, 0.825, 0.95]
						},
						"4.625": [1, 0.825, 0.95],
						"4.75": [1, 0.825, 0.95],
						"4.7917": [0.89695, 0.73998, 0.8521],
						"4.8333": [0.10305, 0.08502, 0.0979],
						"4.875": [0, 0, 0]
					}
				},
				"openwing_left2": {
					"rotation": {
						"0.25": [0, 0, 0],
						"4.875": {
							"pre": [0, 0, 0],
							"post": [0, 0, 0],
							"lerp_mode": "catmullrom"
						}
					},
					"position": {
						"0.25": [0, 0, 0],
						"0.375": [0.10305, -0.08502, 0.0979],
						"0.4167": [0.89695, -0.73998, 0.8521],
						"0.4583": [1, -0.825, 0.95],
						"0.5": [1, -0.825, 1.01161],
						"0.5417": [1, -0.825, 1.23357],
						"0.5833": [1, -0.825, 1.56643],
						"0.625": [1, -0.825, 1.78839],
						"0.6667": [1, -0.825, 1.85],
						"4.0": {
							"pre": [1, -0.825, 1.85],
							"post": [1, -0.825, 1.85],
							"lerp_mode": "catmullrom"
						},
						"4.5417": [1, -0.825, 1.85],
						"4.5833": {
							"pre": [1, -0.825, 1.85],
							"post": [1, -0.825, 0.95]
						},
						"4.625": [1, -0.825, 0.95],
						"4.75": [1, -0.825, 0.95],
						"4.7917": [0.89695, -0.73998, 0.8521],
						"4.8333": [0.10305, -0.08502, 0.0979],
						"4.875": [0, 0, 0]
					}
				},
				"constraint": {
					"rotation": [0, 0, 0],
					"position": [0, 0, 0]
				},
				"heat_pipe_right": {
					"rotation": {
						"0.9583": {
							"pre": [0, 0, 0],
							"post": [0, 0, 0],
							"lerp_mode": "catmullrom"
						},
						"1.25": {
							"post": [0, 0, -32.5],
							"lerp_mode": "catmullrom"
						},
						"4.0417": {
							"post": [0, 0, -32.5],
							"lerp_mode": "catmullrom"
						},
						"4.3333": {
							"post": [0, 0, 0],
							"lerp_mode": "catmullrom"
						}
					},
					"position": {
						"0.9583": {
							"pre": [0, 0, 0],
							"post": [0, 0, 0],
							"lerp_mode": "catmullrom"
						},
						"1.25": {
							"post": [-0.1, 0, 0],
							"lerp_mode": "catmullrom"
						},
						"1.4167": {
							"post": [0, -0.3, 0],
							"lerp_mode": "catmullrom"
						},
						"4.0417": {
							"post": [0, -0.3, 0],
							"lerp_mode": "catmullrom"
						},
						"4.1667": {
							"post": [0, 0, 0],
							"lerp_mode": "catmullrom"
						},
						"4.3333": {
							"post": [0, 0, 0],
							"lerp_mode": "catmullrom"
						}
					}
				},
				"heat_pipe_left": {
					"rotation": {
						"0.9583": {
							"pre": [0, 0, 0],
							"post": [0, 0, 0],
							"lerp_mode": "catmullrom"
						},
						"1.25": {
							"post": [0, 0, 32.5],
							"lerp_mode": "catmullrom"
						},
						"4.0417": {
							"post": [0, 0, 32.5],
							"lerp_mode": "catmullrom"
						},
						"4.3333": {
							"post": [0, 0, 0],
							"lerp_mode": "catmullrom"
						}
					},
					"position": {
						"0.9583": {
							"pre": [0, 0, 0],
							"post": [0, 0, 0],
							"lerp_mode": "catmullrom"
						},
						"1.25": {
							"post": [0.1, 0, 0],
							"lerp_mode": "catmullrom"
						},
						"1.4167": {
							"post": [0, -0.3, 0],
							"lerp_mode": "catmullrom"
						},
						"4.0417": {
							"post": [0, -0.3, 0],
							"lerp_mode": "catmullrom"
						},
						"4.1667": {
							"post": [0, 0, 0],
							"lerp_mode": "catmullrom"
						},
						"4.3333": {
							"post": [0, 0, 0],
							"lerp_mode": "catmullrom"
						}
					}
				},
				"cilinder_inside_left": {
					"rotation": {
						"2.5833": {
							"pre": [0, 0, 0],
							"post": [0, 0, 0],
							"lerp_mode": "catmullrom"
						},
						"3.0": {
							"post": [0, 0, 0],
							"lerp_mode": "catmullrom"
						},
						"3.4583": {
							"post": [0, 0, 0],
							"lerp_mode": "catmullrom"
						},
						"3.9167": {
							"post": [0, 0, 0],
							"lerp_mode": "catmullrom"
						}
					},
					"position": {
						"2.5833": {
							"pre": [0, 0, 0],
							"post": [0, 0, 0],
							"lerp_mode": "catmullrom"
						},
						"2.7917": {
							"post": [0, 0.2, 0],
							"lerp_mode": "catmullrom"
						},
						"3.0": {
							"post": [0, 0, 0],
							"lerp_mode": "catmullrom"
						},
						"3.25": {
							"post": [0, 0.2, 0],
							"lerp_mode": "catmullrom"
						},
						"3.4583": {
							"post": [0, 0, 0],
							"lerp_mode": "catmullrom"
						},
						"3.6667": {
							"post": [0, 0.2, 0],
							"lerp_mode": "catmullrom"
						},
						"3.9167": {
							"post": [0, 0, 0],
							"lerp_mode": "catmullrom"
						}
					}
				},
				"cilinder_inside_left2": {
					"rotation": {
						"2.5833": {
							"pre": [0, 0, 0],
							"post": [0, 0, 0],
							"lerp_mode": "catmullrom"
						},
						"3.0": {
							"post": [0, 0, 0],
							"lerp_mode": "catmullrom"
						},
						"3.4583": {
							"post": [0, 0, 0],
							"lerp_mode": "catmullrom"
						},
						"3.9167": {
							"post": [0, 0, 0],
							"lerp_mode": "catmullrom"
						}
					},
					"position": {
						"2.5833": {
							"pre": [0, 0, 0],
							"post": [0, 0, 0],
							"lerp_mode": "catmullrom"
						},
						"2.7917": {
							"post": [0, 0.2, 0],
							"lerp_mode": "catmullrom"
						},
						"3.0": {
							"post": [0, 0, 0],
							"lerp_mode": "catmullrom"
						},
						"3.25": {
							"post": [0, 0.2, 0],
							"lerp_mode": "catmullrom"
						},
						"3.4583": {
							"post": [0, 0, 0],
							"lerp_mode": "catmullrom"
						},
						"3.6667": {
							"post": [0, 0.2, 0],
							"lerp_mode": "catmullrom"
						},
						"3.9167": {
							"post": [0, 0, 0],
							"lerp_mode": "catmullrom"
						}
					}
				},
				"camera": {
					"rotation": {
						"0.0": {
							"post": [0, 0, 0],
							"lerp_mode": "catmullrom"
						},
						"0.25": {
							"post": [6.04473, 6.96146, 0.73532],
							"lerp_mode": "catmullrom"
						},
						"0.625": {
							"post": [6.04473, 6.96146, 0.73532],
							"lerp_mode": "catmullrom"
						},
						"1.0833": {
							"post": [5.98232, 11.30353, 0.51934],
							"lerp_mode": "catmullrom"
						},
						"1.25": {
							"post": [6.30263, 10.83087, 2.17634],
							"lerp_mode": "catmullrom"
						},
						"1.4167": {
							"post": [6.29081, 10.83784, 2.11312],
							"lerp_mode": "catmullrom"
						},
						"1.5833": {
							"post": [6.11146, 10.939, 1.16399],
							"lerp_mode": "catmullrom"
						},
						"1.7083": {
							"post": [5.98232, 11.30353, 0.51934],
							"lerp_mode": "catmullrom"
						},
						"1.8333": {
							"post": [6.30263, 10.83087, 2.17634],
							"lerp_mode": "catmullrom"
						},
						"1.9583": {
							"post": [6.29081, 10.83784, 2.11312],
							"lerp_mode": "catmullrom"
						},
						"2.0833": {
							"post": [6.11146, 10.939, 1.16399],
							"lerp_mode": "catmullrom"
						},
						"2.2083": {
							"post": [5.98232, 11.30353, 0.51934],
							"lerp_mode": "catmullrom"
						},
						"2.3333": {
							"post": [6.30263, 10.83087, 2.17634],
							"lerp_mode": "catmullrom"
						},
						"2.4583": {
							"post": [6.29081, 10.83784, 2.11312],
							"lerp_mode": "catmullrom"
						},
						"2.5833": {
							"post": [6.11146, 10.939, 1.16399],
							"lerp_mode": "catmullrom"
						},
						"3.0": {
							"post": [6.49176, 10.71945, 3.18795],
							"lerp_mode": "catmullrom"
						},
						"3.5417": {
							"post": [6.11146, 10.939, 1.16399],
							"lerp_mode": "catmullrom"
						},
						"3.7083": {
							"post": [5.7438, 12.1402, -0.76088],
							"lerp_mode": "catmullrom"
						},
						"3.9583": {
							"post": [6.11146, 10.939, 1.16399],
							"lerp_mode": "catmullrom"
						},
						"4.0": {
							"post": [6.9183, 11.04379, 0.15091],
							"lerp_mode": "catmullrom"
						},
						"4.0417": {
							"post": [6.11146, 10.939, 1.16399],
							"lerp_mode": "catmullrom"
						},
						"4.4583": {
							"post": [6.11146, 10.939, 1.16399],
							"lerp_mode": "catmullrom"
						},
						"5.0": {
							"post": [0, 0, 0],
							"lerp_mode": "catmullrom"
						}
					},
					"position": {
						"0.0": {
							"post": [0, 0, 0],
							"lerp_mode": "catmullrom"
						},
						"0.9167": {
							"post": [0, 0, 0],
							"lerp_mode": "catmullrom"
						},
						"1.875": {
							"post": [0, 0, 0],
							"lerp_mode": "catmullrom"
						},
						"2.9583": {
							"post": [0, 0, -0.3],
							"lerp_mode": "catmullrom"
						},
						"3.5417": {
							"post": [0, 0, 0.1],
							"lerp_mode": "catmullrom"
						},
						"3.9583": {
							"post": [0, 0, 0],
							"lerp_mode": "catmullrom"
						},
						"4.0": {
							"post": [0, 0, -0.1],
							"lerp_mode": "catmullrom"
						},
						"4.0417": {
							"post": [0, 0, 0],
							"lerp_mode": "catmullrom"
						},
						"4.4583": {
							"post": [0, 0, 0],
							"lerp_mode": "catmullrom"
						},
						"5.0": {
							"post": [0, 0, 0],
							"lerp_mode": "catmullrom"
						}
					}
				},
				"flash_illuminated": {
					"scale": 0
				},
				"pre_effect_illuminated": {
					"scale": 0
				}
			},
			"sound_effects": {
				"0.0": {
					"effect": "doom:bfg9k/bfg9k_equip"
				}
			}
		},
		"shoot": {
			"loop": "hold_on_last_frame",
			"animation_length": 2.0417,
			"bones": {
				"springwing_right": {
					"rotation": {
						"0.0417": {
							"pre": [0, 0, 0],
							"post": [0, 0, 0],
							"lerp_mode": "catmullrom"
						},
						"0.3333": {
							"post": [0, 0, 37.5],
							"lerp_mode": "catmullrom"
						},
						"1.5": {
							"post": [0, 0, 37.5],
							"lerp_mode": "catmullrom"
						},
						"1.5417": {
							"post": [0, 0, 37.5],
							"lerp_mode": "catmullrom"
						},
						"1.75": {
							"post": [0, 0, 0],
							"lerp_mode": "catmullrom"
						}
					},
					"position": [0, 0, 0]
				},
				"springwing_left": {
					"rotation": {
						"0.0417": {
							"pre": [0, 0, 0],
							"post": [0, 0, 0],
							"lerp_mode": "catmullrom"
						},
						"0.3333": {
							"post": [0, 0, -37.5],
							"lerp_mode": "catmullrom"
						},
						"1.5": {
							"post": [0, 0, -37.5],
							"lerp_mode": "catmullrom"
						},
						"1.5417": {
							"post": [0, 0, -37.5],
							"lerp_mode": "catmullrom"
						},
						"1.75": {
							"post": [0, 0, 0],
							"lerp_mode": "catmullrom"
						}
					},
					"position": [0, 0, 0]
				},
				"cilinder_lit_left7": {
					"rotation": {
						"0.0": {
							"post": [0, 0, 0],
							"lerp_mode": "catmullrom"
						},
						"0.125": {
							"post": [0, 0, 27.5],
							"lerp_mode": "catmullrom"
						},
						"0.25": {
							"post": [0, 0, 25],
							"lerp_mode": "catmullrom"
						},
						"0.375": {
							"post": [0, 0, 27.5],
							"lerp_mode": "catmullrom"
						},
						"0.4583": {
							"post": [0, 0, 27.5],
							"lerp_mode": "catmullrom"
						},
						"0.625": {
							"post": [0, 0, 25],
							"lerp_mode": "catmullrom"
						},
						"0.7083": {
							"post": [0, 0, 32.5],
							"lerp_mode": "catmullrom"
						},
						"0.75": {
							"post": [0, 0, 55],
							"lerp_mode": "catmullrom"
						},
						"1.2917": {
							"post": [0, 0, 32.5],
							"lerp_mode": "catmullrom"
						},
						"1.7083": [0, 0, 22.5],
						"1.7917": [0, 0, 0]
					}
				},
				"cilinder_lit_left3": {
					"rotation": {
						"0.0": {
							"post": [0, 0, 0],
							"lerp_mode": "catmullrom"
						},
						"0.125": {
							"post": [0, 0, 27.5],
							"lerp_mode": "catmullrom"
						},
						"0.25": {
							"post": [0, 0, 25],
							"lerp_mode": "catmullrom"
						},
						"0.4167": {
							"post": [0, 0, 27.5],
							"lerp_mode": "catmullrom"
						},
						"0.625": {
							"post": [0, 0, 25],
							"lerp_mode": "catmullrom"
						},
						"0.7083": {
							"post": [0, 0, 32.5],
							"lerp_mode": "catmullrom"
						},
						"0.75": {
							"post": [0, 0, 55],
							"lerp_mode": "catmullrom"
						},
						"1.2917": {
							"post": [0, 0, 32.5],
							"lerp_mode": "catmullrom"
						},
						"1.875": {
							"post": [0, 0, 32.5],
							"lerp_mode": "catmullrom"
						},
						"1.9583": [0, 0, 22.5],
						"2.0": [0, 0, 0]
					}
				},
				"cilinder_lit_left2": {
					"rotation": {
						"0.0": {
							"post": [0, 0, 0],
							"lerp_mode": "catmullrom"
						},
						"0.375": {
							"post": [0, 0, 25],
							"lerp_mode": "catmullrom"
						},
						"0.4167": {
							"post": [0, 0, 27.5],
							"lerp_mode": "catmullrom"
						},
						"0.5": {
							"post": [0, 0, 27.5],
							"lerp_mode": "catmullrom"
						},
						"0.5417": {
							"post": [0, 0, 27.5],
							"lerp_mode": "catmullrom"
						},
						"0.625": {
							"post": [0, 0, 25],
							"lerp_mode": "catmullrom"
						},
						"0.7083": {
							"post": [0, 0, 32.5],
							"lerp_mode": "catmullrom"
						},
						"0.75": {
							"post": [0, 0, 55],
							"lerp_mode": "catmullrom"
						},
						"1.2917": {
							"post": [0, 0, 32.5],
							"lerp_mode": "catmullrom"
						},
						"1.5": [0, 0, 32.5],
						"1.5833": [0, 0, 0]
					}
				},
				"cilinder_lit_left5": {
					"rotation": {
						"0.0": {
							"post": [0, 0, 0],
							"lerp_mode": "catmullrom"
						},
						"0.125": {
							"post": [0, 0, 27.5],
							"lerp_mode": "catmullrom"
						},
						"0.25": {
							"post": [0, 0, 25],
							"lerp_mode": "catmullrom"
						},
						"0.375": {
							"post": [0, 0, 27.5],
							"lerp_mode": "catmullrom"
						},
						"0.4583": {
							"post": [0, 0, 27.5],
							"lerp_mode": "catmullrom"
						},
						"0.625": {
							"post": [0, 0, 25],
							"lerp_mode": "catmullrom"
						},
						"0.7083": {
							"post": [0, 0, 32.5],
							"lerp_mode": "catmullrom"
						},
						"0.75": {
							"post": [0, 0, 55],
							"lerp_mode": "catmullrom"
						},
						"1.2917": {
							"post": [0, 0, 32.5],
							"lerp_mode": "catmullrom"
						},
						"1.7083": [0, 0, 22.5],
						"1.7917": [0, 0, 0]
					}
				},
				"cilinder_lit_left6": {
					"rotation": {
						"0.0": {
							"post": [0, 0, 0],
							"lerp_mode": "catmullrom"
						},
						"0.375": {
							"post": [0, 0, 25],
							"lerp_mode": "catmullrom"
						},
						"0.4167": {
							"post": [0, 0, 27.5],
							"lerp_mode": "catmullrom"
						},
						"0.5": {
							"post": [0, 0, 25],
							"lerp_mode": "catmullrom"
						},
						"0.5417": {
							"post": [0, 0, 27.5],
							"lerp_mode": "catmullrom"
						},
						"0.625": {
							"post": [0, 0, 25],
							"lerp_mode": "catmullrom"
						},
						"0.7083": {
							"post": [0, 0, 32.5],
							"lerp_mode": "catmullrom"
						},
						"0.75": {
							"post": [0, 0, 55],
							"lerp_mode": "catmullrom"
						},
						"1.2917": {
							"post": [0, 0, 32.5],
							"lerp_mode": "catmullrom"
						},
						"1.5": [0, 0, 32.5],
						"1.5833": [0, 0, 0]
					}
				},
				"cilinder_lit_left8": {
					"rotation": {
						"0.0": {
							"post": [0, 0, 0],
							"lerp_mode": "catmullrom"
						},
						"0.125": {
							"post": [0, 0, 27.5],
							"lerp_mode": "catmullrom"
						},
						"0.25": {
							"post": [0, 0, 25],
							"lerp_mode": "catmullrom"
						},
						"0.4167": {
							"post": [0, 0, 27.5],
							"lerp_mode": "catmullrom"
						},
						"0.625": {
							"post": [0, 0, 25],
							"lerp_mode": "catmullrom"
						},
						"0.7083": {
							"post": [0, 0, 32.5],
							"lerp_mode": "catmullrom"
						},
						"0.75": {
							"post": [0, 0, 55],
							"lerp_mode": "catmullrom"
						},
						"1.2917": {
							"post": [0, 0, 32.5],
							"lerp_mode": "catmullrom"
						},
						"1.875": {
							"post": [0, 0, 32.5],
							"lerp_mode": "catmullrom"
						},
						"1.9583": [0, 0, 22.5],
						"2.0": [0, 0, 0]
					}
				},
				"root": {
					"rotation": {
						"0.0": {
							"post": [0, 0, 0],
							"lerp_mode": "catmullrom"
						},
						"0.25": {
							"post": [0, 0, 2],
							"lerp_mode": "catmullrom"
						},
						"0.5": {
							"post": [0, 0, -2],
							"lerp_mode": "catmullrom"
						},
						"0.75": [-4.49848, 0.08722, 1.9981],
						"0.8333": [-1.94326, -0.06786, -2.44362],
						"0.9167": [-1.28831, 0.00469, 0.82319],
						"1.75": {
							"pre": [0, 0, 0],
							"post": [0, 0, 0],
							"lerp_mode": "catmullrom"
						}
					},
					"position": {
						"0.0": {
							"post": [0, 0, 0],
							"lerp_mode": "catmullrom"
						},
						"0.7083": [0, 0, 0],
						"0.75": [0, 0, 4],
						"1.75": {
							"pre": [0, 0, 0],
							"post": [0, 0, 0],
							"lerp_mode": "catmullrom"
						}
					}
				},
				"rotate_cover6": {
					"rotation": {
						"0.0": {
							"post": [0, 0, 720],
							"lerp_mode": "catmullrom"
						},
						"0.7917": {
							"post": [0, 0, 0],
							"lerp_mode": "catmullrom"
						}
					},
					"position": [0, 0, 0]
				},
				"heat_pipe_right": {
					"rotation": {
						"0.0": {
							"post": [0, 0, 0],
							"lerp_mode": "catmullrom"
						},
						"0.1667": {
							"post": [0, 0, -32.5],
							"lerp_mode": "catmullrom"
						},
						"1.5": {
							"post": [0, 0, -32.5],
							"lerp_mode": "catmullrom"
						},
						"2.0": {
							"post": [0, 0, 0],
							"lerp_mode": "catmullrom"
						}
					},
					"position": {
						"0.0": {
							"post": [0, 0, 0],
							"lerp_mode": "catmullrom"
						},
						"0.1667": {
							"post": [-0.1, 0, 0],
							"lerp_mode": "catmullrom"
						},
						"0.3333": {
							"post": [0, -0.3, 0],
							"lerp_mode": "catmullrom"
						},
						"1.5": {
							"post": [0, -0.3, 0],
							"lerp_mode": "catmullrom"
						},
						"1.8333": {
							"post": [0, 0, 0],
							"lerp_mode": "catmullrom"
						},
						"2.0": {
							"post": [0, 0, 0],
							"lerp_mode": "catmullrom"
						}
					}
				},
				"heat_pipe_left": {
					"rotation": {
						"0.0": {
							"post": [0, 0, 0],
							"lerp_mode": "catmullrom"
						},
						"0.1667": {
							"post": [0, 0, 32.5],
							"lerp_mode": "catmullrom"
						},
						"1.5": {
							"post": [0, 0, 32.5],
							"lerp_mode": "catmullrom"
						},
						"2.0": {
							"post": [0, 0, 0],
							"lerp_mode": "catmullrom"
						}
					},
					"position": {
						"0.0": {
							"post": [0, 0, 0],
							"lerp_mode": "catmullrom"
						},
						"0.1667": {
							"post": [0.1, 0, 0],
							"lerp_mode": "catmullrom"
						},
						"0.3333": {
							"post": [0, -0.3, 0],
							"lerp_mode": "catmullrom"
						},
						"1.5": {
							"post": [0, -0.3, 0],
							"lerp_mode": "catmullrom"
						},
						"1.8333": {
							"post": [0, 0, 0],
							"lerp_mode": "catmullrom"
						},
						"2.0": {
							"post": [0, 0, 0],
							"lerp_mode": "catmullrom"
						}
					}
				},
				"main": {
					"position": {
						"0.6667": [0, 0, 0],
						"0.7083": [0, 0, 1.03051],
						"0.75": [0, 0, 8.96949],
						"0.7917": [0, 0, 9],
						"1.625": [0, 0, 9],
						"1.6667": [0, 0, 9.46411],
						"1.7083": [0, 0, 8.04813],
						"1.75": [0, 0, 6.07899],
						"1.7917": [0, 0, 3.92101],
						"1.8333": [0, 0, 1.95187],
						"1.875": [0, 0, 0.53589],
						"1.9167": {
							"pre": [0, 0, 0],
							"post": [0, 0, 0],
							"lerp_mode": "catmullrom"
						}
					}
				},
				"openwing_right2": {
					"rotation": {
						"0.0": {
							"post": [0, 0, 0],
							"lerp_mode": "catmullrom"
						},
						"1.7917": {
							"post": [0, 0, 0],
							"lerp_mode": "catmullrom"
						}
					},
					"position": {
						"0.0": {
							"post": [0, 0, 0],
							"lerp_mode": "catmullrom"
						},
						"0.125": {
							"post": [-1, -0.825, 0.95],
							"lerp_mode": "catmullrom"
						},
						"0.25": {
							"post": [-1, -0.825, 1.85],
							"lerp_mode": "catmullrom"
						},
						"1.25": {
							"post": [-1, -0.825, 1.85],
							"lerp_mode": "catmullrom"
						},
						"1.2917": {
							"post": [-1, -0.825, 1.85],
							"lerp_mode": "catmullrom"
						},
						"1.4583": [-1, -0.825, 1.85],
						"1.5": {"pre": [-1, -0.825, 1.85], "post": [-1, -0.825, 0.95]},
						"1.5417": [-1, -0.825, 0.95],
						"1.6667": [-1, -0.825, 0.95],
						"1.7083": [-0.89695, -0.73998, 0.8521],
						"1.75": [-0.10305, -0.08502, 0.0979],
						"1.7917": [0, 0, 0]
					}
				},
				"openwing_right": {
					"rotation": {
						"0.0": {
							"post": [0, 0, 0],
							"lerp_mode": "catmullrom"
						},
						"1.7917": {
							"post": [0, 0, 0],
							"lerp_mode": "catmullrom"
						}
					},
					"position": {
						"0.0": {
							"post": [0, 0, 0],
							"lerp_mode": "catmullrom"
						},
						"0.125": {
							"post": [-1, 0.825, 0.95],
							"lerp_mode": "catmullrom"
						},
						"0.25": {
							"post": [-1, 0.825, 1.85],
							"lerp_mode": "catmullrom"
						},
						"1.25": {
							"post": [-1, 0.825, 1.85],
							"lerp_mode": "catmullrom"
						},
						"1.2917": {
							"post": [-1, 0.825, 1.85],
							"lerp_mode": "catmullrom"
						},
						"1.4583": [-1, 0.825, 1.85],
						"1.5": {"pre": [-1, 0.825, 1.85], "post": [-1, 0.825, 0.95]},
						"1.5417": [-1, 0.825, 0.95],
						"1.6667": [-1, 0.825, 0.95],
						"1.7083": [-0.89695, 0.73998, 0.8521],
						"1.75": [-0.10305, 0.08502, 0.0979],
						"1.7917": [0, 0, 0]
					}
				},
				"openwing_left": {
					"rotation": {
						"0.0": {
							"post": [0, 0, 0],
							"lerp_mode": "catmullrom"
						},
						"0.125": {
							"post": [0, 0, 0],
							"lerp_mode": "catmullrom"
						},
						"0.25": {
							"post": [0, 0, 0],
							"lerp_mode": "catmullrom"
						},
						"1.25": {
							"post": [0, 0, 0],
							"lerp_mode": "catmullrom"
						},
						"1.2917": {
							"post": [0, 0, 0],
							"lerp_mode": "catmullrom"
						},
						"1.4583": [0, 0, 0],
						"1.5": [0, 0, 0],
						"1.5417": [0, 0, 0],
						"1.6667": [0, 0, 0],
						"1.7083": [0, 0, 0],
						"1.7917": {
							"pre": [0, 0, 0],
							"post": [0, 0, 0],
							"lerp_mode": "catmullrom"
						}
					},
					"position": {
						"0.0": {
							"post": [0, 0, 0],
							"lerp_mode": "catmullrom"
						},
						"0.125": {
							"post": [1, 0.825, 0.95],
							"lerp_mode": "catmullrom"
						},
						"0.25": {
							"post": [1, 0.825, 1.85],
							"lerp_mode": "catmullrom"
						},
						"1.25": {
							"post": [1, 0.825, 1.85],
							"lerp_mode": "catmullrom"
						},
						"1.2917": {
							"post": [1, 0.825, 1.85],
							"lerp_mode": "catmullrom"
						},
						"1.4583": [1, 0.825, 1.85],
						"1.5": {"pre": [1, 0.825, 1.85], "post": [1, 0.825, 0.95]},
						"1.5417": [1, 0.825, 0.95],
						"1.6667": [1, 0.825, 0.95],
						"1.7083": [0.89695, 0.73998, 0.8521],
						"1.75": [0.10305, 0.08502, 0.0979],
						"1.7917": [0, 0, 0]
					}
				},
				"openwing_left2": {
					"rotation": {
						"0.0": {
							"post": [0, 0, 0],
							"lerp_mode": "catmullrom"
						},
						"1.7917": {
							"post": [0, 0, 0],
							"lerp_mode": "catmullrom"
						}
					},
					"position": {
						"0.0": {
							"post": [0, 0, 0],
							"lerp_mode": "catmullrom"
						},
						"0.125": {
							"post": [1, -0.825, 0.95],
							"lerp_mode": "catmullrom"
						},
						"0.25": {
							"post": [1, -0.825, 1.85],
							"lerp_mode": "catmullrom"
						},
						"1.25": {
							"post": [1, -0.825, 1.85],
							"lerp_mode": "catmullrom"
						},
						"1.2917": {
							"post": [1, -0.825, 1.85],
							"lerp_mode": "catmullrom"
						},
						"1.4583": [1, -0.825, 1.85],
						"1.5": {"pre": [1, -0.825, 1.85], "post": [1, -0.825, 0.95]},
						"1.5417": [1, -0.825, 0.95],
						"1.6667": [1, -0.825, 0.95],
						"1.7083": [0.89695, -0.73998, 0.8521],
						"1.75": [0.10305, -0.08502, 0.0979],
						"1.7917": [0, 0, 0]
					}
				},
				"camera": {
					"rotation": {
						"0.0": {
							"post": [0, 0, 0],
							"lerp_mode": "catmullrom"
						},
						"0.25": {
							"post": [0, 0, 2],
							"lerp_mode": "catmullrom"
						},
						"0.5": {
							"post": [0, 0, -2],
							"lerp_mode": "catmullrom"
						},
						"0.7083": {
							"post": [-3, 0, -4],
							"lerp_mode": "catmullrom"
						},
						"0.9167": {
							"post": [-3, 0, 4],
							"lerp_mode": "catmullrom"
						},
						"1.25": {
							"post": [0, 0, 0.75],
							"lerp_mode": "catmullrom"
						},
						"1.3333": {
							"post": [0, 0, -0.75],
							"lerp_mode": "catmullrom"
						},
						"1.5833": {
							"post": [0, 0, 0],
							"lerp_mode": "catmullrom"
						}
					},
					"position": {
						"0.1667": {
							"pre": [0, 0, 0],
							"post": [0, 0, 0],
							"lerp_mode": "catmullrom"
						},
						"0.5417": {
							"post": [0, 0, -2],
							"lerp_mode": "catmullrom"
						},
						"1.5": {
							"post": [0, 0, 0],
							"lerp_mode": "catmullrom"
						}
					}
				},
				"cilinderr3": {
					"rotation": {
						"0.1667": {
							"pre": [0, 0, 0],
							"post": [0, 0, 0],
							"lerp_mode": "catmullrom"
						}
					},
					"position": {
						"0.1667": {
							"pre": [0, 0, 0],
							"post": [0, 0, 0],
							"lerp_mode": "catmullrom"
						},
						"0.5833": {
							"post": [0, 0.3, 0],
							"lerp_mode": "catmullrom"
						},
						"0.75": {
							"post": [0, 0.93, 0],
							"lerp_mode": "catmullrom"
						},
						"0.9583": {
							"post": [0, 0.93, 0],
							"lerp_mode": "catmullrom"
						},
						"1.2917": {
							"post": [0, 0.59, 0],
							"lerp_mode": "catmullrom"
						},
						"1.9167": {
							"post": [0, 0.59, 0],
							"lerp_mode": "catmullrom"
						},
						"2.0": {
							"post": [0, 0, 0],
							"lerp_mode": "catmullrom"
						}
					}
				},
				"cilinderl3": {
					"rotation": {
						"0.1667": {
							"pre": [0, 0, 0],
							"post": [0, 0, 0],
							"lerp_mode": "catmullrom"
						}
					},
					"position": {
						"0.1667": {
							"pre": [0, 0, 0],
							"post": [0, 0, 0],
							"lerp_mode": "catmullrom"
						},
						"0.5833": {
							"post": [0, 0.3, 0],
							"lerp_mode": "catmullrom"
						},
						"0.75": {
							"post": [0, 0.93, 0],
							"lerp_mode": "catmullrom"
						},
						"0.9583": {
							"post": [0, 0.93, 0],
							"lerp_mode": "catmullrom"
						},
						"1.2917": {
							"post": [0, 0.59, 0],
							"lerp_mode": "catmullrom"
						},
						"1.9167": {
							"post": [0, 0.59, 0],
							"lerp_mode": "catmullrom"
						},
						"2.0": {
							"post": [0, 0, 0],
							"lerp_mode": "catmullrom"
						}
					}
				},
				"cilinderl2": {
					"rotation": {
						"0.1667": {
							"pre": [0, 0, 0],
							"post": [0, 0, 0],
							"lerp_mode": "catmullrom"
						}
					},
					"position": {
						"0.1667": {
							"pre": [0, 0, 0],
							"post": [0, 0, 0],
							"lerp_mode": "catmullrom"
						},
						"0.5833": {
							"post": [0, 0.3, 0],
							"lerp_mode": "catmullrom"
						},
						"0.75": {
							"post": [0, 0.93, 0],
							"lerp_mode": "catmullrom"
						},
						"0.9583": {
							"post": [0, 0.93, 0],
							"lerp_mode": "catmullrom"
						},
						"1.4583": {
							"post": [0, 0.43, 0],
							"lerp_mode": "catmullrom"
						},
						"1.7083": {
							"post": [0, 0.37, 0],
							"lerp_mode": "catmullrom"
						},
						"1.7917": {
							"post": [0, 0, 0],
							"lerp_mode": "catmullrom"
						}
					}
				},
				"cilinderl1": {
					"rotation": {
						"0.1667": {
							"pre": [0, 0, 0],
							"post": [0, 0, 0],
							"lerp_mode": "catmullrom"
						}
					},
					"position": {
						"0.1667": {
							"pre": [0, 0, 0],
							"post": [0, 0, 0],
							"lerp_mode": "catmullrom"
						},
						"0.5833": {
							"post": [0, 0.3, 0],
							"lerp_mode": "catmullrom"
						},
						"0.75": {
							"post": [0, 0.93, 0],
							"lerp_mode": "catmullrom"
						},
						"1.125": {
							"post": [0, 0.93, 0],
							"lerp_mode": "catmullrom"
						},
						"1.375": {
							"post": [0, 0.55, 0],
							"lerp_mode": "catmullrom"
						},
						"1.6667": {
							"post": [0, 0, 0],
							"lerp_mode": "catmullrom"
						}
					}
				},
				"cilinderr1": {
					"rotation": {
						"0.1667": {
							"pre": [0, 0, 0],
							"post": [0, 0, 0],
							"lerp_mode": "catmullrom"
						}
					},
					"position": {
						"0.1667": {
							"pre": [0, 0, 0],
							"post": [0, 0, 0],
							"lerp_mode": "catmullrom"
						},
						"0.5833": {
							"post": [0, 0.3, 0],
							"lerp_mode": "catmullrom"
						},
						"0.75": {
							"post": [0, 0.93, 0],
							"lerp_mode": "catmullrom"
						},
						"1.125": {
							"post": [0, 0.93, 0],
							"lerp_mode": "catmullrom"
						},
						"1.375": {
							"post": [0, 0.55, 0],
							"lerp_mode": "catmullrom"
						},
						"1.6667": {
							"post": [0, 0, 0],
							"lerp_mode": "catmullrom"
						}
					}
				},
				"cilinderr2": {
					"rotation": {
						"0.1667": {
							"pre": [0, 0, 0],
							"post": [0, 0, 0],
							"lerp_mode": "catmullrom"
						}
					},
					"position": {
						"0.1667": {
							"pre": [0, 0, 0],
							"post": [0, 0, 0],
							"lerp_mode": "catmullrom"
						},
						"0.4167": {
							"post": [0, 0.3, 0],
							"lerp_mode": "catmullrom"
						},
						"0.7083": [0, 0.3, 0],
						"0.75": [0, 0.93, 0],
						"0.9583": {
							"pre": [0, 0.93, 0],
							"post": [0, 0.93, 0],
							"lerp_mode": "catmullrom"
						},
						"1.4583": {
							"post": [0, 0.38, 0],
							"lerp_mode": "catmullrom"
						},
						"1.7083": {
							"post": [0, 0.37, 0],
							"lerp_mode": "catmullrom"
						},
						"1.7917": {
							"post": [0, 0, 0],
							"lerp_mode": "catmullrom"
						}
					}
				},
				"cilinder_lit_left": {
					"rotation": [0, 0, 0],
					"position": [0, 0, 0]
				},
				"pre_effect_illuminated": {
					"scale": {
						"0.0": {"pre": [0, 0, 0], "post": [1, 1, 1]},
						"0.75": {"pre": [1, 1, 1], "post": [0, 0, 0]}
					}
				},
				"bone24": {
					"position": {
						"0.0": {
							"post": [-0.4, 5.4, 0],
							"lerp_mode": "catmullrom"
						},
						"0.7083": {
							"post": [0, 0, 0],
							"lerp_mode": "catmullrom"
						}
					},
					"scale": {
						"0.0": {
							"post": [1, 1, 1],
							"lerp_mode": "catmullrom"
						},
						"0.7083": {
							"post": [1, 1, 1],
							"lerp_mode": "catmullrom"
						}
					}
				},
				"bone13": {
					"position": {
						"0.0": {
							"post": [-0.8, 3.7, 0],
							"lerp_mode": "catmullrom"
						},
						"0.7083": {
							"post": [0, 0, 0],
							"lerp_mode": "catmullrom"
						}
					},
					"scale": {
						"0.0": {
							"post": [1, 1, 1],
							"lerp_mode": "catmullrom"
						},
						"0.7083": {
							"post": [1, 1, 1],
							"lerp_mode": "catmullrom"
						}
					}
				},
				"bone14": {
					"position": {
						"0.0": {
							"post": [4.8, 6, 0],
							"lerp_mode": "catmullrom"
						},
						"0.7083": {
							"post": [0, 0, 0],
							"lerp_mode": "catmullrom"
						}
					},
					"scale": {
						"0.0": {
							"post": [1, 1, 1],
							"lerp_mode": "catmullrom"
						},
						"0.7083": {
							"post": [1, 1, 1],
							"lerp_mode": "catmullrom"
						}
					}
				},
				"bone15": {
					"position": {
						"0.0": {
							"post": [6.3, 4.1, 0],
							"lerp_mode": "catmullrom"
						},
						"0.7083": {
							"post": [0, 0, 0],
							"lerp_mode": "catmullrom"
						}
					},
					"scale": {
						"0.0": {
							"post": [1, 1, 1],
							"lerp_mode": "catmullrom"
						},
						"0.7083": {
							"post": [1, 1, 1],
							"lerp_mode": "catmullrom"
						}
					}
				},
				"bone16": {
					"position": {
						"0.0": {
							"post": [5, 6.5, 0],
							"lerp_mode": "catmullrom"
						},
						"0.7083": {
							"post": [0, 0, 0],
							"lerp_mode": "catmullrom"
						}
					},
					"scale": {
						"0.0": {
							"post": [1, 1, 1],
							"lerp_mode": "catmullrom"
						},
						"0.7083": {
							"post": [1, 1, 1],
							"lerp_mode": "catmullrom"
						}
					}
				},
				"bone17": {
					"position": {
						"0.0": {
							"post": [-3.9, 3.3, 0],
							"lerp_mode": "catmullrom"
						},
						"0.7083": {
							"post": [0, 0, 0],
							"lerp_mode": "catmullrom"
						}
					},
					"scale": {
						"0.0": {
							"post": [1, 1, 1],
							"lerp_mode": "catmullrom"
						},
						"0.7083": {
							"post": [1, 1, 1],
							"lerp_mode": "catmullrom"
						}
					}
				},
				"bone18": {
					"position": {
						"0.0": {
							"post": [2.3, 5.2, 0],
							"lerp_mode": "catmullrom"
						},
						"0.7083": {
							"post": [0, 0, 0],
							"lerp_mode": "catmullrom"
						}
					},
					"scale": {
						"0.0": {
							"post": [1, 1, 1],
							"lerp_mode": "catmullrom"
						},
						"0.7083": {
							"post": [1, 1, 1],
							"lerp_mode": "catmullrom"
						}
					}
				},
				"bone19": {
					"position": {
						"0.0": {
							"post": [-2.1, 4.4, 0],
							"lerp_mode": "catmullrom"
						},
						"0.7083": {
							"post": [0, 0, 0],
							"lerp_mode": "catmullrom"
						}
					},
					"scale": {
						"0.0": {
							"post": [1, 1, 1],
							"lerp_mode": "catmullrom"
						},
						"0.7083": {
							"post": [1, 1, 1],
							"lerp_mode": "catmullrom"
						}
					}
				},
				"bone20": {
					"position": {
						"0.0": {
							"post": [1.5, 3.9, 0],
							"lerp_mode": "catmullrom"
						},
						"0.7083": {
							"post": [0, 0, 0],
							"lerp_mode": "catmullrom"
						}
					},
					"scale": {
						"0.0": {
							"post": [1, 1, 1],
							"lerp_mode": "catmullrom"
						},
						"0.7083": {
							"post": [1, 1, 1],
							"lerp_mode": "catmullrom"
						}
					}
				},
				"bone21": {
					"position": {
						"0.0": {
							"post": [4.7, 3.1, 0],
							"lerp_mode": "catmullrom"
						},
						"0.7083": {
							"post": [0, 0, 0],
							"lerp_mode": "catmullrom"
						}
					},
					"scale": {
						"0.0": {
							"post": [1, 1, 1],
							"lerp_mode": "catmullrom"
						},
						"0.7083": {
							"post": [1, 1, 1],
							"lerp_mode": "catmullrom"
						}
					}
				},
				"bone22": {
					"position": {
						"0.0": {
							"post": [-4, 5.1, 0],
							"lerp_mode": "catmullrom"
						},
						"0.7083": {
							"post": [0, 0, 0],
							"lerp_mode": "catmullrom"
						}
					},
					"scale": {
						"0.0": {
							"post": [1, 1, 1],
							"lerp_mode": "catmullrom"
						},
						"0.7083": {
							"post": [1, 1, 1],
							"lerp_mode": "catmullrom"
						}
					}
				},
				"bone23": {
					"position": {
						"0.0": {
							"post": [-5.9, 4.3, 0],
							"lerp_mode": "catmullrom"
						},
						"0.7083": {
							"post": [0, 0, 0],
							"lerp_mode": "catmullrom"
						}
					},
					"scale": {
						"0.0": {
							"post": [1, 1, 1],
							"lerp_mode": "catmullrom"
						},
						"0.7083": {
							"post": [1, 1, 1],
							"lerp_mode": "catmullrom"
						}
					}
				},
				"flash_illuminated": {
					"scale": {
						"0.5": [0, 0, 0],
						"0.7083": {"pre": [0, 0, 0], "post": [1, 1, 1]},
						"0.8333": [1, 1, 1],
						"0.9167": {"pre": [1, 1, 1], "post": [0, 0, 0]}
					}
				}
			},
			"particle_effects": {
				"0.0": {
					"effect": "energy",
					"locator": "locator"
				}
			}
		}
	}
}