{
	"format_version": "1.8.0",
	"animations": {
		"static_idle": {
			"loop": true,
			"bones": {
				"root": {
					"rotation": [0, 0, 0],
					"position": [0, 0, 0]
				},
				"right": {
					"rotation": [0, 0, 0],
					"position": [0, 0, 0]
				},
				"pump": {
					"position": [0, 0, 0]
				},
				"righthand": {
					"rotation": [87.66868, -22.42726, -1.36119],
					"position": [-5.8, -9.7, 1],
					"scale": [1, 1.2, 1]
				},
				"left": {
					"rotation": [0, 0, 0],
					"position": [0, 0, 0]
				},
				"lefthand": {
					"rotation": [107.39483, 26.49541, 52.11346],
					"position": [6.9, -8.8, -14.1],
					"scale": [1, 1.43, 1]
				},
				"bullet": {
					"rotation": [0, 0, 0],
					"scale": 0
				},
				"bullet_shell": {
					"rotation": [0, 0, 0],
					"position": [0, 0, 0],
					"scale": 0
				},
				"auto": {
					"scale": 0
				},
				"normal": {
					"scale": 1
				},
				"keypin": {
					"rotation": [0, 0, 0]
				},
				"keypin2": {
					"rotation": [0, 0, 0]
				},
				"feeder": {
					"position": [0, 0, 0]
				},
				"mesuresight": {
					"rotation": [0, 0, 0]
				},
				"ejector": {
					"scale": 0
				},
				"ejector2": {
					"scale": 0
				},
				"iron_sight": {
					"scale": 0
				},
				"constraint": {
					"rotation": [0.2, 0.2, 0.2],
					"position": [0.2, 0.2, 0.2]
				}
			}
		},
		"inspect": {
			"loop": "hold_on_last_frame",
			"animation_length": 3.75,
			"bones": {
				"root": {
					"rotation": {
						"0.0": {
							"post": [0, 0, 0],
							"lerp_mode": "catmullrom"
						},
						"0.5": {
							"post": [-26.06878, -61.71915, 7.2011],
							"lerp_mode": "catmullrom"
						},
						"1.375": {
							"post": [-26.06878, -61.71915, 7.2011],
							"lerp_mode": "catmullrom"
						},
						"2.0": {
							"post": [-42.57571, 25.26089, 62.58],
							"lerp_mode": "catmullrom"
						},
						"2.9167": {
							"post": [-42.57571, 25.26089, 62.58],
							"lerp_mode": "catmullrom"
						},
						"3.75": {
							"post": [0, 0, 0],
							"lerp_mode": "catmullrom"
						}
					},
					"position": {
						"0.0": {
							"post": [0, 0, 0],
							"lerp_mode": "catmullrom"
						},
						"0.5": {
							"post": [1, 0, -6],
							"lerp_mode": "catmullrom"
						},
						"1.375": {
							"post": [1, 0, -6],
							"lerp_mode": "catmullrom"
						},
						"2.0": {
							"post": [1, 0, -8],
							"lerp_mode": "catmullrom"
						},
						"2.2917": {
							"post": [1, 0, -8],
							"lerp_mode": "catmullrom"
						},
						"2.3333": {
							"post": [0.5, -0.5, -7.5],
							"lerp_mode": "catmullrom"
						},
						"2.5": {
							"post": [0.5, -0.5, -7.5],
							"lerp_mode": "catmullrom"
						},
						"2.625": {
							"post": [1, 0, -8],
							"lerp_mode": "catmullrom"
						},
						"2.9583": {
							"post": [1, 0, -8],
							"lerp_mode": "catmullrom"
						},
						"3.75": {
							"post": [0, 0, 0],
							"lerp_mode": "catmullrom"
						}
					}
				},
				"right": {
					"rotation": {
						"0.0": {
							"post": [0, 0, 0],
							"lerp_mode": "catmullrom"
						}
					},
					"position": {
						"0.0": {
							"post": [0, 0, 0],
							"lerp_mode": "catmullrom"
						}
					}
				},
				"pump": {
					"position": {
						"2.2917": [0, 0, 0],
						"2.3333": [0, 0, 4],
						"2.5": [0, 0, 4],
						"2.625": [0, 0, 0]
					}
				},
				"righthand": {
					"rotation": {
						"0.0": {
							"post": [87.66868, -22.42726, -1.36119],
							"lerp_mode": "catmullrom"
						},
						"0.4167": {
							"post": [87.66868, -22.42726, -1.36119],
							"lerp_mode": "catmullrom"
						}
					},
					"position": {
						"0.0": {
							"post": [-5.8, -9.7, 1],
							"lerp_mode": "catmullrom"
						}
					},
					"scale": {
						"0.0": {
							"post": [1, 1.2, 1],
							"lerp_mode": "catmullrom"
						}
					}
				},
				"left": {
					"rotation": {
						"0.0": {
							"post": [0, 0, 0],
							"lerp_mode": "catmullrom"
						}
					},
					"position": {
						"0.0": {
							"post": [0, 0, 0],
							"lerp_mode": "catmullrom"
						}
					}
				},
				"lefthand": {
					"rotation": {
						"0.0": {
							"post": [107.39483, 26.49541, 52.11346],
							"lerp_mode": "catmullrom"
						}
					},
					"position": {
						"0.0": {
							"post": [6.9, -8.8, -14.1],
							"lerp_mode": "catmullrom"
						},
						"2.2917": {
							"post": [6.9, -8.2, -14.1],
							"lerp_mode": "catmullrom"
						},
						"2.3333": {
							"post": [6.9, -8.2, -11.9],
							"lerp_mode": "catmullrom"
						},
						"2.5": {
							"post": [6.9, -8.2, -11.9],
							"lerp_mode": "catmullrom"
						},
						"2.625": {
							"post": [6.9, -8.8, -14.1],
							"lerp_mode": "catmullrom"
						}
					},
					"scale": [1, 1.43, 1]
				},
				"bullet": {
					"rotation": {
						"0.0": {
							"post": [0, 0, 0],
							"lerp_mode": "catmullrom"
						}
					}
				},
				"bullet_shell": {
					"rotation": {
						"0.0": {
							"post": [0, 0, 0],
							"lerp_mode": "catmullrom"
						}
					},
					"position": {
						"0.0": {
							"post": [0, 0, 0],
							"lerp_mode": "catmullrom"
						}
					}
				},
				"auto": {
					"scale": {
						"0.0": {
							"post": [0, 0, 0],
							"lerp_mode": "catmullrom"
						}
					}
				},
				"normal": {
					"scale": {
						"0.0": {
							"post": [1, 1, 1],
							"lerp_mode": "catmullrom"
						}
					}
				},
				"camera": {
					"rotation": {
						"0.0": {
							"post": [0, 0, 0],
							"lerp_mode": "catmullrom"
						},
						"1.125": {
							"post": [9, 7, 0],
							"lerp_mode": "catmullrom"
						},
						"2.2917": {
							"post": [0, 0, 0],
							"lerp_mode": "catmullrom"
						},
						"2.3333": {
							"post": [0, 0, 1],
							"lerp_mode": "catmullrom"
						},
						"2.375": {
							"post": [0, 0, 0],
							"lerp_mode": "catmullrom"
						},
						"2.5": {
							"post": [0, 0, 0],
							"lerp_mode": "catmullrom"
						},
						"2.5417": {
							"post": [0, 0, 1],
							"lerp_mode": "catmullrom"
						},
						"2.625": {
							"post": [0, 0, 0],
							"lerp_mode": "catmullrom"
						}
					},
					"position": {
						"0.0": {
							"post": [0, 0, 0],
							"lerp_mode": "catmullrom"
						},
						"2.2917": {
							"post": [0, 0, 0],
							"lerp_mode": "catmullrom"
						},
						"2.3333": {
							"post": [0, -0.1, 0],
							"lerp_mode": "catmullrom"
						},
						"2.5": {
							"post": [0, -0.1, 0],
							"lerp_mode": "catmullrom"
						},
						"2.625": {
							"post": [0, 0, 0],
							"lerp_mode": "catmullrom"
						}
					}
				},
				"semi_illuminated": {
					"scale": 0
				},
				"auto_illuminated": {
					"scale": 0
				},
				"ejector2": {
					"scale": 0
				},
				"feeder": {
					"position": {
						"0.9583": [0, 0, 2.55],
						"1.125": [0, 0, 0]
					}
				},
				"mesuresight": {
					"rotation": {
						"0.9583": [-90, 0, 0],
						"1.125": [0, 0, 0]
					}
				},
				"ejector": {
					"scale": 0
				},
				"iron_sight": {
					"scale": 0
				},
				"constraint": {
					"rotation": [0.2, 0.2, 0.2],
					"position": [0.2, 0.2, 0.2]
				}
			},
			"sound_effects": {
				"0.0": {
					"effect": "doom:combat_shotgun_grenade/combat_shotgun_gre_inspect"
				}
			}
		},
		"inspect_empty": {
			"loop": "hold_on_last_frame",
			"animation_length": 3.75,
			"bones": {
				"root": {
					"rotation": {
						"0.0": {
							"post": [0, 0, 0],
							"lerp_mode": "catmullrom"
						},
						"0.5": {
							"post": [-26.06878, -61.71915, 7.2011],
							"lerp_mode": "catmullrom"
						},
						"1.375": {
							"post": [-26.06878, -61.71915, 7.2011],
							"lerp_mode": "catmullrom"
						},
						"2.0": {
							"post": [-42.57571, 25.26089, 62.58],
							"lerp_mode": "catmullrom"
						},
						"2.9167": {
							"post": [-42.57571, 25.26089, 62.58],
							"lerp_mode": "catmullrom"
						},
						"3.75": {
							"post": [0, 0, 0],
							"lerp_mode": "catmullrom"
						}
					},
					"position": {
						"0.0": {
							"post": [0, 0, 0],
							"lerp_mode": "catmullrom"
						},
						"0.5": {
							"post": [1, 0, -6],
							"lerp_mode": "catmullrom"
						},
						"1.375": {
							"post": [1, 0, -6],
							"lerp_mode": "catmullrom"
						},
						"2.0": {
							"post": [1, 0, -8],
							"lerp_mode": "catmullrom"
						},
						"2.2917": {
							"post": [1, 0, -8],
							"lerp_mode": "catmullrom"
						},
						"2.3333": {
							"post": [0.5, -0.5, -7.5],
							"lerp_mode": "catmullrom"
						},
						"2.5": {
							"post": [0.5, -0.5, -7.5],
							"lerp_mode": "catmullrom"
						},
						"2.625": {
							"post": [1, 0, -8],
							"lerp_mode": "catmullrom"
						},
						"2.9583": {
							"post": [1, 0, -8],
							"lerp_mode": "catmullrom"
						},
						"3.75": {
							"post": [0, 0, 0],
							"lerp_mode": "catmullrom"
						}
					}
				},
				"right": {
					"rotation": {
						"0.0": {
							"post": [0, 0, 0],
							"lerp_mode": "catmullrom"
						}
					},
					"position": {
						"0.0": {
							"post": [0, 0, 0],
							"lerp_mode": "catmullrom"
						}
					}
				},
				"pump": {
					"position": {
						"2.2917": [0, 0, 0],
						"2.3333": [0, 0, 4],
						"2.5": [0, 0, 4],
						"2.625": [0, 0, 0]
					}
				},
				"righthand": {
					"rotation": {
						"0.0": {
							"post": [87.66868, -22.42726, -1.36119],
							"lerp_mode": "catmullrom"
						},
						"0.4167": {
							"post": [87.66868, -22.42726, -1.36119],
							"lerp_mode": "catmullrom"
						}
					},
					"position": {
						"0.0": {
							"post": [-5.8, -9.7, 1],
							"lerp_mode": "catmullrom"
						}
					},
					"scale": {
						"0.0": {
							"post": [1, 1.2, 1],
							"lerp_mode": "catmullrom"
						}
					}
				},
				"left": {
					"rotation": {
						"0.0": {
							"post": [0, 0, 0],
							"lerp_mode": "catmullrom"
						}
					},
					"position": {
						"0.0": {
							"post": [0, 0, 0],
							"lerp_mode": "catmullrom"
						}
					}
				},
				"lefthand": {
					"rotation": {
						"0.0": {
							"post": [107.39483, 26.49541, 52.11346],
							"lerp_mode": "catmullrom"
						}
					},
					"position": {
						"0.0": {
							"post": [6.9, -8.8, -14.1],
							"lerp_mode": "catmullrom"
						},
						"2.2917": {
							"post": [6.9, -8.2, -14.1],
							"lerp_mode": "catmullrom"
						},
						"2.3333": {
							"post": [6.9, -8.2, -11.9],
							"lerp_mode": "catmullrom"
						},
						"2.5": {
							"post": [6.9, -8.2, -11.9],
							"lerp_mode": "catmullrom"
						},
						"2.625": {
							"post": [6.9, -8.8, -14.1],
							"lerp_mode": "catmullrom"
						}
					},
					"scale": [1, 1.43, 1]
				},
				"bullet": {
					"rotation": {
						"0.0": {
							"post": [0, 0, 0],
							"lerp_mode": "catmullrom"
						}
					}
				},
				"bullet_shell": {
					"rotation": {
						"0.0": {
							"post": [0, 0, 0],
							"lerp_mode": "catmullrom"
						}
					},
					"position": {
						"0.0": {
							"post": [0, 0, 0],
							"lerp_mode": "catmullrom"
						}
					}
				},
				"auto": {
					"scale": {
						"0.0": {
							"post": [0, 0, 0],
							"lerp_mode": "catmullrom"
						}
					}
				},
				"normal": {
					"scale": {
						"0.0": {
							"post": [1, 1, 1],
							"lerp_mode": "catmullrom"
						}
					}
				},
				"camera": {
					"rotation": {
						"0.0": {
							"post": [0, 0, 0],
							"lerp_mode": "catmullrom"
						},
						"1.125": {
							"post": [9, 7, 0],
							"lerp_mode": "catmullrom"
						},
						"2.2917": {
							"post": [0, 0, 0],
							"lerp_mode": "catmullrom"
						},
						"2.3333": {
							"post": [0, 0, 1],
							"lerp_mode": "catmullrom"
						},
						"2.375": {
							"post": [0, 0, 0],
							"lerp_mode": "catmullrom"
						},
						"2.5": {
							"post": [0, 0, 0],
							"lerp_mode": "catmullrom"
						},
						"2.5417": {
							"post": [0, 0, 1],
							"lerp_mode": "catmullrom"
						},
						"2.625": {
							"post": [0, 0, 0],
							"lerp_mode": "catmullrom"
						}
					},
					"position": {
						"0.0": {
							"post": [0, 0, 0],
							"lerp_mode": "catmullrom"
						},
						"2.2917": {
							"post": [0, 0, 0],
							"lerp_mode": "catmullrom"
						},
						"2.3333": {
							"post": [0, -0.1, 0],
							"lerp_mode": "catmullrom"
						},
						"2.5": {
							"post": [0, -0.1, 0],
							"lerp_mode": "catmullrom"
						},
						"2.625": {
							"post": [0, 0, 0],
							"lerp_mode": "catmullrom"
						}
					}
				},
				"semi_illuminated": {
					"scale": 0
				},
				"auto_illuminated": {
					"scale": 0
				},
				"ejector2": {
					"scale": 0
				},
				"feeder": {
					"position": {
						"0.9583": [0, 0, 2.55],
						"1.125": [0, 0, 0]
					}
				},
				"mesuresight": {
					"rotation": {
						"0.9583": [-90, 0, 0],
						"1.125": [0, 0, 0]
					}
				},
				"ejector": {
					"scale": 0
				},
				"iron_sight": {
					"scale": 0
				},
				"40mm2_shell": {
					"scale": 0
				},
				"constraint": {
					"rotation": [0.2, 0.2, 0.2],
					"position": [0.2, 0.2, 0.2]
				}
			},
			"sound_effects": {
				"0.0": {
					"effect": "doom:combat_shotgun_grenade/combat_shotgun_gre_inspect"
				}
			}
		},
		"put_away": {
			"loop": "hold_on_last_frame",
			"animation_length": 1.0833,
			"bones": {
				"root": {
					"rotation": {
						"0.0": {
							"post": [0, 0, 0],
							"lerp_mode": "catmullrom"
						},
						"0.2917": {
							"post": [33.40267, -46.60184, -42.22629],
							"lerp_mode": "catmullrom"
						},
						"0.375": {
							"post": [37.49034, -49.51446, -44.86543],
							"lerp_mode": "catmullrom"
						},
						"0.4583": {
							"post": [33.40267, -46.60184, -42.22629],
							"lerp_mode": "catmullrom"
						},
						"0.5833": {
							"post": [33.40267, -46.60184, -42.22629],
							"lerp_mode": "catmullrom"
						}
					},
					"position": {
						"0.0": {
							"post": [0, 0, 0],
							"lerp_mode": "catmullrom"
						},
						"0.125": {
							"post": [0, 0, 0],
							"lerp_mode": "catmullrom"
						},
						"0.2917": {
							"post": [0, -0.7, -3.6],
							"lerp_mode": "catmullrom"
						},
						"0.4167": {
							"post": [0.5, -0.7, -3.6],
							"lerp_mode": "catmullrom"
						},
						"0.5417": {
							"post": [0, -0.7, -3.6],
							"lerp_mode": "catmullrom"
						}
					}
				},
				"right": {
					"rotation": {
						"0.6667": [0, 0, 0],
						"0.7917": {
							"pre": [33.2367, -15.18892, 13.16783],
							"post": [33.2367, -15.18892, 13.16783],
							"lerp_mode": "catmullrom"
						},
						"1.0": {
							"post": [12.62862, -2.42276, 16.30474],
							"lerp_mode": "catmullrom"
						}
					},
					"position": {
						"0.6667": [0, 0, 0],
						"0.9583": {
							"pre": [-9.8, -5, 8.6],
							"post": [-9.8, -5, 8.6],
							"lerp_mode": "catmullrom"
						}
					}
				},
				"pump": {
					"position": [0, 0, 0]
				},
				"righthand": {
					"rotation": [87.66868, -22.42726, -1.36119],
					"position": [-5.8, -9.7, 1],
					"scale": [1, 1.2, 1]
				},
				"left": {
					"rotation": {
						"0.4583": {
							"pre": [0, 0, 0],
							"post": [0, 0, 0],
							"lerp_mode": "catmullrom"
						},
						"0.5": {
							"post": [0.7433, -1.97152, 0.10852],
							"lerp_mode": "catmullrom"
						},
						"0.5417": {
							"post": [-0.57104, -2.41752, 0.13307],
							"lerp_mode": "catmullrom"
						},
						"0.5833": {
							"post": [1.34832, -2.49622, 0.13741],
							"lerp_mode": "catmullrom"
						},
						"0.7917": {
							"post": [45, 0, 0],
							"lerp_mode": "catmullrom"
						}
					},
					"position": {
						"0.4583": {
							"pre": [0, 0, 0],
							"post": [0, 0, 0],
							"lerp_mode": "catmullrom"
						},
						"0.5833": {
							"post": [0, 0, -4],
							"lerp_mode": "catmullrom"
						},
						"0.7917": {
							"post": [1, -4, -7.5],
							"lerp_mode": "catmullrom"
						},
						"0.9583": {
							"post": [6.5, -11.12, -5.75],
							"lerp_mode": "catmullrom"
						},
						"1.0417": {
							"post": [12, -16, -4],
							"lerp_mode": "catmullrom"
						}
					}
				},
				"lefthand": {
					"rotation": {
						"0.0": {
							"post": [107.39483, 26.49541, 52.11346],
							"lerp_mode": "catmullrom"
						},
						"0.2917": {
							"post": [-10.45172, 11.14866, -20.68847],
							"lerp_mode": "catmullrom"
						},
						"0.5417": {
							"post": [14.54828, 11.14866, -20.68847],
							"lerp_mode": "catmullrom"
						},
						"0.7083": {
							"post": [-45.85344, 3.63816, -29.88135],
							"lerp_mode": "catmullrom"
						},
						"0.875": {
							"post": [-26.68228, 10.60055, -16.48273],
							"lerp_mode": "catmullrom"
						}
					},
					"position": {
						"0.0": {
							"post": [6.9, -8.8, -14.1],
							"lerp_mode": "catmullrom"
						},
						"0.1667": {
							"post": [10.3, -6.7, -14.1],
							"lerp_mode": "catmullrom"
						},
						"0.2917": {
							"post": [7.38, -5.7, -3.3],
							"lerp_mode": "catmullrom"
						},
						"0.5417": {
							"post": [7.38, -5.7, -3.3],
							"lerp_mode": "catmullrom"
						},
						"0.7083": {
							"post": [6.98, -5.7, -3.3],
							"lerp_mode": "catmullrom"
						}
					},
					"scale": [1, 1.43, 1]
				},
				"bullet": {
					"rotation": [0, 0, 0],
					"scale": 0
				},
				"bullet_shell": {
					"rotation": [0, 0, 0],
					"position": [0, 0, 0],
					"scale": 0
				},
				"auto": {
					"scale": 0
				},
				"normal": {
					"position": {
						"0.0": [0, 0, 0],
						"0.5": [0.3, 0, 0],
						"0.5833": [0.5, 0, 0]
					},
					"scale": 1
				},
				"camera": {
					"rotation": {
						"0.0": {
							"post": [0, 0, 0],
							"lerp_mode": "catmullrom"
						},
						"0.1667": {
							"post": [9, 0, 0],
							"lerp_mode": "catmullrom"
						},
						"0.4583": {
							"post": [9, 0, 0],
							"lerp_mode": "catmullrom"
						},
						"0.5": {
							"post": [8.99865, 0.15643, -0.98769],
							"lerp_mode": "catmullrom"
						},
						"0.5417": {
							"post": [9.54434, 0.58598, -3.51402],
							"lerp_mode": "catmullrom"
						},
						"0.5833": {
							"post": [9, 0, 0],
							"lerp_mode": "catmullrom"
						},
						"1.0": {
							"post": [0, 0, 0],
							"lerp_mode": "catmullrom"
						}
					},
					"position": {
						"0.0": {
							"post": [0, 0, 0],
							"lerp_mode": "catmullrom"
						},
						"1.0": {
							"post": [0, 0, 0],
							"lerp_mode": "catmullrom"
						}
					}
				},
				"semi_illuminated": {
					"scale": 0
				},
				"auto_illuminated": {
					"scale": 0
				},
				"feeder": {
					"position": {
						"0.0833": [0, 0, 0],
						"0.2917": [0, 0, -4]
					}
				},
				"mesuresight": {
					"rotation": {
						"0.0": [0, 0, 0],
						"0.1667": [-90, 0, 0]
					},
					"position": [0, 0, 0]
				},
				"ejector": {
					"scale": 0
				},
				"ejector2": {
					"scale": 0
				},
				"iron_sight": {
					"scale": 0
				},
				"40mm2_shell": {
					"scale": 0
				},
				"constraint": {
					"rotation": [0.2, 0.2, 0.2],
					"position": [0.2, 0.2, 0.2]
				}
			},
			"sound_effects": {
				"0.0417": {
					"effect": "doom:combat_shotgun/combat_shotgun_put_away"
				}
			}
		},
		"reload_empty": {
			"loop": "hold_on_last_frame",
			"animation_length": 1.2917,
			"bones": {
				"root": {
					"rotation": {
						"0.0": [0, 0, 0],
						"0.25": [5, 0, 0],
						"0.5833": [5, 0, 0],
						"0.9167": [0, 0, 0]
					},
					"position": {
						"0.0": [0, 0, 0],
						"0.25": [0, -0.1, -0.2],
						"0.5833": [0, -0.1, -0.2],
						"0.9167": [0, 0, 0]
					}
				},
				"pump": {
					"position": [0, 0, 0]
				},
				"righthand": {
					"rotation": [87.66868, -22.42726, -1.36119],
					"position": [-5.8, -9.7, 1],
					"scale": [1, 1.2, 1]
				},
				"lefthand": {
					"rotation": {
						"0.0": {
							"post": [107.39483, 26.49541, 52.11346],
							"lerp_mode": "catmullrom"
						}
					},
					"position": [6.9, -8.8, -14.1],
					"scale": {
						"0.0": {
							"post": [1, 1.43, 1],
							"lerp_mode": "catmullrom"
						}
					}
				},
				"camera": {
					"rotation": {
						"0.0": [0, 0, 0],
						"0.2083": [0, 0, 0],
						"0.3333": [0, 0, -0.5],
						"0.4583": [0, 0, 0],
						"0.6667": [0, 0, 0],
						"0.7917": [0, 0, 0.5],
						"0.9167": [0, 0, 0]
					},
					"position": {
						"0.0": [0, 0, 0],
						"0.2083": [0, 0, 0]
					}
				},
				"bullet": {
					"rotation": {
						"0.0": [-7.5, 0, 0],
						"0.2917": [-7.5, 0, 0],
						"0.375": [-11.25, 0, 0],
						"0.4583": [0, 0, 0]
					},
					"position": {
						"0.0": [0, 0, -0.3],
						"0.2917": [0, 0, -0.3],
						"0.375": [0, 0.49, -1.1],
						"0.4583": [0, 0.975, -1.3]
					},
					"scale": 0
				},
				"bullet_shell": {
					"scale": 0
				},
				"auto": {
					"scale": 0
				},
				"semi_illuminated": {
					"scale": {
						"0.4583": [0, 0, 0],
						"0.5417": [1, 1, 1]
					}
				},
				"auto_illuminated": {
					"scale": 0
				},
				"ejector2": {
					"scale": 0
				},
				"bone": {
					"rotation": {
						"0.0": [0, 0, 0],
						"0.0417": [0.20275, 0, 0],
						"0.125": [2.29725, 0, 0],
						"0.1667": [2.5, 0, 0],
						"0.5": [2.5, 0, 0],
						"0.5417": [2.29725, 0, 0],
						"0.625": [0.20275, 0, 0],
						"0.6667": [0, 0, 0]
					},
					"position": [0, 0, 0]
				},
				"feeder": {
					"position": {
						"0.0417": [0, 0, 0],
						"0.125": [0, 0, -0.94],
						"0.25": [0, 0, -4.7],
						"0.4583": [0, 0, -4.7],
						"0.6667": [0, 0, -4.7],
						"0.7917": [0, 0, 2.5],
						"1.0": [0, 0, 2.5],
						"1.0833": [0, 0, 0]
					}
				},
				"40mm": {
					"scale": {
						"0.25": [1, 1, 1],
						"0.2917": [0, 0, 0],
						"0.8333": [0, 0, 0],
						"0.875": [1, 1, 1]
					}
				},
				"ejector": {
					"scale": 0
				},
				"iron_sight": {
					"scale": 0
				},
				"40mm2_shell": {
					"scale": 0
				},
				"constraint": {
					"rotation": [0.2, 0.2, 0.2],
					"position": [0.2, 0.2, 0.2]
				}
			},
			"sound_effects": {
				"0.0": {
					"effect": "doom:combat_shotgun_grenade/combat_shotgun_gre_reload"
				}
			}
		},
		"reload_tactical": {
			"loop": "hold_on_last_frame",
			"animation_length": 1.2917,
			"bones": {
				"root": {
					"rotation": {
						"0.0": [0, 0, 0],
						"0.25": [5, 0, 0],
						"0.5833": [5, 0, 0],
						"0.9167": [0, 0, 0]
					},
					"position": {
						"0.0": [0, 0, 0],
						"0.25": [0, -0.1, -0.2],
						"0.5833": [0, -0.1, -0.2],
						"0.9167": [0, 0, 0]
					}
				},
				"pump": {
					"position": [0, 0, 0]
				},
				"righthand": {
					"rotation": [87.66868, -22.42726, -1.36119],
					"position": [-5.8, -9.7, 1],
					"scale": [1, 1.2, 1]
				},
				"lefthand": {
					"rotation": {
						"0.0": {
							"post": [107.39483, 26.49541, 52.11346],
							"lerp_mode": "catmullrom"
						}
					},
					"position": [6.9, -8.8, -14.1],
					"scale": {
						"0.0": {
							"post": [1, 1.43, 1],
							"lerp_mode": "catmullrom"
						}
					}
				},
				"camera": {
					"rotation": {
						"0.0": [0, 0, 0],
						"0.2083": [0, 0, 0],
						"0.3333": [0, 0, -0.5],
						"0.4583": [0, 0, 0],
						"0.6667": [0, 0, 0],
						"0.7917": [0, 0, 0.5],
						"0.9167": [0, 0, 0]
					},
					"position": {
						"0.0": [0, 0, 0],
						"0.2083": [0, 0, 0]
					}
				},
				"auto": {
					"scale": 0
				},
				"semi_illuminated": {
					"scale": {
						"0.4583": [0, 0, 0],
						"0.5417": [1, 1, 1]
					}
				},
				"auto_illuminated": {
					"scale": 0
				},
				"bone": {
					"rotation": {
						"0.0": [0, 0, 0],
						"0.0417": [0.20275, 0, 0],
						"0.125": [2.29725, 0, 0],
						"0.1667": [2.5, 0, 0],
						"0.5": [2.5, 0, 0],
						"0.5417": [2.29725, 0, 0],
						"0.625": [0.20275, 0, 0],
						"0.6667": [0, 0, 0]
					},
					"position": [0, 0, 0]
				},
				"feeder": {
					"position": {
						"0.0417": [0, 0, 0],
						"0.125": [0, 0, -0.94],
						"0.25": [0, 0, -4.7],
						"0.4583": [0, 0, -4.7],
						"0.6667": [0, 0, -4.7],
						"0.7917": [0, 0, 2.5],
						"1.0": [0, 0, 2.5],
						"1.0833": [0, 0, 0]
					}
				},
				"40mm": {
					"scale": {
						"0.25": [1, 1, 1],
						"0.2917": [0, 0, 0],
						"0.8333": [0, 0, 0],
						"0.875": [1, 1, 1]
					}
				},
				"40mm2_shell": {
					"scale": 0
				},
				"constraint": {
					"rotation": [0.2, 0.2, 0.2],
					"position": [0.2, 0.2, 0.2]
				}
			},
			"sound_effects": {
				"0.0": {
					"effect": "doom:combat_shotgun_grenade/combat_shotgun_gre_reload"
				}
			}
		},
		"shoot": {
			"loop": "hold_on_last_frame",
			"animation_length": 0.9583,
			"bones": {
				"root": {
					"rotation": {
						"0.0": {
							"post": [0, 0, 0],
							"lerp_mode": "catmullrom"
						},
						"0.0417": {
							"post": [-3.75931, 0.15232, -2.99835],
							"lerp_mode": "catmullrom"
						},
						"0.0833": {
							"post": [-4.07024, 1.33042, 1.79388],
							"lerp_mode": "catmullrom"
						},
						"0.125": {
							"post": [-4.32314, -0.61289, -0.16761],
							"lerp_mode": "catmullrom"
						},
						"0.2083": {
							"post": [-2.3888, -0.64862, -0.4426],
							"lerp_mode": "catmullrom"
						},
						"0.2917": {
							"post": [-1.10198, -0.95049, 0.39646],
							"lerp_mode": "catmullrom"
						},
						"0.4583": {
							"post": [-0.11175, -0.09714, 0.12299],
							"lerp_mode": "catmullrom"
						},
						"0.5833": {
							"post": [0, 0, 0],
							"lerp_mode": "catmullrom"
						}
					},
					"position": {
						"0.0": {
							"post": [0, 0, 0],
							"lerp_mode": "catmullrom"
						},
						"0.0417": {
							"post": [0, -0.5, 3.1375],
							"lerp_mode": "catmullrom"
						},
						"0.1667": {
							"post": [-0.125, 0.18, 1.775],
							"lerp_mode": "catmullrom"
						},
						"0.25": {
							"post": [-0.11, 0.065, 0.7225],
							"lerp_mode": "catmullrom"
						},
						"0.3333": {
							"post": [-0.075, -0.0525, 0.245],
							"lerp_mode": "catmullrom"
						},
						"0.4167": {
							"post": [0, -0.095, 0.015],
							"lerp_mode": "catmullrom"
						},
						"0.5": {
							"post": [0, -0.03, -0.095],
							"lerp_mode": "catmullrom"
						},
						"0.5833": {
							"post": [0, 0, 0],
							"lerp_mode": "catmullrom"
						}
					}
				},
				"constraint": {
					"rotation": {
						"0.0833": [0.75, 0.85, 0.75],
						"0.5": [0, 0, 0]
					},
					"position": {
						"0.0833": [0, 0, 0.65],
						"0.5": [0, 0, 0]
					}
				},
				"camera": {
					"rotation": {
						"0.0": {
							"post": [-0.25, 0, 2],
							"lerp_mode": "catmullrom"
						},
						"0.0833": {
							"post": [0.125, 0, -1],
							"lerp_mode": "catmullrom"
						},
						"0.1667": {
							"post": [0, 0, 1],
							"lerp_mode": "catmullrom"
						},
						"0.25": {
							"post": [0.125, 0, -0.5],
							"lerp_mode": "catmullrom"
						},
						"0.3333": {
							"post": [0, 0, 0.25],
							"lerp_mode": "catmullrom"
						},
						"0.4167": {
							"post": [0, 0, -0.25],
							"lerp_mode": "catmullrom"
						},
						"0.5": {
							"post": [0, 0, 0],
							"lerp_mode": "catmullrom"
						}
					}
				},
				"auto": {
					"scale": 0
				},
				"semi_illuminated": {
					"scale": 1
				},
				"auto_illuminated": {
					"scale": 0
				},
				"ejector2": {
					"scale": 0
				},
				"feeder": {
					"position": {
						"0.0": [0, 0, 0],
						"0.0833": [0, 0, 2.55],
						"0.2083": [0, 0, 2.55],
						"0.2917": [0, 0, 0]
					}
				},
				"ejector": {
					"scale": 0
				},
				"iron_sight": {
					"scale": 0
				},
				"bullet": {
					"scale": 0
				},
				"bullet_shell": {
					"scale": 0
				},
				"40mm2_shell": {
					"rotation": {
						"0.25": [0, 0, 0],
						"0.2917": [0, 0, 0],
						"0.7083": [-90, 180, 0],
						"0.75": [0, 0, 0]
					},
					"position": {
						"0.25": [0, 0, 0],
						"0.2917": [0, 0, 2],
						"0.3333": [-2.57505, 0.57453, 1.67758],
						"0.375": [-5.08643, 0.65608, 1.40978],
						"0.4167": [-7.57196, 0.48945, 2.1592],
						"0.4583": [-9.92528, 0.34737, 3.01322],
						"0.5": [-12.01873, -0.00986, 4.08251],
						"0.5417": [-13.85424, -0.85822, 5.36602],
						"0.5833": [-15.69544, -2.49153, 6.66011],
						"0.625": [-17.69861, -5.88027, 7.82789],
						"0.6667": [-19.90683, -11.78058, 10.82705],
						"0.7083": [-22.18629, -20.42049, 11.74792],
						"0.75": [0, 0, 0]
					},
					"scale": {
						"0.25": [1, 1, 1],
						"0.7083": {
							"pre": [1, 1, 1],
							"post": [1, 1, 1]
						},
						"0.75": {
							"pre": [1, 1, 1],
							"post": [0, 0, 0]
						}
					}
				}
			},
			"sound_effects": {
				"0.0": {
					"effect": "doom:combat_shotgun_grenade/combat_shotgun_gre_shoot"
				}
			}
		},
		"draw": {
			"loop": "hold_on_last_frame",
			"animation_length": 1.25,
			"bones": {
				"root": {
					"rotation": {
						"0.0": {
							"post": [0, 0, 0],
							"lerp_mode": "catmullrom"
						},
						"0.4583": {
							"post": [0, 0, 0],
							"lerp_mode": "catmullrom"
						},
						"0.5417": {
							"post": [2, 0, 0],
							"lerp_mode": "catmullrom"
						},
						"0.5833": {
							"post": [-0.18, 0, 0],
							"lerp_mode": "catmullrom"
						},
						"1.0": {
							"post": [0, 0, 0],
							"lerp_mode": "catmullrom"
						}
					},
					"position": {
						"0.0": {
							"post": [0, 0, 0],
							"lerp_mode": "catmullrom"
						},
						"0.4583": {
							"post": [0, 0, 0],
							"lerp_mode": "catmullrom"
						},
						"0.5417": {
							"post": [-3, 0, 2.9],
							"lerp_mode": "catmullrom"
						},
						"0.5833": {
							"post": [-3, 0, 2.9],
							"lerp_mode": "catmullrom"
						},
						"1.0": {
							"post": [0, 0, 0],
							"lerp_mode": "catmullrom"
						}
					}
				},
				"right": {
					"rotation": {
						"0.0": {
							"post": [33.2367, -15.18892, 13.16783],
							"lerp_mode": "catmullrom"
						},
						"0.1667": {
							"post": [-37.68608, -44.6313, 29.42437],
							"lerp_mode": "catmullrom"
						},
						"0.5417": {
							"post": [-37.68608, -44.6313, 29.42437],
							"lerp_mode": "catmullrom"
						},
						"0.625": {
							"post": [-37.68608, -44.6313, 29.42437],
							"lerp_mode": "catmullrom"
						},
						"0.875": {
							"post": [0, 0, 0],
							"lerp_mode": "catmullrom"
						}
					},
					"position": {
						"0.0": {
							"post": [-3, -10, 0],
							"lerp_mode": "catmullrom"
						},
						"0.1667": {
							"post": [-3, -4, -6],
							"lerp_mode": "catmullrom"
						},
						"0.5417": {
							"post": [-3, -4, -6],
							"lerp_mode": "catmullrom"
						},
						"0.5833": {
							"post": [-3.31, -4.23, -6.31],
							"lerp_mode": "catmullrom"
						},
						"0.625": {
							"post": [-3.025, -4, -6],
							"lerp_mode": "catmullrom"
						},
						"0.7917": {
							"post": [-1.19, -1.89, -1.105],
							"lerp_mode": "catmullrom"
						},
						"0.8333": {
							"post": [-0.48, -0.875, -0.36],
							"lerp_mode": "catmullrom"
						},
						"0.875": {
							"post": [0, 0, 0],
							"lerp_mode": "catmullrom"
						}
					}
				},
				"righthand": {
					"rotation": [87.66868, -22.42726, -1.36119],
					"position": [-5.8, -9.7, 1],
					"scale": [1, 1.2, 1]
				},
				"left": {
					"rotation": {
						"0.0": {
							"post": [-81.24618, -27.79687, 43.39482],
							"lerp_mode": "catmullrom"
						},
						"0.125": {
							"post": [-55.84648, -50.82072, 20.93318],
							"lerp_mode": "catmullrom"
						},
						"0.375": {
							"post": [-37.68608, -44.6313, 29.42437],
							"lerp_mode": "catmullrom"
						},
						"0.5417": {
							"post": [-37.68608, -44.6313, 29.42437],
							"lerp_mode": "catmullrom"
						},
						"0.625": {
							"post": [-37.68608, -44.6313, 29.42437],
							"lerp_mode": "catmullrom"
						},
						"0.875": {
							"post": [0, 0, 0],
							"lerp_mode": "catmullrom"
						}
					},
					"position": {
						"0.0": {
							"post": [15, -15, 5],
							"lerp_mode": "catmullrom"
						},
						"0.125": {
							"post": [11, -9, -2],
							"lerp_mode": "catmullrom"
						},
						"0.25": {
							"post": [11, 1, -2],
							"lerp_mode": "catmullrom"
						},
						"0.4167": {
							"post": [11, 1, -6.6],
							"lerp_mode": "catmullrom"
						},
						"0.5417": {
							"post": [3.95, -1.825, -1.625],
							"lerp_mode": "catmullrom"
						},
						"0.625": {
							"post": [3.95, -1.825, -1.625],
							"lerp_mode": "catmullrom"
						},
						"0.7083": {
							"post": [3.23, -0.9, -1],
							"lerp_mode": "catmullrom"
						},
						"0.75": {
							"post": [2.355, -0.51, -0.635],
							"lerp_mode": "catmullrom"
						},
						"0.7917": {
							"post": [1.185, -0.485, -0.43],
							"lerp_mode": "catmullrom"
						},
						"0.875": {
							"post": [0, 0, 0],
							"lerp_mode": "catmullrom"
						}
					}
				},
				"lefthand": {
					"rotation": [107.39483, 26.49541, 52.11346],
					"position": [6.9, -8.8, -14.1],
					"scale": [1, 1.43, 1]
				},
				"camera": {
					"rotation": {
						"0.0": [0, 0, 0],
						"0.125": [2.5, 0, 1],
						"0.1667": [2.5, 0, -1],
						"0.2083": [2.5, 0, 0],
						"0.3333": [2.5, 0, 0],
						"0.5": [0, 0, 0],
						"0.5417": [-0.99985, 0.01745, -0.00015],
						"0.5833": [-0.99939, -0.0349, -2.9997],
						"0.625": [-1, 0, -1],
						"0.75": [-1, 0, -1],
						"0.9167": [0, 0, 0]
					},
					"position": {
						"0.0": [0, 0, 0],
						"0.5417": [0, 0, 0],
						"0.9167": [0, 0, 0]
					}
				},
				"auto": {
					"scale": 0
				},
				"auto_illuminated": {
					"scale": 0
				},
				"semi_illuminated": {
					"scale": {
						"0.9583": [0, 0, 0],
						"1.0": {
							"pre": [0, 0, 0],
							"post": [1, 1, 1]
						}
					}
				},
				"bullet": {
					"scale": 0
				},
				"ejector2": {
					"scale": 0
				},
				"feeder": {
					"position": {
						"0.875": [0, 0, -4.7],
						"1.0": [0, 0, 2.5],
						"1.125": [0, 0, 2.5],
						"1.25": [0, 0, 0]
					}
				},
				"mesuresight": {
					"rotation": {
						"0.875": [-90, 0, 0],
						"1.0": [0, 0, 0]
					}
				},
				"ejector": {
					"scale": 0
				},
				"iron_sight": {
					"scale": 0
				},
				"bullet_shell": {
					"scale": 0
				},
				"40mm2_shell": {
					"scale": 0
				},
				"constraint": {
					"rotation": [0.2, 0.2, 0.2],
					"position": [0.2, 0.2, 0.2]
				}
			},
			"sound_effects": {
				"0.3333": {
					"effect": "doom:combat_shotgun/combat_shotgun_draw"
				}
			}
		},
		"single": {
			"loop": "hold_on_last_frame",
			"animation_length": 1.25,
			"bones": {
				"root": {
					"rotation": {
						"0.0": {
							"post": [0, 0, 0],
							"lerp_mode": "catmullrom"
						},
						"0.4583": {
							"post": [0, 0, 0],
							"lerp_mode": "catmullrom"
						},
						"0.5417": {
							"post": [2, 0, 0],
							"lerp_mode": "catmullrom"
						},
						"0.5833": {
							"post": [-0.18, 0, 0],
							"lerp_mode": "catmullrom"
						},
						"1.0": {
							"post": [0, 0, 0],
							"lerp_mode": "catmullrom"
						}
					},
					"position": {
						"0.0": {
							"post": [0, 0, 0],
							"lerp_mode": "catmullrom"
						},
						"0.4583": {
							"post": [0, 0, 0],
							"lerp_mode": "catmullrom"
						},
						"0.5417": {
							"post": [-3, 0, 2.9],
							"lerp_mode": "catmullrom"
						},
						"0.5833": {
							"post": [-3, 0, 2.9],
							"lerp_mode": "catmullrom"
						},
						"1.0": {
							"post": [0, 0, 0],
							"lerp_mode": "catmullrom"
						}
					}
				},
				"right": {
					"rotation": {
						"0.0": {
							"post": [33.2367, -15.18892, 13.16783],
							"lerp_mode": "catmullrom"
						},
						"0.1667": {
							"post": [-37.68608, -44.6313, 29.42437],
							"lerp_mode": "catmullrom"
						},
						"0.5417": {
							"post": [-37.68608, -44.6313, 29.42437],
							"lerp_mode": "catmullrom"
						},
						"0.625": {
							"post": [-37.68608, -44.6313, 29.42437],
							"lerp_mode": "catmullrom"
						},
						"0.875": {
							"post": [0, 0, 0],
							"lerp_mode": "catmullrom"
						}
					},
					"position": {
						"0.0": {
							"post": [-3, -10, 0],
							"lerp_mode": "catmullrom"
						},
						"0.1667": {
							"post": [-3, -4, -6],
							"lerp_mode": "catmullrom"
						},
						"0.5417": {
							"post": [-3, -4, -6],
							"lerp_mode": "catmullrom"
						},
						"0.5833": {
							"post": [-3.31, -4.23, -6.31],
							"lerp_mode": "catmullrom"
						},
						"0.625": {
							"post": [-3.025, -4, -6],
							"lerp_mode": "catmullrom"
						},
						"0.7917": {
							"post": [-1.19, -1.89, -1.105],
							"lerp_mode": "catmullrom"
						},
						"0.8333": {
							"post": [-0.48, -0.875, -0.36],
							"lerp_mode": "catmullrom"
						},
						"0.875": {
							"post": [0, 0, 0],
							"lerp_mode": "catmullrom"
						}
					}
				},
				"righthand": {
					"rotation": [87.66868, -22.42726, -1.36119],
					"position": [-5.8, -9.7, 1],
					"scale": [1, 1.2, 1]
				},
				"left": {
					"rotation": {
						"0.0": {
							"post": [-81.24618, -27.79687, 43.39482],
							"lerp_mode": "catmullrom"
						},
						"0.125": {
							"post": [-55.84648, -50.82072, 20.93318],
							"lerp_mode": "catmullrom"
						},
						"0.375": {
							"post": [-37.68608, -44.6313, 29.42437],
							"lerp_mode": "catmullrom"
						},
						"0.5417": {
							"post": [-37.68608, -44.6313, 29.42437],
							"lerp_mode": "catmullrom"
						},
						"0.625": {
							"post": [-37.68608, -44.6313, 29.42437],
							"lerp_mode": "catmullrom"
						},
						"0.875": {
							"post": [0, 0, 0],
							"lerp_mode": "catmullrom"
						}
					},
					"position": {
						"0.0": {
							"post": [15, -15, 5],
							"lerp_mode": "catmullrom"
						},
						"0.125": {
							"post": [11, -9, -2],
							"lerp_mode": "catmullrom"
						},
						"0.25": {
							"post": [11, 1, -2],
							"lerp_mode": "catmullrom"
						},
						"0.4167": {
							"post": [11, 1, -6.6],
							"lerp_mode": "catmullrom"
						},
						"0.5417": {
							"post": [3.95, -1.825, -1.625],
							"lerp_mode": "catmullrom"
						},
						"0.625": {
							"post": [3.95, -1.825, -1.625],
							"lerp_mode": "catmullrom"
						},
						"0.7083": {
							"post": [3.23, -0.9, -1],
							"lerp_mode": "catmullrom"
						},
						"0.75": {
							"post": [2.355, -0.51, -0.635],
							"lerp_mode": "catmullrom"
						},
						"0.7917": {
							"post": [1.185, -0.485, -0.43],
							"lerp_mode": "catmullrom"
						},
						"0.875": {
							"post": [0, 0, 0],
							"lerp_mode": "catmullrom"
						}
					}
				},
				"lefthand": {
					"rotation": [107.39483, 26.49541, 52.11346],
					"position": [6.9, -8.8, -14.1],
					"scale": [1, 1.43, 1]
				},
				"camera": {
					"rotation": {
						"0.0": [0, 0, 0],
						"0.125": [2.5, 0, 1],
						"0.1667": [2.5, 0, -1],
						"0.2083": [2.5, 0, 0],
						"0.3333": [2.5, 0, 0],
						"0.5": [0, 0, 0],
						"0.5417": [-0.99985, 0.01745, -0.00015],
						"0.5833": [-0.99939, -0.0349, -2.9997],
						"0.625": [-1, 0, -1],
						"0.75": [-1, 0, -1],
						"0.9167": [0, 0, 0]
					},
					"position": {
						"0.0": [0, 0, 0],
						"0.5417": [0, 0, 0],
						"0.9167": [0, 0, 0]
					}
				},
				"auto": {
					"scale": 0
				},
				"auto_illuminated": {
					"scale": 0
				},
				"semi_illuminated": {
					"scale": {
						"0.9583": [0, 0, 0],
						"1.0": {
							"pre": [0, 0, 0],
							"post": [1, 1, 1]
						}
					}
				},
				"bullet": {
					"scale": 0
				},
				"ejector2": {
					"scale": 0
				},
				"feeder": {
					"position": {
						"0.875": [0, 0, -4.4],
						"1.0": [0, 0, 2.5],
						"1.125": [0, 0, 2.5],
						"1.25": [0, 0, 0]
					}
				},
				"40mm": {
					"scale": {
						"1.0417": {
							"pre": [0, 0, 0],
							"post": [1, 1, 1]
						}
					}
				},
				"mesuresight": {
					"rotation": {
						"0.875": [-90, 0, 0],
						"1.0": [0, 0, 0]
					}
				},
				"ejector": {
					"scale": 0
				},
				"iron_sight": {
					"scale": 0
				},
				"bullet_shell": {
					"scale": 0
				},
				"40mm2_shell": {
					"scale": {
						"0.0": [0, 0, 0],
						"1.0417": {
							"pre": [0, 0, 0],
							"post": [1, 1, 1]
						}
					}
				},
				"constraint": {
					"rotation": [0.2, 0.2, 0.2],
					"position": [0.2, 0.2, 0.2]
				}
			},
			"sound_effects": {
				"0.3333": {
					"effect": "doom:combat_shotgun/combat_shotgun_draw"
				}
			}
		},
		"single_mode": {
			"loop": "hold_on_last_frame",
			"animation_length": 1.25,
			"bones": {
				"root": {
					"rotation": {
						"0.0": {
							"post": [0, 0, 0],
							"lerp_mode": "catmullrom"
						},
						"0.4583": {
							"post": [0, 0, 0],
							"lerp_mode": "catmullrom"
						},
						"0.5417": {
							"post": [2, 0, 0],
							"lerp_mode": "catmullrom"
						},
						"0.5833": {
							"post": [-0.18, 0, 0],
							"lerp_mode": "catmullrom"
						},
						"1.0": {
							"post": [0, 0, 0],
							"lerp_mode": "catmullrom"
						}
					},
					"position": {
						"0.0": {
							"post": [0, 0, 0],
							"lerp_mode": "catmullrom"
						},
						"0.4583": {
							"post": [0, 0, 0],
							"lerp_mode": "catmullrom"
						},
						"0.5417": {
							"post": [-3, 0, 2.9],
							"lerp_mode": "catmullrom"
						},
						"0.5833": {
							"post": [-3, 0, 2.9],
							"lerp_mode": "catmullrom"
						},
						"1.0": {
							"post": [0, 0, 0],
							"lerp_mode": "catmullrom"
						}
					}
				},
				"right": {
					"rotation": {
						"0.0": {
							"post": [33.2367, -15.18892, 13.16783],
							"lerp_mode": "catmullrom"
						},
						"0.1667": {
							"post": [-37.68608, -44.6313, 29.42437],
							"lerp_mode": "catmullrom"
						},
						"0.5417": {
							"post": [-37.68608, -44.6313, 29.42437],
							"lerp_mode": "catmullrom"
						},
						"0.625": {
							"post": [-37.68608, -44.6313, 29.42437],
							"lerp_mode": "catmullrom"
						},
						"0.875": {
							"post": [0, 0, 0],
							"lerp_mode": "catmullrom"
						}
					},
					"position": {
						"0.0": {
							"post": [-3, -10, 0],
							"lerp_mode": "catmullrom"
						},
						"0.1667": {
							"post": [-3, -4, -6],
							"lerp_mode": "catmullrom"
						},
						"0.5417": {
							"post": [-3, -4, -6],
							"lerp_mode": "catmullrom"
						},
						"0.5833": {
							"post": [-3.31, -4.23, -6.31],
							"lerp_mode": "catmullrom"
						},
						"0.625": {
							"post": [-3.025, -4, -6],
							"lerp_mode": "catmullrom"
						},
						"0.7917": {
							"post": [-1.19, -1.89, -1.105],
							"lerp_mode": "catmullrom"
						},
						"0.8333": {
							"post": [-0.48, -0.875, -0.36],
							"lerp_mode": "catmullrom"
						},
						"0.875": {
							"post": [0, 0, 0],
							"lerp_mode": "catmullrom"
						}
					}
				},
				"righthand": {
					"rotation": [87.66868, -22.42726, -1.36119],
					"position": [-5.8, -9.7, 1],
					"scale": [1, 1.2, 1]
				},
				"left": {
					"rotation": {
						"0.0": {
							"post": [-81.24618, -27.79687, 43.39482],
							"lerp_mode": "catmullrom"
						},
						"0.125": {
							"post": [-55.84648, -50.82072, 20.93318],
							"lerp_mode": "catmullrom"
						},
						"0.375": {
							"post": [-37.68608, -44.6313, 29.42437],
							"lerp_mode": "catmullrom"
						},
						"0.5417": {
							"post": [-37.68608, -44.6313, 29.42437],
							"lerp_mode": "catmullrom"
						},
						"0.625": {
							"post": [-37.68608, -44.6313, 29.42437],
							"lerp_mode": "catmullrom"
						},
						"0.875": {
							"post": [0, 0, 0],
							"lerp_mode": "catmullrom"
						}
					},
					"position": {
						"0.0": {
							"post": [15, -15, 5],
							"lerp_mode": "catmullrom"
						},
						"0.125": {
							"post": [11, -9, -2],
							"lerp_mode": "catmullrom"
						},
						"0.25": {
							"post": [11, 1, -2],
							"lerp_mode": "catmullrom"
						},
						"0.4167": {
							"post": [11, 1, -6.6],
							"lerp_mode": "catmullrom"
						},
						"0.5417": {
							"post": [3.95, -1.825, -1.625],
							"lerp_mode": "catmullrom"
						},
						"0.625": {
							"post": [3.95, -1.825, -1.625],
							"lerp_mode": "catmullrom"
						},
						"0.7083": {
							"post": [3.23, -0.9, -1],
							"lerp_mode": "catmullrom"
						},
						"0.75": {
							"post": [2.355, -0.51, -0.635],
							"lerp_mode": "catmullrom"
						},
						"0.7917": {
							"post": [1.185, -0.485, -0.43],
							"lerp_mode": "catmullrom"
						},
						"0.875": {
							"post": [0, 0, 0],
							"lerp_mode": "catmullrom"
						}
					}
				},
				"lefthand": {
					"rotation": [107.39483, 26.49541, 52.11346],
					"position": [6.9, -8.8, -14.1],
					"scale": [1, 1.43, 1]
				},
				"camera": {
					"rotation": {
						"0.0": [0, 0, 0],
						"0.125": [2.5, 0, 1],
						"0.1667": [2.5, 0, -1],
						"0.2083": [2.5, 0, 0],
						"0.3333": [2.5, 0, 0],
						"0.5": [0, 0, 0],
						"0.5417": [-0.99985, 0.01745, -0.00015],
						"0.5833": [-0.99939, -0.0349, -2.9997],
						"0.625": [-1, 0, -1],
						"0.75": [-1, 0, -1],
						"0.9167": [0, 0, 0]
					},
					"position": {
						"0.0": [0, 0, 0],
						"0.5417": [0, 0, 0],
						"0.9167": [0, 0, 0]
					}
				},
				"auto": {
					"scale": 0
				},
				"auto_illuminated": {
					"scale": 0
				},
				"semi_illuminated": {
					"scale": {
						"0.9583": [0, 0, 0],
						"1.0": {"pre": [0, 0, 0], "post": [1, 1, 1]}
					}
				},
				"bullet": {
					"scale": 0
				},
				"ejector2": {
					"scale": 0
				},
				"feeder": {
					"position": {
						"0.875": [0, 0, -4.4],
						"1.0": [0, 0, 2.5],
						"1.125": [0, 0, 2.5],
						"1.25": [0, 0, 0]
					}
				},
				"mesuresight": {
					"rotation": {
						"0.875": [-90, 0, 0],
						"1.0": [0, 0, 0]
					}
				},
				"ejector": {
					"scale": 0
				},
				"iron_sight": {
					"scale": 0
				},
				"bullet_shell": {
					"scale": 0
				},
				"40mm2_shell": {
					"scale": 0
				},
				"constraint": {
					"rotation": [0.2, 0.2, 0.2],
					"position": [0.2, 0.2, 0.2]
				}
			},
			"sound_effects": {
				"0.0": {
					"effect": "doom:combat_shotgun/combat_shotgun_draw"
				}
			}
		}
	}
}