{
	"format_version": "1.8.0",
	"animations": {
		"static_idle": {
			"loop": true,
			"bones": {
				"root": {
					"rotation": [0, 0, 0],
					"position": [0, 0, 0]
				},
				"right": {
					"rotation": [0, 0, 0],
					"position": [0, 0, 0]
				},
				"pump": {
					"position": [0, 0, 0]
				},
				"righthand": {
					"rotation": [87.66868, -22.42726, -1.36119],
					"position": [-5.8, -9.7, 1],
					"scale": [1, 1.2, 1]
				},
				"left": {
					"rotation": [0, 0, 0],
					"position": [0, 0, 0]
				},
				"lefthand": {
					"rotation": [107.39483, 26.49541, 52.11346],
					"position": [6.9, -8.2, -14.1],
					"scale": [1, 1.43, 1]
				},
				"bullet": {
					"rotation": [0, 0, 0]
				},
				"bullet_shell": {
					"rotation": [0, 0, 0],
					"position": [0, 0, 0]
				},
				"auto": {
					"scale": 0
				},
				"normal": {
					"scale": 1
				},
				"keypin": {
					"rotation": [0, 0, 0]
				},
				"keypin2": {
					"rotation": [0, 0, 0]
				},
				"constraint": {
					"rotation": [0.2, 0.2, 0.2],
					"position": [0.2, 0.2, 0.2]
				}
			}
		},
		"auto_idle": {
			"loop": true,
			"bones": {
				"root": {
					"rotation": [0, 0, 0],
					"position": [0, 0, 0]
				},
				"right": {
					"rotation": [0, 0, 0],
					"position": [0, 0, 0]
				},
				"pump": {
					"position": [0, 0, 0]
				},
				"righthand": {
					"rotation": [87.66868, -22.42726, -1.36119],
					"position": [-5.8, -9.7, 1],
					"scale": [1, 1.2, 1]
				},
				"left": {
					"rotation": [0, 0, 0],
					"position": [0, 0, 0]
				},
				"lefthand": {
					"rotation": [107.39483, 26.49541, 52.11346],
					"position": [6.9, -8.2, -14.1],
					"scale": [1, 1.43, 1]
				},
				"bullet": {
					"rotation": [0, 0, 0]
				},
				"bullet_shell": {
					"rotation": [0, 0, 0],
					"position": [0, 0, 0]
				},
				"auto": {
					"scale": 1
				},
				"normal": {
					"scale": 0
				},
				"magazine": {
					"rotation": [0, 0, 0]
				},
				"ejector2": {
					"scale": 1
				},
				"ejector": {
					"scale": 0
				},
				"constraint": {
					"rotation": [0.2, 0.2, 0.2],
					"position": [0.1, 0.2, 0.2]
				}
			}
		},
		"spin_low": {
			"loop": "hold_on_last_frame",
			"animation_length": 0.3333,
			"bones": {
				"root": {
					"rotation": [0, 0, 0],
					"position": [0, 0, 0]
				},
				"right": {
					"rotation": [0, 0, 0],
					"position": [0, 0, 0]
				},
				"pump": {
					"position": [0, 0, 0]
				},
				"righthand": {
					"rotation": [87.66868, -22.42726, -1.36119],
					"position": [-5.8, -9.7, 1],
					"scale": [1, 1.2, 1]
				},
				"left": {
					"rotation": [0, 0, 0],
					"position": [0, 0, 0]
				},
				"lefthand": {
					"rotation": [107.39483, 26.49541, 52.11346],
					"position": [6.9, -8.2, -14.1],
					"scale": [1, 1.43, 1]
				},
				"bullet": {
					"rotation": [0, 0, 0]
				},
				"bullet_shell": {
					"rotation": [0, 0, 0],
					"position": [0, 0, 0]
				},
				"auto": {
					"scale": 1
				},
				"normal": {
					"scale": 0
				},
				"keypin": {
					"rotation": [0, 0, 0]
				},
				"keypin2": {
					"rotation": [0, 0, 0]
				},
				"magazine": {
					"rotation": {
						"0.0": [0, 0, 100],
						"0.1667": [0, 0, 34],
						"0.3333": [0, 0, 100]
					}
				},
				"constraint": {
					"rotation": [0.2, 0.2, 0.2],
					"position": [0.2, 0.2, 0.2]
				}
			}
		},
		"inspect": {
			"loop": "hold_on_last_frame",
			"animation_length": 5.4167,
			"bones": {
				"root": {
					"rotation": {
						"0.0": {
							"post": [0, 0, 0],
							"lerp_mode": "catmullrom"
						},
						"0.4167": {
							"post": [-26.06878, -61.71915, 7.2011],
							"lerp_mode": "catmullrom"
						},
						"1.125": {
							"post": [-26.06878, -61.71915, 7.2011],
							"lerp_mode": "catmullrom"
						},
						"2.5": {
							"post": [-65.19843, -4.37807, 64.53587],
							"lerp_mode": "catmullrom"
						},
						"3.4167": {
							"post": [-65.19843, -4.37807, 64.53587],
							"lerp_mode": "catmullrom"
						},
						"4.2083": {
							"post": [-20, -52.5, 0],
							"lerp_mode": "catmullrom"
						},
						"4.9167": {
							"post": [-20, -52.5, 0],
							"lerp_mode": "catmullrom"
						},
						"5.4167": {
							"post": [0, 0, 0],
							"lerp_mode": "catmullrom"
						}
					},
					"position": {
						"0.0": {
							"post": [0, 0, 0],
							"lerp_mode": "catmullrom"
						},
						"0.4167": {
							"post": [1, 0, -6],
							"lerp_mode": "catmullrom"
						},
						"1.125": {
							"post": [1, 0, -6],
							"lerp_mode": "catmullrom"
						},
						"4.2083": {
							"post": [1, 0, -6],
							"lerp_mode": "catmullrom"
						},
						"4.3333": {
							"post": [1, 0, -6],
							"lerp_mode": "catmullrom"
						},
						"4.4167": {
							"post": [0, 0, -5],
							"lerp_mode": "catmullrom"
						},
						"4.7917": {
							"post": [0, 0, -5],
							"lerp_mode": "catmullrom"
						},
						"4.9167": {
							"post": [1, 0, -6],
							"lerp_mode": "catmullrom"
						},
						"5.4167": {
							"post": [0, 0, 0],
							"lerp_mode": "catmullrom"
						}
					}
				},
				"right": {
					"rotation": {
						"0.0": {
							"post": [0, 0, 0],
							"lerp_mode": "catmullrom"
						}
					},
					"position": {
						"0.0": {
							"post": [0, 0, 0],
							"lerp_mode": "catmullrom"
						}
					}
				},
				"pump": {
					"position": {
						"4.25": [0, 0, 0],
						"4.2917": [0, 0, 0.12976],
						"4.375": [0, 0, 1.47024],
						"4.4167": [0, 0, 1.6],
						"4.6667": [0, 0, 1.6],
						"4.7917": [0, 0, 1.6],
						"4.8333": [0, 0, 1.47024],
						"4.9167": [0, 0, 0.12976],
						"4.9583": [0, 0, 0]
					}
				},
				"righthand": {
					"rotation": {
						"0.0": {
							"post": [87.66868, -22.42726, -1.36119],
							"lerp_mode": "catmullrom"
						},
						"0.4167": {
							"post": [87.66868, -22.42726, -1.36119],
							"lerp_mode": "catmullrom"
						},
						"1.5": {
							"post": [70.07191, 9.61231, -4.89959],
							"lerp_mode": "catmullrom"
						},
						"2.875": {
							"post": [94.994, 49.923, -17.21442],
							"lerp_mode": "catmullrom"
						},
						"4.2083": {
							"post": [87.66868, -22.42726, -1.36119],
							"lerp_mode": "catmullrom"
						}
					},
					"position": {
						"0.0": {
							"post": [-5.8, -9.7, 1],
							"lerp_mode": "catmullrom"
						},
						"1.5": {
							"post": [-6.76, -9.56, 1.53],
							"lerp_mode": "catmullrom"
						},
						"2.875": {
							"post": [-6.32, -9.9, 2.47],
							"lerp_mode": "catmullrom"
						},
						"4.2083": {
							"post": [-5.8, -9.7, 1],
							"lerp_mode": "catmullrom"
						}
					},
					"scale": {
						"0.0": {
							"post": [1, 1.2, 1],
							"lerp_mode": "catmullrom"
						}
					}
				},
				"left": {
					"rotation": {
						"0.0": {
							"post": [0, 0, 0],
							"lerp_mode": "catmullrom"
						}
					},
					"position": {
						"0.0": {
							"post": [0, 0, 0],
							"lerp_mode": "catmullrom"
						}
					}
				},
				"lefthand": {
					"rotation": {
						"0.0": {
							"post": [107.39483, 26.49541, 52.11346],
							"lerp_mode": "catmullrom"
						},
						"1.0417": {
							"post": [92.39437, 50.00281, 59.97565],
							"lerp_mode": "catmullrom"
						},
						"2.3333": {
							"post": [145.86621, 24.15187, 51.07185],
							"lerp_mode": "catmullrom"
						},
						"3.2917": {
							"post": [145.86621, 24.15187, 51.07185],
							"lerp_mode": "catmullrom"
						},
						"4.1667": {
							"post": [86.76485, 26.84471, 52.48929],
							"lerp_mode": "catmullrom"
						},
						"4.3333": {
							"post": [93.21964, 26.39278, 52.02681],
							"lerp_mode": "catmullrom"
						},
						"4.5": {
							"post": [92.39483, 26.49541, 52.11346],
							"lerp_mode": "catmullrom"
						},
						"5.0417": {
							"post": [107.39483, 26.49541, 52.11346],
							"lerp_mode": "catmullrom"
						}
					},
					"position": {
						"0.0": {
							"post": [6.9, -8.2, -14.1],
							"lerp_mode": "catmullrom"
						},
						"2.3333": {
							"post": [8.4, -6, -14.1],
							"lerp_mode": "catmullrom"
						},
						"2.9583": {
							"post": [8.4, -6, -14.1],
							"lerp_mode": "catmullrom"
						},
						"4.1667": {
							"post": [6.9, -8.2, -14.1],
							"lerp_mode": "catmullrom"
						},
						"4.3333": {
							"post": [6.9, -8.2, -14.1],
							"lerp_mode": "catmullrom"
						},
						"4.5": {
							"post": [6.9, -8.7, -10.1],
							"lerp_mode": "catmullrom"
						},
						"4.6667": {
							"post": [6.9, -8.7, -11.6],
							"lerp_mode": "catmullrom"
						},
						"4.875": {
							"post": [6.9, -8.7, -11.6],
							"lerp_mode": "catmullrom"
						},
						"5.0417": {
							"post": [6.9, -8.2, -14.1],
							"lerp_mode": "catmullrom"
						}
					},
					"scale": [1, 1.43, 1]
				},
				"bullet": {
					"rotation": {
						"0.0": {
							"post": [0, 0, 0],
							"lerp_mode": "catmullrom"
						}
					}
				},
				"bullet_shell": {
					"rotation": {
						"0.0": {
							"post": [0, 0, 0],
							"lerp_mode": "catmullrom"
						},
						"4.2917": {
							"post": [0, 0, 0],
							"lerp_mode": "catmullrom"
						}
					},
					"position": {
						"0.0": {
							"post": [0, 0, 0],
							"lerp_mode": "catmullrom"
						},
						"4.2917": {
							"post": [0, 0, 0],
							"lerp_mode": "catmullrom"
						},
						"4.4167": {
							"post": [0, 0, 1.2],
							"lerp_mode": "catmullrom"
						}
					}
				},
				"auto": {
					"scale": {
						"0.0": {
							"post": [0, 0, 0],
							"lerp_mode": "catmullrom"
						}
					}
				},
				"normal": {
					"scale": {
						"0.0": {
							"post": [1, 1, 1],
							"lerp_mode": "catmullrom"
						}
					}
				},
				"camera": {
					"rotation": {
						"0.0": {
							"post": [0, 0, 0],
							"lerp_mode": "catmullrom"
						},
						"0.625": {
							"post": [0, -5, 0],
							"lerp_mode": "catmullrom"
						},
						"2.3333": {
							"post": [20.10006, 11.96664, 0.63995],
							"lerp_mode": "catmullrom"
						},
						"3.125": {
							"post": [20.10006, 11.96664, 0.63995],
							"lerp_mode": "catmullrom"
						},
						"3.7083": {
							"post": [0, -5, 0],
							"lerp_mode": "catmullrom"
						},
						"4.3333": {
							"post": [0, -5, 0],
							"lerp_mode": "catmullrom"
						},
						"4.4167": {
							"post": [0.08748, -4.99924, -1.00382],
							"lerp_mode": "catmullrom"
						},
						"4.5": {
							"post": [-0.08748, -4.99924, 1.00382],
							"lerp_mode": "catmullrom"
						},
						"4.5833": {
							"post": [0, -5, 0],
							"lerp_mode": "catmullrom"
						},
						"5.25": {
							"post": [0, 0, 0],
							"lerp_mode": "catmullrom"
						}
					},
					"position": {
						"0.0": {
							"post": [0, 0, 0],
							"lerp_mode": "catmullrom"
						},
						"4.7083": {
							"post": [0, 0, 0],
							"lerp_mode": "catmullrom"
						},
						"4.7917": {
							"post": [0, -0.1, 0],
							"lerp_mode": "catmullrom"
						},
						"4.875": {
							"post": [0, 0.11, 0],
							"lerp_mode": "catmullrom"
						},
						"4.9583": {
							"post": [0, 0, 0],
							"lerp_mode": "catmullrom"
						},
						"5.25": {
							"post": [0, 0, 0],
							"lerp_mode": "catmullrom"
						}
					}
				},
				"semi_illuminated": {
					"scale": 0
				},
				"auto_illuminated": {
					"scale": 0
				},
				"ejector2": {
					"scale": 0
				},
				"constraint": {
					"rotation": [0.2, 0.2, 0.2],
					"position": [0.2, 0.2, 0.2]
				}
			},
			"sound_effects": {
				"0.0": {
					"effect": "doom:combat_shotgun/combat_inspect_up"
				},
				"4.2917": {
					"effect": "doom:combat_shotgun/combat_shotgun_pump_back"
				},
				"4.875": {
					"effect": "doom:combat_shotgun/combat_shotgun_pump_forward"
				}
			}
		},
		"inspect_empty": {
			"loop": "hold_on_last_frame",
			"animation_length": 5.4167,
			"bones": {
				"root": {
					"rotation": {
						"0.0": {
							"post": [0, 0, 0],
							"lerp_mode": "catmullrom"
						},
						"0.4167": {
							"post": [-26.06878, -61.71915, 7.2011],
							"lerp_mode": "catmullrom"
						},
						"1.125": {
							"post": [-26.06878, -61.71915, 7.2011],
							"lerp_mode": "catmullrom"
						},
						"2.5": {
							"post": [-65.19843, -4.37807, 64.53587],
							"lerp_mode": "catmullrom"
						},
						"3.4167": {
							"post": [-65.19843, -4.37807, 64.53587],
							"lerp_mode": "catmullrom"
						},
						"4.2083": {
							"post": [-20, -52.5, 0],
							"lerp_mode": "catmullrom"
						},
						"4.9167": {
							"post": [-20, -52.5, 0],
							"lerp_mode": "catmullrom"
						},
						"5.4167": {
							"post": [0, 0, 0],
							"lerp_mode": "catmullrom"
						}
					},
					"position": {
						"0.0": {
							"post": [0, 0, 0],
							"lerp_mode": "catmullrom"
						},
						"0.4167": {
							"post": [1, 0, -6],
							"lerp_mode": "catmullrom"
						},
						"1.125": {
							"post": [1, 0, -6],
							"lerp_mode": "catmullrom"
						},
						"4.2083": {
							"post": [1, 0, -6],
							"lerp_mode": "catmullrom"
						},
						"4.3333": {
							"post": [1, 0, -6],
							"lerp_mode": "catmullrom"
						},
						"4.4167": {
							"post": [0, 0, -5],
							"lerp_mode": "catmullrom"
						},
						"4.7917": {
							"post": [0, 0, -5],
							"lerp_mode": "catmullrom"
						},
						"4.9167": {
							"post": [1, 0, -6],
							"lerp_mode": "catmullrom"
						},
						"5.4167": {
							"post": [0, 0, 0],
							"lerp_mode": "catmullrom"
						}
					}
				},
				"right": {
					"rotation": {
						"0.0": {
							"post": [0, 0, 0],
							"lerp_mode": "catmullrom"
						}
					},
					"position": {
						"0.0": {
							"post": [0, 0, 0],
							"lerp_mode": "catmullrom"
						}
					}
				},
				"pump": {
					"position": {
						"4.25": [0, 0, 0],
						"4.2917": [0, 0, 0.12976],
						"4.375": [0, 0, 1.47024],
						"4.4167": [0, 0, 1.6],
						"4.6667": [0, 0, 1.6],
						"4.7917": [0, 0, 1.6],
						"4.8333": [0, 0, 1.47024],
						"4.9167": [0, 0, 0.12976],
						"4.9583": [0, 0, 0]
					}
				},
				"righthand": {
					"rotation": {
						"0.0": {
							"post": [87.66868, -22.42726, -1.36119],
							"lerp_mode": "catmullrom"
						},
						"0.4167": {
							"post": [87.66868, -22.42726, -1.36119],
							"lerp_mode": "catmullrom"
						},
						"1.5": {
							"post": [70.07191, 9.61231, -4.89959],
							"lerp_mode": "catmullrom"
						},
						"2.875": {
							"post": [94.994, 49.923, -17.21442],
							"lerp_mode": "catmullrom"
						},
						"4.2083": {
							"post": [87.66868, -22.42726, -1.36119],
							"lerp_mode": "catmullrom"
						}
					},
					"position": {
						"0.0": {
							"post": [-5.8, -9.7, 1],
							"lerp_mode": "catmullrom"
						},
						"1.5": {
							"post": [-6.76, -9.56, 1.53],
							"lerp_mode": "catmullrom"
						},
						"2.875": {
							"post": [-6.32, -9.9, 2.47],
							"lerp_mode": "catmullrom"
						},
						"4.2083": {
							"post": [-5.8, -9.7, 1],
							"lerp_mode": "catmullrom"
						}
					},
					"scale": {
						"0.0": {
							"post": [1, 1.2, 1],
							"lerp_mode": "catmullrom"
						}
					}
				},
				"left": {
					"rotation": {
						"0.0": {
							"post": [0, 0, 0],
							"lerp_mode": "catmullrom"
						}
					},
					"position": {
						"0.0": {
							"post": [0, 0, 0],
							"lerp_mode": "catmullrom"
						}
					}
				},
				"lefthand": {
					"rotation": {
						"0.0": {
							"post": [107.39483, 26.49541, 52.11346],
							"lerp_mode": "catmullrom"
						},
						"1.0417": {
							"post": [92.39437, 50.00281, 59.97565],
							"lerp_mode": "catmullrom"
						},
						"2.3333": {
							"post": [145.86621, 24.15187, 51.07185],
							"lerp_mode": "catmullrom"
						},
						"3.2917": {
							"post": [145.86621, 24.15187, 51.07185],
							"lerp_mode": "catmullrom"
						},
						"4.1667": {
							"post": [86.76485, 26.84471, 52.48929],
							"lerp_mode": "catmullrom"
						},
						"4.3333": {
							"post": [93.21964, 26.39278, 52.02681],
							"lerp_mode": "catmullrom"
						},
						"4.5": {
							"post": [92.39483, 26.49541, 52.11346],
							"lerp_mode": "catmullrom"
						},
						"5.0417": {
							"post": [107.39483, 26.49541, 52.11346],
							"lerp_mode": "catmullrom"
						}
					},
					"position": {
						"0.0": {
							"post": [6.9, -8.2, -14.1],
							"lerp_mode": "catmullrom"
						},
						"2.3333": {
							"post": [8.4, -6, -14.1],
							"lerp_mode": "catmullrom"
						},
						"2.9583": {
							"post": [8.4, -6, -14.1],
							"lerp_mode": "catmullrom"
						},
						"4.1667": {
							"post": [6.9, -8.2, -14.1],
							"lerp_mode": "catmullrom"
						},
						"4.3333": {
							"post": [6.9, -8.2, -14.1],
							"lerp_mode": "catmullrom"
						},
						"4.5": {
							"post": [6.9, -8.7, -10.1],
							"lerp_mode": "catmullrom"
						},
						"4.6667": {
							"post": [6.9, -8.7, -11.6],
							"lerp_mode": "catmullrom"
						},
						"4.875": {
							"post": [6.9, -8.7, -11.6],
							"lerp_mode": "catmullrom"
						},
						"5.0417": {
							"post": [6.9, -8.2, -14.1],
							"lerp_mode": "catmullrom"
						}
					},
					"scale": [1, 1.43, 1]
				},
				"bullet": {
					"rotation": {
						"0.0": {
							"post": [0, 0, 0],
							"lerp_mode": "catmullrom"
						}
					}
				},
				"bullet_shell": {
					"rotation": {
						"0.0": {
							"post": [0, 0, 0],
							"lerp_mode": "catmullrom"
						},
						"4.2917": {
							"post": [0, 0, 0],
							"lerp_mode": "catmullrom"
						}
					},
					"position": {
						"0.0": {
							"post": [0, 0, 0],
							"lerp_mode": "catmullrom"
						},
						"4.2917": {
							"post": [0, 0, 0],
							"lerp_mode": "catmullrom"
						},
						"4.4167": {
							"post": [0, 0, 1.2],
							"lerp_mode": "catmullrom"
						}
					}
				},
				"auto": {
					"scale": {
						"0.0": {
							"post": [0, 0, 0],
							"lerp_mode": "catmullrom"
						}
					}
				},
				"normal": {
					"scale": {
						"0.0": {
							"post": [1, 1, 1],
							"lerp_mode": "catmullrom"
						}
					}
				},
				"camera": {
					"rotation": {
						"0.0": {
							"post": [0, 0, 0],
							"lerp_mode": "catmullrom"
						},
						"0.625": {
							"post": [0, -5, 0],
							"lerp_mode": "catmullrom"
						},
						"2.3333": {
							"post": [20.10006, 11.96664, 0.63995],
							"lerp_mode": "catmullrom"
						},
						"3.125": {
							"post": [20.10006, 11.96664, 0.63995],
							"lerp_mode": "catmullrom"
						},
						"3.7083": {
							"post": [0, -5, 0],
							"lerp_mode": "catmullrom"
						},
						"4.3333": {
							"post": [0, -5, 0],
							"lerp_mode": "catmullrom"
						},
						"4.4167": {
							"post": [0.08748, -4.99924, -1.00382],
							"lerp_mode": "catmullrom"
						},
						"4.5": {
							"post": [-0.08748, -4.99924, 1.00382],
							"lerp_mode": "catmullrom"
						},
						"4.5833": {
							"post": [0, -5, 0],
							"lerp_mode": "catmullrom"
						},
						"5.25": {
							"post": [0, 0, 0],
							"lerp_mode": "catmullrom"
						}
					},
					"position": {
						"0.0": {
							"post": [0, 0, 0],
							"lerp_mode": "catmullrom"
						},
						"4.7083": {
							"post": [0, 0, 0],
							"lerp_mode": "catmullrom"
						},
						"4.7917": {
							"post": [0, -0.1, 0],
							"lerp_mode": "catmullrom"
						},
						"4.875": {
							"post": [0, 0.11, 0],
							"lerp_mode": "catmullrom"
						},
						"4.9583": {
							"post": [0, 0, 0],
							"lerp_mode": "catmullrom"
						},
						"5.25": {
							"post": [0, 0, 0],
							"lerp_mode": "catmullrom"
						}
					}
				},
				"semi_illuminated": {
					"scale": 0
				},
				"auto_illuminated": {
					"scale": 0
				},
				"ejector2": {
					"scale": 0
				},
				"constraint": {
					"rotation": [0.2, 0.2, 0.2],
					"position": [0.2, 0.2, 0.2]
				}
			},
			"sound_effects": {
				"0.0": {
					"effect": "doom:combat_shotgun/combat_inspect_up"
				},
				"4.2917": {
					"effect": "doom:combat_shotgun/combat_shotgun_pump_back"
				},
				"4.875": {
					"effect": "doom:combat_shotgun/combat_shotgun_pump_forward"
				}
			}
		},
		"put_away": {
			"loop": "hold_on_last_frame",
			"animation_length": 1.0833,
			"bones": {
				"root": {
					"rotation": {
						"0.0": {
							"post": [0, 0, 0],
							"lerp_mode": "catmullrom"
						},
						"0.2917": {
							"post": [33.40267, -46.60184, -42.22629],
							"lerp_mode": "catmullrom"
						},
						"0.375": {
							"post": [37.49034, -49.51446, -44.86543],
							"lerp_mode": "catmullrom"
						},
						"0.4583": {
							"post": [33.40267, -46.60184, -42.22629],
							"lerp_mode": "catmullrom"
						},
						"0.5833": {
							"post": [33.40267, -46.60184, -42.22629],
							"lerp_mode": "catmullrom"
						}
					},
					"position": {
						"0.0": {
							"post": [0, 0, 0],
							"lerp_mode": "catmullrom"
						},
						"0.125": {
							"post": [0, 0, 0],
							"lerp_mode": "catmullrom"
						},
						"0.2917": {
							"post": [0, -0.7, -3.6],
							"lerp_mode": "catmullrom"
						},
						"0.4167": {
							"post": [0.5, -0.7, -3.6],
							"lerp_mode": "catmullrom"
						},
						"0.5417": {
							"post": [0, -0.7, -3.6],
							"lerp_mode": "catmullrom"
						}
					}
				},
				"right": {
					"rotation": {
						"0.6667": [0, 0, 0],
						"0.7917": {
							"pre": [33.2367, -15.18892, 13.16783],
							"post": [33.2367, -15.18892, 13.16783],
							"lerp_mode": "catmullrom"
						},
						"1.0": {
							"post": [12.62862, -2.42276, 16.30474],
							"lerp_mode": "catmullrom"
						}
					},
					"position": {
						"0.6667": [0, 0, 0],
						"0.9583": {
							"pre": [-9.8, -5, 8.6],
							"post": [-9.8, -5, 8.6],
							"lerp_mode": "catmullrom"
						}
					}
				},
				"pump": {
					"position": [0, 0, 0]
				},
				"righthand": {
					"rotation": [87.66868, -22.42726, -1.36119],
					"position": [-5.8, -9.7, 1],
					"scale": [1, 1.2, 1]
				},
				"left": {
					"rotation": {
						"0.4583": {
							"pre": [0, 0, 0],
							"post": [0, 0, 0],
							"lerp_mode": "catmullrom"
						},
						"0.5": {
							"post": [0.7433, -1.97152, 0.10852],
							"lerp_mode": "catmullrom"
						},
						"0.5417": {
							"post": [-0.57104, -2.41752, 0.13307],
							"lerp_mode": "catmullrom"
						},
						"0.5833": {
							"post": [1.34832, -2.49622, 0.13741],
							"lerp_mode": "catmullrom"
						},
						"0.7917": {
							"post": [45, 0, 0],
							"lerp_mode": "catmullrom"
						}
					},
					"position": {
						"0.4583": {
							"pre": [0, 0, 0],
							"post": [0, 0, 0],
							"lerp_mode": "catmullrom"
						},
						"0.5833": {
							"post": [0, 0, -4],
							"lerp_mode": "catmullrom"
						},
						"0.7917": {
							"post": [1, -4, -7.5],
							"lerp_mode": "catmullrom"
						},
						"0.9583": {
							"post": [6.5, -11.12, -5.75],
							"lerp_mode": "catmullrom"
						},
						"1.0417": {
							"post": [12, -16, -4],
							"lerp_mode": "catmullrom"
						}
					}
				},
				"lefthand": {
					"rotation": {
						"0.0": {
							"post": [107.39483, 26.49541, 52.11346],
							"lerp_mode": "catmullrom"
						},
						"0.2917": {
							"post": [-10.45172, 11.14866, -20.68847],
							"lerp_mode": "catmullrom"
						},
						"0.5417": {
							"post": [14.54828, 11.14866, -20.68847],
							"lerp_mode": "catmullrom"
						},
						"0.7083": {
							"post": [-45.85344, 3.63816, -29.88135],
							"lerp_mode": "catmullrom"
						},
						"0.875": {
							"post": [-26.68228, 10.60055, -16.48273],
							"lerp_mode": "catmullrom"
						}
					},
					"position": {
						"0.0": {
							"post": [6.9, -8.2, -14.1],
							"lerp_mode": "catmullrom"
						},
						"0.1667": {
							"post": [10.3, -6.7, -14.1],
							"lerp_mode": "catmullrom"
						},
						"0.2917": {
							"post": [7.38, -5.7, -3.3],
							"lerp_mode": "catmullrom"
						},
						"0.5417": {
							"post": [7.38, -5.7, -3.3],
							"lerp_mode": "catmullrom"
						},
						"0.7083": {
							"post": [6.98, -5.7, -3.3],
							"lerp_mode": "catmullrom"
						}
					},
					"scale": [1, 1.43, 1]
				},
				"bullet": {
					"rotation": [0, 0, 0],
					"scale": 0
				},
				"bullet_shell": {
					"rotation": [0, 0, 0],
					"position": [0, 0, 0]
				},
				"auto": {
					"scale": 0
				},
				"normal": {
					"scale": 1
				},
				"camera": {
					"rotation": {
						"0.0": {
							"post": [0, 0, 0],
							"lerp_mode": "catmullrom"
						},
						"0.1667": {
							"post": [9, 0, 0],
							"lerp_mode": "catmullrom"
						},
						"0.4583": {
							"post": [9, 0, 0],
							"lerp_mode": "catmullrom"
						},
						"0.5": {
							"post": [8.99865, 0.15643, -0.98769],
							"lerp_mode": "catmullrom"
						},
						"0.5417": {
							"post": [9.54434, 0.58598, -3.51402],
							"lerp_mode": "catmullrom"
						},
						"0.5833": {
							"post": [9, 0, 0],
							"lerp_mode": "catmullrom"
						},
						"1.0": {
							"post": [0, 0, 0],
							"lerp_mode": "catmullrom"
						}
					},
					"position": {
						"0.0": {
							"post": [0, 0, 0],
							"lerp_mode": "catmullrom"
						},
						"1.0": {
							"post": [0, 0, 0],
							"lerp_mode": "catmullrom"
						}
					}
				},
				"semi_illuminated": {
					"scale": 0
				},
				"auto_illuminated": {
					"scale": 0
				},
				"constraint": {
					"rotation": [0.2, 0.2, 0.2],
					"position": [0.2, 0.2, 0.2]
				}
			},
			"sound_effects": {
				"0.0417": {
					"effect": "doom:combat_shotgun/combat_shotgun_put_away"
				}
			}
		},
		"put_away_auto": {
			"loop": "hold_on_last_frame",
			"animation_length": 1.0833,
			"bones": {
				"root": {
					"rotation": {
						"0.0": {
							"post": [0, 0, 0],
							"lerp_mode": "catmullrom"
						},
						"0.2917": {
							"post": [33.40267, -46.60184, -42.22629],
							"lerp_mode": "catmullrom"
						},
						"0.375": {
							"post": [37.49034, -49.51446, -44.86543],
							"lerp_mode": "catmullrom"
						},
						"0.4583": {
							"post": [33.40267, -46.60184, -42.22629],
							"lerp_mode": "catmullrom"
						},
						"0.5833": {
							"post": [33.40267, -46.60184, -42.22629],
							"lerp_mode": "catmullrom"
						}
					},
					"position": {
						"0.0": {
							"post": [0, 0, 0],
							"lerp_mode": "catmullrom"
						},
						"0.125": {
							"post": [0, 0, 0],
							"lerp_mode": "catmullrom"
						},
						"0.2917": {
							"post": [0, -0.7, -3.6],
							"lerp_mode": "catmullrom"
						},
						"0.4167": {
							"post": [0.5, -0.7, -3.6],
							"lerp_mode": "catmullrom"
						},
						"0.5417": {
							"post": [0, -0.7, -3.6],
							"lerp_mode": "catmullrom"
						}
					}
				},
				"right": {
					"rotation": {
						"0.6667": [0, 0, 0],
						"0.7917": {
							"pre": [33.2367, -15.18892, 13.16783],
							"post": [33.2367, -15.18892, 13.16783],
							"lerp_mode": "catmullrom"
						},
						"1.0": {
							"post": [12.62862, -2.42276, 16.30474],
							"lerp_mode": "catmullrom"
						}
					},
					"position": {
						"0.6667": [0, 0, 0],
						"0.9583": {
							"pre": [-9.8, -5, 8.6],
							"post": [-9.8, -5, 8.6],
							"lerp_mode": "catmullrom"
						}
					}
				},
				"pump": {
					"position": [0, 0, 0]
				},
				"righthand": {
					"rotation": [87.66868, -22.42726, -1.36119],
					"position": [-5.8, -9.7, 1],
					"scale": [1, 1.2, 1]
				},
				"left": {
					"rotation": {
						"0.4583": {
							"pre": [0, 0, 0],
							"post": [0, 0, 0],
							"lerp_mode": "catmullrom"
						},
						"0.5": {
							"post": [0.7433, -1.97152, 0.10852],
							"lerp_mode": "catmullrom"
						},
						"0.5417": {
							"post": [-0.57104, -2.41752, 0.13307],
							"lerp_mode": "catmullrom"
						},
						"0.5833": {
							"post": [1.34832, -2.49622, 0.13741],
							"lerp_mode": "catmullrom"
						},
						"0.7917": {
							"post": [45, 0, 0],
							"lerp_mode": "catmullrom"
						}
					},
					"position": {
						"0.4583": {
							"pre": [0, 0, 0],
							"post": [0, 0, 0],
							"lerp_mode": "catmullrom"
						},
						"0.5833": {
							"post": [0, 0, -4],
							"lerp_mode": "catmullrom"
						},
						"0.7917": {
							"post": [1, -4, -7.5],
							"lerp_mode": "catmullrom"
						},
						"0.9583": {
							"post": [6.5, -11.12, -5.75],
							"lerp_mode": "catmullrom"
						},
						"1.0417": {
							"post": [12, -16, -4],
							"lerp_mode": "catmullrom"
						}
					}
				},
				"lefthand": {
					"rotation": {
						"0.0": {
							"post": [107.39483, 26.49541, 52.11346],
							"lerp_mode": "catmullrom"
						},
						"0.375": {
							"post": [-10.45172, 11.14866, -20.68847],
							"lerp_mode": "catmullrom"
						},
						"0.5417": {
							"post": [14.54828, 11.14866, -20.68847],
							"lerp_mode": "catmullrom"
						},
						"0.7083": {
							"post": [-45.85344, 3.63816, -29.88135],
							"lerp_mode": "catmullrom"
						},
						"0.875": {
							"post": [-26.68228, 10.60055, -16.48273],
							"lerp_mode": "catmullrom"
						}
					},
					"position": {
						"0.0": {
							"post": [6.9, -8.2, -14.1],
							"lerp_mode": "catmullrom"
						},
						"0.1667": {
							"post": [10.3, -6.7, -14.1],
							"lerp_mode": "catmullrom"
						},
						"0.2917": {
							"post": [7.38, -5.7, -3.3],
							"lerp_mode": "catmullrom"
						},
						"0.5417": {
							"post": [7.38, -5.7, -3.3],
							"lerp_mode": "catmullrom"
						},
						"0.7083": {
							"post": [6.98, -5.7, -3.3],
							"lerp_mode": "catmullrom"
						}
					},
					"scale": [1, 1.43, 1]
				},
				"bullet": {
					"rotation": [0, 0, 0],
					"scale": 0
				},
				"bullet_shell": {
					"rotation": [0, 0, 0],
					"position": [0, 0, 0],
					"scale": 0
				},
				"auto": {
					"scale": 1
				},
				"normal": {
					"scale": 0
				},
				"camera": {
					"rotation": {
						"0.0": {
							"post": [0, 0, 0],
							"lerp_mode": "catmullrom"
						},
						"0.1667": {
							"post": [9, 0, 0],
							"lerp_mode": "catmullrom"
						},
						"0.4583": {
							"post": [9, 0, 0],
							"lerp_mode": "catmullrom"
						},
						"0.5": {
							"post": [8.99865, 0.15643, -0.98769],
							"lerp_mode": "catmullrom"
						},
						"0.5417": {
							"post": [9.54434, 0.58598, -3.51402],
							"lerp_mode": "catmullrom"
						},
						"0.5833": {
							"post": [9, 0, 0],
							"lerp_mode": "catmullrom"
						},
						"1.0": {
							"post": [0, 0, 0],
							"lerp_mode": "catmullrom"
						}
					},
					"position": {
						"0.0": {
							"post": [0, 0, 0],
							"lerp_mode": "catmullrom"
						},
						"1.0": {
							"post": [0, 0, 0],
							"lerp_mode": "catmullrom"
						}
					}
				},
				"semi_illuminated": {
					"scale": 0
				},
				"auto_illuminated": {
					"scale": 0
				},
				"ejector": {
					"scale": 0
				},
				"constraint": {
					"rotation": [0.2, 0.2, 0.2],
					"position": [0.2, 0.2, 0.2]
				}
			},
			"sound_effects": {
				"0.0417": {
					"effect": "doom:combat_shotgun/combat_shotgun_put_away"
				}
			}
		},
		"overheat": {
			"loop": "hold_on_last_frame",
			"animation_length": 2.6667,
			"bones": {
				"root": {
					"rotation": {
						"0.0": {
							"post": [0, 0, 0],
							"lerp_mode": "catmullrom"
						},
						"0.4583": {
							"post": [-12.64168, -7.15102, 2.26708],
							"lerp_mode": "catmullrom"
						},
						"0.75": {
							"post": [-14.35557, -10.41422, 3.16508],
							"lerp_mode": "catmullrom"
						},
						"0.8333": {
							"post": [-13.69508, -11.59168, -0.73366],
							"lerp_mode": "catmullrom"
						},
						"0.9167": {
							"post": [-14.70267, -9.91243, 5.13198],
							"lerp_mode": "catmullrom"
						},
						"1.0833": {
							"post": [-14.70267, -9.91243, 5.13198],
							"lerp_mode": "catmullrom"
						},
						"1.1667": {
							"post": [-13.58138, -11.40882, -0.91239],
							"lerp_mode": "catmullrom"
						},
						"1.25": {
							"post": [-14.35557, -10.41422, 3.16508],
							"lerp_mode": "catmullrom"
						},
						"1.4167": {
							"post": [-14.70267, -9.91243, 5.13198],
							"lerp_mode": "catmullrom"
						},
						"1.5833": {
							"post": [-14.70267, -9.91243, 5.13198],
							"lerp_mode": "catmullrom"
						},
						"1.9167": [-13.60797, -11.38107, -0.78767],
						"2.0": [-12.50618, -10.9303, -1.97059],
						"2.0833": [-13.60797, -11.38107, -0.78767],
						"2.4167": {
							"pre": [1.25, 0, 0],
							"post": [1.25, 0, 0],
							"lerp_mode": "catmullrom"
						},
						"2.6667": {
							"post": [0, 0, 0],
							"lerp_mode": "catmullrom"
						}
					},
					"position": {
						"0.0": {
							"post": [0, 0, 0],
							"lerp_mode": "catmullrom"
						},
						"0.2083": {
							"post": [0, -0.3, 0],
							"lerp_mode": "catmullrom"
						},
						"0.4583": {
							"post": [0, 0, 0],
							"lerp_mode": "catmullrom"
						},
						"0.75": {
							"post": [0, -0.2, 0],
							"lerp_mode": "catmullrom"
						},
						"1.25": {
							"post": [0, -0.2, 0],
							"lerp_mode": "catmullrom"
						},
						"1.9167": [0, 0, 0],
						"2.0": [0, 0.01, 0.2],
						"2.0833": [0, 0, 0],
						"2.4167": {
							"pre": [-0.05, -0.15, 0.075],
							"post": [-0.05, -0.15, 0.075],
							"lerp_mode": "catmullrom"
						},
						"2.5417": {
							"post": [-0.03, 0.07, 0.04],
							"lerp_mode": "catmullrom"
						},
						"2.6667": {
							"post": [0, 0, 0],
							"lerp_mode": "catmullrom"
						}
					}
				},
				"right": {
					"rotation": [0, 0, 0],
					"position": [0, 0, 0]
				},
				"pump": {
					"position": [0, 0, 0]
				},
				"righthand": {
					"rotation": [87.66868, -22.42726, -1.36119],
					"position": [-5.8, -9.7, 1],
					"scale": [1, 1.2, 1]
				},
				"left": {
					"rotation": [0, 0, 0],
					"position": [0, 0, 0]
				},
				"lefthand": {
					"rotation": {
						"0.0": {
							"post": [107.39483, 26.49541, 52.11346],
							"lerp_mode": "catmullrom"
						},
						"0.5": {
							"post": [91.09029, 58.7932, 71.43976],
							"lerp_mode": "catmullrom"
						},
						"0.75": {
							"post": [61.09029, 58.7932, 71.43976],
							"lerp_mode": "catmullrom"
						},
						"0.8333": {
							"post": [91.09029, 58.7932, 71.43976],
							"lerp_mode": "catmullrom"
						},
						"1.0833": {
							"post": [61.09029, 58.7932, 71.43976],
							"lerp_mode": "catmullrom"
						},
						"1.1667": {
							"post": [91.09029, 58.7932, 71.43976],
							"lerp_mode": "catmullrom"
						},
						"2.0833": {
							"post": [85.61398, 42.82953, 64.70395],
							"lerp_mode": "catmullrom"
						},
						"2.3333": {
							"post": [107.39483, 26.49541, 52.11346],
							"lerp_mode": "catmullrom"
						}
					},
					"position": {
						"0.0": {
							"post": [6.9, -8.2, -14.1],
							"lerp_mode": "catmullrom"
						},
						"0.25": {
							"post": [9.79, -6.7, -9.6],
							"lerp_mode": "catmullrom"
						},
						"0.5": {
							"post": [10.3, -5.2, -5.1],
							"lerp_mode": "catmullrom"
						},
						"0.75": {
							"post": [14.3, -5.2, -5.1],
							"lerp_mode": "catmullrom"
						},
						"0.8333": {
							"post": [9.3, -5.2, -5.1],
							"lerp_mode": "catmullrom"
						},
						"1.0833": {
							"post": [14.3, -5.2, -5.1],
							"lerp_mode": "catmullrom"
						},
						"1.1667": {
							"post": [9.3, -5.2, -5.1],
							"lerp_mode": "catmullrom"
						},
						"2.0833": {
							"post": [10.3, -6.84, -10.03],
							"lerp_mode": "catmullrom"
						},
						"2.3333": {
							"post": [6.9, -8.2, -14.1],
							"lerp_mode": "catmullrom"
						}
					},
					"scale": {
						"0.0": {
							"post": [1, 1.43, 1],
							"lerp_mode": "catmullrom"
						}
					}
				},
				"bullet": {
					"rotation": [0, 0, 0]
				},
				"bullet_shell": {
					"rotation": [0, 0, 0],
					"position": [0, 0, 0]
				},
				"normal": {
					"scale": 0
				},
				"semi_illuminated": {
					"scale": 0
				},
				"auto_illuminated": {
					"position": [0, 0, 0],
					"scale": 1
				},
				"magazine": {
					"rotation": {
						"0.0": [0, 0, 60],
						"0.8333": [0, 0, 81.5],
						"0.875": [0, 0, 50],
						"0.9167": [0, 0, 60],
						"1.1667": [0, 0, 81.5],
						"1.2083": [0, 0, 50],
						"1.25": [0, 0, 60],
						"1.9583": [0, 0, 70],
						"2.0833": [0, 0, 0]
					},
					"position": [0, 0, 0]
				},
				"camera": {
					"rotation": {
						"0.0": {
							"post": [0, 0, 0],
							"lerp_mode": "catmullrom"
						},
						"0.3333": {
							"post": [5, 5, 0],
							"lerp_mode": "catmullrom"
						},
						"0.75": {
							"post": [5, 5, 0],
							"lerp_mode": "catmullrom"
						},
						"0.8333": {
							"post": [5, 5, 0],
							"lerp_mode": "catmullrom"
						},
						"0.875": {
							"post": [5.1712, 4.82269, 1.99947],
							"lerp_mode": "catmullrom"
						},
						"0.9167": {
							"post": [5, 5, 0],
							"lerp_mode": "catmullrom"
						},
						"1.125": {
							"post": [5, 5, 0],
							"lerp_mode": "catmullrom"
						},
						"1.1667": {
							"post": [5.1712, 4.82269, 1.99947],
							"lerp_mode": "catmullrom"
						},
						"1.2083": {
							"post": [5, 5, 0],
							"lerp_mode": "catmullrom"
						},
						"1.3333": {
							"post": [5, 5, 0],
							"lerp_mode": "catmullrom"
						},
						"1.9583": {
							"post": [5, 5, 0],
							"lerp_mode": "catmullrom"
						},
						"2.0417": {
							"post": [5, 5, 0],
							"lerp_mode": "catmullrom"
						},
						"2.0833": {
							"post": [5.06493, 4.93421, 0.74993],
							"lerp_mode": "catmullrom"
						},
						"2.125": {
							"post": [5, 5, 0],
							"lerp_mode": "catmullrom"
						},
						"2.6667": {
							"post": [0, 0, 0],
							"lerp_mode": "catmullrom"
						}
					},
					"position": {
						"0.0": {
							"post": [0, 0, 0],
							"lerp_mode": "catmullrom"
						},
						"2.6667": {
							"post": [0, 0, 0],
							"lerp_mode": "catmullrom"
						}
					}
				},
				"constraint": {
					"rotation": [0.2, 0.2, 0.2],
					"position": [0.2, 0.2, 0.2]
				}
			}
		},
		"inspect_auto": {
			"loop": "hold_on_last_frame",
			"animation_length": 3.5833,
			"bones": {
				"root": {
					"rotation": {
						"0.0": {
							"post": [0, 0, 0],
							"lerp_mode": "catmullrom"
						},
						"0.75": {
							"post": [67.45731, -74.58736, -82.18514],
							"lerp_mode": "catmullrom"
						},
						"2.4167": {
							"post": [67.45731, -74.58736, -82.18514],
							"lerp_mode": "catmullrom"
						},
						"3.5417": {
							"post": [0, 0, 0],
							"lerp_mode": "catmullrom"
						}
					},
					"position": {
						"0.0": {
							"post": [0, 0, 0],
							"lerp_mode": "catmullrom"
						},
						"0.75": {
							"post": [1, 0, -7],
							"lerp_mode": "catmullrom"
						},
						"2.4167": {
							"post": [1, 0, -7],
							"lerp_mode": "catmullrom"
						},
						"3.5417": {
							"post": [0, 0, 0],
							"lerp_mode": "catmullrom"
						}
					}
				},
				"right": {
					"rotation": [0, 0, 0],
					"position": [0, 0, 0]
				},
				"pump": {
					"position": [0, 0, 0]
				},
				"righthand": {
					"rotation": [87.66868, -22.42726, -1.36119],
					"position": [-5.8, -9.7, 1],
					"scale": [1, 1.2, 1]
				},
				"left": {
					"rotation": [0, 0, 0],
					"position": [0, 0, 0]
				},
				"lefthand": {
					"rotation": {
						"0.0": [107.39483, 26.49541, 52.11346],
						"0.5": [128.1895, 30.1971, 97.40725],
						"3.0": [128.1895, 30.1971, 97.40725],
						"3.5": [107.39483, 26.49541, 52.11346]
					},
					"position": {
						"0.0": [6.9, -8.2, -14.1],
						"0.5": [5.8, -8.2, -14.1],
						"3.0": [5.8, -8.2, -14.1],
						"3.5": [6.9, -8.2, -14.1]
					},
					"scale": [1, 1.43, 1]
				},
				"bullet": {
					"rotation": [0, 0, 0]
				},
				"bullet_shell": {
					"rotation": [0, 0, 0],
					"position": [0, 0, 0]
				},
				"normal": {
					"scale": 0
				},
				"magazine": {
					"rotation": {
						"0.5": [0, 0, 0],
						"1.25": [0, 0, 116.25],
						"1.75": [0, 0, 116.25],
						"2.0": [0, 0, 0]
					},
					"position": {
						"0.5": [0, 0, 0],
						"2.0": [0, 0, 0]
					}
				},
				"spin": {
					"rotation": {
						"0.5": [0, 0, 0],
						"1.25": [0, 0, 50],
						"1.75": [0, 0, 50],
						"2.0": [0, 0, 0]
					},
					"position": {
						"0.5": [0, 0, 0],
						"1.25": [-0.1, 0, 0]
					}
				},
				"camera": {
					"rotation": {
						"0.0": {
							"post": [0, 0, 0],
							"lerp_mode": "catmullrom"
						},
						"0.5": {
							"post": [0, -7, 0],
							"lerp_mode": "catmullrom"
						},
						"0.625": {
							"post": [0, -7.27, 0],
							"lerp_mode": "catmullrom"
						},
						"2.0": {
							"post": [0, -7, 0],
							"lerp_mode": "catmullrom"
						},
						"2.5417": {
							"post": [0, 0, 0],
							"lerp_mode": "catmullrom"
						}
					},
					"position": {
						"0.0": {
							"post": [0, 0, 0],
							"lerp_mode": "catmullrom"
						},
						"2.5417": {
							"post": [0, 0, 0],
							"lerp_mode": "catmullrom"
						}
					}
				},
				"ejector": {
					"scale": 0
				},
				"constraint": {
					"rotation": [0.2, 0.2, 0.2],
					"position": [0.2, 0.2, 0.2]
				}
			},
			"sound_effects": {
				"0.0": {
					"effect": "doom:combat_shotgun/combat_auto_inspect_up"
				},
				"0.5": {
					"effect": "doom:combat_shotgun/autoaim"
				},
				"1.75": {
					"effect": "doom:combat_shotgun/autoaim"
				},
				"2.75": {
					"effect": "doom:combat_shotgun/combat_auto_inspect_down"
				}
			}
		},
		"inspect_auto_empty": {
			"loop": "hold_on_last_frame",
			"animation_length": 3.5833,
			"bones": {
				"root": {
					"rotation": {
						"0.0": {
							"post": [0, 0, 0],
							"lerp_mode": "catmullrom"
						},
						"0.75": {
							"post": [67.45731, -74.58736, -82.18514],
							"lerp_mode": "catmullrom"
						},
						"2.4167": {
							"post": [67.45731, -74.58736, -82.18514],
							"lerp_mode": "catmullrom"
						},
						"3.5417": {
							"post": [0, 0, 0],
							"lerp_mode": "catmullrom"
						}
					},
					"position": {
						"0.0": {
							"post": [0, 0, 0],
							"lerp_mode": "catmullrom"
						},
						"0.75": {
							"post": [1, 0, -7],
							"lerp_mode": "catmullrom"
						},
						"2.4167": {
							"post": [1, 0, -7],
							"lerp_mode": "catmullrom"
						},
						"3.5417": {
							"post": [0, 0, 0],
							"lerp_mode": "catmullrom"
						}
					}
				},
				"right": {
					"rotation": [0, 0, 0],
					"position": [0, 0, 0]
				},
				"pump": {
					"position": [0, 0, 0]
				},
				"righthand": {
					"rotation": [87.66868, -22.42726, -1.36119],
					"position": [-5.8, -9.7, 1],
					"scale": [1, 1.2, 1]
				},
				"left": {
					"rotation": [0, 0, 0],
					"position": [0, 0, 0]
				},
				"lefthand": {
					"rotation": {
						"0.0": [107.39483, 26.49541, 52.11346],
						"0.5": [128.1895, 30.1971, 97.40725],
						"3.0": [128.1895, 30.1971, 97.40725],
						"3.5": [107.39483, 26.49541, 52.11346]
					},
					"position": {
						"0.0": [6.9, -8.2, -14.1],
						"0.5": [5.8, -8.2, -14.1],
						"3.0": [5.8, -8.2, -14.1],
						"3.5": [6.9, -8.2, -14.1]
					},
					"scale": [1, 1.43, 1]
				},
				"bullet": {
					"rotation": [0, 0, 0]
				},
				"bullet_shell": {
					"rotation": [0, 0, 0],
					"position": [0, 0, 0]
				},
				"normal": {
					"scale": 0
				},
				"magazine": {
					"rotation": {
						"0.5": [0, 0, 0],
						"1.25": [0, 0, 116.25],
						"1.75": [0, 0, 116.25],
						"2.0": [0, 0, 0]
					},
					"position": {
						"0.5": [0, 0, 0],
						"2.0": [0, 0, 0]
					}
				},
				"spin": {
					"rotation": {
						"0.5": [0, 0, 0],
						"1.25": [0, 0, 50],
						"1.75": [0, 0, 50],
						"2.0": [0, 0, 0]
					},
					"position": {
						"0.5": [0, 0, 0],
						"1.25": [-0.1, 0, 0]
					}
				},
				"camera": {
					"rotation": {
						"0.0": {
							"post": [0, 0, 0],
							"lerp_mode": "catmullrom"
						},
						"0.5": {
							"post": [0, -7, 0],
							"lerp_mode": "catmullrom"
						},
						"0.625": {
							"post": [0, -7.27, 0],
							"lerp_mode": "catmullrom"
						},
						"2.0": {
							"post": [0, -7, 0],
							"lerp_mode": "catmullrom"
						},
						"2.5417": {
							"post": [0, 0, 0],
							"lerp_mode": "catmullrom"
						}
					},
					"position": {
						"0.0": {
							"post": [0, 0, 0],
							"lerp_mode": "catmullrom"
						},
						"2.5417": {
							"post": [0, 0, 0],
							"lerp_mode": "catmullrom"
						}
					}
				},
				"ejector": {
					"scale": 0
				},
				"constraint": {
					"rotation": [0.2, 0.2, 0.2],
					"position": [0.2, 0.2, 0.2]
				}
			},
			"sound_effects": {
				"0.0": {
					"effect": "doom:combat_shotgun/combat_auto_inspect_up"
				},
				"0.5": {
					"effect": "doom:combat_shotgun/autoaim"
				},
				"1.75": {
					"effect": "doom:combat_shotgun/autoaim"
				},
				"2.75": {
					"effect": "doom:combat_shotgun/combat_auto_inspect_down"
				}
			}
		},
		"bolt": {
			"loop": "hold_on_last_frame",
			"animation_length": 0.5417,
			"bones": {
				"root": {
					"rotation": {
						"0.0": [0, 0, 0],
						"0.125": [-2.5, 0, 7.5],
						"0.375": [-2.5, 0, 7.5],
						"0.5": [0, 0, 0]
					},
					"position": {
						"0.0": [0, 0, 0],
						"0.125": [0, 0, 2],
						"0.2917": [0, 0, 1],
						"0.5": [0, 0, 0]
					}
				},
				"pump": {
					"position": {
						"0.0": [0, 0, 0],
						"0.125": [0, 0, 3.4],
						"0.2917": [0, 0, 3.4],
						"0.5": [0, 0, 0]
					}
				},
				"righthand": {
					"rotation": [87.66868, -22.42726, -1.36119],
					"position": [-5.8, -9.7, 1],
					"scale": [1, 1.2, 1]
				},
				"lefthand": {
					"rotation": {
						"0.0": {
							"post": [107.39483, 26.49541, 52.11346],
							"lerp_mode": "catmullrom"
						},
						"0.125": {
							"post": [92.39483, 26.49541, 52.11346],
							"lerp_mode": "catmullrom"
						},
						"0.5": {
							"post": [107.39483, 26.49541, 52.11346],
							"lerp_mode": "catmullrom"
						}
					},
					"position": {
						"0.0": {
							"post": [6.9, -8.2, -14.1],
							"lerp_mode": "catmullrom"
						},
						"0.125": {
							"post": [6.9, -8.7, -10.1],
							"lerp_mode": "catmullrom"
						},
						"0.2917": {
							"post": [6.9, -8.7, -10.1],
							"lerp_mode": "catmullrom"
						},
						"0.5": {
							"post": [6.9, -8.2, -14.1],
							"lerp_mode": "catmullrom"
						}
					},
					"scale": {
						"0.0": {
							"post": [1, 1.43, 1],
							"lerp_mode": "catmullrom"
						}
					}
				},
				"camera": {
					"rotation": {
						"0.0": {
							"post": [0, 0, 0],
							"lerp_mode": "catmullrom"
						},
						"0.125": {
							"post": [0.5, 0, 0.0625],
							"lerp_mode": "catmullrom"
						},
						"0.1667": {
							"post": [0.24, 0, 0.75],
							"lerp_mode": "catmullrom"
						},
						"0.3333": {
							"post": [0.45, 0, -0.5],
							"lerp_mode": "catmullrom"
						},
						"0.375": {
							"post": [0.12, 0, 0],
							"lerp_mode": "catmullrom"
						},
						"0.5": {
							"post": [0, 0, 0],
							"lerp_mode": "catmullrom"
						}
					}
				},
				"bullet": {
					"rotation": {
						"0.0": [-7.5, 0, 0],
						"0.2917": [-7.5, 0, 0],
						"0.375": [-11.25, 0, 0],
						"0.4583": [0, 0, 0]
					},
					"position": {
						"0.0": [0, 0, -0.3],
						"0.2917": [0, 0, -0.3],
						"0.375": [0, 0.49, -1.1],
						"0.4583": [0, 0.975, -1.3]
					}
				},
				"bullet_shell": {
					"rotation": {
						"0.0": [0, 0, 0],
						"0.0417": [0, 0, 0],
						"0.4583": [-90, 180, 0],
						"0.5": [0, 0, 0]
					},
					"position": {
						"0.0": [0, 0, 0],
						"0.0417": [0, 0, 2],
						"0.0833": [-2.57505, 0.57453, 1.67758],
						"0.125": [-5.08643, 0.65608, 1.40978],
						"0.1667": [-7.57196, 0.48945, 2.1592],
						"0.2083": [-9.92528, 0.34737, 3.01322],
						"0.25": [-12.01873, -0.00986, 4.08251],
						"0.2917": [-13.85424, -0.85822, 5.36602],
						"0.3333": [-15.69544, -2.49153, 6.66011],
						"0.375": [-17.69861, -5.88027, 7.82789],
						"0.4167": [-19.90683, -11.78058, 10.82705],
						"0.4583": [-22.18629, -20.42049, 11.74792],
						"0.5": [0, 0, 0]
					},
					"scale": {
						"0.0": [1, 1, 1],
						"0.4583": {
							"pre": [1, 1, 1],
							"post": [0, 0, 0]
						},
						"0.5": {
							"pre": [0, 0, 0],
							"post": [1, 1, 1]
						}
					}
				},
				"auto": {
					"scale": 0
				},
				"semi_illuminated": {
					"scale": {
						"0.4583": [0, 0, 0],
						"0.5417": [1, 1, 1]
					}
				},
				"auto_illuminated": {
					"scale": 0
				},
				"ejector2": {
					"scale": 0
				},
				"constraint": {
					"rotation": [0.2, 0.2, 0.2],
					"position": [0.2, 0.2, 0.2]
				}
			},
			"sound_effects": {
				"0.0417": {
					"effect": "doom:combat_shotgun/combat_shotgun_pump"
				}
			}
		},
		"reload_empty": {
			"loop": "hold_on_last_frame",
			"animation_length": 0.5417,
			"bones": {
				"root": {
					"rotation": {
						"0.0": [0, 0, 0],
						"0.125": [-2.5, 0, 7.5],
						"0.375": [-2.5, 0, 7.5],
						"0.5": [0, 0, 0]
					},
					"position": {
						"0.0": [0, 0, 0],
						"0.125": [0, 0, 2],
						"0.2917": [0, 0, 1],
						"0.5": [0, 0, 0]
					}
				},
				"pump": {
					"position": {
						"0.0": [0, 0, 0],
						"0.125": [0, 0, 3.4],
						"0.2917": [0, 0, 3.4],
						"0.5": [0, 0, 0]
					}
				},
				"righthand": {
					"rotation": [87.66868, -22.42726, -1.36119],
					"position": [-5.8, -9.7, 1],
					"scale": [1, 1.2, 1]
				},
				"lefthand": {
					"rotation": {
						"0.0": {
							"post": [107.39483, 26.49541, 52.11346],
							"lerp_mode": "catmullrom"
						},
						"0.125": {
							"post": [92.39483, 26.49541, 52.11346],
							"lerp_mode": "catmullrom"
						},
						"0.5": {
							"post": [107.39483, 26.49541, 52.11346],
							"lerp_mode": "catmullrom"
						}
					},
					"position": {
						"0.0": {
							"post": [6.9, -8.2, -14.1],
							"lerp_mode": "catmullrom"
						},
						"0.125": {
							"post": [6.9, -8.7, -10.1],
							"lerp_mode": "catmullrom"
						},
						"0.2917": {
							"post": [6.9, -8.7, -10.1],
							"lerp_mode": "catmullrom"
						},
						"0.5": {
							"post": [6.9, -8.2, -14.1],
							"lerp_mode": "catmullrom"
						}
					},
					"scale": {
						"0.0": {
							"post": [1, 1.43, 1],
							"lerp_mode": "catmullrom"
						}
					}
				},
				"camera": {
					"rotation": {
						"0.0": {
							"post": [0, 0, 0],
							"lerp_mode": "catmullrom"
						},
						"0.125": {
							"post": [0.5, 0, 0.0625],
							"lerp_mode": "catmullrom"
						},
						"0.1667": {
							"post": [0.24, 0, 0.75],
							"lerp_mode": "catmullrom"
						},
						"0.3333": {
							"post": [0.45, 0, -0.5],
							"lerp_mode": "catmullrom"
						},
						"0.375": {
							"post": [0.12, 0, 0],
							"lerp_mode": "catmullrom"
						},
						"0.5": {
							"post": [0, 0, 0],
							"lerp_mode": "catmullrom"
						}
					}
				},
				"bullet": {
					"rotation": {
						"0.0": [-7.5, 0, 0],
						"0.2917": [-7.5, 0, 0],
						"0.375": [-11.25, 0, 0],
						"0.4583": [0, 0, 0]
					},
					"position": {
						"0.0": [0, 0, -0.3],
						"0.2917": [0, 0, -0.3],
						"0.375": [0, 0.49, -1.1],
						"0.4583": [0, 0.975, -1.3]
					}
				},
				"bullet_shell": {
					"rotation": {
						"0.0": [0, 0, 0],
						"0.0417": [0, 0, 0],
						"0.4583": [-90, 180, 0],
						"0.5": [0, 0, 0]
					},
					"position": {
						"0.0": [0, 0, 0],
						"0.0417": [0, 0, 2],
						"0.0833": [-2.57505, 0.57453, 1.67758],
						"0.125": [-5.08643, 0.65608, 1.40978],
						"0.1667": [-7.57196, 0.48945, 2.1592],
						"0.2083": [-9.92528, 0.34737, 3.01322],
						"0.25": [-12.01873, -0.00986, 4.08251],
						"0.2917": [-13.85424, -0.85822, 5.36602],
						"0.3333": [-15.69544, -2.49153, 6.66011],
						"0.375": [-17.69861, -5.88027, 7.82789],
						"0.4167": [-19.90683, -11.78058, 10.82705],
						"0.4583": [-22.18629, -20.42049, 11.74792],
						"0.5": [0, 0, 0]
					},
					"scale": {
						"0.0": [1, 1, 1],
						"0.4583": {
							"pre": [1, 1, 1],
							"post": [0, 0, 0]
						},
						"0.5": {
							"pre": [0, 0, 0],
							"post": [1, 1, 1]
						}
					}
				},
				"auto": {
					"scale": 0
				},
				"semi_illuminated": {
					"scale": {
						"0.4583": [0, 0, 0],
						"0.5417": [1, 1, 1]
					}
				},
				"auto_illuminated": {
					"scale": 0
				},
				"ejector2": {
					"scale": 0
				},
				"constraint": {
					"rotation": [0.2, 0.2, 0.2],
					"position": [0.2, 0.2, 0.2]
				}
			},
			"sound_effects": {
				"0.0417": {
					"effect": "doom:combat_shotgun/combat_shotgun_pump"
				}
			}
		},
		"shoot": {
			"loop": "hold_on_last_frame",
			"animation_length": 0.5833,
			"bones": {
				"root": {
					"rotation": {
						"0.0": {
							"post": [0, 0, 0],
							"lerp_mode": "catmullrom"
						},
						"0.0417": {
							"post": [-3.75931, 0.15232, -2.99835],
							"lerp_mode": "catmullrom"
						},
						"0.0833": {
							"post": [-4.07024, 1.33042, 1.79388],
							"lerp_mode": "catmullrom"
						},
						"0.125": {
							"post": [-4.32314, -0.61289, -0.16761],
							"lerp_mode": "catmullrom"
						},
						"0.2083": {
							"post": [-2.3888, -0.64862, -0.4426],
							"lerp_mode": "catmullrom"
						},
						"0.2917": {
							"post": [-1.10198, -0.95049, 0.39646],
							"lerp_mode": "catmullrom"
						},
						"0.4583": {
							"post": [-0.11175, -0.09714, 0.12299],
							"lerp_mode": "catmullrom"
						},
						"0.5833": {
							"post": [0, 0, 0],
							"lerp_mode": "catmullrom"
						}
					},
					"position": {
						"0.0": {
							"post": [0, 0, 0],
							"lerp_mode": "catmullrom"
						},
						"0.0417": {
							"post": [0, -0.5, 3.1375],
							"lerp_mode": "catmullrom"
						},
						"0.1667": {
							"post": [-0.125, 0.18, 1.775],
							"lerp_mode": "catmullrom"
						},
						"0.25": {
							"post": [-0.11, 0.065, 0.7225],
							"lerp_mode": "catmullrom"
						},
						"0.3333": {
							"post": [-0.075, -0.0525, 0.245],
							"lerp_mode": "catmullrom"
						},
						"0.4167": {
							"post": [0, -0.095, 0.015],
							"lerp_mode": "catmullrom"
						},
						"0.5": {
							"post": [0, -0.03, -0.095],
							"lerp_mode": "catmullrom"
						},
						"0.5833": {
							"post": [0, 0, 0],
							"lerp_mode": "catmullrom"
						}
					}
				},
				"constraint": {
					"rotation": {
						"0.0833": [0.75, 0.85, 0.75],
						"0.5": [0, 0, 0]
					},
					"position": {
						"0.0833": [0, 0, 0.65],
						"0.5": [0, 0, 0]
					}
				},
				"camera": {
					"rotation": {
						"0.0": {
							"post": [-0.25, 0, 2],
							"lerp_mode": "catmullrom"
						},
						"0.0833": {
							"post": [0.125, 0, -1],
							"lerp_mode": "catmullrom"
						},
						"0.1667": {
							"post": [0, 0, 1],
							"lerp_mode": "catmullrom"
						},
						"0.25": {
							"post": [0.125, 0, -0.5],
							"lerp_mode": "catmullrom"
						},
						"0.3333": {
							"post": [0, 0, 0.25],
							"lerp_mode": "catmullrom"
						},
						"0.4167": {
							"post": [0, 0, -0.25],
							"lerp_mode": "catmullrom"
						},
						"0.5": {
							"post": [0, 0, 0],
							"lerp_mode": "catmullrom"
						}
					}
				},
				"auto": {
					"scale": 0
				},
				"semi_illuminated": {
					"scale": 1
				},
				"auto_illuminated": {
					"scale": 0
				},
				"ejector2": {
					"scale": 0
				}
			},
			"sound_effects": {
				"0.0417": {
					"effect": "doom:combat_shotgun/combat_shotgun_semi"
				}
			}
		},
		"draw": {
			"loop": "hold_on_last_frame",
			"animation_length": 1,
			"bones": {
				"root": {
					"rotation": {
						"0.0": {
							"post": [0, 0, 0],
							"lerp_mode": "catmullrom"
						},
						"0.4583": {
							"post": [0, 0, 0],
							"lerp_mode": "catmullrom"
						},
						"0.5417": {
							"post": [2, 0, 0],
							"lerp_mode": "catmullrom"
						},
						"0.5833": {
							"post": [-0.18, 0, 0],
							"lerp_mode": "catmullrom"
						},
						"1.0": {
							"post": [0, 0, 0],
							"lerp_mode": "catmullrom"
						}
					},
					"position": {
						"0.0": {
							"post": [0, 0, 0],
							"lerp_mode": "catmullrom"
						},
						"0.4583": {
							"post": [0, 0, 0],
							"lerp_mode": "catmullrom"
						},
						"0.5417": {
							"post": [-3, 0, 2.9],
							"lerp_mode": "catmullrom"
						},
						"0.5833": {
							"post": [-3, 0, 2.9],
							"lerp_mode": "catmullrom"
						},
						"1.0": {
							"post": [0, 0, 0],
							"lerp_mode": "catmullrom"
						}
					}
				},
				"right": {
					"rotation": {
						"0.0": {
							"post": [33.2367, -15.18892, 13.16783],
							"lerp_mode": "catmullrom"
						},
						"0.1667": {
							"post": [-37.68608, -44.6313, 29.42437],
							"lerp_mode": "catmullrom"
						},
						"0.5417": {
							"post": [-37.68608, -44.6313, 29.42437],
							"lerp_mode": "catmullrom"
						},
						"0.625": {
							"post": [-37.68608, -44.6313, 29.42437],
							"lerp_mode": "catmullrom"
						},
						"0.875": {
							"post": [0, 0, 0],
							"lerp_mode": "catmullrom"
						}
					},
					"position": {
						"0.0": {
							"post": [-3, -10, 0],
							"lerp_mode": "catmullrom"
						},
						"0.1667": {
							"post": [-3, -4, -6],
							"lerp_mode": "catmullrom"
						},
						"0.5417": {
							"post": [-3, -4, -6],
							"lerp_mode": "catmullrom"
						},
						"0.5833": {
							"post": [-3.31, -4.23, -6.31],
							"lerp_mode": "catmullrom"
						},
						"0.625": {
							"post": [-3.025, -4, -6],
							"lerp_mode": "catmullrom"
						},
						"0.7917": {
							"post": [-1.19, -1.89, -1.105],
							"lerp_mode": "catmullrom"
						},
						"0.8333": {
							"post": [-0.48, -0.875, -0.36],
							"lerp_mode": "catmullrom"
						},
						"0.875": {
							"post": [0, 0, 0],
							"lerp_mode": "catmullrom"
						}
					}
				},
				"righthand": {
					"rotation": [87.66868, -22.42726, -1.36119],
					"position": [-5.8, -9.7, 1],
					"scale": [1, 1.2, 1]
				},
				"left": {
					"rotation": {
						"0.0": {
							"post": [-81.24618, -27.79687, 43.39482],
							"lerp_mode": "catmullrom"
						},
						"0.125": {
							"post": [-55.84648, -50.82072, 20.93318],
							"lerp_mode": "catmullrom"
						},
						"0.375": {
							"post": [-37.68608, -44.6313, 29.42437],
							"lerp_mode": "catmullrom"
						},
						"0.5417": {
							"post": [-37.68608, -44.6313, 29.42437],
							"lerp_mode": "catmullrom"
						},
						"0.625": {
							"post": [-37.68608, -44.6313, 29.42437],
							"lerp_mode": "catmullrom"
						},
						"0.875": {
							"post": [0, 0, 0],
							"lerp_mode": "catmullrom"
						}
					},
					"position": {
						"0.0": {
							"post": [15, -15, 5],
							"lerp_mode": "catmullrom"
						},
						"0.125": {
							"post": [11, -9, -2],
							"lerp_mode": "catmullrom"
						},
						"0.25": {
							"post": [11, 1, -2],
							"lerp_mode": "catmullrom"
						},
						"0.4167": {
							"post": [11, 1, -6.6],
							"lerp_mode": "catmullrom"
						},
						"0.5417": {
							"post": [3.95, -1.825, -1.625],
							"lerp_mode": "catmullrom"
						},
						"0.625": {
							"post": [3.95, -1.825, -1.625],
							"lerp_mode": "catmullrom"
						},
						"0.7083": {
							"post": [3.23, -0.9, -1],
							"lerp_mode": "catmullrom"
						},
						"0.75": {
							"post": [2.355, -0.51, -0.635],
							"lerp_mode": "catmullrom"
						},
						"0.7917": {
							"post": [1.185, -0.485, -0.43],
							"lerp_mode": "catmullrom"
						},
						"0.875": {
							"post": [0, 0, 0],
							"lerp_mode": "catmullrom"
						}
					}
				},
				"lefthand": {
					"rotation": [107.39483, 26.49541, 52.11346],
					"position": [6.9, -8.2, -14.1],
					"scale": [1, 1.43, 1]
				},
				"camera": {
					"rotation": {
						"0.0": [0, 0, 0],
						"0.125": [2.5, 0, 1],
						"0.1667": [2.5, 0, -1],
						"0.2083": [2.5, 0, 0],
						"0.3333": [2.5, 0, 0],
						"0.5": [0, 0, 0],
						"0.5417": [-0.99985, 0.01745, -0.00015],
						"0.5833": [-0.99939, -0.0349, -2.9997],
						"0.625": [-1, 0, -1],
						"0.75": [-1, 0, -1],
						"0.9167": [0, 0, 0]
					},
					"position": {
						"0.0": [0, 0, 0],
						"0.5417": [0, 0, 0],
						"0.9167": [0, 0, 0]
					}
				},
				"auto": {
					"scale": 0
				},
				"auto_illuminated": {
					"scale": 0
				},
				"semi_illuminated": {
					"scale": {
						"0.9583": [0, 0, 0],
						"1.0": {
							"pre": [0, 0, 0],
							"post": [1, 1, 1]
						}
					}
				},
				"bullet": {
					"scale": 0
				},
				"ejector2": {
					"scale": 0
				},
				"constraint": {
					"rotation": [0.2, 0.2, 0.2],
					"position": [0.2, 0.2, 0.2]
				}
			},
			"sound_effects": {
				"0.25": {
					"effect": "doom:combat_shotgun/combat_shotgun_draw"
				}
			}
		},
		"single_mode": {
			"loop": "hold_on_last_frame",
			"animation_length": 1,
			"bones": {
				"root": {
					"rotation": {
						"0.0": {
							"post": [0, 0, 0],
							"lerp_mode": "catmullrom"
						},
						"0.4583": {
							"post": [0, 0, 0],
							"lerp_mode": "catmullrom"
						},
						"0.5417": {
							"post": [2, 0, 0],
							"lerp_mode": "catmullrom"
						},
						"0.5833": {
							"post": [-0.18, 0, 0],
							"lerp_mode": "catmullrom"
						},
						"1.0": {
							"post": [0, 0, 0],
							"lerp_mode": "catmullrom"
						}
					},
					"position": {
						"0.0": {
							"post": [0, 0, 0],
							"lerp_mode": "catmullrom"
						},
						"0.4583": {
							"post": [0, 0, 0],
							"lerp_mode": "catmullrom"
						},
						"0.5417": {
							"post": [-3, 0, 2.9],
							"lerp_mode": "catmullrom"
						},
						"0.5833": {
							"post": [-3, 0, 2.9],
							"lerp_mode": "catmullrom"
						},
						"1.0": {
							"post": [0, 0, 0],
							"lerp_mode": "catmullrom"
						}
					}
				},
				"right": {
					"rotation": {
						"0.0": {
							"post": [33.2367, -15.18892, 13.16783],
							"lerp_mode": "catmullrom"
						},
						"0.1667": {
							"post": [-37.68608, -44.6313, 29.42437],
							"lerp_mode": "catmullrom"
						},
						"0.5417": {
							"post": [-37.68608, -44.6313, 29.42437],
							"lerp_mode": "catmullrom"
						},
						"0.625": {
							"post": [-37.68608, -44.6313, 29.42437],
							"lerp_mode": "catmullrom"
						},
						"0.875": {
							"post": [0, 0, 0],
							"lerp_mode": "catmullrom"
						}
					},
					"position": {
						"0.0": {
							"post": [-3, -10, 0],
							"lerp_mode": "catmullrom"
						},
						"0.1667": {
							"post": [-3, -4, -6],
							"lerp_mode": "catmullrom"
						},
						"0.5417": {
							"post": [-3, -4, -6],
							"lerp_mode": "catmullrom"
						},
						"0.625": {
							"post": [-3, -4, -6],
							"lerp_mode": "catmullrom"
						},
						"0.6667": {
							"post": [-2.7, -3.56, -5],
							"lerp_mode": "catmullrom"
						},
						"0.7083": {
							"post": [-2.125, -3.01, -3.555],
							"lerp_mode": "catmullrom"
						},
						"0.75": {
							"post": [-1.565, -2.425, -2.16],
							"lerp_mode": "catmullrom"
						},
						"0.7917": {
							"post": [-1.19, -1.89, -1.08],
							"lerp_mode": "catmullrom"
						},
						"0.8333": {
							"post": [-0.42, -0.91, -0.37],
							"lerp_mode": "catmullrom"
						},
						"0.875": {
							"post": [0, 0, 0],
							"lerp_mode": "catmullrom"
						}
					}
				},
				"normal": {
					"scale": 1
				},
				"righthand": {
					"rotation": [87.66868, -22.42726, -1.36119],
					"position": [-5.8, -9.7, 1],
					"scale": [1, 1.2, 1]
				},
				"left": {
					"rotation": {
						"0.0": {
							"post": [-81.24618, -27.79687, 43.39482],
							"lerp_mode": "catmullrom"
						},
						"0.125": {
							"post": [-55.84648, -50.82072, 20.93318],
							"lerp_mode": "catmullrom"
						},
						"0.375": {
							"post": [-37.68608, -44.6313, 29.42437],
							"lerp_mode": "catmullrom"
						},
						"0.5417": {
							"post": [-37.68608, -44.6313, 29.42437],
							"lerp_mode": "catmullrom"
						},
						"0.625": {
							"post": [-37.68608, -44.6313, 29.42437],
							"lerp_mode": "catmullrom"
						},
						"0.875": {
							"post": [0, 0, 0],
							"lerp_mode": "catmullrom"
						}
					},
					"position": {
						"0.0": {
							"post": [15, -15, 5],
							"lerp_mode": "catmullrom"
						},
						"0.125": {
							"post": [11, -9, -2],
							"lerp_mode": "catmullrom"
						},
						"0.25": {
							"post": [11, 1, -2],
							"lerp_mode": "catmullrom"
						},
						"0.4167": {
							"post": [11, 1, -6.6],
							"lerp_mode": "catmullrom"
						},
						"0.5417": {
							"post": [3.95, -1.825, -1.625],
							"lerp_mode": "catmullrom"
						},
						"0.625": {
							"post": [3.95, -1.825, -1.625],
							"lerp_mode": "catmullrom"
						},
						"0.7083": {
							"post": [3.23, -0.9, -1],
							"lerp_mode": "catmullrom"
						},
						"0.75": {
							"post": [2.355, -0.51, -0.635],
							"lerp_mode": "catmullrom"
						},
						"0.7917": {
							"post": [1.185, -0.485, -0.43],
							"lerp_mode": "catmullrom"
						},
						"0.875": {
							"post": [0, 0, 0],
							"lerp_mode": "catmullrom"
						}
					}
				},
				"lefthand": {
					"rotation": [107.39483, 26.49541, 52.11346],
					"position": [6.9, -8.2, -14.1],
					"scale": [1, 1.43, 1]
				},
				"camera": {
					"rotation": {
						"0.0": [0, 0, 0],
						"0.125": [2.5, 0, 1],
						"0.1667": [2.5, 0, -1],
						"0.2083": [2.5, 0, 0],
						"0.3333": [2.5, 0, 0],
						"0.5": [0, 0, 0],
						"0.5417": [-0.99985, 0.01745, -0.00015],
						"0.5833": [-0.99939, -0.0349, -2.9997],
						"0.625": [-1, 0, -1],
						"0.75": [-1, 0, -1],
						"0.9167": [0, 0, 0]
					},
					"position": {
						"0.0": [0, 0, 0],
						"0.5417": [0, 0, 0],
						"0.9167": [0, 0, 0]
					}
				},
				"auto": {
					"scale": 0
				},
				"auto_illuminated": {
					"scale": 0
				},
				"ejector2": {
					"scale": 0
				},
				"bullet": {
					"scale": 0
				},
				"constraint": {
					"rotation": [0.2, 0.2, 0.2],
					"position": [0.2, 0.2, 0.2]
				}
			},
			"sound_effects": {
				"0.25": {
					"effect": "doom:combat_shotgun/combat_shotgun_draw"
				}
			}
		},
		"single": {
			"loop": "hold_on_last_frame",
			"animation_length": 1,
			"bones": {
				"root": {
					"rotation": {
						"0.0": {
							"post": [0, 0, 0],
							"lerp_mode": "catmullrom"
						},
						"0.4583": {
							"post": [0, 0, 0],
							"lerp_mode": "catmullrom"
						},
						"0.5417": {
							"post": [2, 0, 0],
							"lerp_mode": "catmullrom"
						},
						"0.5833": {
							"post": [-0.18, 0, 0],
							"lerp_mode": "catmullrom"
						},
						"1.0": {
							"post": [0, 0, 0],
							"lerp_mode": "catmullrom"
						}
					},
					"position": {
						"0.0": {
							"post": [0, 0, 0],
							"lerp_mode": "catmullrom"
						},
						"0.4583": {
							"post": [0, 0, 0],
							"lerp_mode": "catmullrom"
						},
						"0.5417": {
							"post": [-3, 0, 2.9],
							"lerp_mode": "catmullrom"
						},
						"0.5833": {
							"post": [-3, 0, 2.9],
							"lerp_mode": "catmullrom"
						},
						"1.0": {
							"post": [0, 0, 0],
							"lerp_mode": "catmullrom"
						}
					}
				},
				"right": {
					"rotation": {
						"0.0": {
							"post": [33.2367, -15.18892, 13.16783],
							"lerp_mode": "catmullrom"
						},
						"0.1667": {
							"post": [-37.68608, -44.6313, 29.42437],
							"lerp_mode": "catmullrom"
						},
						"0.5417": {
							"post": [-37.68608, -44.6313, 29.42437],
							"lerp_mode": "catmullrom"
						},
						"0.625": {
							"post": [-37.68608, -44.6313, 29.42437],
							"lerp_mode": "catmullrom"
						},
						"0.875": {
							"post": [0, 0, 0],
							"lerp_mode": "catmullrom"
						}
					},
					"position": {
						"0.0": {
							"post": [-3, -10, 0],
							"lerp_mode": "catmullrom"
						},
						"0.1667": {
							"post": [-3, -4, -6],
							"lerp_mode": "catmullrom"
						},
						"0.5417": {
							"post": [-3, -4, -6],
							"lerp_mode": "catmullrom"
						},
						"0.625": {
							"post": [-3, -4, -6],
							"lerp_mode": "catmullrom"
						},
						"0.6667": {
							"post": [-2.7, -3.56, -5],
							"lerp_mode": "catmullrom"
						},
						"0.7083": {
							"post": [-2.125, -3.01, -3.555],
							"lerp_mode": "catmullrom"
						},
						"0.75": {
							"post": [-1.565, -2.425, -2.16],
							"lerp_mode": "catmullrom"
						},
						"0.7917": {
							"post": [-1.19, -1.89, -1.08],
							"lerp_mode": "catmullrom"
						},
						"0.8333": {
							"post": [-0.42, -0.91, -0.37],
							"lerp_mode": "catmullrom"
						},
						"0.875": {
							"post": [0, 0, 0],
							"lerp_mode": "catmullrom"
						}
					}
				},
				"normal": {
					"scale": 1
				},
				"righthand": {
					"rotation": [87.66868, -22.42726, -1.36119],
					"position": [-5.8, -9.7, 1],
					"scale": [1, 1.2, 1]
				},
				"left": {
					"rotation": {
						"0.0": {
							"post": [-81.24618, -27.79687, 43.39482],
							"lerp_mode": "catmullrom"
						},
						"0.125": {
							"post": [-55.84648, -50.82072, 20.93318],
							"lerp_mode": "catmullrom"
						},
						"0.375": {
							"post": [-37.68608, -44.6313, 29.42437],
							"lerp_mode": "catmullrom"
						},
						"0.5417": {
							"post": [-37.68608, -44.6313, 29.42437],
							"lerp_mode": "catmullrom"
						},
						"0.625": {
							"post": [-37.68608, -44.6313, 29.42437],
							"lerp_mode": "catmullrom"
						},
						"0.875": {
							"post": [0, 0, 0],
							"lerp_mode": "catmullrom"
						}
					},
					"position": {
						"0.0": {
							"post": [15, -15, 5],
							"lerp_mode": "catmullrom"
						},
						"0.125": {
							"post": [11, -9, -2],
							"lerp_mode": "catmullrom"
						},
						"0.25": {
							"post": [11, 1, -2],
							"lerp_mode": "catmullrom"
						},
						"0.4167": {
							"post": [11, 1, -6.6],
							"lerp_mode": "catmullrom"
						},
						"0.5417": {
							"post": [3.95, -1.825, -1.625],
							"lerp_mode": "catmullrom"
						},
						"0.625": {
							"post": [3.95, -1.825, -1.625],
							"lerp_mode": "catmullrom"
						},
						"0.7083": {
							"post": [3.23, -0.9, -1],
							"lerp_mode": "catmullrom"
						},
						"0.75": {
							"post": [2.355, -0.51, -0.635],
							"lerp_mode": "catmullrom"
						},
						"0.7917": {
							"post": [1.185, -0.485, -0.43],
							"lerp_mode": "catmullrom"
						},
						"0.875": {
							"post": [0, 0, 0],
							"lerp_mode": "catmullrom"
						}
					}
				},
				"lefthand": {
					"rotation": [107.39483, 26.49541, 52.11346],
					"position": [6.9, -8.2, -14.1],
					"scale": [1, 1.43, 1]
				},
				"camera": {
					"rotation": {
						"0.0": [0, 0, 0],
						"0.125": [2.5, 0, 1],
						"0.1667": [2.5, 0, -1],
						"0.2083": [2.5, 0, 0],
						"0.3333": [2.5, 0, 0],
						"0.5": [0, 0, 0],
						"0.5417": [-0.99985, 0.01745, -0.00015],
						"0.5833": [-0.99939, -0.0349, -2.9997],
						"0.625": [-1, 0, -1],
						"0.75": [-1, 0, -1],
						"0.9167": [0, 0, 0]
					},
					"position": {
						"0.0": [0, 0, 0],
						"0.5417": [0, 0, 0],
						"0.9167": [0, 0, 0]
					}
				},
				"auto": {
					"scale": 0
				},
				"auto_illuminated": {
					"scale": 0
				},
				"ejector2": {
					"scale": 0
				},
				"bullet": {
					"scale": 0
				},
				"constraint": {
					"rotation": [0.2, 0.2, 0.2],
					"position": [0.2, 0.2, 0.2]
				}
			},
			"sound_effects": {
				"0.25": {
					"effect": "doom:combat_shotgun/combat_shotgun_draw"
				}
			}
		},
		"draw_auto": {
			"loop": "hold_on_last_frame",
			"animation_length": 1.25,
			"bones": {
				"root": {
					"rotation": {
						"0.0": {
							"post": [0, 0, 0],
							"lerp_mode": "catmullrom"
						},
						"0.4583": {
							"post": [0, 0, 0],
							"lerp_mode": "catmullrom"
						},
						"0.5417": {
							"post": [2, 0, 0],
							"lerp_mode": "catmullrom"
						},
						"0.5833": {
							"post": [-0.18, 0, 0],
							"lerp_mode": "catmullrom"
						},
						"0.9583": {
							"post": [0, 0, 0],
							"lerp_mode": "catmullrom"
						}
					},
					"position": {
						"0.0": {
							"post": [0, 0, 0],
							"lerp_mode": "catmullrom"
						},
						"0.4583": {
							"post": [0, 0, 0],
							"lerp_mode": "catmullrom"
						},
						"0.5417": {
							"post": [-3, 0, 2.9],
							"lerp_mode": "catmullrom"
						},
						"0.5833": {
							"post": [-3, 0, 2.9],
							"lerp_mode": "catmullrom"
						},
						"0.9583": {
							"post": [0, 0, 0],
							"lerp_mode": "catmullrom"
						}
					}
				},
				"right": {
					"rotation": {
						"0.0": {
							"post": [33.2367, -15.18892, 13.16783],
							"lerp_mode": "catmullrom"
						},
						"0.1667": {
							"post": [-37.68608, -44.6313, 29.42437],
							"lerp_mode": "catmullrom"
						},
						"0.5417": {
							"post": [-37.68608, -44.6313, 29.42437],
							"lerp_mode": "catmullrom"
						},
						"0.625": {
							"post": [-37.68608, -44.6313, 29.42437],
							"lerp_mode": "catmullrom"
						},
						"0.875": {
							"post": [0, 0, 0],
							"lerp_mode": "catmullrom"
						}
					},
					"position": {
						"0.0": {
							"post": [-3, -10, 0],
							"lerp_mode": "catmullrom"
						},
						"0.1667": {
							"post": [-3, -4, -6],
							"lerp_mode": "catmullrom"
						},
						"0.5417": {
							"post": [-3, -4, -6],
							"lerp_mode": "catmullrom"
						},
						"0.625": {
							"post": [-3, -4, -6],
							"lerp_mode": "catmullrom"
						},
						"0.6667": {
							"post": [-2.7, -3.56, -5],
							"lerp_mode": "catmullrom"
						},
						"0.7083": {
							"post": [-2.125, -3.01, -3.555],
							"lerp_mode": "catmullrom"
						},
						"0.75": {
							"post": [-1.565, -2.425, -2.16],
							"lerp_mode": "catmullrom"
						},
						"0.7917": {
							"post": [-1.19, -1.89, -1.08],
							"lerp_mode": "catmullrom"
						},
						"0.8333": {
							"post": [-0.42, -0.91, -0.37],
							"lerp_mode": "catmullrom"
						},
						"0.875": {
							"post": [0, 0, 0],
							"lerp_mode": "catmullrom"
						}
					}
				},
				"normal": {
					"scale": 0
				},
				"righthand": {
					"rotation": [87.66868, -22.42726, -1.36119],
					"position": [-5.8, -9.7, 1],
					"scale": [1, 1.2, 1]
				},
				"left": {
					"rotation": {
						"0.0": {
							"post": [-81.24618, -27.79687, 43.39482],
							"lerp_mode": "catmullrom"
						},
						"0.125": {
							"post": [-55.84648, -50.82072, 20.93318],
							"lerp_mode": "catmullrom"
						},
						"0.375": {
							"post": [-37.68608, -44.6313, 29.42437],
							"lerp_mode": "catmullrom"
						},
						"0.5417": {
							"post": [-37.68608, -44.6313, 29.42437],
							"lerp_mode": "catmullrom"
						},
						"0.625": {
							"post": [-37.68608, -44.6313, 29.42437],
							"lerp_mode": "catmullrom"
						},
						"0.875": {
							"post": [0, 0, 0],
							"lerp_mode": "catmullrom"
						}
					},
					"position": {
						"0.0": {
							"post": [15, -15, 5],
							"lerp_mode": "catmullrom"
						},
						"0.125": {
							"post": [11, -9, -2],
							"lerp_mode": "catmullrom"
						},
						"0.25": {
							"post": [11, 1, -2],
							"lerp_mode": "catmullrom"
						},
						"0.4167": {
							"post": [11, 1, -6.6],
							"lerp_mode": "catmullrom"
						},
						"0.5417": {
							"post": [3.95, -1.825, -1.625],
							"lerp_mode": "catmullrom"
						},
						"0.625": {
							"post": [3.95, -1.825, -1.625],
							"lerp_mode": "catmullrom"
						},
						"0.7083": {
							"post": [3.23, -0.9, -1],
							"lerp_mode": "catmullrom"
						},
						"0.75": {
							"post": [2.355, -0.51, -0.635],
							"lerp_mode": "catmullrom"
						},
						"0.7917": {
							"post": [1.185, -0.485, -0.43],
							"lerp_mode": "catmullrom"
						},
						"0.875": {
							"post": [0, 0, 0],
							"lerp_mode": "catmullrom"
						}
					}
				},
				"lefthand": {
					"rotation": [107.39483, 26.49541, 52.11346],
					"position": [6.9, -8.2, -14.1],
					"scale": [1, 1.43, 1]
				},
				"camera": {
					"rotation": {
						"0.0": [0, 0, 0],
						"0.125": [2.5, 0, 1],
						"0.1667": [2.5, 0, -1],
						"0.2083": [2.5, 0, 0],
						"0.3333": [2.5, 0, 0],
						"0.5": [0, 0, 0],
						"0.5417": [-0.99985, 0.01745, -0.00015],
						"0.5833": [-0.99939, -0.0349, -2.9997],
						"0.625": [-1, 0, -1],
						"0.75": [-1, 0, -1],
						"0.9167": [0, 0, 0]
					},
					"position": {
						"0.0": [0, 0, 0],
						"0.5417": [0, 0, 0],
						"0.9167": [0, 0, 0]
					}
				},
				"auto": {
					"scale": 1
				},
				"magazine": {
					"rotation": {
						"0.9583": [0, 0, 60],
						"1.2083": [0, 0, 0]
					}
				},
				"semi_illuminated": {
					"scale": 0
				},
				"auto_illuminated": {
					"rotation": [0, 0, 0],
					"position": [0, 0, 0],
					"scale": {
						"1.0": [0, 0, 0],
						"1.0417": {
							"pre": [0, 0, 0],
							"post": [1, 1, 1]
						}
					}
				},
				"spin": {
					"rotation": {
						"0.9583": [0, 0, 42.5],
						"1.2083": [0, 0, 0]
					},
					"position": {
						"0.9583": [-0.2, 0, 0],
						"1.2083": [0, 0, 0]
					}
				},
				"bullet3": {
					"scale": {
						"0.9583": [0, 0, 0],
						"1.0": [1, 1, 1]
					}
				},
				"ejector": {
					"scale": 0
				},
				"bullet": {
					"scale": 0
				},
				"bullet_shell": {
					"scale": 0
				},
				"light_illuminated": {
					"scale": {
						"0.5": {
							"pre": [0, 0, 0],
							"post": [1, 1, 1]
						}
					}
				},
				"ejector2": {
					"scale": 1
				},
				"constraint": {
					"rotation": [0.2, 0.2, 0.2],
					"position": [0.2, 0.2, 0.2]
				}
			},
			"sound_effects": {
				"0.0": {
					"effect": "doom:combat_shotgun/automode"
				}
			}
		},
		"auto": {
			"loop": "hold_on_last_frame",
			"animation_length": 1.25,
			"bones": {
				"root": {
					"rotation": {
						"0.0": {
							"post": [0, 0, 0],
							"lerp_mode": "catmullrom"
						},
						"0.4583": {
							"post": [0, 0, 0],
							"lerp_mode": "catmullrom"
						},
						"0.5417": {
							"post": [2, 0, 0],
							"lerp_mode": "catmullrom"
						},
						"0.5833": {
							"post": [-0.18, 0, 0],
							"lerp_mode": "catmullrom"
						},
						"0.9583": {
							"post": [0, 0, 0],
							"lerp_mode": "catmullrom"
						}
					},
					"position": {
						"0.0": {
							"post": [0, 0, 0],
							"lerp_mode": "catmullrom"
						},
						"0.4583": {
							"post": [0, 0, 0],
							"lerp_mode": "catmullrom"
						},
						"0.5417": {
							"post": [-3, 0, 2.9],
							"lerp_mode": "catmullrom"
						},
						"0.5833": {
							"post": [-3, 0, 2.9],
							"lerp_mode": "catmullrom"
						},
						"0.9583": {
							"post": [0, 0, 0],
							"lerp_mode": "catmullrom"
						}
					}
				},
				"right": {
					"rotation": {
						"0.0": {
							"post": [33.2367, -15.18892, 13.16783],
							"lerp_mode": "catmullrom"
						},
						"0.1667": {
							"post": [-37.68608, -44.6313, 29.42437],
							"lerp_mode": "catmullrom"
						},
						"0.5417": {
							"post": [-37.68608, -44.6313, 29.42437],
							"lerp_mode": "catmullrom"
						},
						"0.625": {
							"post": [-37.68608, -44.6313, 29.42437],
							"lerp_mode": "catmullrom"
						},
						"0.875": {
							"post": [0, 0, 0],
							"lerp_mode": "catmullrom"
						}
					},
					"position": {
						"0.0": {
							"post": [-3, -10, 0],
							"lerp_mode": "catmullrom"
						},
						"0.1667": {
							"post": [-3, -4, -6],
							"lerp_mode": "catmullrom"
						},
						"0.5417": {
							"post": [-3, -4, -6],
							"lerp_mode": "catmullrom"
						},
						"0.625": {
							"post": [-3, -4, -6],
							"lerp_mode": "catmullrom"
						},
						"0.6667": {
							"post": [-2.7, -3.56, -5],
							"lerp_mode": "catmullrom"
						},
						"0.7083": {
							"post": [-2.125, -3.01, -3.555],
							"lerp_mode": "catmullrom"
						},
						"0.75": {
							"post": [-1.565, -2.425, -2.16],
							"lerp_mode": "catmullrom"
						},
						"0.7917": {
							"post": [-1.19, -1.89, -1.08],
							"lerp_mode": "catmullrom"
						},
						"0.8333": {
							"post": [-0.42, -0.91, -0.37],
							"lerp_mode": "catmullrom"
						},
						"0.875": {
							"post": [0, 0, 0],
							"lerp_mode": "catmullrom"
						}
					}
				},
				"normal": {
					"scale": 0
				},
				"righthand": {
					"rotation": [87.66868, -22.42726, -1.36119],
					"position": [-5.8, -9.7, 1],
					"scale": [1, 1.2, 1]
				},
				"left": {
					"rotation": {
						"0.0": {
							"post": [-81.24618, -27.79687, 43.39482],
							"lerp_mode": "catmullrom"
						},
						"0.125": {
							"post": [-55.84648, -50.82072, 20.93318],
							"lerp_mode": "catmullrom"
						},
						"0.375": {
							"post": [-37.68608, -44.6313, 29.42437],
							"lerp_mode": "catmullrom"
						},
						"0.5417": {
							"post": [-37.68608, -44.6313, 29.42437],
							"lerp_mode": "catmullrom"
						},
						"0.625": {
							"post": [-37.68608, -44.6313, 29.42437],
							"lerp_mode": "catmullrom"
						},
						"0.875": {
							"post": [0, 0, 0],
							"lerp_mode": "catmullrom"
						}
					},
					"position": {
						"0.0": {
							"post": [15, -15, 5],
							"lerp_mode": "catmullrom"
						},
						"0.125": {
							"post": [11, -9, -2],
							"lerp_mode": "catmullrom"
						},
						"0.25": {
							"post": [11, 1, -2],
							"lerp_mode": "catmullrom"
						},
						"0.4167": {
							"post": [11, 1, -6.6],
							"lerp_mode": "catmullrom"
						},
						"0.5417": {
							"post": [3.95, -1.825, -1.625],
							"lerp_mode": "catmullrom"
						},
						"0.625": {
							"post": [3.95, -1.825, -1.625],
							"lerp_mode": "catmullrom"
						},
						"0.7083": {
							"post": [3.23, -0.9, -1],
							"lerp_mode": "catmullrom"
						},
						"0.75": {
							"post": [2.355, -0.51, -0.635],
							"lerp_mode": "catmullrom"
						},
						"0.7917": {
							"post": [1.185, -0.485, -0.43],
							"lerp_mode": "catmullrom"
						},
						"0.875": {
							"post": [0, 0, 0],
							"lerp_mode": "catmullrom"
						}
					}
				},
				"lefthand": {
					"rotation": [107.39483, 26.49541, 52.11346],
					"position": [6.9, -8.2, -14.1],
					"scale": [1, 1.43, 1]
				},
				"camera": {
					"rotation": {
						"0.0": [0, 0, 0],
						"0.125": [2.5, 0, 1],
						"0.1667": [2.5, 0, -1],
						"0.2083": [2.5, 0, 0],
						"0.3333": [2.5, 0, 0],
						"0.5": [0, 0, 0],
						"0.5417": [-0.99985, 0.01745, -0.00015],
						"0.5833": [-0.99939, -0.0349, -2.9997],
						"0.625": [-1, 0, -1],
						"0.75": [-1, 0, -1],
						"0.9167": [0, 0, 0]
					},
					"position": {
						"0.0": [0, 0, 0],
						"0.5417": [0, 0, 0],
						"0.9167": [0, 0, 0]
					}
				},
				"auto": {
					"scale": 1
				},
				"magazine": {
					"rotation": {
						"0.9583": [0, 0, 60],
						"1.2083": [0, 0, 0]
					}
				},
				"semi_illuminated": {
					"scale": 0
				},
				"auto_illuminated": {
					"rotation": [0, 0, 0],
					"position": [0, 0, 0],
					"scale": {
						"1.0": [0, 0, 0],
						"1.0417": {
							"pre": [0, 0, 0],
							"post": [1, 1, 1]
						}
					}
				},
				"spin": {
					"rotation": {
						"0.9583": [0, 0, 42.5],
						"1.2083": [0, 0, 0]
					},
					"position": {
						"0.9583": [-0.2, 0, 0],
						"1.2083": [0, 0, 0]
					}
				},
				"ejector": {
					"scale": 0
				},
				"light_illuminated": {
					"scale": {
						"0.5": {
							"pre": [0, 0, 0],
							"post": [1, 1, 1]
						}
					}
				},
				"ejector2": {
					"scale": 1
				},
				"bullet": {
					"scale": 0
				},
				"constraint": {
					"rotation": [0.2, 0.2, 0.2],
					"position": [0.2, 0.2, 0.2]
				}
			},
			"sound_effects": {
				"0.0": {
					"effect": "doom:combat_shotgun/automode"
				}
			}
		},
		"aim_auto": {
			"loop": "hold_on_last_frame",
			"animation_length": 0.4583,
			"bones": {
				"right": {
					"rotation": [0, 0, 0],
					"position": [0, 0, 0]
				},
				"pump": {
					"position": [0, 0, 0]
				},
				"righthand": {
					"rotation": [87.66868, -22.42726, -1.36119],
					"position": [-5.8, -9.7, 1],
					"scale": [1, 1.2, 1]
				},
				"left": {
					"rotation": [0, 0, 0],
					"position": [0, 0, 0]
				},
				"lefthand": {
					"rotation": {
						"0.0": {
							"post": [107.39483, 26.49541, 52.11346],
							"lerp_mode": "catmullrom"
						}
					},
					"position": {
						"0.0": {
							"post": [6.9, -8.2, -14.1],
							"lerp_mode": "catmullrom"
						}
					},
					"scale": [1, 1.43, 1]
				},
				"bullet": {
					"rotation": [0, 0, 0],
					"scale": 0
				},
				"bullet_shell": {
					"rotation": [0, 0, 0],
					"position": [0, 0, 0]
				},
				"magazine": {
					"rotation": {
						"0.0833": {
							"pre": [0, 0, 0],
							"post": [0, 0, 0],
							"lerp_mode": "catmullrom"
						},
						"0.4583": {
							"post": [0, 0, -115],
							"lerp_mode": "catmullrom"
						}
					}
				},
				"normal": {
					"scale": 0
				},
				"semi_illuminated": {
					"scale": 0
				},
				"auto_illuminated": {
					"rotation": {
						"0.0417": [0, 0, 70],
						"0.25": [0, 0, 0]
					},
					"scale": 1
				},
				"spin": {
					"rotation": {
						"0.0": [0, 0, 42.5],
						"0.3333": [0, 0, 0]
					},
					"position": {
						"0.0": [-0.2, 0, 0],
						"0.3333": [0, 0, 0]
					}
				},
				"ejector": {
					"scale": 0
				},
				"ejector2": {
					"scale": 1
				},
				"constraint": {
					"rotation": [0.2, 0.2, 0.2],
					"position": [0.2, 0.2, 0.2]
				},
				"root": {
					"position": {
						"0.0": {
							"post": [0, 0, 0],
							"lerp_mode": "catmullrom"
						},
						"0.375": {
							"post": [0, 0, 2],
							"lerp_mode": "catmullrom"
						}
					}
				},
				"camera": {
					"rotation": {
						"0.0": {
							"post": [0, 0, 0],
							"lerp_mode": "catmullrom"
						},
						"0.25": {
							"post": [0, 0, 1],
							"lerp_mode": "catmullrom"
						},
						"0.4583": {
							"post": [0, 0, 0],
							"lerp_mode": "catmullrom"
						}
					},
					"position": {
						"0.0": {
							"post": [0, 0, -1],
							"lerp_mode": "catmullrom"
						},
						"0.4583": {
							"post": [0, 0, 0],
							"lerp_mode": "catmullrom"
						}
					}
				}
			},
			"sound_effects": {
				"0.0": {
					"effect": "doom:combat_shotgun/autoaim"
				}
			}
		},
		"auto_reload": {
			"loop": "hold_on_last_frame",
			"animation_length": 0.4583,
			"bones": {
				"right": {
					"rotation": [0, 0, 0],
					"position": [0, 0, 0]
				},
				"pump": {
					"position": [0, 0, 0]
				},
				"righthand": {
					"rotation": [87.66868, -22.42726, -1.36119],
					"position": [-5.8, -9.7, 1],
					"scale": [1, 1.2, 1]
				},
				"left": {
					"rotation": [0, 0, 0],
					"position": [0, 0, 0]
				},
				"lefthand": {
					"rotation": {
						"0.0": {
							"post": [107.39483, 26.49541, 52.11346],
							"lerp_mode": "catmullrom"
						}
					},
					"position": {
						"0.0": {
							"post": [6.9, -8.2, -14.1],
							"lerp_mode": "catmullrom"
						}
					},
					"scale": [1, 1.43, 1]
				},
				"bullet": {
					"rotation": [0, 0, 0],
					"scale": 0
				},
				"bullet_shell": {
					"rotation": [0, 0, 0],
					"position": [0, 0, 0]
				},
				"magazine": {
					"rotation": {
						"0.0833": {
							"pre": [0, 0, 0],
							"post": [0, 0, 0],
							"lerp_mode": "catmullrom"
						},
						"0.4583": {
							"post": [0, 0, -115],
							"lerp_mode": "catmullrom"
						}
					}
				},
				"normal": {
					"scale": 0
				},
				"semi_illuminated": {
					"scale": 0
				},
				"auto_illuminated": {
					"rotation": {
						"0.0417": [0, 0, 70],
						"0.25": [0, 0, 0]
					},
					"scale": 1
				},
				"spin": {
					"rotation": {
						"0.0": [0, 0, 42.5],
						"0.3333": [0, 0, 0]
					},
					"position": {
						"0.0": [-0.2, 0, 0],
						"0.3333": [0, 0, 0]
					}
				},
				"ejector": {
					"scale": 0
				},
				"ejector2": {
					"scale": 1
				},
				"constraint": {
					"rotation": [0.2, 0.2, 0.2],
					"position": [0.2, 0.2, 0.2]
				},
				"root": {
					"position": {
						"0.0": {
							"post": [0, 0, 0],
							"lerp_mode": "catmullrom"
						},
						"0.375": {
							"post": [0, 0, 2],
							"lerp_mode": "catmullrom"
						}
					}
				},
				"camera": {
					"rotation": {
						"0.0": {
							"post": [0, 0, 0],
							"lerp_mode": "catmullrom"
						},
						"0.25": {
							"post": [0, 0, 1],
							"lerp_mode": "catmullrom"
						},
						"0.4583": {
							"post": [0, 0, 0],
							"lerp_mode": "catmullrom"
						}
					},
					"position": {
						"0.0": {
							"post": [0, 0, -1],
							"lerp_mode": "catmullrom"
						},
						"0.4583": {
							"post": [0, 0, 0],
							"lerp_mode": "catmullrom"
						}
					}
				}
			},
			"sound_effects": {
				"0.0": {
					"effect": "doom:combat_shotgun/autoaim"
				}
			}
		},
		"aim_auto_end": {
			"loop": "hold_on_last_frame",
			"animation_length": 0.4583,
			"bones": {
				"right": {
					"rotation": [0, 0, 0],
					"position": [0, 0, 0]
				},
				"pump": {
					"position": [0, 0, 0]
				},
				"righthand": {
					"rotation": [87.66868, -22.42726, -1.36119],
					"position": [-5.8, -9.7, 1],
					"scale": [1, 1.2, 1]
				},
				"left": {
					"rotation": [0, 0, 0],
					"position": [0, 0, 0]
				},
				"lefthand": {
					"rotation": {
						"0.0": {
							"post": [107.39483, 26.49541, 52.11346],
							"lerp_mode": "catmullrom"
						}
					},
					"position": {
						"0.0": {
							"post": [6.9, -8.2, -14.1],
							"lerp_mode": "catmullrom"
						}
					},
					"scale": [1, 1.43, 1]
				},
				"bullet": {
					"rotation": [0, 0, 0]
				},
				"bullet_shell": {
					"rotation": [0, 0, 0],
					"position": [0, 0, 0]
				},
				"magazine": {
					"rotation": {
						"0.0833": {
							"pre": [0, 0, -115],
							"post": [0, 0, -115],
							"lerp_mode": "catmullrom"
						},
						"0.4167": {
							"post": [0, 0, 0],
							"lerp_mode": "catmullrom"
						}
					}
				},
				"normal": {
					"scale": 0
				},
				"semi_illuminated": {
					"scale": 0
				},
				"auto_illuminated": {
					"rotation": {
						"0.0417": [0, 0, -57.5],
						"0.375": [0, 0, 0]
					}
				},
				"spin": {
					"rotation": {
						"0.0833": [0, 0, 42.5],
						"0.4167": [0, 0, 0]
					},
					"position": {
						"0.0833": [-0.2, 0, 0],
						"0.4167": [0, 0, 0]
					}
				},
				"ejector": {
					"scale": 0
				},
				"constraint": {
					"rotation": [0.2, 0.2, 0.2],
					"position": [0.2, 0.2, 0.2]
				}
			},
			"sound_effects": {
				"0.0": {
					"effect": "doom:combat_shotgun/autoaim"
				}
			}
		},
		"shoot_auto": {
			"loop": "hold_on_last_frame",
			"animation_length": 0.75,
			"bones": {
				"root": {
					"rotation": {
						"0.0": {
							"post": [0, 0, 0],
							"lerp_mode": "catmullrom"
						},
						"0.0417": {
							"post": [-3.75931, 0.15232, -2.99835],
							"lerp_mode": "catmullrom"
						},
						"0.0833": {
							"post": [-4.07024, 1.33042, 1.79388],
							"lerp_mode": "catmullrom"
						},
						"0.125": {
							"post": [-4.32314, -0.61289, -0.16761],
							"lerp_mode": "catmullrom"
						},
						"0.2083": {
							"post": [-2.3888, -0.64862, -0.4426],
							"lerp_mode": "catmullrom"
						},
						"0.2917": {
							"post": [-1.10198, -0.95049, 0.39646],
							"lerp_mode": "catmullrom"
						},
						"0.4583": {
							"post": [-0.11175, -0.09714, 0.12299],
							"lerp_mode": "catmullrom"
						},
						"0.5833": {
							"post": [0, 0, 0],
							"lerp_mode": "catmullrom"
						}
					},
					"position": {
						"0.0": {
							"post": [0, 0, 0],
							"lerp_mode": "catmullrom"
						},
						"0.0417": {
							"post": [0, -0.5, 3.1375],
							"lerp_mode": "catmullrom"
						},
						"0.1667": {
							"post": [-0.125, 0.18, 1.775],
							"lerp_mode": "catmullrom"
						},
						"0.25": {
							"post": [-0.11, 0.065, 0.7225],
							"lerp_mode": "catmullrom"
						},
						"0.3333": {
							"post": [-0.075, -0.0525, 0.245],
							"lerp_mode": "catmullrom"
						},
						"0.4167": {
							"post": [0, -0.095, 0.015],
							"lerp_mode": "catmullrom"
						},
						"0.5": {
							"post": [0, -0.03, -0.095],
							"lerp_mode": "catmullrom"
						},
						"0.5833": {
							"post": [0, 0, 0],
							"lerp_mode": "catmullrom"
						}
					}
				},
				"constraint": {
					"rotation": [0, 0, 0],
					"position": [0, 0, 0]
				},
				"camera": {
					"rotation": {
						"0.0": {
							"post": [-0.25, 0, 2],
							"lerp_mode": "catmullrom"
						},
						"0.0833": {
							"post": [0.125, 0, -1],
							"lerp_mode": "catmullrom"
						},
						"0.1667": {
							"post": [0, 0, 1],
							"lerp_mode": "catmullrom"
						},
						"0.25": {
							"post": [0.125, 0, -0.5],
							"lerp_mode": "catmullrom"
						},
						"0.3333": {
							"post": [0, 0, 0.25],
							"lerp_mode": "catmullrom"
						},
						"0.4167": {
							"post": [0, 0, -0.25],
							"lerp_mode": "catmullrom"
						},
						"0.5": {
							"post": [0, 0, 0],
							"lerp_mode": "catmullrom"
						}
					}
				},
				"auto": {
					"scale": 1
				},
				"normal": {
					"scale": 0
				},
				"bullet_shell": {
					"rotation": {
						"0.0": [0, 0, 0],
						"0.1667": [-90, 180, 0],
						"0.2083": [0, 0, 0]
					},
					"position": {
						"0.0": [-2.85424, 1.14178, -2.53398],
						"0.0417": [-15.69544, -2.49153, 3.66011],
						"0.0833": [-17.69861, -5.88027, 5.82789],
						"0.125": [-19.90683, -11.78058, 8.82705],
						"0.1667": [-22.18629, -20.42049, 13.74792],
						"0.2083": [-0.4, 0, -2.4]
					},
					"scale": {
						"0.0": [1, 1, 1],
						"0.1667": {
							"pre": [1, 1, 1],
							"post": [0, 0, 0]
						},
						"0.2083": {
							"pre": [0, 0, 0],
							"post": [1, 1, 1]
						}
					}
				},
				"magazine": {
					"rotation": {
						"0.0": [0, 0, 120],
						"0.3333": [0, 0, 0]
					},
					"position": [0, 0, 0]
				},
				"thing_illuminated": {
					"position": [0, 0, 0]
				},
				"semi_illuminated": {
					"scale": 0
				},
				"auto_illuminated": {
					"rotation": {
						"0.0833": [0, 0, 80],
						"0.375": [0, 0, 0]
					},
					"position": {
						"0.0833": [0, 0, 0],
						"0.375": [0, 0, 0]
					},
					"scale": 1
				},
				"spin": {
					"rotation": {
						"0.0": [0, 0, 42.5],
						"0.25": [0, 0, 0]
					},
					"position": {
						"0.0": [-0.2, 0, 0],
						"0.25": [0, 0, 0]
					}
				},
				"ejector": {
					"scale": 0
				}
			},
			"sound_effects": {
				"0.0": {
					"effect": "doom:combat_shotgun/combat_shotgun_semi"
				}
			}
		}
	}
}