{
    "type": "minecraft:crafting_shaped",
    "key": {
      "1": {
        "tag": "forge:gems/lapis"
      },
      "2": {
        "tag": "forge:glass"
      },
      "3": {
        "tag": "forge:dusts/redstone"
      },
      "4": {
        "tag": "forge:ingots/iron"
      },
      "5":{
        "tag": "minecraft:logs"
      },
      "6":{
        "item":"minecraft:black_dye"
      }
    },
    "pattern": [
      "123",
      "444",
      "565"
    ],
    "result": {
      "item": "tacz:workbench_b",
      "nbt": {
        "BlockId": "valorant:valorant_table"
      },
      "count": 1
    }
  }