{
  "ammo": "doom:energy_ball",
  "rpm": 25,
  "ammo_amount": 3,
 
  "bolt": "manual_action",
  
  "bullet": {
    "life": 4,
    "bullet_amount": 1,
    "damage": 2000,
    "tracer_count_interval": 0,
    "extra_damage": {
      "armor_ignore": 1.0,
      "head_shot_multiplier": 1.5,
      "damage_adjust": [
        {"distance": 75, "damage": 2000},
        {"distance": 100, "damage": 2000},
        {"distance": "infinite", "damage": 2000}
      ]
    },
    "speed": 20,
    "gravity": 0,
    "knockback": 2,
    "friction": 0.015,
    "ignite": false,
    "pierce": 100,
    "explosion": {
      "explode": true,
      "damage": 2000,
      "radius": 30,
      "knockback": true,
      "destroy_block": false,
      "delay": 30
    }
  },
  "reload": {
    "type": "magazine",
    "feed": {
      "empty": 0,
      "tactical": 0
    },
    "cooldown": {
      "empty": 0.2,
      "tactical": 0.2
    }
  },
 "draw_time": 5.5,
  "put_away_time": 0.71,
  "aim_time": 0.2,
  "sprint_time": 0.2,
  "bolt_action_time": 0.1,
  "weight": 12.0,
  "movement_speed": {
    "base": 0.0,
    "aim": -0.25,
    "reload": -0.2
  },
  "fire_mode": [
    "semi"
  ],
  "recoil": {
    "pitch": [
      {"time": 4.13, "value": [0.15, 0.15]},
      {"time": 4.33, "value": [0.15, 0.15]},
      {"time": 4.63, "value": [-0.125, -0.125]},
      {"time": 4.78, "value": [0, 0]}
    ],
    "yaw": [
      {"time": 4.13, "value": [-0.15, 0.15]},
      {"time": 4.33, "value": [-0.15, 0.15]},
      {"time": 4.83, "value": [0, 0]}
    ]
  },
  "inaccuracy": {
    "stand": 0,
    "move": 0,
    "sneak": 0,
    "lie": 0,
    "aim": 0
  },
  "script": "doom:bfg9k_logic"

}