{
  "ammo": "tacz:40mm",
  "rpm": 200,
  "ammo_amount": 5,
 
  "bolt": "open_bolt",
  
  "bullet": {
    "life": 100,
    "bullet_amount": 1,
    "damage": 30,
    "extra_damage": {
      "armor_ignore": 0.2,
      "head_shot_multiplier": 2,
      "damage_adjust": [
        {"distance": 15, "damage": 30},
        {"distance": 30, "damage": 25},
        {"distance": "infinite", "damage": 20}
      ]
    },
    "speed": 80,
    "gravity": 0.25,
    "knockback": 0.15,
    "friction": 0.05,
    "ignite": false,
    "pierce": 1,
    "explosion": {
      "explode": true,
      "damage": 120,
      "radius": 5,
      "knockback": false,
      "destroy_block": false,
      "delay": 30
    }
  },
  "reload": {
    "type": "magazine",
    "feed": {
      "empty": 1.08,
      "tactical": 1.08
    },
    "cooldown": {
      "empty": 1.29,
      "tactical": 1.29
    }
  },
 
 "draw_time": 1.25,
  "put_away_time": 1.04,
  "aim_time": 0.2,
  "sprint_time": 0.2,
  "bolt_action_time": 0.63,
  "weight": 7.0,
  "movement_speed": {
    "base": 0.0,
    "aim": -0.25,
    "reload": -0.2
  },
  "fire_mode": [
    "semi"
  ],
  "recoil": {
    "pitch": [
      {"time": 0, "value": [3.25, 3.25]},
      {"time": 0.125, "value": [3.25, 3.25]},
      {"time": 0.4, "value": [-0.25, -0.25]},
      {"time": 0.55, "value": [0, 0]}
    ],
    "yaw": [
      {"time": 0, "value": [-1.5, -1.5]},
      {"time": 0.1, "value": [-1.5, -1.5]},
      {"time": 0.2, "value": [0.15, 0.15]},
      {"time": 0.4, "value": [0, 0]}
    ]
  },
  "inaccuracy": {
    "stand": 1.5,
    "move": 2,
    "sneak": 1,
    "lie": 0.5,
    "aim": 0.5
  }
  //"melee": {
   // "distance": 1.2,
   // "cooldown": 0.7,
    //"default": {
    //  "animation_type": "melee_push",
    //  "distance": 1,
    //  "range_angle": 40,
    //  "cooldown": 0,
    //  "damage": 3,
    //  "knockback": 0.5,
     // "prep": 0.1
   // }
  //},

}

