{
  "ammo": "tacz:12g",
  "rpm": 300,
  "ammo_amount": 30,
 
  "bolt": "manual_action",
  
  "bullet": {
    "life": 0.6,
    "bullet_amount": 8,
    "damage": 30,
    "tracer_count_interval": 0,
    "extra_damage": {
      "armor_ignore": 0.2,
      "head_shot_multiplier": 1.5,
      "damage_adjust": [
        {"distance": 15, "damage": 30},
        {"distance": 30, "damage": 20},
        {"distance": "infinite", "damage": 15}
      ]
    },
    "speed": 150,
    "gravity": 0.15,
    "knockback": 0.15,
    "friction": 0.05,
    "ignite": false,
    "pierce": 1,
    "explosion": {
      "explode": false,
      "damage": 10,
      "radius": 30,
      "knockback": false,
      "destroy_block": true,
      "delay": 30
    }
  },
  "reload": {
    "type": "magazine",
    "feed": {
      "empty": 0.54,
      "tactical": 0.54
    },
    "cooldown": {
      "empty": 0.6,
      "tactical": 0.6
    }
  },
  "heat":  {
    "use_heat": true,
    "infinite_ammo": false,
    "magazine_lock_type": "disabled",
    "upper_limit": 72,
    "heat_rate": 3,
    "cooling_rate": 2,
    "cooling_delay": 0.2,
    "over_heat_time": 2
  },
 "draw_time": 1.25,
  "put_away_time": 1.04,
  "aim_time": 0.2,
  "sprint_time": 0.2,
  "bolt_action_time": 0.63,
  "weight": 7.0,
  "movement_speed": {
    "base": 0.0,
    "aim": -0.25,
    "reload": -0.2
  },
  "fire_mode": [
    "semi",
    "auto"
  ],
  "burst_data": {
    "continuous_shoot": true,
    "count": 1,
    "bpm": 900,
    "min_interval": 0.2
  },
  "recoil": {
    "pitch": [
      {"time": 0, "value": [3.25, 3.25]},
      {"time": 0.125, "value": [3.25, 3.25]},
      {"time": 0.4, "value": [-0.25, -0.25]},
      {"time": 0.55, "value": [0, 0]}
    ],
    "yaw": [
      {"time": 0, "value": [-1.5, -1.5]},
      {"time": 0.1, "value": [-1.5, -1.5]},
      {"time": 0.2, "value": [0.15, 0.15]},
      {"time": 0.4, "value": [0, 0]}
    ]
  },
  "fire_mode_adjust": {
    // 全自动状态的数值调整，如无调整可不写
    "auto": {
      // 加算，全自动模式的开火数值调整，如无调整可不写
      "damage": 0,
      "rpm": 20,
      "speed": 0,
      "knockback": 0,
      "armor_ignore": 0,
      "head_shot_multiplier": 0,
      "aim_inaccuracy": 0,
      "other_inaccuracy": 0
    }
  },
  "inaccuracy": {
    "stand": 3.5,
    "move": 4,
    "sneak": 3.5,
    "lie": 2.5,
    "aim": 2.5
  },
  //"melee": {
   // "distance": 1.2,
   // "cooldown": 0.7,
    //"default": {
    //  "animation_type": "melee_push",
    //  "distance": 1,
    //  "range_angle": 40,
    //  "cooldown": 0,
    //  "damage": 3,
    //  "knockback": 0.5,
     // "prep": 0.1
   // }
  //},
  "script": "doom:combat_shotgun_logic"

}
