{
	"format_version": "1.12.0",
	"minecraft:geometry": [
		{
			"description": {
				"identifier": "geometry.unknown",
				"texture_width": 64,
				"texture_height": 64,
				"visible_bounds_width": 4,
				"visible_bounds_height": 3,
				"visible_bounds_offset": [0, 0.5, 0]
			},
			"bones": [
				{
					"name": "root",
					"pivot": [0, 0, 0]
				},
				{
					"name": "ball_illuminated",
					"parent": "root",
					"pivot": [-0.00091, 0.59909, 3],
					"cubes": [
						{
							"origin": [-9, -17.4, -6],
							"size": [18, 36, 18],
							"uv": {
								"north": {"uv": [0, 0], "uv_size": [6, 12]},
								"east": {"uv": [6, 0], "uv_size": [6, 12]},
								"south": {"uv": [0, 12], "uv_size": [6, 12]},
								"west": {"uv": [12, 0], "uv_size": [6, 12]},
								"up": {"uv": [24, 12], "uv_size": [6, 6]},
								"down": {"uv": [18, 30], "uv_size": [6, -6]}
							}
						},
						{
							"origin": [-9, -17.4, -6],
							"size": [18, 36, 18],
							"pivot": [0, 0.6, 3],
							"rotation": [0, 0, 90],
							"uv": {
								"north": {"uv": [6, 12], "uv_size": [6, 12]},
								"east": {"uv": [12, 12], "uv_size": [6, 12]},
								"south": {"uv": [18, 0], "uv_size": [6, 12]},
								"west": {"uv": [18, 12], "uv_size": [6, 12]},
								"up": {"uv": [24, 18], "uv_size": [6, 6]},
								"down": {"uv": [24, 30], "uv_size": [6, -6]}
							}
						},
						{
							"origin": [-9, -17.4, -6],
							"size": [18, 36, 18],
							"pivot": [0, 0.6, 3],
							"rotation": [-90, 0, 90],
							"uv": {
								"north": {"uv": [0, 24], "uv_size": [6, 12]},
								"east": {"uv": [24, 0], "uv_size": [6, 12]},
								"south": {"uv": [6, 24], "uv_size": [6, 12]},
								"west": {"uv": [12, 24], "uv_size": [6, 12]},
								"up": {"uv": [30, 0], "uv_size": [6, 6]},
								"down": {"uv": [30, 12], "uv_size": [6, -6]}
							}
						},
						{
							"origin": [-3.75, 8.01421, 15.17157],
							"size": [12.75, 4, 18],
							"pivot": [6, 11.01421, 18.17157],
							"rotation": [-90, -45, 90],
							"uv": {
								"north": {"uv": [48, 47], "uv_size": [4.25, 2]},
								"east": {"uv": [45, 25], "uv_size": [6, 2]},
								"south": {"uv": [0, 49], "uv_size": [4.25, 2]},
								"west": {"uv": [45, 27], "uv_size": [6, 2]},
								"up": {"uv": [30, 12], "uv_size": [4.25, 6]},
								"down": {"uv": [18, 36], "uv_size": [4.25, -6]}
							}
						},
						{
							"origin": [-3.75, 10.01421, -15.17157],
							"size": [12.75, 4, 18],
							"pivot": [6, 11.01421, -12.17157],
							"rotation": [-90, 45, 90],
							"uv": {
								"north": {"uv": [5, 49], "uv_size": [4.25, 2]},
								"east": {"uv": [45, 35], "uv_size": [6, 2]},
								"south": {"uv": [10, 49], "uv_size": [4.25, 2]},
								"west": {"uv": [45, 37], "uv_size": [6, 2]},
								"up": {"uv": [30, 18], "uv_size": [4.25, 6]},
								"down": {"uv": [23, 36], "uv_size": [4.25, -6]}
							}
						},
						{
							"origin": [5.16529, 7.3955, -6],
							"size": [12.75, 4, 18],
							"pivot": [15.79029, 10.3955, -3],
							"rotation": [0, 0, 45],
							"uv": {
								"north": {"uv": [15, 49], "uv_size": [4.25, 2]},
								"east": {"uv": [45, 39], "uv_size": [6, 2]},
								"south": {"uv": [20, 49], "uv_size": [4.25, 2]},
								"west": {"uv": [45, 41], "uv_size": [6, 2]},
								"up": {"uv": [30, 24], "uv_size": [4.25, 6]},
								"down": {"uv": [28, 36], "uv_size": [4.25, -6]}
							}
						},
						{
							"origin": [-20.40488, 13.4059, -6],
							"size": [12.75, 4, 18],
							"pivot": [-9.77988, 16.4059, -3],
							"rotation": [0, 0, -45],
							"uv": {
								"north": {"uv": [25, 49], "uv_size": [4.25, 2]},
								"east": {"uv": [45, 43], "uv_size": [6, 2]},
								"south": {"uv": [30, 49], "uv_size": [4.25, 2]},
								"west": {"uv": [45, 45], "uv_size": [6, 2]},
								"up": {"uv": [33, 30], "uv_size": [4.25, 6]},
								"down": {"uv": [35, 18], "uv_size": [4.25, -6]}
							}
						},
						{
							"origin": [4.07107, -10.50051, 6.0052],
							"size": [12.75, 5, 18],
							"pivot": [12.01041, -9.18249, 9.0026],
							"rotation": [180, 0, -45],
							"uv": {
								"north": {"uv": [35, 49], "uv_size": [4.25, 2]},
								"east": {"uv": [46, 0], "uv_size": [6, 2]},
								"south": {"uv": [40, 49], "uv_size": [4.25, 2]},
								"west": {"uv": [46, 2], "uv_size": [6, 2]},
								"up": {"uv": [35, 18], "uv_size": [4.25, 6]},
								"down": {"uv": [35, 30], "uv_size": [4.25, -6]}
							}
						},
						{
							"origin": [-1.94486, -9.49346, -12.01301],
							"size": [12.75, 4, 18],
							"pivot": [6, -9.17728, -9.01301],
							"rotation": [90, 45, -90],
							"uv": {
								"north": {"uv": [45, 49], "uv_size": [4.25, 2]},
								"east": {"uv": [46, 4], "uv_size": [6, 2]},
								"south": {"uv": [50, 10], "uv_size": [4.25, 2]},
								"west": {"uv": [46, 6], "uv_size": [6, 2]},
								"up": {"uv": [0, 36], "uv_size": [4.25, 6]},
								"down": {"uv": [36, 6], "uv_size": [4.25, -6]}
							}
						},
						{
							"origin": [-19.31066, -15.51091, 6.0052],
							"size": [12.75, 4, 18],
							"pivot": [-6, -15.19289, 9.0026],
							"rotation": [180, 0, 45],
							"uv": {
								"north": {"uv": [50, 12], "uv_size": [4.25, 2]},
								"east": {"uv": [46, 8], "uv_size": [6, 2]},
								"south": {"uv": [50, 14], "uv_size": [4.25, 2]},
								"west": {"uv": [0, 47], "uv_size": [6, 2]},
								"up": {"uv": [5, 36], "uv_size": [4.25, 6]},
								"down": {"uv": [36, 12], "uv_size": [4.25, -6]}
							}
						},
						{
							"origin": [-1.94118, -12.86262, 12.01301],
							"size": [12.75, 4, 18],
							"pivot": [6, -9.18248, 15.01301],
							"rotation": [90.00001, -45, -90],
							"uv": {
								"north": {"uv": [50, 16], "uv_size": [4.25, 2]},
								"east": {"uv": [6, 47], "uv_size": [6, 2]},
								"south": {"uv": [50, 18], "uv_size": [4.25, 2]},
								"west": {"uv": [12, 47], "uv_size": [6, 2]},
								"up": {"uv": [10, 36], "uv_size": [4.25, 6]},
								"down": {"uv": [15, 42], "uv_size": [4.25, -6]}
							}
						},
						{
							"origin": [-20.4205, 5.6, 15.79029],
							"size": [12.75, 2, 18],
							"pivot": [-9.7955, 6.6, 18.79029],
							"rotation": [-90, -45, 0],
							"uv": {
								"north": {"uv": [50, 20], "uv_size": [4.25, 2]},
								"east": {"uv": [18, 47], "uv_size": [6, 2]},
								"south": {"uv": [50, 22], "uv_size": [4.25, 2]},
								"west": {"uv": [24, 47], "uv_size": [6, 2]},
								"up": {"uv": [20, 36], "uv_size": [4.25, 6]},
								"down": {"uv": [25, 42], "uv_size": [4.25, -6]}
							}
						},
						{
							"origin": [5.16529, 5.6, 9.7955],
							"size": [12.75, 2, 18],
							"pivot": [15.79029, 6.6, 12.7955],
							"rotation": [-90, 45, 0],
							"uv": {
								"north": {"uv": [50, 49], "uv_size": [4.25, 2]},
								"east": {"uv": [30, 47], "uv_size": [6, 2]},
								"south": {"uv": [0, 51], "uv_size": [4.25, 2]},
								"west": {"uv": [36, 47], "uv_size": [6, 2]},
								"up": {"uv": [30, 36], "uv_size": [4.25, 6]},
								"down": {"uv": [35, 42], "uv_size": [4.25, -6]}
							}
						},
						{
							"origin": [5.1809, 5.6, -9.77988],
							"size": [12.75, 2, 18],
							"pivot": [15.8059, 6.6, -6.77988],
							"rotation": [-90, -45, 0],
							"uv": {
								"north": {"uv": [5, 51], "uv_size": [4.25, 2]},
								"east": {"uv": [42, 47], "uv_size": [6, 2]},
								"south": {"uv": [10, 51], "uv_size": [4.25, 2]},
								"west": {"uv": [48, 29], "uv_size": [6, 2]},
								"up": {"uv": [38, 30], "uv_size": [4.25, 6]},
								"down": {"uv": [40, 18], "uv_size": [4.25, -6]}
							}
						},
						{
							"origin": [-17.91529, 5.6, -9.7955],
							"size": [12.75, 2, 18],
							"pivot": [-15.79029, 6.6, -6.7955],
							"rotation": [-90, 45, 0],
							"uv": {
								"north": {"uv": [15, 51], "uv_size": [4.25, 2]},
								"east": {"uv": [48, 31], "uv_size": [6, 2]},
								"south": {"uv": [20, 51], "uv_size": [4.25, 2]},
								"west": {"uv": [48, 33], "uv_size": [6, 2]},
								"up": {"uv": [40, 18], "uv_size": [4.25, 6]},
								"down": {"uv": [40, 30], "uv_size": [4.25, -6]}
							}
						},
						{
							"origin": [-1.13638, 14.31962, 5.29382],
							"size": [12.75, 2, 12.6],
							"pivot": [9.48862, 15.31962, 6.49382],
							"rotation": [-35, 45, 0],
							"uv": {
								"north": {"uv": [51, 24], "uv_size": [4.25, 2]},
								"east": {"uv": [25, 51], "uv_size": [4.25, 2]},
								"south": {"uv": [51, 26], "uv_size": [4.25, 2]},
								"west": {"uv": [30, 51], "uv_size": [4.25, 2]},
								"up": {"uv": [40, 36], "uv_size": [4.25, 4.25]},
								"down": {"uv": [41, 4.25], "uv_size": [4.25, -4.25]}
							}
						},
						{
							"origin": [-14.11882, 14.31962, 11.28862],
							"size": [12.75, 2, 12.6],
							"pivot": [-3.49382, 15.31962, 12.48862],
							"rotation": [-35, -45, 0],
							"uv": {
								"north": {"uv": [35, 51], "uv_size": [4.25, 2]},
								"east": {"uv": [51, 35], "uv_size": [4.25, 2]},
								"south": {"uv": [51, 37], "uv_size": [4.25, 2]},
								"west": {"uv": [51, 39], "uv_size": [4.25, 2]},
								"up": {"uv": [41, 5], "uv_size": [4.25, 4.25]},
								"down": {"uv": [40, 45.25], "uv_size": [4.25, -4.25]}
							}
						},
						{
							"origin": [-11.52743, 14.97173, -7.44137],
							"size": [12.75, 2, 12.6],
							"pivot": [1.13449, 14.8034, -7.00992],
							"rotation": [145, 45, -180],
							"uv": {
								"north": {"uv": [40, 51], "uv_size": [4.25, 2]},
								"east": {"uv": [51, 41], "uv_size": [4.25, 2]},
								"south": {"uv": [51, 43], "uv_size": [4.25, 2]},
								"west": {"uv": [45, 51], "uv_size": [4.25, 2]},
								"up": {"uv": [0, 42], "uv_size": [4.25, 4.25]},
								"down": {"uv": [5, 46.25], "uv_size": [4.25, -4.25]}
							}
						},
						{
							"origin": [-15.71736, 14.97173, -1.44658],
							"size": [12.75, 2, 12.6],
							"pivot": [-7.12928, 14.8034, -1.01513],
							"rotation": [145, -45, -180],
							"uv": {
								"north": {"uv": [51, 45], "uv_size": [4.25, 2]},
								"east": {"uv": [50, 51], "uv_size": [4.25, 2]},
								"south": {"uv": [52, 0], "uv_size": [4.25, 2]},
								"west": {"uv": [52, 2], "uv_size": [4.25, 2]},
								"up": {"uv": [10, 42], "uv_size": [4.25, 4.25]},
								"down": {"uv": [15, 46.25], "uv_size": [4.25, -4.25]}
							}
						},
						{
							"origin": [-11.74756, -12.26885, -2.91602],
							"size": [12.75, 2, 12.6],
							"pivot": [-1.11888, -13.6034, -4.1501],
							"rotation": [145, 45, 0],
							"uv": {
								"north": {"uv": [52, 4], "uv_size": [4.25, 2]},
								"east": {"uv": [52, 6], "uv_size": [4.25, 2]},
								"south": {"uv": [52, 8], "uv_size": [4.25, 2]},
								"west": {"uv": [0, 53], "uv_size": [4.25, 2]},
								"up": {"uv": [20, 42], "uv_size": [4.25, 4.25]},
								"down": {"uv": [25, 46.25], "uv_size": [4.25, -4.25]}
							}
						},
						{
							"origin": [-3.47642, -12.26885, 3.11],
							"size": [12.75, 2, 12.6],
							"pivot": [7.1449, -13.6034, 1.87592],
							"rotation": [145, -45, 0],
							"uv": {
								"north": {"uv": [5, 53], "uv_size": [4.25, 2]},
								"east": {"uv": [10, 53], "uv_size": [4.25, 2]},
								"south": {"uv": [15, 53], "uv_size": [4.25, 2]},
								"west": {"uv": [20, 53], "uv_size": [4.25, 2]},
								"up": {"uv": [30, 42], "uv_size": [4.25, 4.25]},
								"down": {"uv": [35, 46.25], "uv_size": [4.25, -4.25]}
							}
						},
						{
							"origin": [-9.5098, -12.26885, 11.38418],
							"size": [12.75, 2, 12.6],
							"pivot": [1.11888, -13.6034, 10.1501],
							"rotation": [-35, -45, 180],
							"uv": {
								"north": {"uv": [25, 53], "uv_size": [4.25, 2]},
								"east": {"uv": [30, 53], "uv_size": [4.25, 2]},
								"south": {"uv": [35, 53], "uv_size": [4.25, 2]},
								"west": {"uv": [40, 53], "uv_size": [4.25, 2]},
								"up": {"uv": [43, 30], "uv_size": [4.25, 4.25]},
								"down": {"uv": [45, 14.25], "uv_size": [4.25, -4.25]}
							}
						},
						{
							"origin": [-17.76622, -12.26885, 5.35816],
							"size": [12.75, 2, 12.6],
							"pivot": [-7.1449, -13.6034, 4.12408],
							"rotation": [-35, 45, -180],
							"uv": {
								"north": {"uv": [45, 53], "uv_size": [4.25, 2]},
								"east": {"uv": [53, 47], "uv_size": [4.25, 2]},
								"south": {"uv": [50, 53], "uv_size": [4.25, 2]},
								"west": {"uv": [54, 28], "uv_size": [4.25, 2]},
								"up": {"uv": [45, 15], "uv_size": [4.25, 4.25]},
								"down": {"uv": [45, 24.25], "uv_size": [4.25, -4.25]}
							}
						}
					]
				},
				{
					"name": "positioning",
					"pivot": [-3.025, -8.95, -11.225]
				},
				{
					"name": "ground",
					"parent": "positioning",
					"pivot": [0, 0, 0]
				},
				{
					"name": "fixed",
					"parent": "positioning",
					"pivot": [0, 0.5, 0],
					"rotation": [0, -90, 0]
				},
				{
					"name": "thirdperson_hand",
					"parent": "positioning",
					"pivot": [-0.025, 0.55, -0.225]
				}
			]
		}
	]
}