{
  "ammo": "fallout:2mm_ec",
  "ammo_amount": 20,
  "extended_mag_ammo_amount": [
    26,
    32,
    40
  ],
  "bolt": "manual_action",
  "rpm": 90,
  "bullet": {
    "life": 0.6,
    "bullet_amount": 1,
    "damage": 55,
    "tracer_count_interval": 0,
    "extra_damage": {
      "armor_ignore": 0.55,
      "head_shot_multiplier": 2.75,
      "damage_adjust": [
        {"distance": 1, "damage": 70},
        {"distance": 5, "damage": 60},
        {"distance": 8, "damage": 55},
        {"distance": 25, "damage": 50},
        {"distance": 45, "damage": 45},
        {"distance": "infinite", "damage": 40}
      ]
    },
    "speed": 350,
    "gravity": 0.0245,
    "knockback": 0.65,
    "friction": 0.005,
    "ignite": false,
    "pierce": 1
  },
  "reload": {
    "type": "magazine",
    "feed": {
      "empty": 1.83,
      "tactical": 1.83
    },
    "cooldown": {
      "empty": 3.7083,
      "tactical": 3.7083
    }
  },
  "draw_time": 0.7083,
  "put_away_time": 0.5,
  "aim_time": 0.2,
  "sprint_time": 0.3,
  "bolt_action_time": 0.6667,
  "fire_mode": [
    "semi"
  ],
  "burst_data": {
    "continuous_shoot": true,
    "count": 3,
    "bpm": 850,
    "min_interval": 0.45
  },
  "recoil": {
    "pitch": [
      {"time": 0, "value": [0.65, 0.65]},
      {"time": 0.28, "value": [0.65, 0.65]},
      {"time": 0.52, "value": [-0.15, -0.15]},
      {"time": 0.76, "value": [0, 0]}
    ],
    "yaw": [
      {"time": 0, "value": [-0.325, -0.275]},
      {"time": 0.45, "value": [-0.125, 0]},
      {"time": 0.62, "value": [0, 0]}
    ]
  },
  "inaccuracy": {
    "stand": 1.65,
    "move": 4.2,
    "sneak": 1.025,
    "lie": 0.7,
    "aim": 0.05
  },
  "move_speed": {
    "base": 0.7,
    "aim": 0.35
  },
  "allow_attachment_types": [
    "scope",
    "stock",
    "muzzle",
    "extended_mag"
  ],
  "exclusive_attachments": {
    "tac:8x": {
      "weight": 2.0,
      "ads_addend": 0.04,
      "inaccuracy_addend": -0.4,
      "recoil_modifier": {
        "pitch": -0.2,
        "yaw": -0.1
      }
    }
  }
}