{
  "model": "lrl:gun/ak200_power_geo",
  "texture": "lrl:gun/uv/ak200_power",

  "lod": {
    "model": "lrl:gun/lod/ak200_power",
    "texture": "lrl:gun/lod/ak200_power"
  },
  "hud": "lrl:gun/hud/ak200_power",
  
  "slot": "lrl:gun/slot/ak200_power",
  "animation": "tacz:ak47",
  "use_default_animation": "rifle",
  "third_person_animation": "default",
  "transform": {
    "scale": {
      "thirdperson": [0.6, 0.6, 0.6],
      "ground": [0.6, 0.6, 0.6],
      "fixed": [1.2, 1.2, 1.2]
    }
  },
  "muzzle_flash": {
    "texture": "lrl:flash/common_muzzle_flash",
    "scale": 0.75
  },
  "iron_zoom": 1.2,
  "shell": {
    "initial_velocity": [5, 2, 1],
    "random_velocity": [1, 1, 0.25],
    "acceleration": [0.0, -10, 0.0],
    "angular_velocity": [360, -1200, 90],
    "living_time": 1.0
  },
  "sounds": {
    "shoot": "tacz:ak47/ak47_shoot",
    "shoot_3p": "tacz:ak47/ak47_shoot_3p",
    "reload_empty": "tacz:ak47/ak47_reload_empty",
    "reload_tactical": "tacz:ak47/ak47_reload_tactical",
    "inspect": "tacz:ak47/ak47_inspect",
    "inspect_empty": "tacz:ak47/ak47_inspect_empty",
    "draw": "tacz:ak47/ak47_draw",
    "put_away": "tacz:ak47/ak47_put_away",
    "silence": "tacz:ak47/ak47_silence",
    "silence_3p": "tacz:ak47/ak47_silence_3p",
    "dry_fire": "tacz:dry_fire",
    "fire_select": "tacz:fire_select",
    "head_hit": "tacz:head_hit",
    "flesh_hit": "tacz:flesh_hit",
    "kill": "tacz:kill"
  },
  "offhand_show": {
    "pos": [1, 20, 3.5],
    "rotate": [0, 0, 60],
    "scale": [0.5, 0.5, 0.5]
  },
  "hotbar_show": {
    "0": {
      "pos": [-1, 20, 3],
      "rotate": [-180, 0, 120],
      "scale": [0.5, 0.5, 0.5]
    }
  },
  "text_show": {
    "ammo_count_text_show_pos": {
      "scale": 1,
      "align": "center",
      "shadow": false,
      "color": "#FFFFFF",
      "light": 15,
      "text": "text_show.tacz.ak47.ammo_count"
    }
  }
}