{
  "model": "lrl:gun/m700_ocean_geo",
  "texture": "lrl:gun/uv/m700_ocean",
  "lod": {
    "model": "lrl:gun/lod/m700_ocean",
    "texture": "lrl:gun/lod/m700_ocean"
  },
  "hud": "lrl:gun/hud/m700_ocean",
  "slot": "lrl:gun/slot/m700_ocean",
  "animation": "tacz:m700",
  "use_default_animation": "rifle",
  "transform": {
    "scale": {
      "thirdperson": [0.6, 0.6, 0.6],
      "ground": [0.6, 0.6, 0.6],
      "fixed": [1.2, 1.2, 1.2]
    }
  },
  "muzzle_flash": {
    "texture": "tacz:flash/common_muzzle_flash",
    "scale": 1
  },
  // 机瞄的放大倍数，默认 1.2
  "iron_zoom": 1.5,
  // 机瞄模型缩放fov，默认70
  "zoom_model_fov": 60,
  "sounds": {
    "draw": "tacz:m700/m700_draw",
    "shoot": "tacz:m700/m700_shoot",
    "shoot_3p": "tacz:m700/m700_shoot_3p",
    "silence": "tacz:m700/m700_silence",
    "silence_3p": "tacz:m700/m700_silence_3p",
    "put_away": "tacz:m700/m700_put_away",
    "melee_push": "tacz:melee_stock/melee_stock_02",
    "melee_stock": "tacz:melee_stock/melee_stock_03"
  },
  "offhand_show": {
    "pos": [-2, 20, 4],
    "rotate": [0, 0, 45],
    "scale": [0.5, 0.5, 0.5]
  },
  "hotbar_show": {
    "0": {
      "pos": [-4, 26, 3],
      "rotate": [-90, -5, -90],
      "scale": [0.5, 0.5, 0.5]
    }
  }
}