{
  // 指定枪械弹药
  "ammo": "lradd:545x39",
  // 弹容
  "ammo_amount": 30,
  // 扩容弹夹弹药总数
  "extended_mag_ammo_amount": [
    45,
    60,
    95
  ],
  // 枪栓类型：开膛待机（open_bolt）、闭膛待击（closed_bolt）、手动上膛（manual_action)
  "bolt": "closed_bolt",
  // 每分钟射出弹药量，最大不应超过 1200
  "rpm": 600,
  // 子弹实体属性
  "bullet": {
    // 寿命，单位秒
    "life": 0.4,
    // 用于霰弹，默认为 1，每发的伤害 / bullet_amount，每次射击扣除一发子弹
    "bullet_amount": 1,
    // 伤害
    "damage": 8.5,
    // 曳光弹间隔数量，没有此字段则不发射曳光弹
    // 设置为 0 则是每发都是曳光弹
    "tracer_count_interval": 0,
    // 额外伤害的内容，为空则表示没有任何额外伤害计算内容
    "extra_damage": {
      // 护甲穿透率，默认为 0，也就是没有穿甲伤害
      "armor_ignore": 0.0,
      // 爆头伤害 x1.5
      "head_shot_multiplier": 1.5,
      // 距离-伤害分段常函数
      "damage_adjust": [
        {"distance": 30, "damage": 6.8},
        {"distance": 55, "damage": 6.2},
        {"distance": 85, "damage": 5.4},
        {"distance": "infinite", "damage": 4.8}
      ]
    },
    // 速度 m/s
    "speed": 300,
    // 重力
    "gravity": 0.15,
    // 击退效果
    "knockback": 0,
    // 阻力
    "friction": 0.02,
    // 点燃目标
    // "ignite": false,
    "ignite": {
      // 点燃实体
      "entity": false,
      // 点燃方块
      "block": false
    },
    // 点燃时间，默认为 2 秒，仅用于实体
    "ignite_entity_time": 2,
    // 穿透数
    "pierce": 1
  },
  // 换弹相关
  "reload": {
    // magazine 是弹匣供弹，manual 是手动供弹，fuel是类燃料罐供弹（消耗一个物品填满）
    "type": "magazine",
    // 弹匣供弹换弹时长（秒），到达此时间点，服务端就更新枪内子弹数量
    "feed": {
      // 空仓换弹
      "empty": 2.25,
      // 战术换弹
      "tactical": 1.55
    },
    // 弹匣供弹总时长（秒），到达此时间点，枪械才可以进行开火、检视等行为。
    "cooldown": {
      // 空仓换弹
      "empty": 2.6,
      // 战术换弹
      "tactical": 2.0
    }
  },
  // 枪械抬起的动作时长，单位秒。
  // 抬起动作完成后，枪械可以进行开火、检视等行为
  "draw_time": 0.35,
  // 收枪的动作时长，单位秒。
  "put_away_time": 0.4,
  // 瞄准时长，单位秒。
  "aim_time": 0.15,
  "sprint_time": 0.2,
  // 拉栓上膛的时间，仅当枪栓类型为 manual_action 时有效
  // "bolt_action_time": 0.9,
  // 重量，枪械的总重将影响“移速属性”，默认-1.5%移动速度/kg，可在ServerConfig中调整
  // 调整的属性会作为“百分比增加”类型(MULTIPLY_BASE)的属性修饰器添加至实体上
  // 注意，移速属性并不能直接反应实际移速，此属性对实际移速的影响较为复杂，请自行查阅相关资料
  "weight": 3.5,
  // 额外移速修正，多种情况同时满足时，仅计算最后一个修正
  // 对于其中的每个情况，最终的修正值是枪械和所有配件该情况下修正值的和
  // 调整的属性将作为“最终乘算”类型(MULTIPLY_TOTAL)的属性修饰器添加至实体上
  "movement_speed": {
    // 默认修正
    "base": 0.0,
    // 瞄准时
    "aim": -0.2,
    // 换弹时
    "reload": -0.15
  },
  // 开火模式
  "fire_mode": [
    // 全自动
    "auto",
    // 半自动
    "semi"
  ],
  "crawl_recoil_multiplier": 0.5,
  // 后坐力
  "recoil": {
    "pitch": [
      {"time": 0, "value": [0.55, 0.55]},
      {"time": 0.25, "value": [0.55, 0.55]},
      {"time": 0.45, "value": [-0.175, -0.175]},
      {"time": 0.6, "value": [0, 0]}
    ],
    "yaw": [
      {"time": 0, "value": [-0.35, 0.25]},
      {"time": 0.45, "value": [0, 0]}
    ]
  },
  // 受伤晃动幅度修改，乘数，1 为原版晃动程度，0 为完全不晃动，默认为 0.05
  "hurt_bob_tweak_multiplier": 0.05,
  // 不准确度
  "inaccuracy": {
    "stand": 0.35,
    "move": 1.45,
    "sneak": 0.2,
    "lie": 0.2,
    "aim": 0.05
  },
  // 近战相关
  "melee": {
    // 枪械距离参数，用来延升近战攻击范围
    // 会与刺刀等配件的距离做加和
    "distance": 1,
    // 使用时的冷却时间
    // 会与刺刀等配件的冷却时间做加和
    "cooldown": 0.7
  },
  // 开放的配件槽。未指定的槽位默认关闭。全部配件槽类型有:
  // scope, stock, muzzle, grip, laser, extended_mag
  "allow_attachment_types": [
    "scope",
    "stock",
    "muzzle",
    "grip",
    "laser",
    "extended_mag"
  ]
}
