{
  "ammo": "tacz:30_06",
  "ammo_amount": 5,
  "extended_mag_ammo_amount": [
    6,
    7,
    8
  ],
  "bolt": "manual_action",
  "rpm": 171,
  "bullet": {
    "life": 0.4,
    "bullet_amount": 1,
    "damage": 18,
    "tracer_count_interval": 0,
    "extra_damage": {
      "armor_ignore": 0.0,
      "head_shot_multiplier": 2.0,
      "damage_adjust": [
        {"distance": 80, "damage": 18},
        {"distance": "infinite", "damage": 15}
      ]
    },
    "speed": 450,
    "gravity": 0.098,
    "knockback": 0,
    "friction": 0.015,
    "ignite": false,
    "pierce": 2
  },
  "reload": {
    "type": "magazine",
    "feed": {
      "empty": 2.85,
      "tactical": 1.6
    },
    "cooldown": {
      "empty": 3.45,
      "tactical": 2.25
    }
  },
  "draw_time": 0.35,
  "put_away_time": 0.75,
  "aim_time": 0.25,
  "sprint_time": 0.2,
  "bolt_action_time": 0.9,
  "weight": 6.5,
  "movement_speed": {
    // 默认修正
    "base": 0.0,
    // 瞄准时
    "aim": -0.5,
    // 换弹时
    "reload": -0.2
  },
  "crawl_recoil_multiplier": 0.25,
  "fire_mode": [
    "semi"
  ],
  "recoil": {
    "pitch": [
      {"time": 0, "value": [2, 2]},
      {"time": 0.25, "value": [2, 2]},
      {"time": 0.57, "value": [-0.5, -0.5]},
      {"time": 0.82, "value": [0.25, 0.25]},
      {"time": 1.17, "value": [0, 0]},
      {"time": 1.47, "value": [0, 0]}
    ],
    "yaw": [
      {"time": 0, "value": [-0.6, -0.5]},
      {"time": 0.32, "value": [-0.6, -0.5]},
      {"time": 0.57, "value": [0, 0]}
    ]
  },
  "inaccuracy": {
    "stand": 7.5,
    "move": 8,
    "sneak": 6.5,
    "lie": 4.5,
    "aim": 0.15
  },
  // 近战相关
  "melee": {
    // 枪械距离参数，用来延升近战攻击范围
    // 会与刺刀等配件的距离做加和
    "distance": 1,
    // 使用时的冷却时间
    "cooldown": 1.0
  },
  "allow_attachment_types": [
    "extended_mag",
    "scope",
    "muzzle"
  ]
}