{
	"format_version": "1.12.0",
	"minecraft:geometry": [
		{
			"description": {
				"identifier": "geometry.unknown",
				"texture_width": 32,
				"texture_height": 32,
				"visible_bounds_width": 4,
				"visible_bounds_height": 2.5,
				"visible_bounds_offset": [0, 0.75, 0]
			},
			"bones": [
				{
					"name": "root",
					"pivot": [-2.1563, 7.56255, 5.9375]
				},
				{
					"name": "Left_arm",
					"parent": "root",
					"pivot": [-1.875, 6.125, 8.71875]
				},
				{
					"name": "lefthand",
					"parent": "Left_arm",
					"pivot": [-1.875, 6.125, 8.71875],
					"rotation": [3.81184, -40.24997, -48.56504]
				},
				{
					"name": "lefthand_pos",
					"parent": "lefthand",
					"pivot": [4.125, -3.875, 8.71875],
					"cubes": [
						{
							"origin": [-2.875, -3.875, 6.71875],
							"size": [3, 12, 4],
							"uv": {
								"north": {"uv": [12, 0], "uv_size": [3, 12]},
								"east": {"uv": [0, 0], "uv_size": [4, 12]},
								"south": {"uv": [4, 12], "uv_size": [3, 12]},
								"west": {"uv": [4, 0], "uv_size": [4, 12]},
								"up": {"uv": [13, 12], "uv_size": [3, 4]},
								"down": {"uv": [15, 4], "uv_size": [3, -4]}
							}
						}
					]
				},
				{
					"name": "Right_arm",
					"parent": "root",
					"pivot": [-2.09375, 6.09375, 16.5625]
				},
				{
					"name": "righthand",
					"parent": "Right_arm",
					"pivot": [-2.09375, 6.09375, 16.5625],
					"rotation": [29.20264, 18.38738, 35.8035]
				},
				{
					"name": "righthand_pos",
					"parent": "righthand",
					"pivot": [-8.09375, -3.90625, 16.5625],
					"cubes": [
						{
							"origin": [-4.09375, -3.90625, 14.5625],
							"size": [3, 12, 4],
							"uv": {
								"north": {"uv": [7, 12], "uv_size": [3, 12]},
								"east": {"uv": [8, 0], "uv_size": [4, 12]},
								"south": {"uv": [10, 12], "uv_size": [3, 12]},
								"west": {"uv": [0, 12], "uv_size": [4, 12]},
								"up": {"uv": [15, 4], "uv_size": [3, 4]},
								"down": {"uv": [15, 12], "uv_size": [3, -4]}
							}
						}
					]
				},
				{
					"name": "Ice_staff",
					"parent": "root",
					"pivot": [-1.45417, 8.2623, 1.96171],
					"rotation": [87.02894, 2.1409, 43.29659],
					"cubes": [
						{"origin": [-2.15587, -12.73016, 0.97252], "size": [0, 2, 2], "pivot": [-1.44877, -11.02306, 1.97252], "rotation": [90, 45, 90], "uv": [0, 18]},
						{"origin": [-2.94877, 8.97694, 0.47252], "size": [3, 1, 3], "uv": [16, 0]},
						{"origin": [-2.94877, 12.97694, 0.47252], "size": [3, 1, 3], "uv": [14, 12]},
						{"origin": [-2.44877, 9.97694, 0.97252], "size": [2, 2, 2], "uv": [0, 16]},
						{"origin": [-1.44877, 11.97694, 0.97252], "size": [0, 1, 2], "uv": [19, 19]},
						{"origin": [-1.94877, -10.02306, 1.47252], "size": [1, 14, 1], "inflate": 0.2, "uv": [12, 0]},
						{"origin": [-1.44877, 11.97694, 0.97252], "size": [0, 1, 2], "pivot": [-1.44877, 12.47694, 1.97252], "rotation": [0, -90, 0], "uv": [19, 6]},
						{"origin": [-2.44877, -12.02306, 0.97252], "size": [0, 2, 2], "pivot": [-2.44877, -11.02306, 1.97252], "rotation": [0, 0, 45], "uv": [19, 14]},
						{"origin": [-0.44877, -12.02306, 0.97252], "size": [0, 2, 2], "pivot": [-0.44877, -11.02306, 1.97252], "rotation": [0, 0, -45], "uv": [4, 18]},
						{"origin": [-0.74166, -12.73016, 0.97252], "size": [0, 2, 2], "pivot": [-1.44877, -11.02306, 1.97252], "rotation": [-90, 45, -90], "uv": [6, 14]},
						{"origin": [-2.44877, -12.02306, 0.97252], "size": [2, 2, 2], "uv": [16, 4]},
						{"origin": [-1.94877, -10.02306, 1.47252], "size": [1, 14, 1], "uv": [11, 15]},
						{"origin": [-1.94877, 3.97694, 1.47252], "size": [1, 5, 1], "uv": [15, 16]}
					]
				},
				{
					"name": "Rotatry4",
					"parent": "Ice_staff",
					"pivot": [-0.38856, 9.4404, 1.97252],
					"cubes": [
						{"origin": [-0.94877, 8.97694, 1.47252], "size": [1, 3, 1], "inflate": 0.1, "pivot": [-0.38856, 9.4404, 1.97252], "rotation": [0, 0, 57.5], "uv": [16, 8]},
						{"origin": [-0.94877, 8.97694, 1.97252], "size": [2, 3, 0], "pivot": [-0.38856, 9.4404, 1.97252], "rotation": [0, 0, 57.5], "uv": [19, 18]}
					]
				},
				{
					"name": "bone9",
					"parent": "Rotatry4",
					"pivot": [1.30519, 11.0404, 2.47252],
					"cubes": [
						{"origin": [1.15123, 10.57694, 1.47252], "size": [1, 3, 1], "pivot": [1.71144, 11.0404, 1.97252], "rotation": [0, 0, 10], "uv": [16, 8]},
						{"origin": [2.15123, 10.57694, 1.97252], "size": [1, 3, 0], "pivot": [1.71144, 11.0404, 2.47252], "rotation": [0, 0, 10], "uv": [0, 8]}
					]
				},
				{
					"name": "bone10",
					"parent": "bone9",
					"pivot": [1.91144, 13.6404, 1.67252],
					"cubes": [
						{"origin": [1.35123, 13.17694, 1.47252], "size": [1, 3, 1], "inflate": -0.1, "pivot": [1.91144, 13.6404, 1.97252], "rotation": [0, 0, -17.5], "uv": [16, 8]},
						{"origin": [2.15123, 13.17694, 1.92252], "size": [1.2, 3, 0], "pivot": [1.91144, 13.6404, 1.67252], "rotation": [0, 0, -5], "uv": [0, 0]}
					]
				},
				{
					"name": "Rotatry1",
					"parent": "Ice_staff",
					"pivot": [-2.509, 9.4404, 1.9725],
					"cubes": [
						{"origin": [-2.94877, 8.97694, 1.47252], "size": [1, 3, 1], "inflate": 0.1, "pivot": [-2.50898, 9.4404, 1.97252], "rotation": [0, 0, -57.5], "uv": [16, 8], "mirror": true},
						{"origin": [-3.94877, 8.97694, 1.97252], "size": [2, 3, 0], "pivot": [-2.50898, 9.4404, 1.97252], "rotation": [0, 0, -57.5], "uv": [19, 18], "mirror": true}
					]
				},
				{
					"name": "bone4",
					"parent": "Rotatry1",
					"pivot": [-4.60898, 11.0404, 2.47252],
					"cubes": [
						{"origin": [-5.04877, 10.57694, 1.47252], "size": [1, 3, 1], "pivot": [-4.60898, 11.0404, 1.97252], "rotation": [0, 0, -10], "uv": [16, 8], "mirror": true},
						{"origin": [-6.04877, 10.57694, 1.97252], "size": [1, 3, 0], "pivot": [-4.60898, 11.0404, 2.47252], "rotation": [0, 0, -10], "uv": [0, 8], "mirror": true}
					]
				},
				{
					"name": "bone3",
					"parent": "bone4",
					"pivot": [-4.80898, 13.6404, 1.67252],
					"cubes": [
						{"origin": [-5.24877, 13.17694, 1.47252], "size": [1, 3, 1], "inflate": -0.1, "pivot": [-4.80898, 13.6404, 1.97252], "rotation": [0, 0, 17.5], "uv": [16, 8], "mirror": true},
						{"origin": [-6.24877, 13.17694, 1.92252], "size": [1.2, 3, 0], "pivot": [-4.80898, 13.6404, 1.67252], "rotation": [0, 0, 5], "uv": [0, 0], "mirror": true}
					]
				},
				{
					"name": "Rotatry3",
					"parent": "Ice_staff",
					"pivot": [-1.44877, 9.28005, 1.16627],
					"cubes": [
						{"origin": [-4.77408, 11.14164, 1.47252], "size": [1, 3, 1], "inflate": 0.1, "pivot": [-1.44877, 12.1863, 1.94752], "rotation": [90, -32.5, -90], "uv": [16, 8], "mirror": true},
						{"origin": [-5.77408, 11.14164, 1.97252], "size": [2, 3, 0], "pivot": [-1.44877, 12.1863, 1.94752], "rotation": [90, -32.5, -90], "uv": [19, 18], "mirror": true}
					]
				},
				{
					"name": "bone8",
					"parent": "Rotatry3",
					"pivot": [-1.47377, 10.98483, -1.04454],
					"cubes": [
						{"origin": [-2.0695, 10.6053, -1.54454], "size": [1, 3, 1], "pivot": [-1.47377, 10.98483, -1.04454], "rotation": [90, -80, -90], "uv": [16, 8], "mirror": true},
						{"origin": [-3.0695, 10.6053, -1.04454], "size": [1, 3, 0], "pivot": [-1.47377, 10.98483, -1.04454], "rotation": [90, -80, -90], "uv": [0, 8], "mirror": true}
					]
				},
				{
					"name": "bone7",
					"parent": "bone8",
					"pivot": [-1.44877, 13.28005, -1.33373],
					"cubes": [
						{"origin": [-5.5305, 12.09921, 1.47252], "size": [1, 3, 1], "inflate": -0.1, "pivot": [-1.44877, 12.1863, 1.94752], "rotation": [-90, -72.5, 90], "uv": [16, 8], "mirror": true},
						{"origin": [-6.36271, 12.87855, 1.92252], "size": [1.2, 3, 0], "pivot": [-1.44877, 12.1863, 1.94752], "rotation": [-90, -85, 90], "uv": [0, 0], "mirror": true}
					]
				},
				{
					"name": "Rotatry2",
					"parent": "Ice_staff",
					"pivot": [-1.47377, 9.30602, 2.85891],
					"cubes": [
						{"origin": [-2.06736, 9.04027, 2.35891], "size": [1, 3, 1], "inflate": 0.1, "pivot": [-1.47377, 9.30602, 2.85891], "rotation": [-90, -32.5, 90], "uv": [16, 8]},
						{"origin": [-2.06736, 9.04027, 2.85891], "size": [2, 3, 0], "pivot": [-1.47377, 9.30602, 2.85891], "rotation": [-90, -32.5, 90], "uv": [19, 18]}
					]
				},
				{
					"name": "bone5",
					"parent": "Rotatry2",
					"pivot": [-1.47377, 10.89108, 4.90834],
					"cubes": [
						{"origin": [1.3022, 11.14312, 1.47252], "size": [1, 3, 1], "pivot": [-1.44877, 12.1863, 1.94752], "rotation": [-90, -80, 90], "uv": [16, 8]},
						{"origin": [2.3022, 11.14312, 1.97252], "size": [1, 3, 0], "pivot": [-1.44877, 12.1863, 1.94752], "rotation": [-90, -80, 90], "uv": [0, 8]}
					]
				},
				{
					"name": "bone6",
					"parent": "bone5",
					"pivot": [-1.44877, 13.39728, 5.2463],
					"cubes": [
						{"origin": [-2.50099, 13.28169, 5.0213], "size": [1, 3, 1], "inflate": -0.1, "pivot": [-1.44877, 14.67853, 5.4963], "rotation": [90, -72.5, -90], "uv": [16, 8]},
						{"origin": [-1.48731, 13.19733, 5.4713], "size": [1.2, 3, 0], "pivot": [-1.44877, 14.67853, 5.4963], "rotation": [90, -85, -90], "uv": [0, 0]}
					]
				},
				{
					"name": "rotatingthingy",
					"parent": "Ice_staff",
					"pivot": [-1.44877, 6.47694, 1.97252],
					"cubes": [
						{"origin": [-2.94877, 3.97694, 0.47252], "size": [3, 5, 3], "uv": [0, 8]},
						{"origin": [-2.94877, 3.97694, 0.47252], "size": [3, 5, 3], "inflate": -0.2, "uv": [0, 0]}
					]
				},
				{
					"name": "attachments_positons",
					"parent": "root",
					"pivot": [0, 0, -5.84375]
				},
				{
					"name": "muzzle_flash",
					"parent": "attachments_positons",
					"pivot": [-1.3902, 8.8042, -5.77078]
				},
				{
					"name": "camera",
					"pivot": [2.2758, 13.25649, 18.97699]
				},
				{
					"name": "positioning",
					"pivot": [0, 0, 0]
				},
				{
					"name": "fixed",
					"parent": "positioning",
					"pivot": [-0.61875, 7.61875, 10.66875],
					"rotation": [90, 42.5, 90]
				},
				{
					"name": "ground",
					"parent": "positioning",
					"pivot": [0, 0.25, 2]
				},
				{
					"name": "thirdperson_hand",
					"parent": "positioning",
					"pivot": [-1.59375, 7.66875, 10.7375],
					"rotation": [90, 0, 0]
				},
				{
					"name": "view",
					"pivot": [0, 0, 0]
				},
				{
					"name": "idle_view",
					"parent": "view",
					"pivot": [2.2758, 13.2565, 18.977]
				},
				{
					"name": "iron_view",
					"parent": "view",
					"pivot": [2.2758, 13.2565, 17.375]
				},
				{
					"name": "refit_view",
					"parent": "view",
					"pivot": [22.46875, 5.2625, 7.05625],
					"rotation": [0, 90, 0]
				}
			]
		}
	]
}