{
	"materials": [
		{
			"item": {
			  "type": "forge:partial_nbt",
			  "item": "tacz:attachment",
			  "nbt": {
				"AttachmentId": "mw_guns:mod_template"
			  }
			},
			"count": 1
		  },
		{
			//you can look for custom forge tags here https://forge.gemwire.uk/wiki/Tags#Items
			"item": {
				"tag": "forge:ingots/iron"
			},
			"count": 8
		},
		{
			//you can look for custom forge tags here https://forge.gemwire.uk/wiki/Tags#Items
			"item": {
				"tag": "forge:ingots/gold"
			},
			"count": 4
		},
		{
			"item": {
				//change "tag" to "item", allows you to input the id of any item(no nbt tags allowed)
				"tag": "forge:dusts/redstone"
			},
			"count": 10
		},
		{
			"item": {
			  "tag": "forge:gunpowder"
			},
			"count": 14
		},
		{
			"item": {
			  "tag": "forge:ingots/copper"
			},
			"count": 14
		  }
	],
	"result": {
		//available types: ammo, attachment, gun
		"type": "attachment",
		//id of the item
		"id": "mw_guns:holger_altmag"
	}
}