{
	"materials": [
		{
			//you can look for custom forge tags here https://forge.gemwire.uk/wiki/Tags#Items
			"item": {
				"tag": "forge:ingots/iron"
			},
			"count": 36
		},
		{
			//you can look for custom forge tags here https://forge.gemwire.uk/wiki/Tags#Items
			"item": {
				"tag": "forge:ingots/gold"
			},
			"count": 15
		},
		{
			//you can look for minecraft tags here https://minecraft.fandom.com/wiki/Tag#Items
			"item": {
				"tag": "minecraft:logs"
			},
			"count": 10
		},
		{
			"item": {
				//change "tag" to "item", allows you to input the id of any item(no nbt tags allowed)
				"tag": "forge:dusts/redstone"
			},
			"count": 16
		},
		{
			"item": {
			  "tag": "forge:gems/lapis"
			},
			"count": 4
		  },
		  {
			"item": {
			  "tag": "forge:gems/quartz"
			},
			"count": 3
		  }
	],
	"result": {
		//available types: ammo, attachment, gun
		"type": "attachment",
		//id of the item
		"id": "mw_guns:mod_template"
	}
}