{
	"format_version": "1.12.0",
	"minecraft:geometry": [
		{
			"description": {
				"identifier": "geometry.unknown",
				"texture_width": 16,
				"texture_height": 16,
				"visible_bounds_width": 2,
				"visible_bounds_height": 1.5,
				"visible_bounds_offset": [0, 0.25, 0]
			},
			"bones": [
				{
					"name": "46x30",
					"pivot": [-4, -0.86698, 0.92188],
					"cubes": [
						{
							"origin": [-0.20409, -0.13651, -0.4744],
							"size": [0.10156, 0.28906, 0.15234],
							"pivot": [0, 0.00802, -0.35937],
							"rotation": [0, -22.5, 0],
							"uv": {
								"north": {"uv": [0, 0], "uv_size": [0.5, 0.5]},
								"east": {"uv": [0, 2], "uv_size": [0.5, 0.5]},
								"south": {"uv": [2, 0], "uv_size": [0.5, 0.5]},
								"west": {"uv": [2, 2], "uv_size": [0.5, 0.5]},
								"up": {"uv": [0, 4], "uv_size": [0.5, 0.5]},
								"down": {"uv": [4, 0.5], "uv_size": [0.5, -0.5]}
							}
						},
						{
							"origin": [-0.14453, 0.11054, -0.4744],
							"size": [0.28906, 0.10156, 0.15234],
							"pivot": [0, 0.00802, -0.35937],
							"rotation": [22.5, 0, 0],
							"uv": {
								"north": {"uv": [2, 4], "uv_size": [0.5, 0.5]},
								"east": {"uv": [4, 2], "uv_size": [0.5, 0.5]},
								"south": {"uv": [4, 4], "uv_size": [0.5, 0.5]},
								"west": {"uv": [0, 6], "uv_size": [0.5, 0.5]},
								"up": {"uv": [6, 0], "uv_size": [0.5, 0.5]},
								"down": {"uv": [2, 6.5], "uv_size": [0.5, -0.5]}
							}
						},
						{
							"origin": [-0.14453, -0.19607, -0.4744],
							"size": [0.28906, 0.10156, 0.15234],
							"pivot": [0, 0.00802, -0.35937],
							"rotation": [-22.5, 0, 0],
							"uv": {
								"north": {"uv": [6, 2], "uv_size": [0.5, 0.5]},
								"east": {"uv": [4, 6], "uv_size": [0.5, 0.5]},
								"south": {"uv": [6, 4], "uv_size": [0.5, 0.5]},
								"west": {"uv": [6, 6], "uv_size": [0.5, 0.5]},
								"up": {"uv": [0, 8], "uv_size": [0.5, 0.5]},
								"down": {"uv": [8, 0.5], "uv_size": [0.5, -0.5]}
							}
						},
						{
							"origin": [0.10253, -0.13651, -0.4744],
							"size": [0.10156, 0.28906, 0.15234],
							"pivot": [0, 0.00802, -0.35937],
							"rotation": [0, 22.5, 0],
							"uv": {
								"north": {"uv": [2, 8], "uv_size": [0.5, 0.5]},
								"east": {"uv": [8, 2], "uv_size": [0.5, 0.5]},
								"south": {"uv": [4, 8], "uv_size": [0.5, 0.5]},
								"west": {"uv": [8, 4], "uv_size": [0.5, 0.5]},
								"up": {"uv": [6, 8], "uv_size": [0.5, 0.5]},
								"down": {"uv": [8, 6.5], "uv_size": [0.5, -0.5]}
							}
						},
						{
							"origin": [-0.20313, -0.1951, -0.40468],
							"size": [0.40625, 0.40625, 0.74375],
							"uv": {
								"north": {"uv": [8, 8], "uv_size": [0.5, 0.5]},
								"east": {"uv": [0, 10], "uv_size": [0.5, 0.5]},
								"south": {"uv": [10, 0], "uv_size": [0.5, 0.5]},
								"west": {"uv": [2, 10], "uv_size": [0.5, 0.5]},
								"up": {"uv": [10, 2], "uv_size": [0.5, 0.5]},
								"down": {"uv": [4, 10.5], "uv_size": [0.5, -0.5]}
							}
						},
						{
							"origin": [-0.14453, -0.13651, -0.54375],
							"size": [0.28906, 0.28906, 0.15234],
							"uv": {
								"north": {"uv": [10, 4], "uv_size": [0.5, 0.5]},
								"east": {"uv": [6, 10], "uv_size": [0.5, 0.5]},
								"south": {"uv": [10, 6], "uv_size": [0.5, 0.5]},
								"west": {"uv": [8, 10], "uv_size": [0.5, 0.5]},
								"up": {"uv": [10, 8], "uv_size": [0.5, 0.5]},
								"down": {"uv": [10, 10.5], "uv_size": [0.5, -0.5]}
							}
						},
						{
							"origin": [-0.20313, -0.1951, 0.42697],
							"size": [0.40625, 0.40625, 0.08788],
							"uv": {
								"north": {"uv": [0, 12], "uv_size": [0.5, 0.5]},
								"east": {"uv": [12, 0], "uv_size": [0.5, 0.5]},
								"south": {"uv": [2, 12], "uv_size": [0.5, 0.5]},
								"west": {"uv": [12, 2], "uv_size": [0.5, 0.5]},
								"up": {"uv": [4, 12], "uv_size": [0.5, 0.5]},
								"down": {"uv": [12, 4.5], "uv_size": [0.5, -0.5]}
							}
						},
						{
							"origin": [-0.14453, -0.13651, 0.33906],
							"size": [0.28906, 0.28906, 0.11719],
							"uv": {
								"north": {"uv": [6, 12], "uv_size": [0.5, 0.5]},
								"east": {"uv": [12, 6], "uv_size": [0.5, 0.5]},
								"south": {"uv": [8, 12], "uv_size": [0.5, 0.5]},
								"west": {"uv": [12, 8], "uv_size": [0.5, 0.5]},
								"up": {"uv": [10, 12], "uv_size": [0.5, 0.5]},
								"down": {"uv": [12, 10.5], "uv_size": [0.5, -0.5]}
							}
						}
					]
				}
			]
		}
	]
}