{
	"format_version": "1.12.0",
	"minecraft:geometry": [
		{
			"description": {
				"identifier": "geometry.unknown",
				"texture_width": 16,
				"texture_height": 16,
				"visible_bounds_width": 2,
				"visible_bounds_height": 1.5,
				"visible_bounds_offset": [0, 0.25, 0]
			},
			"bones": [
				{
					"name": "bullet2",
					"pivot": [-0.00747, 0.25664, -0.96959],
					"rotation": [90, 67.5, 180],
					"cubes": [
						{
							"origin": [-0.46977, -0.07764, -1.1067],
							"size": [0.4875, 0.4875, 1.64532],
							"pivot": [-0.22602, 0.16611, -0.96959],
							"rotation": [0, -90, -22.5],
							"uv": {
								"north": {"uv": [0, 4], "uv_size": [0.5, 0.5]},
								"east": {"uv": [0, 0], "uv_size": [1.5, 0.5]},
								"south": {"uv": [5, 0], "uv_size": [0.5, 0.5]},
								"west": {"uv": [0, 2], "uv_size": [1.5, 0.5]},
								"up": {"uv": [3, 0], "uv_size": [0.5, 1.5]},
								"down": {"uv": [3, 4.5], "uv_size": [0.5, -1.5]}
							}
						},
						{
							"origin": [-0.40654, -0.0167, -1.26605],
							"size": [0.12187, 0.36563, 0.24375],
							"pivot": [-0.22602, 0.16611, -0.96959],
							"rotation": [0, -90, -22.5],
							"uv": {
								"east": {"uv": [5, 2], "uv_size": [0.5, 0.5]},
								"west": {"uv": [5, 4], "uv_size": [0.5, 0.5]},
								"up": {"uv": [0, 6], "uv_size": [0.5, 0.5]},
								"down": {"uv": [2, 6.5], "uv_size": [0.5, -0.5]}
							}
						},
						{
							"origin": [-0.16737, -0.0167, -1.26605],
							"size": [0.12187, 0.36563, 0.24375],
							"pivot": [-0.22602, 0.16611, -0.96959],
							"rotation": [0, -90, -22.5],
							"uv": {
								"east": {"uv": [4, 6], "uv_size": [0.5, 0.5]},
								"west": {"uv": [6, 6], "uv_size": [0.5, 0.5]},
								"up": {"uv": [7, 0], "uv_size": [0.5, 0.5]},
								"down": {"uv": [7, 2.5], "uv_size": [0.5, -0.5]}
							}
						},
						{
							"origin": [-0.40883, 0.22476, -1.26605],
							"size": [0.36563, 0.12187, 0.24375],
							"pivot": [-0.22602, 0.16611, -0.96959],
							"rotation": [0, -90, -22.5],
							"uv": {
								"east": {"uv": [7, 4], "uv_size": [0.5, 0.5]},
								"west": {"uv": [0, 8], "uv_size": [0.5, 0.5]},
								"up": {"uv": [2, 8], "uv_size": [0.5, 0.5]},
								"down": {"uv": [4, 8.5], "uv_size": [0.5, -0.5]}
							}
						},
						{
							"origin": [-0.40883, -0.01441, -1.26605],
							"size": [0.36563, 0.12187, 0.24375],
							"pivot": [-0.22602, 0.16611, -0.96959],
							"rotation": [0, -90, -22.5],
							"uv": {
								"east": {"uv": [6, 8], "uv_size": [0.5, 0.5]},
								"west": {"uv": [8, 6], "uv_size": [0.5, 0.5]},
								"up": {"uv": [8, 8], "uv_size": [0.5, 0.5]},
								"down": {"uv": [9, 0.5], "uv_size": [0.5, -0.5]}
							}
						},
						{
							"origin": [-0.46977, -0.07764, 0.63003],
							"size": [0.4875, 0.4875, 0.0914],
							"pivot": [-0.22602, 0.16611, -0.96959],
							"rotation": [0, -90, -22.5],
							"uv": {
								"north": {"uv": [9, 2], "uv_size": [0.5, 0.5]},
								"east": {"uv": [9, 4], "uv_size": [0.5, 0.5]},
								"south": {"uv": [0, 10], "uv_size": [0.5, 0.5]},
								"west": {"uv": [2, 10], "uv_size": [0.5, 0.5]},
								"up": {"uv": [4, 10], "uv_size": [0.5, 0.5]},
								"down": {"uv": [6, 10.5], "uv_size": [0.5, -0.5]}
							}
						},
						{
							"origin": [-0.40883, -0.0167, 0.53862],
							"size": [0.36563, 0.36563, 0.12188],
							"pivot": [-0.22602, 0.16611, -0.96959],
							"rotation": [0, -90, -22.5],
							"uv": {
								"east": {"uv": [10, 6], "uv_size": [0.5, 0.5]},
								"west": {"uv": [8, 10], "uv_size": [0.5, 0.5]},
								"up": {"uv": [10, 8], "uv_size": [0.5, 0.5]},
								"down": {"uv": [10, 10.5], "uv_size": [0.5, -0.5]}
							}
						}
					]
				}
			]
		}
	]
}