{
	"format_version": "1.12.0",
	"minecraft:geometry": [
		{
			"description": {
				"identifier": "geometry.unknown",
				"texture_width": 16,
				"texture_height": 16,
				"visible_bounds_width": 2,
				"visible_bounds_height": 1.5,
				"visible_bounds_offset": [0, 0.25, 0]
			},
			"bones": [
				{
					"name": "127x55",
					"pivot": [0, 0, 0],
					"rotation": [-90, 0, 90],
					"cubes": [
						{
							"origin": [-0.40626, -0.41666, -1.91591],
							"size": [0.8125, 0.8125, 4.05],
							"uv": {
								"north": {"uv": [4, 4], "uv_size": [1, 1]},
								"east": {"uv": [0, 0], "uv_size": [4, 1]},
								"south": {"uv": [5, 0], "uv_size": [1, 1]},
								"west": {"uv": [0, 2], "uv_size": [4, 1]},
								"up": {"uv": [0, 4], "uv_size": [1, 4]},
								"down": {"uv": [2, 8], "uv_size": [1, -4]}
							}
						},
						{
							"origin": [-0.28906, -0.29948, -2.19405],
							"size": [0.57812, 0.57812, 0.30468],
							"uv": {
								"north": {"uv": [4, 8], "uv_size": [0.5, 0.5]},
								"east": {"uv": [8, 4], "uv_size": [0.5, 0.5]},
								"south": {"uv": [6, 8], "uv_size": [0.5, 0.5]},
								"west": {"uv": [8, 6], "uv_size": [0.5, 0.5]},
								"up": {"uv": [8, 8], "uv_size": [0.5, 0.5]},
								"down": {"uv": [0, 9.5], "uv_size": [0.5, -0.5]}
							}
						},
						{
							"origin": [-0.40626, -0.41666, 2.30987],
							"size": [0.8125, 0.8125, 0.17576],
							"uv": {
								"north": {"uv": [5, 2], "uv_size": [1, 1]},
								"east": {"uv": [6, 4], "uv_size": [0.5, 1]},
								"south": {"uv": [4, 6], "uv_size": [1, 1]},
								"west": {"uv": [6, 6], "uv_size": [0.5, 1]},
								"up": {"uv": [7, 0], "uv_size": [1, 0.5]},
								"down": {"uv": [7, 2.5], "uv_size": [1, -0.5]}
							}
						},
						{
							"origin": [-0.28906, -0.29948, 2.13407],
							"size": [0.57812, 0.57812, 0.23438],
							"uv": {
								"north": {"uv": [9, 0], "uv_size": [0.5, 0.5]},
								"east": {"uv": [2, 9], "uv_size": [0.5, 0.5]},
								"south": {"uv": [9, 2], "uv_size": [0.5, 0.5]},
								"west": {"uv": [4, 10], "uv_size": [0.5, 0.5]},
								"up": {"uv": [10, 4], "uv_size": [0.5, 0.5]},
								"down": {"uv": [6, 10.5], "uv_size": [0.5, -0.5]}
							}
						},
						{
							"origin": [2.45058, -0.29948, -2.67393],
							"size": [0.20312, 0.57812, 0.30468],
							"pivot": [-0.12548, -3.4435, -9.32055],
							"rotation": [0, -22.5, 0],
							"uv": {
								"north": {"uv": [10, 6], "uv_size": [0.5, 0.5]},
								"east": {"uv": [8, 10], "uv_size": [0.5, 0.5]},
								"south": {"uv": [10, 8], "uv_size": [0.5, 0.5]},
								"west": {"uv": [10, 10], "uv_size": [0.5, 0.5]},
								"up": {"uv": [0, 11], "uv_size": [0.5, 0.5]},
								"down": {"uv": [11, 0.5], "uv_size": [0.5, -0.5]}
							}
						},
						{
							"origin": [-0.28906, -2.93502, -1.31213],
							"size": [0.57812, 0.20312, 0.30468],
							"pivot": [-0.12548, -3.4435, -9.32055],
							"rotation": [22.5, 0, 0],
							"uv": {
								"north": {"uv": [2, 11], "uv_size": [0.5, 0.5]},
								"east": {"uv": [11, 2], "uv_size": [0.5, 0.5]},
								"south": {"uv": [4, 12], "uv_size": [0.5, 0.5]},
								"west": {"uv": [12, 4], "uv_size": [0.5, 0.5]},
								"up": {"uv": [6, 12], "uv_size": [0.5, 0.5]},
								"down": {"uv": [12, 6.5], "uv_size": [0.5, -0.5]}
							}
						},
						{
							"origin": [-0.28906, 2.18838, -3.93967],
							"size": [0.57812, 0.20312, 0.30468],
							"pivot": [-0.12548, -3.4435, -9.32055],
							"rotation": [-22.5, 0, 0],
							"uv": {
								"north": {"uv": [8, 12], "uv_size": [0.5, 0.5]},
								"east": {"uv": [12, 8], "uv_size": [0.5, 0.5]},
								"south": {"uv": [10, 12], "uv_size": [0.5, 0.5]},
								"west": {"uv": [12, 10], "uv_size": [0.5, 0.5]},
								"up": {"uv": [12, 12], "uv_size": [0.5, 0.5]},
								"down": {"uv": [0, 13.5], "uv_size": [0.5, -0.5]}
							}
						},
						{
							"origin": [-2.6728, -0.29948, -2.57787],
							"size": [0.20312, 0.57812, 0.30468],
							"pivot": [-0.12548, -3.4435, -9.32055],
							"rotation": [0, 22.5, 0],
							"uv": {
								"north": {"uv": [13, 0], "uv_size": [0.5, 0.5]},
								"east": {"uv": [2, 13], "uv_size": [0.5, 0.5]},
								"south": {"uv": [13, 2], "uv_size": [0.5, 0.5]},
								"west": {"uv": [4, 14], "uv_size": [0.5, 0.5]},
								"up": {"uv": [14, 4], "uv_size": [0.5, 0.5]},
								"down": {"uv": [6, 14.5], "uv_size": [0.5, -0.5]}
							}
						}
					]
				}
			]
		}
	]
}