{
  "ammo": "tacz:762x39",
  "ammo_amount": 30,
  "bolt": "closed_bolt",
  "rpm": 700,
  "bullet": {
	"extra_damage": {
      "armor_ignore": 0.75,
      "head_shot_multiplier": 1.7,
	  "damage_adjust": [
		  {"distance": 20, "damage": 8.5},
		  {"distance": 55, "damage": 7.5},
		  {"distance": 80, "damage": 7},
		  {"distance": 100, "damage": 6.5},
      {"distance": 120, "damage": 6},
		  {"distance": "infinite", "damage": 6}
	  ]
    },
    "life": 15,
	"bullet_amount": 1,
	"tracer_count_interval": 0,
    "damage": 8.5,
    "speed": 280,
    "gravity": 0,
    "knockback": 0,
    "friction": 0.01,
    "ignite": false,
    "pierce": 1
  },
  "reload": {
    "type": "magazine",
    "feed": {
      "empty": 2.25,
      "tactical": 1.55
    },
    "cooldown": {
      "empty": 2.6,
      "tactical": 2.0
    }
  },
  "draw_time": 0.35,
  "put_away_time": 0.4,
  "aim_time": 0.25,
  "sprint_time": 0.3,
  "weight": 3.7,
  "movement_speed": {
    "base": 0.0,
    "aim": -0.15,
    "reload": -0.1
  },
  "fire_mode": [
    "auto",
    "semi"
  ],
  "recoil": {
    "pitch": [
      {"time": 0, "value": [0.4, 0.4]},
      {"time": 0.25, "value": [0.575, 0.575]},
      {"time": 0.45, "value": [-0.15, -0.15]},
      {"time": 0.6, "value": [0, 0]}
    ],
    "yaw": [
      {"time": 0, "value": [-0.25, -0.175]},
      {"time": 0.25, "value": [-0.325, -0.225]},
      {"time": 0.45, "value": [0, 0]}
    ]
  },
  "melee": {
    "distance": 1,
    "cooldown": 0.6,
    "default": {
      "animation_type": "melee_stock",
      "distance": 1,
      "range_angle": 30,
      "damage": 2,
      "knockback": 0.5,
      "prep": 0.1
    }
  },
  "inaccuracy": {
    "stand": 1.8,
    "move": 3.6,
    "sneak": 0.98,
    "lie": 0.4,
    "aim": 0.05
  },
  "allow_attachment_types": [
    "scope",
    "stock",
    "muzzle",
    "grip",
    "laser",
    "extended_mag"
  ],
  "extended_mag_ammo_amount": [
    40,
    50,
    60
  ]
}