{
  "ammo": "tacz:762x39",
  "ammo_amount": 30,
  "bolt": "closed_bolt",
  "rpm": 630,
  "bullet": {
	"extra_damage": {
      "armor_ignore": 0.67,
      "head_shot_multiplier": 1.6,
	  "damage_adjust": [
		  {"distance": 20, "damage": 7},
		  {"distance": 45, "damage": 5.6},
		  {"distance": 60, "damage": 4.2},
		  {"distance": 80, "damage": 2.4},
		  {"distance": "infinite", "damage": 2.4}
	  ]
    },
    "life": 15,
	"bullet_amount": 1,
	"tracer_count_interval": 0,
    "damage": 7,
    "speed": 240,
    "gravity": 0,
    "knockback": 0,
    "friction": 0.01,
    "ignite": false,
    "pierce": 1
  },
  "reload": {
    "type": "magazine",
    "feed": {
      "empty": 1.67,
      "tactical": 1.67
    },
    "cooldown": {
      "empty": 2.3333,
      "tactical": 1.9167
    }
  },
  "draw_time": 0.35,
  "put_away_time": 0.4,
  "aim_time": 0.2,
  "sprint_time": 0.3,
  "weight": 3.5,
  "movement_speed": {
    "base": 0.0,
    "aim": -0.15,
    "reload": -0.1
  },
  "fire_mode": [
    "auto",
    "semi"
  ],
  "recoil": {
    "pitch": [
      {"time": 0, "value": [0.5, 0.5]},
      {"time": 0.25, "value": [0.625, 0.625]},
      {"time": 0.45, "value": [-0.133, -0.133]},
      {"time": 0.6, "value": [0, 0]}
    ],
    "yaw": [
      {"time": 0, "value": [-0.3, -0.2]},
      {"time": 0.25, "value": [-0.4, -0.2]},
      {"time": 0.45, "value": [0, 0]}
    ]
  },
  "melee": {
    "distance": 1,
    "cooldown": 0.6,
    "default": {
      "animation_type": "melee_stock",
      "distance": 1,
      "range_angle": 30,
      "damage": 2,
      "knockback": 0.5,
      "prep": 0.1
    }
  },
  "inaccuracy": {
    "stand": 2,
    "move": 4,
    "sneak": 1,
    "lie": 0.5,
    "aim": 0.05
  },
  "allow_attachment_types": [
    "scope",
    "stock",
    "muzzle",
    "grip",
    "laser",
    "extended_mag"
  ],
  "extended_mag_ammo_amount": [
    40,
    50,
    60
  ]
}