{
  "ammo": "tacz:9mm",
  "ammo_amount": 25,
  "bolt": "closed_bolt",
  "rpm": 739,
  "bullet": {
	"extra_damage": {
      "armor_ignore": 0.4,
      "head_shot_multiplier": 1.8,
	  "damage_adjust": [
		  {"distance": 25, "damage": 6.0},
		  {"distance": 30, "damage": 4.4},
		  {"distance": 40, "damage": 3.6},
		  {"distance": 55, "damage": 3.2},
		  {"distance": "infinite", "damage": 3.2}
	  ]
    },
    "life": 15,
	"bullet_amount": 1,
	"tracer_count_interval": 0,
    "damage": 6,
    "speed": 180,
    "gravity": 0.15,
    "knockback": 0,
    "friction": 0.02,
    "ignite": false,
    "pierce": 1
  },
  "reload": {
    "type": "magazine",
    "feed": {
      "empty": 2.63,
      "tactical": 1.42
    },
    "cooldown": {
      "empty": 3,
      "tactical": 2.25
    }
  },
  "draw_time": 0.43,
  "put_away_time": 0.33,
  "aim_time": 0.18,
  "sprint_time": 0.2,
  "weight": 2.97,
  "movement_speed": {
    "base": 0.0,
    "aim": -0.1,
    "reload": 0
  },
  "fire_mode": [
    "auto",
    "semi"
  ],
  "crawl_recoil_multiplier": 0.75,
  "recoil": {
    "pitch": [
      {"time": 0, "value": [0.375, 0.375]},
      {"time": 0.1875, "value": [0.375, 0.375]},
      {"time": 0.55, "value": [-0.125, -0.125]},
      {"time": 0.7, "value": [0, 0]}
    ],
    "yaw": [
      {"time": 0, "value": [-0.25, 0.25]},
      {"time": 0.1, "value": [-0.2, 0.25]},
      {"time": 0.5, "value": [0, 0]}
    ]
  },
  "inaccuracy": {
    "stand": 3.75,
    "move": 4.5,
    "sneak": 3.25,
    "lie": 2.75,
    "aim": 0.1375
  },
  "melee": {
    "distance": 1,
    "cooldown": 0.6,
    "default": {
      "animation_type": "melee_stock",
      "distance": 1,
      "range_angle": 40,
      "cooldown": 0,
      "damage": 15,
      "knockback": 0.4,
      "prep": 0.1
    }
  },
  "allow_attachment_types": [
    "scope",
    "muzzle",
    "grip",
    "laser",
    "extended_mag"
  ],
  "extended_mag_ammo_amount": [
    32,
    45,
    60
  ]
}