{
  "ammo": "tacz:9mm",
  "ammo_amount": 64,
  "bolt": "closed_bolt",
  "rpm": 654,
  "bullet": {
	"extra_damage": {
      "armor_ignore": 0.3,
      "head_shot_multiplier": 1.8,
	  "damage_adjust": [
		  {"distance": 20, "damage": 6},
		  {"distance": 40, "damage": 4.4},
		  {"distance": 50, "damage": 3.6},
		  {"distance": 70, "damage": 3.4},
		  {"distance": "infinite", "damage": 3.4}
	  ]
    },
    "life": 15,
	"bullet_amount": 1,
	"tracer_count_interval": 0,
    "damage": 6,
    "speed": 180,
    "gravity": 0,
    "knockback": 0,
    "friction": 0.01,
    "ignite": false,
    "pierce": 1
  },
  "reload": {
    "type": "magazine",
    "feed": {
      "empty": 1.75,
      "tactical": 1.75
    },
    "cooldown": {
      "empty": 2.75,
      "tactical": 2
    }
  },
  "draw_time": 1.0417,
  "put_away_time": 0.4583,
  "aim_time": 0.19,
  "sprint_time": 0.26,
  "weight": 2.7,
  "movement_speed": {
    "base": 0.0,
    "aim": -0.1,
    "reload": 0
  },
  "fire_mode": [
    "auto",
    "semi"
  ],
  "recoil": {
    "pitch": [
      {"time": 0, "value": [0.45, 0.45]},
      {"time": 0.3, "value": [0.45, 0.45]},
      {"time": 0.5, "value": [-0.125, -0.125]},
      {"time": 0.65, "value": [0, 0]}
    ],
    "yaw": [
      {"time": 0, "value": [-0.275, 0.275]},
      {"time": 0.3, "value": [-0.275, 0.275]},
      {"time": 0.5, "value": [0, 0]}
    ]
  },
  "inaccuracy": {
    "stand": 3.2,
    "move": 4.5,
    "sneak": 2.5,
    "lie": 1.8,
    "aim": 0.175
  },
  "melee": {
    "distance": 1,
    "cooldown": 0.6,
    "default": {
      "animation_type": "melee_stock",
      "distance": 1,
      "range_angle": 40,
      "cooldown": 0,
      "damage": 15,
      "knockback": 0.4,
      "prep": 0.1
    }
  },
  "allow_attachment_types": [
    "scope",
    "stock",
    "muzzle",
    "laser",
    "extended_mag"
  ],
  "extended_mag_ammo_amount": [
    74,
    84,
    100
  ]
}