{
  "ammo": "tacz:45acp",
  "ammo_amount": 20,
  "bolt": "closed_bolt",
  "rpm": 1034,
  "bullet": {
	"extra_damage": {
      "armor_ignore": 0.32,
      "head_shot_multiplier": 1.5,
	  "damage_adjust": [
		  {"distance": 20, "damage": 4.2},
		  {"distance": 35, "damage": 3.6},
		  {"distance": 50, "damage": 3.4},
		  {"distance": "infinite", "damage": 3.4}
	  ]
    },
    "life": 15,
	"bullet_amount": 1,
	"tracer_count_interval": 0,
    "damage": 4.2,
    "speed": 240,
    "gravity": 0.098,
    "knockback": 0,
    "friction": 0.01,
    "ignite": false,
    "pierce": 1
  },
  "reload": {
    "type": "magazine",
    "feed": {
      "empty": 1.88,
      "tactical": 1.71
    },
    "cooldown": {
      "empty": 2.25,
      "tactical": 2.21
    }
  },
  "draw_time": 0.75,
  "put_away_time": 0.4,
  "aim_time": 0.15,
  "sprint_time": 0.2,
  "weight": 2.4,
  "movement_speed": {
    "base": 0.0,
    "aim": -0.1,
    "reload": 0
  },
  "fire_mode": [
    "auto",
    "semi"
  ],
  "recoil": {
    "pitch": [
      {"time": 0, "value": [0.45, 0.45]},
      {"time": 0.3, "value": [0.45, 0.45]},
      {"time": 0.5, "value": [-0.125, -0.125]},
      {"time": 0.65, "value": [0, 0]}
    ],
    "yaw": [
      {"time": 0, "value": [-0.275, 0.275]},
      {"time": 0.3, "value": [-0.275, 0.275]},
      {"time": 0.5, "value": [0, 0]}
    ]
  },
  "inaccuracy": {
    "stand": 5,
    "move": 5.75,
    "sneak": 3.5,
    "lie": 2.5,
    "aim": 0.1
  },
  "melee": {
    "distance": 1,
    "cooldown": 0.6,
    "default": {
      "animation_type": "melee_stock",
      "distance": 1,
      "range_angle": 40,
      "cooldown": 0,
      "damage": 15,
      "knockback": 0.4,
      "prep": 0.1
    }
  },
  "allow_attachment_types": [
    "scope",
    "stock",
    "muzzle",
    "grip",
    "laser",
    "extended_mag"
  ],
  "extended_mag_ammo_amount": [
    30,
    40,
    100
  ]
}