{
  "ammo": "tacz:762x39",
  "ammo_amount": 20,
  "bolt": "closed_bolt",
  "rpm": 500,
  "bullet": {
	"extra_damage": {
      "armor_ignore": 0.68,
      "head_shot_multiplier": 2,
	  "damage_adjust": [
		  {"distance": 45, "damage": 9.8},
		  {"distance": 70, "damage": 9.5},
		  {"distance": 90, "damage": 6.8},
		  {"distance": "infinite", "damage": 6.8}
	  ]
    },
    "life": 15,
	"bullet_amount": 1,
	"tracer_count_interval": 0,
    "damage": 9.8,
    "speed": 400,
    "gravity": 0.15,
    "knockback": 0,
    "friction": 0.0125,
    "ignite": false,
    "pierce": 1
  },
  "reload": {
    "type": "magazine",
    "feed": {
      "empty": 1.87,
      "tactical": 1.40
    },
    "cooldown": {
      "empty": 2.2,
      "tactical": 1.87
    }
  },
  "draw_time": 0.43,
  "put_away_time": 0.43,
  "aim_time": 0.21,
  "weight": 3.7,
  "sprint_time": 0.19,
  "movement_speed": {
    "base": -0.05,
    "aim": -0.15,
    "reload": -0.1
  },
  "fire_mode": [
    "semi",
    "auto",
    "burst"
  ],
  "burst_data": {
    "continuous_shoot": false,
    "count": 3,
    "bpm": 600,
    "min_interval": 0.45
  },
  "recoil": {
    "pitch": [
      {"time": 0, "value": [1.75, 1.75]},
      {"time": 0.05, "value": [1.75, 1.75]},
      {"time": 0.25, "value": [-0.35, -0.25]},
      {"time": 0.5, "value": [0, 0]},
      {"time": 0.7, "value": [0.15, 0.25]},
      {"time": 0.9, "value": [0, 0]}
    ],
    "yaw": [
      {"time": 0, "value": [-0.55, 0.35]},
      {"time": 0.15, "value": [-0.55, 0.35]},
      {"time": 0.5, "value": [0, 0]}
    ]
  },
  "inaccuracy": {
    "stand": 5.5,
    "move": 6,
    "sneak": 5.25,
    "lie": 4,
    "aim": 0.075
  },
  "melee": {
    "distance": 1,
    "cooldown": 0.6,
    "default": {
      "animation_type": "melee_stock",
      "distance": 1,
      "range_angle": 40,
      "cooldown": 0,
      "damage": 15,
      "knockback": 0.4,
      "prep": 0.1
    }
  },
  "allow_attachment_types": [
    "scope",
    "muzzle",
    "grip",
    "laser",
    "stock",
    "extended_mag"
  ],
  "extended_mag_ammo_amount": [
    24,
    30,
    40
  ]
}