{
  "ammo": "tacz:556x45",
  "ammo_amount": 100,
  "bolt": "closed_bolt",
  "rpm": 704,
  "bullet": {
	"extra_damage": {
      "armor_ignore": 0.5,
      "head_shot_multiplier": 1.49, 
	  "damage_adjust": [
		  {"distance": 18, "damage": 6.2},
		  {"distance": 24, "damage": 5.6},
		  {"distance": 36, "damage": 4.6},
		  {"distance": 50, "damage": 3.8},
		  {"distance": "infinite", "damage": 3.8}
	  ]
    },
    "life": 15,
    "bullet_amount": 1,
    "tracer_count_interval": 0,
    "damage": 6.2,
    "speed": 285,
    "gravity": 0.0245,
    "knockback": 0,
    "friction": 0.012,
    "ignite": false,
    "pierce": 2
  },
  "reload": {
    "type": "magazine",
    "feed": {
      "empty": 3,
      "tactical": 2.15
    },
    "cooldown": {
      "empty": 3.65,
      "tactical": 2.55
    }
  },
  "draw_time": 0.3,
  "put_away_time": 0.43,
  "aim_time": 0.21,
  "sprint_time": 0.2,
  "weight": 4.3,
  "movement_speed": {
    "base": 0.0,
    "aim": -0.2,
    "reload": -0.15
  },
  "crawl_recoil_multiplier": 0.5,
  "fire_mode": [
    "auto",
    "semi"
  ],
  "recoil": {
    "pitch": [
      {"time": 0, "value": [0.5, 0.5]},
      {"time": 0.25, "value": [0.4, 0.4]},
      {"time": 0.45, "value": [-0.1, -0.1]},
      {"time": 0.6, "value": [0, 0]},
      {"time": 0.7, "value": [0, 0]}
    ],
    "yaw": [
      {"time": 0, "value": [-0.15, 0.15]},
      {"time": 0.35, "value": [-0.05, 0.05]},
      {"time": 0.5, "value": [0, 0]}
    ]
  },
  "inaccuracy": {
    "stand": 5.5,
    "move": 6,
    "sneak": 5.25,
    "lie": 4,
    "aim": 0.075
  },
  "melee": {
    "distance": 1,
    "cooldown": 0.6,
    "default": {
      "animation_type": "melee_stock",
      "distance": 1,
      "range_angle": 30,
      "damage": 15,
      "knockback": 0.5,
      "prep": 0.1
    }
  },
  "allow_attachment_types": [
    "scope",
    "stock",
    "muzzle",
    "grip",
    "laser",
    "extended_mag"
  ],
  "extended_mag_ammo_amount": [
    30,
    30,
    30
  ]
}