{
  "ammo": "tacz:9mm",
  "ammo_amount": 20,
  "bolt": "closed_bolt",
  "rpm": 882,
  "bullet": {
	"extra_damage": {
      "armor_ignore": 0.4,
      "head_shot_multiplier": 1.5,
	  "damage_adjust": [
		  {"distance": 20, "damage": 5},
		  {"distance": 45, "damage": 4.75},
		  {"distance": 60, "damage": 4.2},
		  {"distance": 80, "damage": 3.9},
		  {"distance": "infinite", "damage": 3.9}
	  ]
    },
    "life": 15,
	"bullet_amount": 1,
	"tracer_count_interval": 0,
    "damage": 5,
    "speed": 180,
    "gravity": 0,
    "knockback": 0,
    "friction": 0.01,
    "ignite": false,
    "pierce": 1
  },
  "reload": {
    "type": "magazine",
    "feed": {
      "empty": 0.96,
      "tactical": 0.96
    },
    "cooldown": {
      "empty": 1.5,
      "tactical": 1.2083
    }
  },
  "draw_time": 0.35,
  "put_away_time": 0.4,
  "aim_time": 0.18,
  "sprint_time": 0.3,
  "weight": 2.5,
  "movement_speed": {
    "base": 0.0,
    "aim": -0.1,
    "reload": 0
  },
  "fire_mode": [
    "auto",
    "semi"
  ],
  "recoil": {
    "pitch": [
      {"time": 0, "value": [0.55, 0.55]},
      {"time": 0.3, "value": [0.55, 0.55]},
      {"time": 0.5, "value": [-0.125, -0.125]},
      {"time": 0.65, "value": [0, 0]}
    ],
    "yaw": [
      {"time": 0, "value": [0.15, 0.25]},
      {"time": 0.3, "value": [0.15, 0.25]},
      {"time": 0.5, "value": [0, 0]}
    ]
  },
  "inaccuracy": {
    "stand": 3.2,
    "move": 4.5,
    "sneak": 2.5,
    "lie": 1.8,
    "aim": 0.175
  },
  "melee": {
    "distance": 1,
    "cooldown": 0.6,
    "default": {
      "animation_type": "melee_stock",
      "distance": 1,
      "range_angle": 40,
      "cooldown": 0,
      "damage": 15,
      "knockback": 0.4,
      "prep": 0.1
    }
  },
  "allow_attachment_types": [
    "scope",
    "stock",
    "muzzle",
    "grip",
    "laser",
    "extended_mag"
  ],
  "extended_mag_ammo_amount": [
    30,
    40,
    50
  ]
}