{
  "ammo": "mw_guns:ammo_762x39_exp",
  "ammo_amount": 320,
  "bolt": "open_bolt",
  "rpm": 2000,
  "bullet": {
	"extra_damage": {
      "armor_ignore": 0.8,
      "head_shot_multiplier": 1.5
    },
    "life": 15,
	"bullet_amount": 1,
	"tracer_count_interval": 0,
    "damage": 20,
    "speed": 250,
    "gravity": 0,
    "knockback": 0,
    "friction": 0.01,
    "ignite": false,
	  "pierce": 0,
    "explosion": {
      "explode": true,
      "damage": 30,
      "radius": 1.5,
      "knockback": true,
      "delay": 30
    }
  },
  "reload": {
    "type": "magazine",
    "feed": {
      "empty": 1,
      "tactical": 1
    },
    "cooldown": {
      "empty": 1.75,
      "tactical": 1.75
    }
  },
  "draw_time": 0.75,
  "put_away_time": 0.6667,
  "aim_time": 0.45,
  "sprint_time": 0.4,
  "weight": 19,
  "movement_speed": {
    "base": -0.25,
    "aim": -0.30,
    "reload": 0
  },
  "fire_mode": [
    "auto"
  ],
  "recoil": {
    "pitch": [
      {"time": 0, "value": [0.25, 0.25]},
      {"time": 0.25, "value": [0.4, 0.4]},
      {"time": 0.45, "value": [-0.175, -0.175]},
      {"time": 0.6, "value": [0, 0]}
    ],
    "yaw": [
      {"time": 0, "value": [-0.25, -0.10]},
      {"time": 0.25, "value": [-0.35, -0.15]},
      {"time": 0.45, "value": [0, 0]}
    ]
  },
  "melee": {
    "distance": 1.5,
    "cooldown": 0.6,
    "default": {
      "animation_type": "melee_push",
      "distance": 1.6,
      "range_angle": 40,
      "cooldown": 0.125,
      "damage": 20,
      "knockback": 0.8,
      "prep": 0.1
    }
  },
  "inaccuracy": {
    "stand": 2.25,
    "move": 4.5,
    "sneak": 1.125,
    "lie": 0.5625,
    "aim": 0.05
  },
  "allow_attachment_types": [
  ]
}