{
  "ammo": "tacz:40mm",
  "ammo_amount": 6,
  "bolt": "open_bolt",
  "rpm": 120,
  "bullet": {
	"life": 5,
    "bullet_amount": 1,
    "damage": 15,
    "extra_damage": {
      "armor_ignore": 0.0,
      "head_shot_multiplier": 1.5
    },
    "speed": 60,
    "gravity": 0.15,
    "knockback": 0,
    "friction": 0.05,
    "ignite": false,
    "pierce": 0,
    "explosion": {
      "explode": true,
      "damage": 70,
      "radius": 6,
      "knockback": true,
      "delay": 30
    }
  },
  "reload": {
    "type": "magazine",
    "feed": {
      "empty": 1.78,
      "tactical":1.78
    },
    "cooldown": {
      "empty": 3,
      "tactical": 3
    }
  },
  "draw_time": 1.18,
  "put_away_time": 1.17,
  "aim_time": 0.1,
  "weight": 5.3,
  "sprint_time": 0.15,
  "movement_speed": {
    "base": 0.0,
    "aim": -0.15,
    "reload": -0.1
  },
  "crawl_recoil_multiplier": 0.5,
  "fire_mode": [
    "semi"
  ],
  "recoil": {
    "pitch": [
      {"time": 0, "value": [2.5, 2.5]},
      {"time": 0.3, "value": [2.5, 2.5]},
      {"time": 0.55, "value": [-0.75, -0.75]},
      {"time": 0.8, "value": [0.25, 0.25]},
      {"time": 1.2, "value": [0, 0]},
      {"time": 1.4, "value": [0, 0]}
    ],
    "yaw": [
      {"time": 0, "value": [-0.4, 0.4]},
      {"time": 0.55, "value": [0, 0]}
    ]
  },
  "inaccuracy": {
    "stand": 1,
    "move": 2,
    "sneak": 1,
    "lie": 0.5,
    "aim": 0.2
  },
  "melee": {
    "distance": 1,
    "cooldown": 0.6,
    "default": {
      "animation_type": "melee_stock",
      "distance": 1,
      "range_angle": 30,
      "damage": 15,
      "knockback": 0.5,
      "prep": 0.1
    }
  },
  "allow_attachment_types": [
    "scope",
    "stock",
    "grip",
    "laser",
    "extended_mag"
  ],
  "extended_mag_ammo_amount": [
    6,
    6,
    6
  ]
}