{
  "ammo": "mw_guns:ammo_46x30",
  "ammo_amount": 40,
  "bolt": "closed_bolt",
  "rpm": 950,
  "bullet": {
	"extra_damage": {
      "armor_ignore": 0.25,
      "head_shot_multiplier": 1.6,
	  "damage_adjust": [
		  {"distance": 20, "damage": 4.2},
		  {"distance": 30, "damage": 3.6},
		  {"distance": 40, "damage": 3.2},
		  {"distance": 50, "damage": 2.8},
		  {"distance": "infinite", "damage": 2.8}
	  ]
    },
    "life": 15,
	"bullet_amount": 1,
	"tracer_count_interval": 0,
    "damage": 4.2,
    "speed": 180,
    "gravity": 0.098,
    "knockback": 0,
    "friction": 0.025,
    "ignite": false,
    "pierce": 1
  },
  "reload": {
    "type": "magazine",
    "feed": {
      "empty": 1.4583,
      "tactical": 1.375
    },
    "cooldown": {
      "empty": 1.75,
      "tactical": 1.625
    }
  },
  "draw_time": 0.4,
  "put_away_time": 0.5,
  "aim_time": 0.18,
  "sprint_time": 0.4,
  "weight": 2.1,
  "movement_speed": {
    "base": 0.0,
    "aim": -0.1,
    "reload": 0
  },
  "fire_mode": [
    "auto",
    "semi"
  ],
  "recoil": {
    "pitch": [
      {"time": 0, "value": [0.65, 0.65]},
      {"time": 0.3, "value": [0.65, 0.65]},
      {"time": 0.55, "value": [-0.15, -0.15]},
      {"time": 0.7, "value": [0, 0]}
    ],
    "yaw": [
      {"time": 0, "value": [-0.15, 0.1]},
      {"time": 0.3, "value": [-0.15, 0.1]},
      {"time": 0.55, "value": [0, 0]}
    ]
  },
  "inaccuracy": {
    "stand": 3.5,
    "move": 4.2,
    "sneak": 2.8,
    "lie": 2.2,
    "aim": 0.05
  },
  "melee": {
    "distance": 1,
    "cooldown": 0.6,
    "default": {
      "animation_type": "melee_stock",
      "distance": 1,
      "range_angle": 40,
      "cooldown": 0,
      "damage": 15,
      "knockback": 0.4,
      "prep": 0.1
    }
  },
  "allow_attachment_types": [
    "scope",
	"stock",
    "muzzle",
    "grip",
    "laser",
    "extended_mag"
  ],
  "extended_mag_ammo_amount": [
    45,
    50,
    60
  ]
}