{
  "ammo": "tacz:556x45",
  "ammo_amount": 30,
  "bolt": "closed_bolt",
  "rpm": 867,
  "bullet": {
	"extra_damage": {
      "armor_ignore": 0.36,
      "head_shot_multiplier": 1.5,
	  "damage_adjust": [
		  {"distance": 20, "damage": 5},
		  {"distance": 45, "damage": 4},
		  {"distance": 60, "damage": 3.6},
		  {"distance": 80, "damage": 2.6},
		  {"distance": "infinite", "damage": 2.6}
	  ]
    },
    "life": 15,
	"bullet_amount": 1,
	"tracer_count_interval": 0,
    "damage": 5,
    "speed": 325,
    "gravity": 0,
    "knockback": 0,
    "friction": 0.01,
    "ignite": false,
    "pierce": 1
  },
  "reload": {
    "type": "magazine",
    "feed": {
      "empty": 1.86,
      "tactical": 1.3
    },
    "cooldown": {
      "empty": 2.3,
      "tactical": 2
    }
  },
  "draw_time": 0.47,
  "put_away_time": 0.53,
  "aim_time": 0.16,
  "sprint_time": 0.17,
  "weight": 3.4,
  "movement_speed": {
    "base": 0.0,
    "aim": -0.15,
    "reload": -0.1
  },
  "crawl_recoil_multiplier": 0.5,
  "fire_mode": [
    "auto",
    "semi"
  ],
  "recoil": {
    "pitch": [
      {"time": 0, "value": [0.33, 0.33]},
      {"time": 0.25, "value": [0.45, 0.45]},
      {"time": 0.45, "value": [-0.15, -0.15]},
      {"time": 0.6, "value": [0, 0]}
    ],
    "yaw": [
      {"time": 0, "value": [-0.30, -0.15]},
      {"time": 0.25, "value": [-0.4, -0.20]},
      {"time": 0.45, "value": [0, 0]}
    ]
  },
  "inaccuracy": {
    "stand": 2,
    "move": 4,
    "sneak": 1,
    "lie": 0.5,
    "aim": 0.05
  },
  "melee": {
    "distance": 1,
    "cooldown": 0.6,
    "default": {
      "animation_type": "melee_stock",
      "distance": 1,
      "range_angle": 30,
      "damage": 2,
      "knockback": 0.5,
      "prep": 0.1
    }
  },
  "allow_attachment_types": [
    "scope",
    "stock",
    "muzzle",
    "grip",
    "laser",
    "extended_mag"
  ],
  "extended_mag_ammo_amount": [
    40,
    50,
    60
  ]
}