{
  "ammo": "tacz:556x45",
  "ammo_amount": 30,
  "bolt": "closed_bolt",
  "rpm": 809,
  "bullet": {
	"extra_damage": {
      "armor_ignore": 0.6,
      "head_shot_multiplier": 1.6,
	  "damage_adjust": [
		  {"distance": 25, "damage": 6},
		  {"distance": 30, "damage": 4.95},
		  {"distance": 37, "damage": 3.88},
		  {"distance": 45, "damage": 3.05},
		  {"distance": "infinite", "damage": 3.05}
	  ]
    },
    "life": 15,
    "bullet_amount": 1,
    "tracer_count_interval": 0,
    "damage": 6,
    "speed": 270,
    "gravity": 0,
    "knockback": 0,
    "friction": 0.01,
    "ignite": false,
    "pierce": 1
  },
  "reload": {
    "type": "magazine",
    "feed": {
      "empty": 1.87,
      "tactical": 1.40
    },
    "cooldown": {
      "empty": 2.2,
      "tactical": 1.87
    }
  },
  "draw_time": 0.3,
  "put_away_time": 0.43,
  "aim_time": 0.17,
  "sprint_time": 0.18,
  "weight": 3.5,
  "movement_speed": {
    "base": 0.0,
    "aim": -0.15,
    "reload": -0.1
  },
  "crawl_recoil_multiplier": 0.5,
  "fire_mode": [
    "auto",
    "semi"
  ],
  "recoil": {
    "pitch": [
      {"time": 0, "value": [0.45, 0.45]},
      {"time": 0.25, "value": [0.6, 0.6]},
      {"time": 0.45, "value": [-0.175, -0.175]},
      {"time": 0.6, "value": [0, 0]}
    ],
    "yaw": [
      {"time": 0, "value": [-0.35, -0.20]},
      {"time": 0.25, "value": [-0.45, -0.25]},
      {"time": 0.45, "value": [0, 0]}
    ]
  },
  "inaccuracy": {
    "stand": 2,
    "move": 4,
    "sneak": 1,
    "lie": 0.5,
    "aim": 0.05
  },
  "melee": {
    "distance": 1,
    "cooldown": 0.6,
    "default": {
      "animation_type": "melee_stock",
      "distance": 1,
      "range_angle": 30,
      "damage": 15,
      "knockback": 0.5,
      "prep": 0.1
    }
  },
  "allow_attachment_types": [
    "scope",
    "stock",
    "muzzle",
    "grip",
    "laser",
    "extended_mag"
  ],
  "extended_mag_ammo_amount": [
    40,
    50,
    60
  ]
}