{
  "ammo": "mw_guns:ammo_127x55",
  "ammo_amount": 20,
  "bolt": "closed_bolt",
  "rpm": 456,
  "bullet": {
	"extra_damage": {
      "armor_ignore": 0.8,
      "head_shot_multiplier": 1.6,
	  "damage_adjust": [
		  {"distance": 25, "damage": 12.8},
		  {"distance": 35, "damage": 11.4},
		  {"distance": 45, "damage": 10.2},
		  {"distance": 60, "damage": 9.6},
		  {"distance": "infinite", "damage": 9.6}
	  ]
    },
    "life": 15,
	"bullet_amount": 1,
	"tracer_count_interval": 0,
    "damage": 12.8,
    "speed": 360,
    "gravity": 0.098,
    "knockback": 0,
    "friction": 0.01,
    "ignite": false,
    "pierce": 1
  },
  "reload": {
    "type": "magazine",
    "feed": {
      "empty": 1.33,
      "tactical": 1.25
    },
    "cooldown": {
      "empty": 2.2083,
      "tactical": 1.5
    }
  },
  "draw_time": 0.4,
  "put_away_time": 0.5,
  "aim_time": 0.33,
  "sprint_time": 0.4,
  "weight": 6,
  "movement_speed": {
    "base": -0.05,
    "aim": -0.15,
    "reload": -0.1
  },
  "fire_mode": [
    "auto",
    "semi"
  ],
  "recoil": {
    "pitch": [
      {"time": 0, "value": [0.6, 0.6]},
      {"time": 0.25, "value": [1.2, 1.2]},
      {"time": 0.45, "value": [-0.1, -0.1]},
      {"time": 0.6, "value": [0, 0]}
    ],
    "yaw": [
      {"time": 0, "value": [-0.6, -0.4]},
      {"time": 0.25, "value": [-0.9, -0.7]},
      {"time": 0.45, "value": [0, 0]}
    ]
  },
  "inaccuracy": {
    "stand": 1.6,
    "move": 3.6,
    "sneak": 0.8,
    "lie": 0.4,
    "aim": 0.05
  },
  "melee": {
    "distance": 1,
    "cooldown": 0.6,
    "default": {
      "animation_type": "melee_stock",
      "distance": 1,
      "range_angle": 40,
      "cooldown": 0,
      "damage": 15,
      "knockback": 0.4,
      "prep": 0.1
    }
  },
  "allow_attachment_types": [
    "scope",
    "muzzle",
    "grip",
    "laser",
    "extended_mag"
  ],
  "extended_mag_ammo_amount": [
    25,
    30,
    40
  ]
}