{
  "ammo": "tacz:762x39",
  "ammo_amount": 100,
  "bolt": "open_bolt",
  "rpm": 750,
  "bullet": {
	"extra_damage": {
      "armor_ignore": 0.65,
      "head_shot_multiplier": 1.5, 
	  "damage_adjust": [
		  {"distance": 25, "damage": 6.6},
		  {"distance": 35, "damage": 6.4},
		  {"distance": 55, "damage": 6.2},
		  {"distance": 65, "damage": 5.0},
		  {"distance": "infinite", "damage": 5.0}
	  ]
    },
    "life": 15,
    "bullet_amount": 1,
    "tracer_count_interval": 0,
    "damage": 6.6,
    "speed": 240, 
    "gravity": 0.0245, 
    "knockback": 0, 
    "friction": 0.01, 
    "ignite": false, 
    "pierce": 2
  },
  "reload": {
    "type": "magazine", 
    "feed": {
      "empty": 6.5, 
      "tactical": 6.5 
    },
    "cooldown": {
      "empty": 9.17,
      "tactical": 7.88 
    }
  },
  "draw_time": 1.8, 
  "put_away_time": 0.67, 
  "aim_time": 0.35, 
  "sprint_time": 0.2,
  "weight": 9.0,
  "movement_speed": {
    "base": 0.0,
    "aim": -0.2,
    "reload": -0.15
  },
  "crawl_recoil_multiplier": 0.5,
  "fire_mode": [
    "auto"
  ],
  "recoil": {
    "pitch": [
      {"time": 0, "value": [1.2, 1.2]},
      {"time": 0.3, "value": [1.2, 1.2]},
      {"time": 0.5, "value": [-0.15, -0.15]},
      {"time": 0.65, "value": [0, 0]}
    ],
    "yaw": [
      {"time": 0, "value": [-0.2, 0.2]},
      {"time": 0.3, "value": [-0.2, 0.3]},
      {"time": 0.5, "value": [0, 0]}
    ]
  },
  "inaccuracy": {
    "stand": 9.1,
    "move": 8.9,
    "sneak": 6.2,
    "lie": 5,
    "aim": 0.05
  },
  "melee": {
    "distance": 1,
    "cooldown": 0.6,
    "default": {
      "animation_type": "melee_stock",
      "distance": 1,
      "range_angle": 30,
      "damage": 15,
      "knockback": 0.5,
      "prep": 0.1
    }
  },
  "allow_attachment_types": [
    "scope",
    "stock",
    "muzzle",
    "grip",
    "laser",
    "extended_mag"
  ],
  "extended_mag_ammo_amount": [
    120,
    150,
    200
  ]
}