{
  "ammo": "mw_guns:ammo_57",
  "ammo_amount": 50,
  "bolt": "closed_bolt",
  "rpm": 905,
  "bullet": {
	"extra_damage": {
      "armor_ignore": 0.4,
      "head_shot_multiplier": 1.5,
      "damage_adjust": [
        {"distance": 24, "damage": 4.4},
        {"distance": 40, "damage": 3.6},
        {"distance": 60, "damage": 3.2},
        {"distance": 80, "damage": 2.6},
        {"distance": "infinite", "damage": 2.6}
      ]
    },
    "life": 15,
	"bullet_amount": 1,
	"tracer_count_interval": 0,
    "damage": 4.4,
    "speed": 280,
    "gravity": 0.15,
    "knockback": 0,
    "friction": 0.025,
    "ignite": false,
    "pierce": 2
  },
  "reload": {
    "type": "magazine",
    "feed": {
      "empty": 2.97,
      "tactical": 2.03
    },
    "cooldown": {
      "empty": 3.65,
      "tactical": 3.00
    }
  },
  "draw_time": 0.75,
  "put_away_time": 0.46,
  "aim_time": 0.12,
  "weight": 2.5,
  "sprint_time": 0.15,
  "fire_mode": [
    "auto"
  ],
  "movement_speed": {
    "base": 0.0,
    "aim": -0.1,
    "reload": 0
  },
  "recoil": {
    "pitch": [
      {"time": 0, "value": [0.45, 0.45]},
      {"time": 0.3, "value": [0.45, 0.45]},
      {"time": 0.55, "value": [-0.125, -0.125]},
      {"time": 0.7, "value": [0, 0]}
    ],
    "yaw": [
      {"time": 0, "value": [-0.275, 0.275]},
      {"time": 0.3, "value": [-0.275, 0.275]},
      {"time": 0.55, "value": [0, 0]}
    ]
  },
  "inaccuracy": {
    "stand": 3.5,
    "move": 4.2,
    "sneak": 2.8,
    "lie": 2.2,
    "aim": 0.22
  },
  "melee": {
    "distance": 1,
    "cooldown": 0.6,
    "default": {
      "animation_type": "melee_stock",
      "distance": 1,
      "range_angle": 40,
      "cooldown": 0,
      "damage": 15,
      "knockback": 0.4,
      "prep": 0.1
    }
  },
  "allow_attachment_types": [
    "scope",
    "muzzle",
    "laser",
    "extended_mag"
  ],
  "extended_mag_ammo_amount": [
    50,
    50,
    50
  ]
}