{
  "ammo": "mw_guns:ammo_338norma",
  "ammo_amount": 100,
  "bolt": "open_bolt",
  "rpm": 553,
  "bullet": {
	"extra_damage": {
      "armor_ignore": 0.8,
      "head_shot_multiplier": 1.6,
	  "damage_adjust": [
		  {"distance": 35, "damage": 7.4},
		  {"distance": 80, "damage": 6.8},
		  {"distance": "infinite", "damage": 6.8}
	  ]
    },
    "life": 15,
    "bullet_amount": 1,
    "tracer_count_interval": 0,
    "damage": 6,
    "speed": 260,
    "gravity": 0,
    "knockback": 0,
    "friction": 0.01,
    "ignite": false,
    "pierce": 1
  },
  "reload": {
    "type": "magazine",
    "feed": {
      "empty": 3.54,
      "tactical": 3.54
    },
    "cooldown": {
      "empty": 4.1667,
      "tactical": 4.1667
    }
  },
  "draw_time": 1,
  "put_away_time": 0.67,
  "aim_time": 0.3,
  "sprint_time": 0.25,
  "weight": 9.7,
  "movement_speed": {
    "base": 0.0,
    "aim": -0.25,
    "reload": -0.2
  },
  "crawl_recoil_multiplier": 0.1,
  "fire_mode": [
    "auto",
    "semi"
  ],
  "recoil": {
    "pitch": [
      {"time": 0, "value": [0.4, 0.4]},
      {"time": 0.3, "value": [0.4, 0.4]},
      {"time": 0.5, "value": [-0.15, -0.15]},
      {"time": 0.65, "value": [0, 0]}
    ],
    "yaw": [
      {"time": 0, "value": [-0.3, 0.2]},
      {"time": 0.3, "value": [-0.3, 0.2]},
      {"time": 0.5, "value": [0, 0]}
    ]
  },
  "inaccuracy": {
    "stand": 7,
    "move": 8.5,
    "sneak": 6,
    "lie": 5,
    "aim": 0.175
  },
  "melee": {
    "distance": 1,
    "cooldown": 0.6,
    "default": {
      "animation_type": "melee_stock",
      "distance": 1,
      "range_angle": 30,
      "damage": 15,
      "knockback": 0.5,
      "prep": 0.1
    }
  },
  "allow_attachment_types": [
    "scope",
    "stock",
    "muzzle",
    "laser",
    "extended_mag"
  ],
  "extended_mag_ammo_amount": [
    150,
    200,
    250
  ]
}