{
  "ammo": "tacz:308",
  "ammo_amount": 5,
  "bolt": "manual_action",
  "rpm": 180,
  "bullet": {
	"extra_damage": {
      "armor_ignore": 0.6,
      "head_shot_multiplier": 3.0,
	  "damage_adjust": [
		  {"distance": 75, "damage": 18.8},
		  {"distance": 120, "damage": 10},
		  {"distance": "infinite", "damage": 10}
	  ]
    },
    "life": 15,
	"bullet_amount": 1,
	"tracer_count_interval": 0,
    "speed": 450,
    "gravity": 0.15,
    "knockback": 0,
    "friction": 0.015,
    "ignite": false,
    "pierce": 4,
    "explosion": {
      "explode": false,
      "damage": 28,
      "radius": 0.75,
      "knockback": true,
      "delay": 1
    }
  },
  "reload": {
    "type": "magazine",
    "feed": {
      "empty": 2.25,
      "tactical": 1.75
    },
    "cooldown": {
      "empty": 3.25,
      "tactical": 2.6
    }
  },
  "draw_time": 1,
  "put_away_time": 0.75,
  "aim_time": 0.25,
  "sprint_time": 0.2,
  "weight": 3.5,
  "bolt_action_time": 0.95,
  "fire_mode": [
    "semi"
  ],
  "movement_speed": {
    "base": 0.0,
    "aim": -0.15,
    "reload": -0.1
  },
  "crawl_recoil_multiplier": 0.2,
  "recoil": {
    "pitch": [
      {"time": 0, "value": [2.2, 2.2]},
      {"time": 0.32, "value": [2.2, 2.2]},
      {"time": 0.57, "value": [-0.5, -0.5]},
      {"time": 0.82, "value": [0.25, 0.25]},
      {"time": 1.17, "value": [0, 0]},
      {"time": 1.47, "value": [0, 0]}
    ],
    "yaw": [
      {"time": 0, "value": [-0.6, -0.5]},
      {"time": 0.32, "value": [-0.6, -0.5]},
      {"time": 0.57, "value": [0, 0]}
    ]
  },
  "inaccuracy": {
    "stand": 8.5,
    "move": 11,
    "sneak": 6.5,
    "lie": 4.5,
    "aim": 0.05
  },
  "melee": {
    "distance": 1.25,
    "cooldown": 0.65,
    "default": {
      "animation_type": "melee_stock",
      "distance": 1.25,
      "range_angle": 30,
      "damage": 15,
      "knockback": 0.6,
      "prep": 0.1
    }
  },
  "allow_attachment_types": [
    "extended_mag",
    "scope",
    "muzzle"
  ],
  "extended_mag_ammo_amount": [
    7,
    10,
    12
  ]
}