{
  "ammo": "tacz:762x54",
  "ammo_amount": 10,
  "bolt": "closed_bolt",
  "rpm": 190,
  "bullet": {
	"extra_damage": {
      "armor_ignore": 0.9,
      "head_shot_multiplier": 3.0,
	  "damage_adjust": [
		  {"distance": 70, "damage": 14},
		  {"distance": 150, "damage": 10.8},
		  {"distance": "infinite", "damage": 10.8}
	  ]
    },
    "life": 15,
	"bullet_amount": 1,
	"tracer_count_interval": 0,
    "speed": 310,
    "gravity": 0.15,
    "knockback": 0,
    "friction": 0.01,
    "ignite": false,
    "pierce": 3,
    "explosion": {
      "explode": false,
      "damage": 28,
      "radius": 0.75,
      "knockback": true,
      "delay": 1
    }
  },
  "reload": {
    "type": "magazine",
    "feed": {
      "empty": 1.92,
      "tactical": 1.42
    },
    "cooldown": {
      "empty": 2.25,
      "tactical": 1.6667
    }
  },
  "draw_time": 0.75,
  "put_away_time": 0.5,
  "aim_time": 0.24,
  "sprint_time": 0.26,
  "weight": 5.9,
  "movement_speed": {
    "base": 0.0,
    "aim": -0.15,
    "reload": -0.1
  },
  "crawl_recoil_multiplier": 0.2,
  "fire_mode": [
    "semi"
  ],
  "recoil": {
    "pitch": [
      {"time": 0, "value": [1.75, 1.75]},
      {"time": 0.05, "value": [1.75, 1.75]},
      {"time": 0.25, "value": [-0.35, -0.25]},
      {"time": 0.5, "value": [0, 0]},
      {"time": 0.7, "value": [0.15, 0.25]},
      {"time": 0.9, "value": [0, 0]}
    ],
    "yaw": [
      {"time": 0, "value": [-0.5, 0.35]},
      {"time": 0.05, "value": [-0.5, 0.35]},
      {"time": 0.25, "value": [0, 0]}
    ]
  },
  "inaccuracy": {
    "stand": 6,
    "move": 7.5,
    "sneak": 5.25,
    "lie": 5,
    "aim": 0.05
  },
  "melee": {
    "distance": 1.25,
    "cooldown": 0.65,
    "default": {
      "animation_type": "melee_stock",
      "distance": 1.25,
      "range_angle": 30,
      "damage": 15,
      "knockback": 0.6,
      "prep": 0.1
    }
  },
  "allow_attachment_types": [
    "scope",
    "muzzle",
    "grip",
    "laser",
    "extended_mag"
  ],
  "extended_mag_ammo_amount": [
    15,
    18,
    20
  ]
}