{
  "ammo": "tacz:12g",
  "ammo_amount": 8,
  "bolt": "manual_action",
  "rpm": 180,
  "bullet": {
	"extra_damage": {
      "armor_ignore": 0.0,
      "head_shot_multiplier": 1.2,
	  "damage_adjust": [
        {"distance": 1.5, "damage": 72},
        {"distance": 15, "damage": 56},
        {"distance": 20, "damage": 38.4},
        {"distance": 30, "damage": 16},
        {"distance": "infinite", "damage": 16}
      ]
    },
    "life": 15,
	"bullet_amount": 8,
	"tracer_count_interval": 0,
    "damage": 56,
    "speed": 130,
    "gravity": 0.098,
    "knockback": 0,
    "friction": 0.05,
    "ignite": false,
    "pierce": 1
  },
  "reload": {
    "type": "magazine",
    "feed": {
      "empty": 1.75,
      "tactical": 1.25
    },
    "cooldown": {
      "empty": 2.125,
      "tactical": 1.5
    }
  },
  "draw_time": 0.6667,
  "put_away_time": 0.5,
  "aim_time": 0.18,
  "sprint_time": 0.28,
  "bolt_action_time": 0.125,
  "weight": 1.9,
  "movement_speed": {
    "base": 0.0,
    "aim": 0.0,
    "reload": 0
  },
  "fire_mode": [
    "semi"
  ],
  "recoil": {
    "pitch": [
      {"time": 0, "value": [0.25, 0.25]},
      {"time": 0.125, "value": [0.25, 0.25]},
      {"time": 0.4, "value": [-0.25, -0.25]},
      {"time": 0.55, "value": [0, 0]}
    ],
    "yaw": [
      {"time": 0, "value": [-0.5, 0.5]},
      {"time": 0.1, "value": [-0.5, 0.5]},
      {"time": 0.2, "value": [0.15, 0.15]},
      {"time": 0.4, "value": [0, 0]}
    ]
  },
  "inaccuracy": {
    "stand": 4.5,
    "move": 4.75,
    "sneak": 4,
    "lie": 4,
    "aim": 4
  },
  "melee": {
    "distance": 1,
    "cooldown": 0.6,
    "default": {
      "animation_type": "melee_stock",
      "distance": 1,
      "range_angle": 40,
      "cooldown": 0,
      "damage": 15,
      "knockback": 0.4,
      "prep": 0.1
    }
  },
  "allow_attachment_types": [
    "scope",
    "stock",
    "muzzle",
    "laser",
    "extended_mag"
  ],
  "extended_mag_ammo_amount": [
    12,
    14,
    20
  ]
}