{
  "materials": [
    {
      "item": {
        "tag": "forge:gems/diamond"
      },
      "count": 60
    },
    {
      "item": {
        "tag": "forge:ingots/gold"
      },
      "count": 50
    },
    {
      "item": {
        "tag": "forge:ingots/iron"
      },
      "count": 200
    },
    {
      "item": {
        "tag": "forge:rods/blaze"
      },
      "count": 50
    },
    {
      "item": {
        "tag": "forge:ingots/netherite"
      },
      "count": 20
    },
    {
      "item": {
        "tag": "forge:nether_star"
      },
      "count": 2
    }
  ],
  "result": {
    "type": "gun",
    "id": "doom:bfg9k"
  },
  "type": "tacz:gun_smith_table_crafting"
}